Merchant,"<track>Tracking 1</track>","<track>Tracking 2</track>",Item,"Card Type","Transaction Day Of Week","Card Bin Number","Attempted Charges","Declined Charges","Declined Charge Rate","Successful Charges","Success Charge Rate","Unique Cycle Attempts","Declined Unique Cycle Attempts","Declined Unique Cycle Attempt Rate","Successful Unique Cycle Attempts","Success Unique Cycle Attempt Rate","Cycle 1 Attempts","Cycle 1 Success","Cycle 1 Revenue","Cycle 1 Decline","Cycle 1 Success Rate","Renewal Attempts","Renewal Success","Renewal Revenue","Renewal Decline","Renewal Success Rate","Successful Offers","Item Quantity","Successful Customers","Gross Product Revenue",Discounts,Rewards,"Net Product Revenue",Shipping,"Gift Cards","Total Revenue",Tax,Processed,Adjustments,"Adjustment Rate",Refunds,"Refund Rate","Refunded Revenue","Refunded Revenue Rate",Voids,"Void Rate","Voided Revenue","Void Revenue Rate",Chargebacks,"Chargeback Rate","Chargeback Revenue","Chargeback Revenue Rate",Alerts,"Alert Rate","Alert Revenue","Alert Revenue Rate","Net Revenue","Cost of Revenue","Cost of Goods Sold","Cycle 1 Cost of Goods Sold","Recurring Cost of Goods Sold","Ad Spend","Ad Spend Rate","Chargeback Fees","Chargeback Fees Rate","Alert Fees","Alert Fees Rate","Processing Fees","Processing Fees Rate",Profit,"Profit Margin"
"10 - zCLOSED_N1_RM_10_PRIOR_SYN_SpecifiConLLC_7577_75K",1,"Coors Light Tailgate Bundle","DP1 V3",Mastercard,Friday,546325,1,1,100.00%,0,0.00%,1,1,100.00%,0,0.00%,1,0,$0.00,1,0.00%,0,0,$0.00,0,0.00%,0,0,0,$0.00,$0.00,$0.00,$0.00,$0.00,$0.00,$0.00,$0.00,$0.00,$0.00,0.00%,0,0.00%,$0.00,0.00%,0,0.00%,$0.00,0.00%,0,0.00%,$0.00,0.00%,0,0.00%,$0.00,0.00%,$0.00,$0.20,$0.00,$0.00,$0.00,$0.00,0.00%,$0.00,0.00%,$0.00,0.00%,$0.20,0.00%,$-0.20,0.00%
"10 - zCLOSED_N1_RM_10_PRIOR_SYN_SpecifiConLLC_7577_75K",1,"Coors Light Tailgate Bundle","DP1 V3",Visa,Friday,441353,1,1,100.00%,0,0.00%,1,1,100.00%,0,0.00%,1,0,$0.00,1,0.00%,0,0,$0.00,0,0.00%,0,0,0,$0.00,$0.00,$0.00,$0.00,$0.00,$0.00,$0.00,$0.00,$0.00,$0.00,0.00%,0,0.00%,$0.00,0.00%,0,0.00%,$0.00,0.00%,0,0.00%,$0.00,0.00%,0,0.00%,$0.00,0.00%,$0.00,$0.20,$0.00,$0.00,$0.00,$0.00,0.00%,$0.00,0.00%,$0.00,0.00%,$0.20,0.00%,$-0.20,0.00%
"10 - zCLOSED_N1_RM_10_PRIOR_SYN_SpecifiConLLC_7577_75K",1,"Coors Light Tailgate Bundle","DP1 V3",Visa,Friday,487917,1,0,0.00%,1,100.00%,1,0,0.00%,1,100.00%,1,1,$12.89,0,100.00%,0,0,$0.00,0,0.00%,1,1,1,$12.89,$0.00,$0.00,$12.89,$0.00,$0.00,$12.89,$0.00,$12.89,$0.00,0.00%,0,0.00%,$0.00,0.00%,0,0.00%,$0.00,0.00%,0,0.00%,$0.00,0.00%,0,0.00%,$0.00,0.00%,$12.89,$0.84,$0.00,$0.00,$0.00,$0.00,0.00%,$0.00,0.00%,$0.00,0.00%,$0.84,6.52%,$12.05,93.48%
"10 - zCLOSED_N1_RM_10_PRIOR_SYN_SpecifiConLLC_7577_75K",1,"Garmin Fish Finder","DP1 V3",Visa,Friday,486194,1,1,100.00%,0,0.00%,1,1,100.00%,0,0.00%,1,0,$0.00,1,0.00%,0,0,$0.00,0,0.00%,0,0,0,$0.00,$0.00,$0.00,$0.00,$0.00,$0.00,$0.00,$0.00,$0.00,$0.00,0.00%,0,0.00%,$0.00,0.00%,0,0.00%,$0.00,0.00%,0,0.00%,$0.00,0.00%,0,0.00%,$0.00,0.00%,$0.00,$0.20,$0.00,$0.00,$0.00,$0.00,0.00%,$0.00,0.00%,$0.00,0.00%,$0.20,0.00%,$-0.20,0.00%
"10 - zCLOSED_N1_RM_10_PRIOR_SYN_SpecifiConLLC_7577_75K",1,"Harley Davidson Evo Helmet","DP1 V3",Visa,Friday,438961,1,0,0.00%,1,100.00%,1,0,0.00%,1,100.00%,1,1,$12.89,0,100.00%,0,0,$0.00,0,0.00%,1,1,1,$12.89,$0.00,$0.00,$12.89,$0.00,$0.00,$12.89,$0.00,$12.89,$0.00,0.00%,0,0.00%,$0.00,0.00%,0,0.00%,$0.00,0.00%,0,0.00%,$0.00,0.00%,0,0.00%,$0.00,0.00%,$12.89,$0.84,$0.00,$0.00,$0.00,$0.00,0.00%,$0.00,0.00%,$0.00,0.00%,$0.84,6.52%,$12.05,93.48%
"10 - zCLOSED_N1_RM_10_PRIOR_SYN_SpecifiConLLC_7577_75K",1,"KUIU Guide DCS Jacket","DP1 V3",Visa,Friday,475055,1,1,100.00%,0,0.00%,1,1,100.00%,0,0.00%,1,0,$0.00,1,0.00%,0,0,$0.00,0,0.00%,0,0,0,$0.00,$0.00,$0.00,$0.00,$0.00,$0.00,$0.00,$0.00,$0.00,$0.00,0.00%,0,0.00%,$0.00,0.00%,0,0.00%,$0.00,0.00%,0,0.00%,$0.00,0.00%,0,0.00%,$0.00,0.00%,$0.00,$0.20,$0.00,$0.00,$0.00,$0.00,0.00%,$0.00,0.00%,$0.00,0.00%,$0.20,0.00%,$-0.20,0.00%
"10 - zCLOSED_N1_RM_10_PRIOR_SYN_SpecifiConLLC_7577_75K",1,"Miller Lite Tailgate Combo Pack","DP1 V3",Mastercard,Friday,514153,1,0,0.00%,1,100.00%,1,0,0.00%,1,100.00%,1,1,$12.89,0,100.00%,0,0,$0.00,0,0.00%,1,1,1,$12.89,$0.00,$0.00,$12.89,$0.00,$0.00,$12.89,$0.00,$12.89,$0.00,0.00%,0,0.00%,$0.00,0.00%,0,0.00%,$0.00,0.00%,0,0.00%,$0.00,0.00%,0,0.00%,$0.00,0.00%,$12.89,$0.84,$0.00,$0.00,$0.00,$0.00,0.00%,$0.00,0.00%,$0.00,0.00%,$0.84,6.52%,$12.05,93.48%
"10 - zCLOSED_N1_RM_10_PRIOR_SYN_SpecifiConLLC_7577_75K",1,"Miller Lite Tailgate Combo Pack","DP1 V3",Mastercard,Friday,552869,1,1,100.00%,0,0.00%,1,1,100.00%,0,0.00%,1,0,$0.00,1,0.00%,0,0,$0.00,0,0.00%,0,0,0,$0.00,$0.00,$0.00,$0.00,$0.00,$0.00,$0.00,$0.00,$0.00,$0.00,0.00%,0,0.00%,$0.00,0.00%,0,0.00%,$0.00,0.00%,0,0.00%,$0.00,0.00%,0,0.00%,$0.00,0.00%,$0.00,$0.20,$0.00,$0.00,$0.00,$0.00,0.00%,$0.00,0.00%,$0.00,0.00%,$0.20,0.00%,$-0.20,0.00%
"10 - zCLOSED_N1_RM_10_PRIOR_SYN_SpecifiConLLC_7577_75K",1,"Miller Lite Tailgate Combo Pack","DP1 V3",Visa,Friday,411774,1,1,100.00%,0,0.00%,1,1,100.00%,0,0.00%,1,0,$0.00,1,0.00%,0,0,$0.00,0,0.00%,0,0,0,$0.00,$0.00,$0.00,$0.00,$0.00,$0.00,$0.00,$0.00,$0.00,$0.00,0.00%,0,0.00%,$0.00,0.00%,0,0.00%,$0.00,0.00%,0,0.00%,$0.00,0.00%,0,0.00%,$0.00,0.00%,$0.00,$0.20,$0.00,$0.00,$0.00,$0.00,0.00%,$0.00,0.00%,$0.00,0.00%,$0.20,0.00%,$-0.20,0.00%
"10 - zCLOSED_N1_RM_10_PRIOR_SYN_SpecifiConLLC_7577_75K",1,"Sol De Janeiro skincare set","DP1 V3",Mastercard,Friday,551643,1,0,0.00%,1,100.00%,1,0,0.00%,1,100.00%,1,1,$12.89,0,100.00%,0,0,$0.00,0,0.00%,1,1,1,$12.89,$0.00,$0.00,$12.89,$0.00,$0.00,$12.89,$0.00,$12.89,$0.00,0.00%,0,0.00%,$0.00,0.00%,0,0.00%,$0.00,0.00%,0,0.00%,$0.00,0.00%,0,0.00%,$0.00,0.00%,$12.89,$0.84,$0.00,$0.00,$0.00,$0.00,0.00%,$0.00,0.00%,$0.00,0.00%,$0.84,6.52%,$12.05,93.48%
"10 - zCLOSED_N1_RM_10_PRIOR_SYN_SpecifiConLLC_7577_75K",1,"Sol De Janeiro skincare set","DP1 V3",Visa,Friday,445220,1,1,100.00%,0,0.00%,1,1,100.00%,0,0.00%,1,0,$0.00,1,0.00%,0,0,$0.00,0,0.00%,0,0,0,$0.00,$0.00,$0.00,$0.00,$0.00,$0.00,$0.00,$0.00,$0.00,$0.00,0.00%,0,0.00%,$0.00,0.00%,0,0.00%,$0.00,0.00%,0,0.00%,$0.00,0.00%,0,0.00%,$0.00,0.00%,$0.00,$0.20,$0.00,$0.00,$0.00,$0.00,0.00%,$0.00,0.00%,$0.00,0.00%,$0.20,0.00%,$-0.20,0.00%
"10 - zCLOSED_N1_RM_10_PRIOR_SYN_SpecifiConLLC_7577_75K",1,"Sol De Janeiro skincare set","DP1 V3",Visa,Friday,478431,1,1,100.00%,0,0.00%,1,1,100.00%,0,0.00%,1,0,$0.00,1,0.00%,0,0,$0.00,0,0.00%,0,0,0,$0.00,$0.00,$0.00,$0.00,$0.00,$0.00,$0.00,$0.00,$0.00,$0.00,0.00%,0,0.00%,$0.00,0.00%,0,0.00%,$0.00,0.00%,0,0.00%,$0.00,0.00%,0,0.00%,$0.00,0.00%,$0.00,$0.20,$0.00,$0.00,$0.00,$0.00,0.00%,$0.00,0.00%,$0.00,0.00%,$0.20,0.00%,$-0.20,0.00%
"10 - zCLOSED_N1_RM_10_PRIOR_SYN_SpecifiConLLC_7577_75K",1,"Stetson Cowboy Hat (Black)","DP1 V3",Visa,Friday,423909,1,0,0.00%,1,100.00%,1,0,0.00%,1,100.00%,1,1,$12.89,0,100.00%,0,0,$0.00,0,0.00%,1,1,1,$12.89,$0.00,$0.00,$12.89,$0.00,$0.00,$12.89,$0.00,$12.89,$0.00,0.00%,0,0.00%,$0.00,0.00%,0,0.00%,$0.00,0.00%,0,0.00%,$0.00,0.00%,0,0.00%,$0.00,0.00%,$12.89,$0.84,$0.00,$0.00,$0.00,$0.00,0.00%,$0.00,0.00%,$0.00,0.00%,$0.84,6.52%,$12.05,93.48%
"10 - zCLOSED_N1_RM_10_PRIOR_SYN_SpecifiConLLC_7577_75K",1,"Stihl ZeroTurn Lawn Mower","DP1 V3",Mastercard,Friday,540707,1,1,100.00%,0,0.00%,1,1,100.00%,0,0.00%,1,0,$0.00,1,0.00%,0,0,$0.00,0,0.00%,0,0,0,$0.00,$0.00,$0.00,$0.00,$0.00,$0.00,$0.00,$0.00,$0.00,$0.00,0.00%,0,0.00%,$0.00,0.00%,0,0.00%,$0.00,0.00%,0,0.00%,$0.00,0.00%,0,0.00%,$0.00,0.00%,$0.00,$0.20,$0.00,$0.00,$0.00,$0.00,0.00%,$0.00,0.00%,$0.00,0.00%,$0.20,0.00%,$-0.20,0.00%
"11 - zCLOSED_N2_RM_11_PRIOR_SYN_SpecifiConLLC_7274_75K",1,"Coors Light Tailgate Bundle","DP1 V3",Visa,Friday,400022,1,1,100.00%,0,0.00%,1,1,100.00%,0,0.00%,1,0,$0.00,1,0.00%,0,0,$0.00,0,0.00%,0,0,0,$0.00,$0.00,$0.00,$0.00,$0.00,$0.00,$0.00,$0.00,$0.00,$0.00,0.00%,0,0.00%,$0.00,0.00%,0,0.00%,$0.00,0.00%,0,0.00%,$0.00,0.00%,0,0.00%,$0.00,0.00%,$0.00,$0.20,$0.00,$0.00,$0.00,$0.00,0.00%,$0.00,0.00%,$0.00,0.00%,$0.20,0.00%,$-0.20,0.00%
"11 - zCLOSED_N2_RM_11_PRIOR_SYN_SpecifiConLLC_7274_75K",1,"Miller Lite Tailgate Combo Pack","DP1 V3",Visa,Friday,465345,1,0,0.00%,1,100.00%,1,0,0.00%,1,100.00%,1,1,$12.89,0,100.00%,0,0,$0.00,0,0.00%,1,1,1,$12.89,$0.00,$0.00,$12.89,$0.00,$0.00,$12.89,$0.00,$12.89,$0.00,0.00%,0,0.00%,$0.00,0.00%,0,0.00%,$0.00,0.00%,0,0.00%,$0.00,0.00%,0,0.00%,$0.00,0.00%,$12.89,$0.84,$0.00,$0.00,$0.00,$0.00,0.00%,$0.00,0.00%,$0.00,0.00%,$0.84,6.52%,$12.05,93.48%
"12 - N2_RM_12_PRIOR_SYN_BrightAdvantageLLC_9068_75K",1,"Coors Light Tailgate Bundle","DP1 V3",Mastercard,Friday,517159,1,0,0.00%,1,100.00%,1,0,0.00%,1,100.00%,1,1,$12.89,0,100.00%,0,0,$0.00,0,0.00%,1,1,1,$12.89,$0.00,$0.00,$12.89,$0.00,$0.00,$12.89,$0.00,$12.89,$0.00,0.00%,0,0.00%,$0.00,0.00%,0,0.00%,$0.00,0.00%,0,0.00%,$0.00,0.00%,0,0.00%,$0.00,0.00%,$12.89,$0.84,$0.00,$0.00,$0.00,$0.00,0.00%,$0.00,0.00%,$0.00,0.00%,$0.84,6.52%,$12.05,93.48%
"12 - N2_RM_12_PRIOR_SYN_BrightAdvantageLLC_9068_75K",1,"Miller Lite Tailgate Combo Pack","DP1 V3",Mastercard,Friday,515676,1,1,100.00%,0,0.00%,1,1,100.00%,0,0.00%,1,0,$0.00,1,0.00%,0,0,$0.00,0,0.00%,0,0,0,$0.00,$0.00,$0.00,$0.00,$0.00,$0.00,$0.00,$0.00,$0.00,$0.00,0.00%,0,0.00%,$0.00,0.00%,0,0.00%,$0.00,0.00%,0,0.00%,$0.00,0.00%,0,0.00%,$0.00,0.00%,$0.00,$0.20,$0.00,$0.00,$0.00,$0.00,0.00%,$0.00,0.00%,$0.00,0.00%,$0.20,0.00%,$-0.20,0.00%
"12 - N2_RM_12_PRIOR_SYN_BrightAdvantageLLC_9068_75K",1,"Miller Lite Tailgate Combo Pack","DP1 V3",Visa,Friday,435546,1,0,0.00%,1,100.00%,1,0,0.00%,1,100.00%,1,1,$12.89,0,100.00%,0,0,$0.00,0,0.00%,1,1,1,$12.89,$0.00,$0.00,$12.89,$0.00,$0.00,$12.89,$0.00,$12.89,$0.00,0.00%,0,0.00%,$0.00,0.00%,0,0.00%,$0.00,0.00%,0,0.00%,$0.00,0.00%,0,0.00%,$0.00,0.00%,$12.89,$0.84,$0.00,$0.00,$0.00,$0.00,0.00%,$0.00,0.00%,$0.00,0.00%,$0.84,6.52%,$12.05,93.48%
"12 - N2_RM_12_PRIOR_SYN_BrightAdvantageLLC_9068_75K",1,"Miller Lite Tailgate Combo Pack","DP1 V3",Visa,Friday,486178,1,1,100.00%,0,0.00%,1,1,100.00%,0,0.00%,1,0,$0.00,1,0.00%,0,0,$0.00,0,0.00%,0,0,0,$0.00,$0.00,$0.00,$0.00,$0.00,$0.00,$0.00,$0.00,$0.00,$0.00,0.00%,0,0.00%,$0.00,0.00%,0,0.00%,$0.00,0.00%,0,0.00%,$0.00,0.00%,0,0.00%,$0.00,0.00%,$0.00,$0.20,$0.00,$0.00,$0.00,$0.00,0.00%,$0.00,0.00%,$0.00,0.00%,$0.20,0.00%,$-0.20,0.00%
"12 - N2_RM_12_PRIOR_SYN_BrightAdvantageLLC_9068_75K",1,"Sol De Janeiro skincare set","DP1 V3",Visa,Friday,432651,1,0,0.00%,1,100.00%,1,0,0.00%,1,100.00%,1,1,$12.89,0,100.00%,0,0,$0.00,0,0.00%,1,1,1,$12.89,$0.00,$0.00,$12.89,$0.00,$0.00,$12.89,$0.00,$12.89,$0.00,0.00%,0,0.00%,$0.00,0.00%,0,0.00%,$0.00,0.00%,0,0.00%,$0.00,0.00%,0,0.00%,$0.00,0.00%,$12.89,$0.84,$0.00,$0.00,$0.00,$0.00,0.00%,$0.00,0.00%,$0.00,0.00%,$0.84,6.52%,$12.05,93.48%
"12 - N2_RM_12_PRIOR_SYN_BrightAdvantageLLC_9068_75K",1,"Stihl ZeroTurn Lawn Mower","DP1 V3",Visa,Friday,414720,1,1,100.00%,0,0.00%,1,1,100.00%,0,0.00%,1,0,$0.00,1,0.00%,0,0,$0.00,0,0.00%,0,0,0,$0.00,$0.00,$0.00,$0.00,$0.00,$0.00,$0.00,$0.00,$0.00,$0.00,0.00%,0,0.00%,$0.00,0.00%,0,0.00%,$0.00,0.00%,0,0.00%,$0.00,0.00%,0,0.00%,$0.00,0.00%,$0.00,$0.20,$0.00,$0.00,$0.00,$0.00,0.00%,$0.00,0.00%,$0.00,0.00%,$0.20,0.00%,$-0.20,0.00%
"13 - N12_RM_13_PRIOR_SYN_BrightAdvantageLLC_2323_75K",1,"Miller Lite Tailgate Combo Pack","DP1 V3",Mastercard,Friday,527505,1,0,0.00%,1,100.00%,1,0,0.00%,1,100.00%,1,1,$12.89,0,100.00%,0,0,$0.00,0,0.00%,1,1,1,$12.89,$0.00,$0.00,$12.89,$0.00,$0.00,$12.89,$0.00,$12.89,$12.89,100.00%,0,0.00%,$0.00,0.00%,0,0.00%,$0.00,0.00%,0,0.00%,$0.00,0.00%,1,100.00%,$12.89,100.00%,$0.00,$0.84,$0.00,$0.00,$0.00,$0.00,0.00%,$0.00,0.00%,$0.00,0.00%,$0.84,6.52%,$-0.84,-6.52%
"13 - N12_RM_13_PRIOR_SYN_BrightAdvantageLLC_2323_75K",1,"Miller Lite Tailgate Combo Pack","DP1 V3",Visa,Friday,461046,1,0,0.00%,1,100.00%,1,0,0.00%,1,100.00%,1,1,$12.89,0,100.00%,0,0,$0.00,0,0.00%,1,1,1,$12.89,$0.00,$0.00,$12.89,$0.00,$0.00,$12.89,$0.00,$12.89,$0.00,0.00%,0,0.00%,$0.00,0.00%,0,0.00%,$0.00,0.00%,0,0.00%,$0.00,0.00%,0,0.00%,$0.00,0.00%,$12.89,$0.84,$0.00,$0.00,$0.00,$0.00,0.00%,$0.00,0.00%,$0.00,0.00%,$0.84,6.52%,$12.05,93.48%
"13 - N12_RM_13_PRIOR_SYN_BrightAdvantageLLC_2323_75K",1,"Stihl ZeroTurn Lawn Mower","DP1 V3",Mastercard,Friday,553453,1,1,100.00%,0,0.00%,1,1,100.00%,0,0.00%,1,0,$0.00,1,0.00%,0,0,$0.00,0,0.00%,0,0,0,$0.00,$0.00,$0.00,$0.00,$0.00,$0.00,$0.00,$0.00,$0.00,$0.00,0.00%,0,0.00%,$0.00,0.00%,0,0.00%,$0.00,0.00%,0,0.00%,$0.00,0.00%,0,0.00%,$0.00,0.00%,$0.00,$0.20,$0.00,$0.00,$0.00,$0.00,0.00%,$0.00,0.00%,$0.00,0.00%,$0.20,0.00%,$-0.20,0.00%
"13 - N12_RM_13_PRIOR_SYN_BrightAdvantageLLC_2323_75K",1,"TaylorMade SIM2 Max Driver","DP1 V3",Visa,Friday,426684,1,1,100.00%,0,0.00%,1,1,100.00%,0,0.00%,1,0,$0.00,1,0.00%,0,0,$0.00,0,0.00%,0,0,0,$0.00,$0.00,$0.00,$0.00,$0.00,$0.00,$0.00,$0.00,$0.00,$0.00,0.00%,0,0.00%,$0.00,0.00%,0,0.00%,$0.00,0.00%,0,0.00%,$0.00,0.00%,0,0.00%,$0.00,0.00%,$0.00,$0.20,$0.00,$0.00,$0.00,$0.00,0.00%,$0.00,0.00%,$0.00,0.00%,$0.20,0.00%,$-0.20,0.00%
"13 - N12_RM_13_PRIOR_SYN_BrightAdvantageLLC_2323_75K",1,"TaylorMade Spider ZT Golf Putter","DP1 V3",Visa,Friday,433077,1,1,100.00%,0,0.00%,1,1,100.00%,0,0.00%,1,0,$0.00,1,0.00%,0,0,$0.00,0,0.00%,0,0,0,$0.00,$0.00,$0.00,$0.00,$0.00,$0.00,$0.00,$0.00,$0.00,$0.00,0.00%,0,0.00%,$0.00,0.00%,0,0.00%,$0.00,0.00%,0,0.00%,$0.00,0.00%,0,0.00%,$0.00,0.00%,$0.00,$0.20,$0.00,$0.00,$0.00,$0.00,0.00%,$0.00,0.00%,$0.00,0.00%,$0.20,0.00%,$-0.20,0.00%
"14 - GY_RM_14_PRIOR_SYN_BrightAdvantageLLC_2051_75K",1,"Coors Light Tailgate Bundle","DP1 V3",Mastercard,Friday,549429,1,1,100.00%,0,0.00%,1,1,100.00%,0,0.00%,1,0,$0.00,1,0.00%,0,0,$0.00,0,0.00%,0,0,0,$0.00,$0.00,$0.00,$0.00,$0.00,$0.00,$0.00,$0.00,$0.00,$0.00,0.00%,0,0.00%,$0.00,0.00%,0,0.00%,$0.00,0.00%,0,0.00%,$0.00,0.00%,0,0.00%,$0.00,0.00%,$0.00,$0.20,$0.00,$0.00,$0.00,$0.00,0.00%,$0.00,0.00%,$0.00,0.00%,$0.20,0.00%,$-0.20,0.00%
"14 - GY_RM_14_PRIOR_SYN_BrightAdvantageLLC_2051_75K",1,"Coors Light Tailgate Bundle","DP1 V3",Mastercard,Friday,552342,1,1,100.00%,0,0.00%,1,1,100.00%,0,0.00%,1,0,$0.00,1,0.00%,0,0,$0.00,0,0.00%,0,0,0,$0.00,$0.00,$0.00,$0.00,$0.00,$0.00,$0.00,$0.00,$0.00,$0.00,0.00%,0,0.00%,$0.00,0.00%,0,0.00%,$0.00,0.00%,0,0.00%,$0.00,0.00%,0,0.00%,$0.00,0.00%,$0.00,$0.20,$0.00,$0.00,$0.00,$0.00,0.00%,$0.00,0.00%,$0.00,0.00%,$0.20,0.00%,$-0.20,0.00%
"14 - GY_RM_14_PRIOR_SYN_BrightAdvantageLLC_2051_75K",1,"Coors Light Tailgate Bundle","DP1 V3",Visa,Friday,434256,1,1,100.00%,0,0.00%,1,1,100.00%,0,0.00%,1,0,$0.00,1,0.00%,0,0,$0.00,0,0.00%,0,0,0,$0.00,$0.00,$0.00,$0.00,$0.00,$0.00,$0.00,$0.00,$0.00,$0.00,0.00%,0,0.00%,$0.00,0.00%,0,0.00%,$0.00,0.00%,0,0.00%,$0.00,0.00%,0,0.00%,$0.00,0.00%,$0.00,$0.20,$0.00,$0.00,$0.00,$0.00,0.00%,$0.00,0.00%,$0.00,0.00%,$0.20,0.00%,$-0.20,0.00%
"14 - GY_RM_14_PRIOR_SYN_BrightAdvantageLLC_2051_75K",1,"Coors Light Tailgate Bundle","DP1 V3",Visa,Friday,469451,1,1,100.00%,0,0.00%,1,1,100.00%,0,0.00%,1,0,$0.00,1,0.00%,0,0,$0.00,0,0.00%,0,0,0,$0.00,$0.00,$0.00,$0.00,$0.00,$0.00,$0.00,$0.00,$0.00,$0.00,0.00%,0,0.00%,$0.00,0.00%,0,0.00%,$0.00,0.00%,0,0.00%,$0.00,0.00%,0,0.00%,$0.00,0.00%,$0.00,$0.20,$0.00,$0.00,$0.00,$0.00,0.00%,$0.00,0.00%,$0.00,0.00%,$0.20,0.00%,$-0.20,0.00%
"14 - GY_RM_14_PRIOR_SYN_BrightAdvantageLLC_2051_75K",1,"Harley Davidson Evo Helmet","DP1 V3",Visa,Friday,401543,1,1,100.00%,0,0.00%,1,1,100.00%,0,0.00%,1,0,$0.00,1,0.00%,0,0,$0.00,0,0.00%,0,0,0,$0.00,$0.00,$0.00,$0.00,$0.00,$0.00,$0.00,$0.00,$0.00,$0.00,0.00%,0,0.00%,$0.00,0.00%,0,0.00%,$0.00,0.00%,0,0.00%,$0.00,0.00%,0,0.00%,$0.00,0.00%,$0.00,$0.20,$0.00,$0.00,$0.00,$0.00,0.00%,$0.00,0.00%,$0.00,0.00%,$0.20,0.00%,$-0.20,0.00%
"14 - GY_RM_14_PRIOR_SYN_BrightAdvantageLLC_2051_75K",1,"Miller Lite Tailgate Combo Pack","DP1 V3",Mastercard,Friday,515676,1,0,0.00%,1,100.00%,1,0,0.00%,1,100.00%,1,1,$12.89,0,100.00%,0,0,$0.00,0,0.00%,1,1,1,$12.89,$0.00,$0.00,$12.89,$0.00,$0.00,$12.89,$0.00,$12.89,$12.89,100.00%,0,0.00%,$0.00,0.00%,0,0.00%,$0.00,0.00%,0,0.00%,$0.00,0.00%,1,100.00%,$12.89,100.00%,$0.00,$0.84,$0.00,$0.00,$0.00,$0.00,0.00%,$0.00,0.00%,$0.00,0.00%,$0.84,6.52%,$-0.84,-6.52%
"14 - GY_RM_14_PRIOR_SYN_BrightAdvantageLLC_2051_75K",1,"Sol De Janeiro skincare set","DP1 V3",Visa,Friday,473703,1,0,0.00%,1,100.00%,1,0,0.00%,1,100.00%,1,1,$12.89,0,100.00%,0,0,$0.00,0,0.00%,1,1,1,$12.89,$0.00,$0.00,$12.89,$0.00,$0.00,$12.89,$0.00,$12.89,$0.00,0.00%,0,0.00%,$0.00,0.00%,0,0.00%,$0.00,0.00%,0,0.00%,$0.00,0.00%,0,0.00%,$0.00,0.00%,$12.89,$0.84,$0.00,$0.00,$0.00,$0.00,0.00%,$0.00,0.00%,$0.00,0.00%,$0.84,6.52%,$12.05,93.48%
"14 - GY_RM_14_PRIOR_SYN_BrightAdvantageLLC_2051_75K",1,"TaylorMade SIM2 Max Driver","DP1 V3",Visa,Friday,449476,1,0,0.00%,1,100.00%,1,0,0.00%,1,100.00%,1,1,$12.89,0,100.00%,0,0,$0.00,0,0.00%,1,1,1,$12.89,$0.00,$0.00,$12.89,$0.00,$0.00,$12.89,$0.00,$12.89,$0.00,0.00%,0,0.00%,$0.00,0.00%,0,0.00%,$0.00,0.00%,0,0.00%,$0.00,0.00%,0,0.00%,$0.00,0.00%,$12.89,$0.84,$0.00,$0.00,$0.00,$0.00,0.00%,$0.00,0.00%,$0.00,0.00%,$0.84,6.52%,$12.05,93.48%
"17 - zCLOSED_R2ONLY_RM_17_SIGNA_ESQ_BrightAdvantageLLC_3881_50K",1,"Cedar Greenhouse","DP1 V3",Visa,Friday,412138,1,1,100.00%,0,0.00%,1,1,100.00%,0,0.00%,1,0,$0.00,1,0.00%,0,0,$0.00,0,0.00%,0,0,0,$0.00,$0.00,$0.00,$0.00,$0.00,$0.00,$0.00,$0.00,$0.00,$0.00,0.00%,0,0.00%,$0.00,0.00%,0,0.00%,$0.00,0.00%,0,0.00%,$0.00,0.00%,0,0.00%,$0.00,0.00%,$0.00,$0.20,$0.00,$0.00,$0.00,$0.00,0.00%,$0.00,0.00%,$0.00,0.00%,$0.20,0.00%,$-0.20,0.00%
"17 - zCLOSED_R2ONLY_RM_17_SIGNA_ESQ_BrightAdvantageLLC_3881_50K",1,"Coors Light Tailgate Bundle","DP1 V3",Mastercard,Friday,512172,1,1,100.00%,0,0.00%,1,1,100.00%,0,0.00%,1,0,$0.00,1,0.00%,0,0,$0.00,0,0.00%,0,0,0,$0.00,$0.00,$0.00,$0.00,$0.00,$0.00,$0.00,$0.00,$0.00,$0.00,0.00%,0,0.00%,$0.00,0.00%,0,0.00%,$0.00,0.00%,0,0.00%,$0.00,0.00%,0,0.00%,$0.00,0.00%,$0.00,$0.20,$0.00,$0.00,$0.00,$0.00,0.00%,$0.00,0.00%,$0.00,0.00%,$0.20,0.00%,$-0.20,0.00%
"17 - zCLOSED_R2ONLY_RM_17_SIGNA_ESQ_BrightAdvantageLLC_3881_50K",1,"Coors Light Tailgate Bundle","DP1 V3",Mastercard,Friday,518941,1,0,0.00%,1,100.00%,1,0,0.00%,1,100.00%,1,1,$12.89,0,100.00%,0,0,$0.00,0,0.00%,1,1,1,$12.89,$0.00,$0.00,$12.89,$0.00,$0.00,$12.89,$0.00,$12.89,$12.89,100.00%,0,0.00%,$0.00,0.00%,0,0.00%,$0.00,0.00%,0,0.00%,$0.00,0.00%,1,100.00%,$12.89,100.00%,$0.00,$0.84,$0.00,$0.00,$0.00,$0.00,0.00%,$0.00,0.00%,$0.00,0.00%,$0.84,6.52%,$-0.84,-6.52%
"17 - zCLOSED_R2ONLY_RM_17_SIGNA_ESQ_BrightAdvantageLLC_3881_50K",1,"Coors Light Tailgate Bundle","DP1 V3",Mastercard,Friday,534774,1,1,100.00%,0,0.00%,1,1,100.00%,0,0.00%,1,0,$0.00,1,0.00%,0,0,$0.00,0,0.00%,0,0,0,$0.00,$0.00,$0.00,$0.00,$0.00,$0.00,$0.00,$0.00,$0.00,$0.00,0.00%,0,0.00%,$0.00,0.00%,0,0.00%,$0.00,0.00%,0,0.00%,$0.00,0.00%,0,0.00%,$0.00,0.00%,$0.00,$0.20,$0.00,$0.00,$0.00,$0.00,0.00%,$0.00,0.00%,$0.00,0.00%,$0.20,0.00%,$-0.20,0.00%
"17 - zCLOSED_R2ONLY_RM_17_SIGNA_ESQ_BrightAdvantageLLC_3881_50K",1,"Sol De Janeiro skincare set","DP1 V3",Mastercard,Friday,515676,1,1,100.00%,0,0.00%,1,1,100.00%,0,0.00%,1,0,$0.00,1,0.00%,0,0,$0.00,0,0.00%,0,0,0,$0.00,$0.00,$0.00,$0.00,$0.00,$0.00,$0.00,$0.00,$0.00,$0.00,0.00%,0,0.00%,$0.00,0.00%,0,0.00%,$0.00,0.00%,0,0.00%,$0.00,0.00%,0,0.00%,$0.00,0.00%,$0.00,$0.20,$0.00,$0.00,$0.00,$0.00,0.00%,$0.00,0.00%,$0.00,0.00%,$0.20,0.00%,$-0.20,0.00%
"17 - zCLOSED_R2ONLY_RM_17_SIGNA_ESQ_BrightAdvantageLLC_3881_50K",1,"TaylorMade SIM2 Max Driver","DP1 V3",Mastercard,Friday,515676,1,1,100.00%,0,0.00%,1,1,100.00%,0,0.00%,1,0,$0.00,1,0.00%,0,0,$0.00,0,0.00%,0,0,0,$0.00,$0.00,$0.00,$0.00,$0.00,$0.00,$0.00,$0.00,$0.00,$0.00,0.00%,0,0.00%,$0.00,0.00%,0,0.00%,$0.00,0.00%,0,0.00%,$0.00,0.00%,0,0.00%,$0.00,0.00%,$0.00,$0.20,$0.00,$0.00,$0.00,$0.00,0.00%,$0.00,0.00%,$0.00,0.00%,$0.20,0.00%,$-0.20,0.00%
"17 - zCLOSED_R2ONLY_RM_17_SIGNA_ESQ_BrightAdvantageLLC_3881_50K",1,"TaylorMade SIM2 Max Driver","DP1 V3",Visa,Friday,414740,1,1,100.00%,0,0.00%,1,1,100.00%,0,0.00%,1,0,$0.00,1,0.00%,0,0,$0.00,0,0.00%,0,0,0,$0.00,$0.00,$0.00,$0.00,$0.00,$0.00,$0.00,$0.00,$0.00,$0.00,0.00%,0,0.00%,$0.00,0.00%,0,0.00%,$0.00,0.00%,0,0.00%,$0.00,0.00%,0,0.00%,$0.00,0.00%,$0.00,$0.20,$0.00,$0.00,$0.00,$0.00,0.00%,$0.00,0.00%,$0.00,0.00%,$0.20,0.00%,$-0.20,0.00%
"18 - zCLOSED_R2ONLY_RM_18_SIGNA_ESQ_BrightAdvantageLLC_3899_50K",1,"Coors Light Tailgate Bundle","DP1 V3",Mastercard,Friday,510875,1,1,100.00%,0,0.00%,1,1,100.00%,0,0.00%,1,0,$0.00,1,0.00%,0,0,$0.00,0,0.00%,0,0,0,$0.00,$0.00,$0.00,$0.00,$0.00,$0.00,$0.00,$0.00,$0.00,$0.00,0.00%,0,0.00%,$0.00,0.00%,0,0.00%,$0.00,0.00%,0,0.00%,$0.00,0.00%,0,0.00%,$0.00,0.00%,$0.00,$0.20,$0.00,$0.00,$0.00,$0.00,0.00%,$0.00,0.00%,$0.00,0.00%,$0.20,0.00%,$-0.20,0.00%
"18 - zCLOSED_R2ONLY_RM_18_SIGNA_ESQ_BrightAdvantageLLC_3899_50K",1,"Coors Light Tailgate Bundle","DP1 V3",Mastercard,Friday,519292,1,1,100.00%,0,0.00%,1,1,100.00%,0,0.00%,1,0,$0.00,1,0.00%,0,0,$0.00,0,0.00%,0,0,0,$0.00,$0.00,$0.00,$0.00,$0.00,$0.00,$0.00,$0.00,$0.00,$0.00,0.00%,0,0.00%,$0.00,0.00%,0,0.00%,$0.00,0.00%,0,0.00%,$0.00,0.00%,0,0.00%,$0.00,0.00%,$0.00,$0.20,$0.00,$0.00,$0.00,$0.00,0.00%,$0.00,0.00%,$0.00,0.00%,$0.20,0.00%,$-0.20,0.00%
"18 - zCLOSED_R2ONLY_RM_18_SIGNA_ESQ_BrightAdvantageLLC_3899_50K",1,"Coors Light Tailgate Bundle","DP1 V3",Visa,Friday,426684,1,1,100.00%,0,0.00%,1,1,100.00%,0,0.00%,1,0,$0.00,1,0.00%,0,0,$0.00,0,0.00%,0,0,0,$0.00,$0.00,$0.00,$0.00,$0.00,$0.00,$0.00,$0.00,$0.00,$0.00,0.00%,0,0.00%,$0.00,0.00%,0,0.00%,$0.00,0.00%,0,0.00%,$0.00,0.00%,0,0.00%,$0.00,0.00%,$0.00,$0.20,$0.00,$0.00,$0.00,$0.00,0.00%,$0.00,0.00%,$0.00,0.00%,$0.20,0.00%,$-0.20,0.00%
"18 - zCLOSED_R2ONLY_RM_18_SIGNA_ESQ_BrightAdvantageLLC_3899_50K",1,"Miller Lite Tailgate Combo Pack","DP1 V3",Mastercard,Friday,514199,1,1,100.00%,0,0.00%,1,1,100.00%,0,0.00%,1,0,$0.00,1,0.00%,0,0,$0.00,0,0.00%,0,0,0,$0.00,$0.00,$0.00,$0.00,$0.00,$0.00,$0.00,$0.00,$0.00,$0.00,0.00%,0,0.00%,$0.00,0.00%,0,0.00%,$0.00,0.00%,0,0.00%,$0.00,0.00%,0,0.00%,$0.00,0.00%,$0.00,$0.20,$0.00,$0.00,$0.00,$0.00,0.00%,$0.00,0.00%,$0.00,0.00%,$0.20,0.00%,$-0.20,0.00%
"18 - zCLOSED_R2ONLY_RM_18_SIGNA_ESQ_BrightAdvantageLLC_3899_50K",1,"Miller Lite Tailgate Combo Pack","DP1 V3",Visa,Friday,414720,1,1,100.00%,0,0.00%,1,1,100.00%,0,0.00%,1,0,$0.00,1,0.00%,0,0,$0.00,0,0.00%,0,0,0,$0.00,$0.00,$0.00,$0.00,$0.00,$0.00,$0.00,$0.00,$0.00,$0.00,0.00%,0,0.00%,$0.00,0.00%,0,0.00%,$0.00,0.00%,0,0.00%,$0.00,0.00%,0,0.00%,$0.00,0.00%,$0.00,$0.20,$0.00,$0.00,$0.00,$0.00,0.00%,$0.00,0.00%,$0.00,0.00%,$0.20,0.00%,$-0.20,0.00%
"18 - zCLOSED_R2ONLY_RM_18_SIGNA_ESQ_BrightAdvantageLLC_3899_50K",1,"Miller Lite Tailgate Combo Pack","DP1 V3",Visa,Friday,446613,1,0,0.00%,1,100.00%,1,0,0.00%,1,100.00%,1,1,$12.89,0,100.00%,0,0,$0.00,0,0.00%,1,1,1,$12.89,$0.00,$0.00,$12.89,$0.00,$0.00,$12.89,$0.00,$12.89,$0.00,0.00%,0,0.00%,$0.00,0.00%,0,0.00%,$0.00,0.00%,0,0.00%,$0.00,0.00%,0,0.00%,$0.00,0.00%,$12.89,$0.84,$0.00,$0.00,$0.00,$0.00,0.00%,$0.00,0.00%,$0.00,0.00%,$0.84,6.52%,$12.05,93.48%
"18 - zCLOSED_R2ONLY_RM_18_SIGNA_ESQ_BrightAdvantageLLC_3899_50K",1,"Sol De Janeiro skincare set","DP1 V3",Visa,Friday,414314,1,0,0.00%,1,100.00%,1,0,0.00%,1,100.00%,1,1,$12.89,0,100.00%,0,0,$0.00,0,0.00%,1,1,1,$12.89,$0.00,$0.00,$12.89,$0.00,$0.00,$12.89,$0.00,$12.89,$0.00,0.00%,0,0.00%,$0.00,0.00%,0,0.00%,$0.00,0.00%,0,0.00%,$0.00,0.00%,0,0.00%,$0.00,0.00%,$12.89,$0.84,$0.00,$0.00,$0.00,$0.00,0.00%,$0.00,0.00%,$0.00,0.00%,$0.84,6.52%,$12.05,93.48%
"18 - zCLOSED_R2ONLY_RM_18_SIGNA_ESQ_BrightAdvantageLLC_3899_50K",1,"Sol De Janeiro skincare set","DP1 V3",Visa,Friday,473702,1,0,0.00%,1,100.00%,1,0,0.00%,1,100.00%,1,1,$12.89,0,100.00%,0,0,$0.00,0,0.00%,1,1,1,$12.89,$0.00,$0.00,$12.89,$0.00,$0.00,$12.89,$0.00,$12.89,$0.00,0.00%,0,0.00%,$0.00,0.00%,0,0.00%,$0.00,0.00%,0,0.00%,$0.00,0.00%,0,0.00%,$0.00,0.00%,$12.89,$0.84,$0.00,$0.00,$0.00,$0.00,0.00%,$0.00,0.00%,$0.00,0.00%,$0.84,6.52%,$12.05,93.48%
"18 - zCLOSED_R2ONLY_RM_18_SIGNA_ESQ_BrightAdvantageLLC_3899_50K",1,"TaylorMade SIM2 Max Driver","DP1 V3",Mastercard,Friday,517546,1,1,100.00%,0,0.00%,1,1,100.00%,0,0.00%,1,0,$0.00,1,0.00%,0,0,$0.00,0,0.00%,0,0,0,$0.00,$0.00,$0.00,$0.00,$0.00,$0.00,$0.00,$0.00,$0.00,$0.00,0.00%,0,0.00%,$0.00,0.00%,0,0.00%,$0.00,0.00%,0,0.00%,$0.00,0.00%,0,0.00%,$0.00,0.00%,$0.00,$0.20,$0.00,$0.00,$0.00,$0.00,0.00%,$0.00,0.00%,$0.00,0.00%,$0.20,0.00%,$-0.20,0.00%
"19 - zCLOSED_R2ONLY_RM_19_SIGNA_ESQ_UniquePlusLLC_4137_50K",1,"Coors Light Tailgate Bundle","DP1 V3",Mastercard,Friday,514616,1,0,0.00%,1,100.00%,1,0,0.00%,1,100.00%,1,1,$12.89,0,100.00%,0,0,$0.00,0,0.00%,1,1,1,$12.89,$0.00,$0.00,$12.89,$0.00,$0.00,$12.89,$0.00,$12.89,$0.00,0.00%,0,0.00%,$0.00,0.00%,0,0.00%,$0.00,0.00%,0,0.00%,$0.00,0.00%,0,0.00%,$0.00,0.00%,$12.89,$0.84,$0.00,$0.00,$0.00,$0.00,0.00%,$0.00,0.00%,$0.00,0.00%,$0.84,6.52%,$12.05,93.48%
"19 - zCLOSED_R2ONLY_RM_19_SIGNA_ESQ_UniquePlusLLC_4137_50K",1,"Coors Light Tailgate Bundle","DP1 V3",Mastercard,Friday,559591,1,1,100.00%,0,0.00%,1,1,100.00%,0,0.00%,1,0,$0.00,1,0.00%,0,0,$0.00,0,0.00%,0,0,0,$0.00,$0.00,$0.00,$0.00,$0.00,$0.00,$0.00,$0.00,$0.00,$0.00,0.00%,0,0.00%,$0.00,0.00%,0,0.00%,$0.00,0.00%,0,0.00%,$0.00,0.00%,0,0.00%,$0.00,0.00%,$0.00,$0.20,$0.00,$0.00,$0.00,$0.00,0.00%,$0.00,0.00%,$0.00,0.00%,$0.20,0.00%,$-0.20,0.00%
"19 - zCLOSED_R2ONLY_RM_19_SIGNA_ESQ_UniquePlusLLC_4137_50K",1,"Coors Light Tailgate Bundle","DP1 V3",Visa,Friday,402347,1,0,0.00%,1,100.00%,1,0,0.00%,1,100.00%,1,1,$12.89,0,100.00%,0,0,$0.00,0,0.00%,1,1,1,$12.89,$0.00,$0.00,$12.89,$0.00,$0.00,$12.89,$0.00,$12.89,$0.00,0.00%,0,0.00%,$0.00,0.00%,0,0.00%,$0.00,0.00%,0,0.00%,$0.00,0.00%,0,0.00%,$0.00,0.00%,$12.89,$0.84,$0.00,$0.00,$0.00,$0.00,0.00%,$0.00,0.00%,$0.00,0.00%,$0.84,6.52%,$12.05,93.48%
"19 - zCLOSED_R2ONLY_RM_19_SIGNA_ESQ_UniquePlusLLC_4137_50K",1,"Coors Light Tailgate Bundle","DP1 V3",Visa,Friday,431732,1,1,100.00%,0,0.00%,1,1,100.00%,0,0.00%,1,0,$0.00,1,0.00%,0,0,$0.00,0,0.00%,0,0,0,$0.00,$0.00,$0.00,$0.00,$0.00,$0.00,$0.00,$0.00,$0.00,$0.00,0.00%,0,0.00%,$0.00,0.00%,0,0.00%,$0.00,0.00%,0,0.00%,$0.00,0.00%,0,0.00%,$0.00,0.00%,$0.00,$0.20,$0.00,$0.00,$0.00,$0.00,0.00%,$0.00,0.00%,$0.00,0.00%,$0.20,0.00%,$-0.20,0.00%
"19 - zCLOSED_R2ONLY_RM_19_SIGNA_ESQ_UniquePlusLLC_4137_50K",1,"Garmin Fish Finder","DP1 V3",Visa,Friday,442939,1,0,0.00%,1,100.00%,1,0,0.00%,1,100.00%,1,1,$12.89,0,100.00%,0,0,$0.00,0,0.00%,1,1,1,$12.89,$0.00,$0.00,$12.89,$0.00,$0.00,$12.89,$0.00,$12.89,$0.00,0.00%,0,0.00%,$0.00,0.00%,0,0.00%,$0.00,0.00%,0,0.00%,$0.00,0.00%,0,0.00%,$0.00,0.00%,$12.89,$0.84,$0.00,$0.00,$0.00,$0.00,0.00%,$0.00,0.00%,$0.00,0.00%,$0.84,6.52%,$12.05,93.48%
"19 - zCLOSED_R2ONLY_RM_19_SIGNA_ESQ_UniquePlusLLC_4137_50K",1,"Miller Lite Tailgate Combo Pack","DP1 V3",Mastercard,Friday,515676,1,1,100.00%,0,0.00%,1,1,100.00%,0,0.00%,1,0,$0.00,1,0.00%,0,0,$0.00,0,0.00%,0,0,0,$0.00,$0.00,$0.00,$0.00,$0.00,$0.00,$0.00,$0.00,$0.00,$0.00,0.00%,0,0.00%,$0.00,0.00%,0,0.00%,$0.00,0.00%,0,0.00%,$0.00,0.00%,0,0.00%,$0.00,0.00%,$0.00,$0.20,$0.00,$0.00,$0.00,$0.00,0.00%,$0.00,0.00%,$0.00,0.00%,$0.20,0.00%,$-0.20,0.00%
"19 - zCLOSED_R2ONLY_RM_19_SIGNA_ESQ_UniquePlusLLC_4137_50K",1,"Miller Lite Tailgate Combo Pack","DP1 V3",Mastercard,Friday,524135,1,1,100.00%,0,0.00%,1,1,100.00%,0,0.00%,1,0,$0.00,1,0.00%,0,0,$0.00,0,0.00%,0,0,0,$0.00,$0.00,$0.00,$0.00,$0.00,$0.00,$0.00,$0.00,$0.00,$0.00,0.00%,0,0.00%,$0.00,0.00%,0,0.00%,$0.00,0.00%,0,0.00%,$0.00,0.00%,0,0.00%,$0.00,0.00%,$0.00,$0.20,$0.00,$0.00,$0.00,$0.00,0.00%,$0.00,0.00%,$0.00,0.00%,$0.20,0.00%,$-0.20,0.00%
"19 - zCLOSED_R2ONLY_RM_19_SIGNA_ESQ_UniquePlusLLC_4137_50K",1,"Miller Lite Tailgate Combo Pack","DP1 V3",Visa,Friday,425418,1,1,100.00%,0,0.00%,1,1,100.00%,0,0.00%,1,0,$0.00,1,0.00%,0,0,$0.00,0,0.00%,0,0,0,$0.00,$0.00,$0.00,$0.00,$0.00,$0.00,$0.00,$0.00,$0.00,$0.00,0.00%,0,0.00%,$0.00,0.00%,0,0.00%,$0.00,0.00%,0,0.00%,$0.00,0.00%,0,0.00%,$0.00,0.00%,$0.00,$0.20,$0.00,$0.00,$0.00,$0.00,0.00%,$0.00,0.00%,$0.00,0.00%,$0.20,0.00%,$-0.20,0.00%
"19 - zCLOSED_R2ONLY_RM_19_SIGNA_ESQ_UniquePlusLLC_4137_50K",1,"Miller Lite Tailgate Combo Pack","DP1 V3",Visa,Friday,434257,1,1,100.00%,0,0.00%,1,1,100.00%,0,0.00%,1,0,$0.00,1,0.00%,0,0,$0.00,0,0.00%,0,0,0,$0.00,$0.00,$0.00,$0.00,$0.00,$0.00,$0.00,$0.00,$0.00,$0.00,0.00%,0,0.00%,$0.00,0.00%,0,0.00%,$0.00,0.00%,0,0.00%,$0.00,0.00%,0,0.00%,$0.00,0.00%,$0.00,$0.20,$0.00,$0.00,$0.00,$0.00,0.00%,$0.00,0.00%,$0.00,0.00%,$0.20,0.00%,$-0.20,0.00%
"19 - zCLOSED_R2ONLY_RM_19_SIGNA_ESQ_UniquePlusLLC_4137_50K",1,"Miller Lite Tailgate Combo Pack","DP1 V3",Visa,Friday,494138,1,0,0.00%,1,100.00%,1,0,0.00%,1,100.00%,1,1,$12.89,0,100.00%,0,0,$0.00,0,0.00%,1,1,1,$12.89,$0.00,$0.00,$12.89,$0.00,$0.00,$12.89,$0.00,$12.89,$0.00,0.00%,0,0.00%,$0.00,0.00%,0,0.00%,$0.00,0.00%,0,0.00%,$0.00,0.00%,0,0.00%,$0.00,0.00%,$12.89,$0.84,$0.00,$0.00,$0.00,$0.00,0.00%,$0.00,0.00%,$0.00,0.00%,$0.84,6.52%,$12.05,93.48%
"19 - zCLOSED_R2ONLY_RM_19_SIGNA_ESQ_UniquePlusLLC_4137_50K",1,"Sol De Janeiro skincare set","DP1 V3",Mastercard,Friday,546213,1,0,0.00%,1,100.00%,1,0,0.00%,1,100.00%,1,1,$12.89,0,100.00%,0,0,$0.00,0,0.00%,1,1,1,$12.89,$0.00,$0.00,$12.89,$0.00,$0.00,$12.89,$0.00,$12.89,$0.00,0.00%,0,0.00%,$0.00,0.00%,0,0.00%,$0.00,0.00%,0,0.00%,$0.00,0.00%,0,0.00%,$0.00,0.00%,$12.89,$0.84,$0.00,$0.00,$0.00,$0.00,0.00%,$0.00,0.00%,$0.00,0.00%,$0.84,6.52%,$12.05,93.48%
"19 - zCLOSED_R2ONLY_RM_19_SIGNA_ESQ_UniquePlusLLC_4137_50K",1,"Sol De Janeiro skincare set","DP1 V3",Visa,Friday,421783,1,1,100.00%,0,0.00%,1,1,100.00%,0,0.00%,1,0,$0.00,1,0.00%,0,0,$0.00,0,0.00%,0,0,0,$0.00,$0.00,$0.00,$0.00,$0.00,$0.00,$0.00,$0.00,$0.00,$0.00,0.00%,0,0.00%,$0.00,0.00%,0,0.00%,$0.00,0.00%,0,0.00%,$0.00,0.00%,0,0.00%,$0.00,0.00%,$0.00,$0.20,$0.00,$0.00,$0.00,$0.00,0.00%,$0.00,0.00%,$0.00,0.00%,$0.20,0.00%,$-0.20,0.00%
"19 - zCLOSED_R2ONLY_RM_19_SIGNA_ESQ_UniquePlusLLC_4137_50K",1,"TaylorMade Spider ZT Golf Putter","DP1 V3",Visa,Friday,474478,1,1,100.00%,0,0.00%,1,1,100.00%,0,0.00%,1,0,$0.00,1,0.00%,0,0,$0.00,0,0.00%,0,0,0,$0.00,$0.00,$0.00,$0.00,$0.00,$0.00,$0.00,$0.00,$0.00,$0.00,0.00%,0,0.00%,$0.00,0.00%,0,0.00%,$0.00,0.00%,0,0.00%,$0.00,0.00%,0,0.00%,$0.00,0.00%,$0.00,$0.20,$0.00,$0.00,$0.00,$0.00,0.00%,$0.00,0.00%,$0.00,0.00%,$0.20,0.00%,$-0.20,0.00%
"2 - zCLOSED_NR2_RM_2_PAYARC_EVO_SpecifiConLLC_9181_55K",1,"Coors Light Tailgate Bundle","DP1 V3",Mastercard,Friday,521333,1,1,100.00%,0,0.00%,1,1,100.00%,0,0.00%,1,0,$0.00,1,0.00%,0,0,$0.00,0,0.00%,0,0,0,$0.00,$0.00,$0.00,$0.00,$0.00,$0.00,$0.00,$0.00,$0.00,$0.00,0.00%,0,0.00%,$0.00,0.00%,0,0.00%,$0.00,0.00%,0,0.00%,$0.00,0.00%,0,0.00%,$0.00,0.00%,$0.00,$0.20,$0.00,$0.00,$0.00,$0.00,0.00%,$0.00,0.00%,$0.00,0.00%,$0.20,0.00%,$-0.20,0.00%
"2 - zCLOSED_NR2_RM_2_PAYARC_EVO_SpecifiConLLC_9181_55K",1,"Coors Light Tailgate Bundle","DP1 V3",Visa,Friday,400022,1,1,100.00%,0,0.00%,1,1,100.00%,0,0.00%,1,0,$0.00,1,0.00%,0,0,$0.00,0,0.00%,0,0,0,$0.00,$0.00,$0.00,$0.00,$0.00,$0.00,$0.00,$0.00,$0.00,$0.00,0.00%,0,0.00%,$0.00,0.00%,0,0.00%,$0.00,0.00%,0,0.00%,$0.00,0.00%,0,0.00%,$0.00,0.00%,$0.00,$0.20,$0.00,$0.00,$0.00,$0.00,0.00%,$0.00,0.00%,$0.00,0.00%,$0.20,0.00%,$-0.20,0.00%
"2 - zCLOSED_NR2_RM_2_PAYARC_EVO_SpecifiConLLC_9181_55K",1,"Coors Light Tailgate Bundle","DP1 V3",Visa,Friday,414720,1,1,100.00%,0,0.00%,1,1,100.00%,0,0.00%,1,0,$0.00,1,0.00%,0,0,$0.00,0,0.00%,0,0,0,$0.00,$0.00,$0.00,$0.00,$0.00,$0.00,$0.00,$0.00,$0.00,$0.00,0.00%,0,0.00%,$0.00,0.00%,0,0.00%,$0.00,0.00%,0,0.00%,$0.00,0.00%,0,0.00%,$0.00,0.00%,$0.00,$0.20,$0.00,$0.00,$0.00,$0.00,0.00%,$0.00,0.00%,$0.00,0.00%,$0.20,0.00%,$-0.20,0.00%
"2 - zCLOSED_NR2_RM_2_PAYARC_EVO_SpecifiConLLC_9181_55K",1,"Coors Light Tailgate Bundle","DP1 V3",Visa,Friday,414740,1,1,100.00%,0,0.00%,1,1,100.00%,0,0.00%,1,0,$0.00,1,0.00%,0,0,$0.00,0,0.00%,0,0,0,$0.00,$0.00,$0.00,$0.00,$0.00,$0.00,$0.00,$0.00,$0.00,$0.00,0.00%,0,0.00%,$0.00,0.00%,0,0.00%,$0.00,0.00%,0,0.00%,$0.00,0.00%,0,0.00%,$0.00,0.00%,$0.00,$0.20,$0.00,$0.00,$0.00,$0.00,0.00%,$0.00,0.00%,$0.00,0.00%,$0.20,0.00%,$-0.20,0.00%
"2 - zCLOSED_NR2_RM_2_PAYARC_EVO_SpecifiConLLC_9181_55K",1,"KUIU Guide DCS Jacket","DP1 V3",Visa,Friday,426684,1,0,0.00%,1,100.00%,1,0,0.00%,1,100.00%,1,1,$12.89,0,100.00%,0,0,$0.00,0,0.00%,1,1,1,$12.89,$0.00,$0.00,$12.89,$0.00,$0.00,$12.89,$0.00,$12.89,$0.00,0.00%,0,0.00%,$0.00,0.00%,0,0.00%,$0.00,0.00%,0,0.00%,$0.00,0.00%,0,0.00%,$0.00,0.00%,$12.89,$0.84,$0.00,$0.00,$0.00,$0.00,0.00%,$0.00,0.00%,$0.00,0.00%,$0.84,6.52%,$12.05,93.48%
"2 - zCLOSED_NR2_RM_2_PAYARC_EVO_SpecifiConLLC_9181_55K",1,"Miller Lite Tailgate Combo Pack","DP1 V3",Mastercard,Friday,514377,1,0,0.00%,1,100.00%,1,0,0.00%,1,100.00%,1,1,$12.89,0,100.00%,0,0,$0.00,0,0.00%,1,1,1,$12.89,$0.00,$0.00,$12.89,$0.00,$0.00,$12.89,$0.00,$12.89,$0.00,0.00%,0,0.00%,$0.00,0.00%,0,0.00%,$0.00,0.00%,0,0.00%,$0.00,0.00%,0,0.00%,$0.00,0.00%,$12.89,$0.84,$0.00,$0.00,$0.00,$0.00,0.00%,$0.00,0.00%,$0.00,0.00%,$0.84,6.52%,$12.05,93.48%
"2 - zCLOSED_NR2_RM_2_PAYARC_EVO_SpecifiConLLC_9181_55K",1,"Miller Lite Tailgate Combo Pack","DP1 V3",Mastercard,Friday,515676,1,1,100.00%,0,0.00%,1,1,100.00%,0,0.00%,1,0,$0.00,1,0.00%,0,0,$0.00,0,0.00%,0,0,0,$0.00,$0.00,$0.00,$0.00,$0.00,$0.00,$0.00,$0.00,$0.00,$0.00,0.00%,0,0.00%,$0.00,0.00%,0,0.00%,$0.00,0.00%,0,0.00%,$0.00,0.00%,0,0.00%,$0.00,0.00%,$0.00,$0.20,$0.00,$0.00,$0.00,$0.00,0.00%,$0.00,0.00%,$0.00,0.00%,$0.20,0.00%,$-0.20,0.00%
"2 - zCLOSED_NR2_RM_2_PAYARC_EVO_SpecifiConLLC_9181_55K",1,"Miller Lite Tailgate Combo Pack","DP1 V3",Mastercard,Friday,558650,1,0,0.00%,1,100.00%,1,0,0.00%,1,100.00%,1,1,$12.89,0,100.00%,0,0,$0.00,0,0.00%,1,1,1,$12.89,$0.00,$0.00,$12.89,$0.00,$0.00,$12.89,$0.00,$12.89,$0.00,0.00%,0,0.00%,$0.00,0.00%,0,0.00%,$0.00,0.00%,0,0.00%,$0.00,0.00%,0,0.00%,$0.00,0.00%,$12.89,$0.84,$0.00,$0.00,$0.00,$0.00,0.00%,$0.00,0.00%,$0.00,0.00%,$0.84,6.52%,$12.05,93.48%
"2 - zCLOSED_NR2_RM_2_PAYARC_EVO_SpecifiConLLC_9181_55K",1,"Miller Lite Tailgate Combo Pack","DP1 V3",Visa,Friday,406032,1,0,0.00%,1,100.00%,1,0,0.00%,1,100.00%,1,1,$12.89,0,100.00%,0,0,$0.00,0,0.00%,1,1,1,$12.89,$0.00,$0.00,$12.89,$0.00,$0.00,$12.89,$0.00,$12.89,$0.00,0.00%,0,0.00%,$0.00,0.00%,0,0.00%,$0.00,0.00%,0,0.00%,$0.00,0.00%,0,0.00%,$0.00,0.00%,$12.89,$0.84,$0.00,$0.00,$0.00,$0.00,0.00%,$0.00,0.00%,$0.00,0.00%,$0.84,6.52%,$12.05,93.48%
"2 - zCLOSED_NR2_RM_2_PAYARC_EVO_SpecifiConLLC_9181_55K",1,"Miller Lite Tailgate Combo Pack","DP1 V3",Visa,Friday,423223,1,1,100.00%,0,0.00%,1,1,100.00%,0,0.00%,1,0,$0.00,1,0.00%,0,0,$0.00,0,0.00%,0,0,0,$0.00,$0.00,$0.00,$0.00,$0.00,$0.00,$0.00,$0.00,$0.00,$0.00,0.00%,0,0.00%,$0.00,0.00%,0,0.00%,$0.00,0.00%,0,0.00%,$0.00,0.00%,0,0.00%,$0.00,0.00%,$0.00,$0.20,$0.00,$0.00,$0.00,$0.00,0.00%,$0.00,0.00%,$0.00,0.00%,$0.20,0.00%,$-0.20,0.00%
"2 - zCLOSED_NR2_RM_2_PAYARC_EVO_SpecifiConLLC_9181_55K",1,"Miller Lite Tailgate Combo Pack","DP1 V3",Visa,Friday,440348,1,0,0.00%,1,100.00%,1,0,0.00%,1,100.00%,1,1,$12.89,0,100.00%,0,0,$0.00,0,0.00%,1,1,1,$12.89,$0.00,$0.00,$12.89,$0.00,$0.00,$12.89,$0.00,$12.89,$0.00,0.00%,0,0.00%,$0.00,0.00%,0,0.00%,$0.00,0.00%,0,0.00%,$0.00,0.00%,0,0.00%,$0.00,0.00%,$12.89,$0.84,$0.00,$0.00,$0.00,$0.00,0.00%,$0.00,0.00%,$0.00,0.00%,$0.84,6.52%,$12.05,93.48%
"2 - zCLOSED_NR2_RM_2_PAYARC_EVO_SpecifiConLLC_9181_55K",1,"Miller Lite Tailgate Combo Pack","DP1 V3",Visa,Friday,483950,1,1,100.00%,0,0.00%,1,1,100.00%,0,0.00%,1,0,$0.00,1,0.00%,0,0,$0.00,0,0.00%,0,0,0,$0.00,$0.00,$0.00,$0.00,$0.00,$0.00,$0.00,$0.00,$0.00,$0.00,0.00%,0,0.00%,$0.00,0.00%,0,0.00%,$0.00,0.00%,0,0.00%,$0.00,0.00%,0,0.00%,$0.00,0.00%,$0.00,$0.20,$0.00,$0.00,$0.00,$0.00,0.00%,$0.00,0.00%,$0.00,0.00%,$0.20,0.00%,$-0.20,0.00%
"2 - zCLOSED_NR2_RM_2_PAYARC_EVO_SpecifiConLLC_9181_55K",1,"Sol De Janeiro skincare set","DP1 V3",Mastercard,Friday,515676,1,1,100.00%,0,0.00%,1,1,100.00%,0,0.00%,1,0,$0.00,1,0.00%,0,0,$0.00,0,0.00%,0,0,0,$0.00,$0.00,$0.00,$0.00,$0.00,$0.00,$0.00,$0.00,$0.00,$0.00,0.00%,0,0.00%,$0.00,0.00%,0,0.00%,$0.00,0.00%,0,0.00%,$0.00,0.00%,0,0.00%,$0.00,0.00%,$0.00,$0.20,$0.00,$0.00,$0.00,$0.00,0.00%,$0.00,0.00%,$0.00,0.00%,$0.20,0.00%,$-0.20,0.00%
"2 - zCLOSED_NR2_RM_2_PAYARC_EVO_SpecifiConLLC_9181_55K",1,"Sol De Janeiro skincare set","DP1 V3",Mastercard,Friday,519457,1,1,100.00%,0,0.00%,1,1,100.00%,0,0.00%,1,0,$0.00,1,0.00%,0,0,$0.00,0,0.00%,0,0,0,$0.00,$0.00,$0.00,$0.00,$0.00,$0.00,$0.00,$0.00,$0.00,$0.00,0.00%,0,0.00%,$0.00,0.00%,0,0.00%,$0.00,0.00%,0,0.00%,$0.00,0.00%,0,0.00%,$0.00,0.00%,$0.00,$0.20,$0.00,$0.00,$0.00,$0.00,0.00%,$0.00,0.00%,$0.00,0.00%,$0.20,0.00%,$-0.20,0.00%
"2 - zCLOSED_NR2_RM_2_PAYARC_EVO_SpecifiConLLC_9181_55K",1,"Sol De Janeiro skincare set","DP1 V3",Mastercard,Friday,539689,1,1,100.00%,0,0.00%,1,1,100.00%,0,0.00%,1,0,$0.00,1,0.00%,0,0,$0.00,0,0.00%,0,0,0,$0.00,$0.00,$0.00,$0.00,$0.00,$0.00,$0.00,$0.00,$0.00,$0.00,0.00%,0,0.00%,$0.00,0.00%,0,0.00%,$0.00,0.00%,0,0.00%,$0.00,0.00%,0,0.00%,$0.00,0.00%,$0.00,$0.20,$0.00,$0.00,$0.00,$0.00,0.00%,$0.00,0.00%,$0.00,0.00%,$0.20,0.00%,$-0.20,0.00%
"2 - zCLOSED_NR2_RM_2_PAYARC_EVO_SpecifiConLLC_9181_55K",1,"Sol De Janeiro skincare set","DP1 V3",Visa,Friday,401777,1,0,0.00%,1,100.00%,1,0,0.00%,1,100.00%,1,1,$12.89,0,100.00%,0,0,$0.00,0,0.00%,1,1,1,$12.89,$0.00,$0.00,$12.89,$0.00,$0.00,$12.89,$0.00,$12.89,$0.00,0.00%,0,0.00%,$0.00,0.00%,0,0.00%,$0.00,0.00%,0,0.00%,$0.00,0.00%,0,0.00%,$0.00,0.00%,$12.89,$0.84,$0.00,$0.00,$0.00,$0.00,0.00%,$0.00,0.00%,$0.00,0.00%,$0.84,6.52%,$12.05,93.48%
"2 - zCLOSED_NR2_RM_2_PAYARC_EVO_SpecifiConLLC_9181_55K",1,"Sol De Janeiro skincare set","DP1 V3",Visa,Friday,436698,1,1,100.00%,0,0.00%,1,1,100.00%,0,0.00%,1,0,$0.00,1,0.00%,0,0,$0.00,0,0.00%,0,0,0,$0.00,$0.00,$0.00,$0.00,$0.00,$0.00,$0.00,$0.00,$0.00,$0.00,0.00%,0,0.00%,$0.00,0.00%,0,0.00%,$0.00,0.00%,0,0.00%,$0.00,0.00%,0,0.00%,$0.00,0.00%,$0.00,$0.20,$0.00,$0.00,$0.00,$0.00,0.00%,$0.00,0.00%,$0.00,0.00%,$0.20,0.00%,$-0.20,0.00%
"2 - zCLOSED_NR2_RM_2_PAYARC_EVO_SpecifiConLLC_9181_55K",1,"Stihl ZeroTurn Lawn Mower","DP1 V3",Mastercard,Friday,511820,1,1,100.00%,0,0.00%,1,1,100.00%,0,0.00%,1,0,$0.00,1,0.00%,0,0,$0.00,0,0.00%,0,0,0,$0.00,$0.00,$0.00,$0.00,$0.00,$0.00,$0.00,$0.00,$0.00,$0.00,0.00%,0,0.00%,$0.00,0.00%,0,0.00%,$0.00,0.00%,0,0.00%,$0.00,0.00%,0,0.00%,$0.00,0.00%,$0.00,$0.20,$0.00,$0.00,$0.00,$0.00,0.00%,$0.00,0.00%,$0.00,0.00%,$0.20,0.00%,$-0.20,0.00%
"2 - zCLOSED_NR2_RM_2_PAYARC_EVO_SpecifiConLLC_9181_55K",1,"Stihl ZeroTurn Lawn Mower","DP1 V3",Mastercard,Friday,534348,1,0,0.00%,1,100.00%,1,0,0.00%,1,100.00%,1,1,$12.89,0,100.00%,0,0,$0.00,0,0.00%,1,1,1,$12.89,$0.00,$0.00,$12.89,$0.00,$0.00,$12.89,$0.00,$12.89,$12.89,100.00%,0,0.00%,$0.00,0.00%,0,0.00%,$0.00,0.00%,0,0.00%,$0.00,0.00%,1,100.00%,$12.89,100.00%,$0.00,$0.84,$0.00,$0.00,$0.00,$0.00,0.00%,$0.00,0.00%,$0.00,0.00%,$0.84,6.52%,$-0.84,-6.52%
"2 - zCLOSED_NR2_RM_2_PAYARC_EVO_SpecifiConLLC_9181_55K",1,"Stihl ZeroTurn Lawn Mower","DP1 V3",Visa,Friday,426938,1,1,100.00%,0,0.00%,1,1,100.00%,0,0.00%,1,0,$0.00,1,0.00%,0,0,$0.00,0,0.00%,0,0,0,$0.00,$0.00,$0.00,$0.00,$0.00,$0.00,$0.00,$0.00,$0.00,$0.00,0.00%,0,0.00%,$0.00,0.00%,0,0.00%,$0.00,0.00%,0,0.00%,$0.00,0.00%,0,0.00%,$0.00,0.00%,$0.00,$0.20,$0.00,$0.00,$0.00,$0.00,0.00%,$0.00,0.00%,$0.00,0.00%,$0.20,0.00%,$-0.20,0.00%
"2 - zCLOSED_NR2_RM_2_PAYARC_EVO_SpecifiConLLC_9181_55K",1,"Stihl ZeroTurn Lawn Mower","DP1 V3",Visa,Friday,473703,1,1,100.00%,0,0.00%,1,1,100.00%,0,0.00%,1,0,$0.00,1,0.00%,0,0,$0.00,0,0.00%,0,0,0,$0.00,$0.00,$0.00,$0.00,$0.00,$0.00,$0.00,$0.00,$0.00,$0.00,0.00%,0,0.00%,$0.00,0.00%,0,0.00%,$0.00,0.00%,0,0.00%,$0.00,0.00%,0,0.00%,$0.00,0.00%,$0.00,$0.20,$0.00,$0.00,$0.00,$0.00,0.00%,$0.00,0.00%,$0.00,0.00%,$0.20,0.00%,$-0.20,0.00%
"21 - RM_21_QUANT_CBSL_BrightAdvantageLLC_3462_25K",1,"Coors Light Tailgate Bundle","DP1 V3",Mastercard,Friday,559460,1,1,100.00%,0,0.00%,1,1,100.00%,0,0.00%,1,0,$0.00,1,0.00%,0,0,$0.00,0,0.00%,0,0,0,$0.00,$0.00,$0.00,$0.00,$0.00,$0.00,$0.00,$0.00,$0.00,$0.00,0.00%,0,0.00%,$0.00,0.00%,0,0.00%,$0.00,0.00%,0,0.00%,$0.00,0.00%,0,0.00%,$0.00,0.00%,$0.00,$0.20,$0.00,$0.00,$0.00,$0.00,0.00%,$0.00,0.00%,$0.00,0.00%,$0.20,0.00%,$-0.20,0.00%
"21 - RM_21_QUANT_CBSL_BrightAdvantageLLC_3462_25K",1,"Coors Light Tailgate Bundle","DP1 V3",Visa,Friday,414720,1,0,0.00%,1,100.00%,1,0,0.00%,1,100.00%,1,1,$12.89,0,100.00%,0,0,$0.00,0,0.00%,1,1,1,$12.89,$0.00,$0.00,$12.89,$0.00,$0.00,$12.89,$0.00,$12.89,$12.89,100.00%,0,0.00%,$0.00,0.00%,0,0.00%,$0.00,0.00%,0,0.00%,$0.00,0.00%,1,100.00%,$12.89,100.00%,$0.00,$0.84,$0.00,$0.00,$0.00,$0.00,0.00%,$0.00,0.00%,$0.00,0.00%,$0.84,6.52%,$-0.84,-6.52%
"21 - RM_21_QUANT_CBSL_BrightAdvantageLLC_3462_25K",1,"Miller Lite Tailgate Combo Pack","DP1 V3",Mastercard,Friday,512853,1,1,100.00%,0,0.00%,1,1,100.00%,0,0.00%,1,0,$0.00,1,0.00%,0,0,$0.00,0,0.00%,0,0,0,$0.00,$0.00,$0.00,$0.00,$0.00,$0.00,$0.00,$0.00,$0.00,$0.00,0.00%,0,0.00%,$0.00,0.00%,0,0.00%,$0.00,0.00%,0,0.00%,$0.00,0.00%,0,0.00%,$0.00,0.00%,$0.00,$0.20,$0.00,$0.00,$0.00,$0.00,0.00%,$0.00,0.00%,$0.00,0.00%,$0.20,0.00%,$-0.20,0.00%
"21 - RM_21_QUANT_CBSL_BrightAdvantageLLC_3462_25K",1,"Miller Lite Tailgate Combo Pack","DP1 V3",Mastercard,Friday,546325,1,1,100.00%,0,0.00%,1,1,100.00%,0,0.00%,1,0,$0.00,1,0.00%,0,0,$0.00,0,0.00%,0,0,0,$0.00,$0.00,$0.00,$0.00,$0.00,$0.00,$0.00,$0.00,$0.00,$0.00,0.00%,0,0.00%,$0.00,0.00%,0,0.00%,$0.00,0.00%,0,0.00%,$0.00,0.00%,0,0.00%,$0.00,0.00%,$0.00,$0.20,$0.00,$0.00,$0.00,$0.00,0.00%,$0.00,0.00%,$0.00,0.00%,$0.20,0.00%,$-0.20,0.00%
"21 - RM_21_QUANT_CBSL_BrightAdvantageLLC_3462_25K",1,"TaylorMade SIM2 Max Driver","DP1 V3",Visa,Friday,444796,1,1,100.00%,0,0.00%,1,1,100.00%,0,0.00%,1,0,$0.00,1,0.00%,0,0,$0.00,0,0.00%,0,0,0,$0.00,$0.00,$0.00,$0.00,$0.00,$0.00,$0.00,$0.00,$0.00,$0.00,0.00%,0,0.00%,$0.00,0.00%,0,0.00%,$0.00,0.00%,0,0.00%,$0.00,0.00%,0,0.00%,$0.00,0.00%,$0.00,$0.20,$0.00,$0.00,$0.00,$0.00,0.00%,$0.00,0.00%,$0.00,0.00%,$0.20,0.00%,$-0.20,0.00%
"22 - RM_22_QUANT_CBSL_BrightAdvantageLLC_3454_25K",1,"Coors Light Tailgate Bundle","DP1 V3",Visa,Friday,429977,1,1,100.00%,0,0.00%,1,1,100.00%,0,0.00%,1,0,$0.00,1,0.00%,0,0,$0.00,0,0.00%,0,0,0,$0.00,$0.00,$0.00,$0.00,$0.00,$0.00,$0.00,$0.00,$0.00,$0.00,0.00%,0,0.00%,$0.00,0.00%,0,0.00%,$0.00,0.00%,0,0.00%,$0.00,0.00%,0,0.00%,$0.00,0.00%,$0.00,$0.20,$0.00,$0.00,$0.00,$0.00,0.00%,$0.00,0.00%,$0.00,0.00%,$0.20,0.00%,$-0.20,0.00%
"22 - RM_22_QUANT_CBSL_BrightAdvantageLLC_3454_25K",1,"Harley Davidson Evo Helmet","DP1 V3",Visa,Friday,473703,1,1,100.00%,0,0.00%,1,1,100.00%,0,0.00%,1,0,$0.00,1,0.00%,0,0,$0.00,0,0.00%,0,0,0,$0.00,$0.00,$0.00,$0.00,$0.00,$0.00,$0.00,$0.00,$0.00,$0.00,0.00%,0,0.00%,$0.00,0.00%,0,0.00%,$0.00,0.00%,0,0.00%,$0.00,0.00%,0,0.00%,$0.00,0.00%,$0.00,$0.20,$0.00,$0.00,$0.00,$0.00,0.00%,$0.00,0.00%,$0.00,0.00%,$0.20,0.00%,$-0.20,0.00%
"22 - RM_22_QUANT_CBSL_BrightAdvantageLLC_3454_25K",1,"Miller Lite Tailgate Combo Pack","DP1 V3",Mastercard,Friday,542418,1,0,0.00%,1,100.00%,1,0,0.00%,1,100.00%,1,1,$12.89,0,100.00%,0,0,$0.00,0,0.00%,1,1,1,$12.89,$0.00,$0.00,$12.89,$0.00,$0.00,$12.89,$0.00,$12.89,$12.89,100.00%,0,0.00%,$0.00,0.00%,0,0.00%,$0.00,0.00%,0,0.00%,$0.00,0.00%,1,100.00%,$12.89,100.00%,$0.00,$0.84,$0.00,$0.00,$0.00,$0.00,0.00%,$0.00,0.00%,$0.00,0.00%,$0.84,6.52%,$-0.84,-6.52%
"22 - RM_22_QUANT_CBSL_BrightAdvantageLLC_3454_25K",1,"Sol De Janeiro skincare set","DP1 V3",Mastercard,Friday,511332,1,0,0.00%,1,100.00%,1,0,0.00%,1,100.00%,1,1,$12.89,0,100.00%,0,0,$0.00,0,0.00%,1,1,1,$12.89,$0.00,$0.00,$12.89,$0.00,$0.00,$12.89,$0.00,$12.89,$0.00,0.00%,0,0.00%,$0.00,0.00%,0,0.00%,$0.00,0.00%,0,0.00%,$0.00,0.00%,0,0.00%,$0.00,0.00%,$12.89,$0.84,$0.00,$0.00,$0.00,$0.00,0.00%,$0.00,0.00%,$0.00,0.00%,$0.84,6.52%,$12.05,93.48%
"22 - RM_22_QUANT_CBSL_BrightAdvantageLLC_3454_25K",1,"TaylorMade SIM2 Max Driver","DP1 V3",Visa,Friday,431503,1,1,100.00%,0,0.00%,1,1,100.00%,0,0.00%,1,0,$0.00,1,0.00%,0,0,$0.00,0,0.00%,0,0,0,$0.00,$0.00,$0.00,$0.00,$0.00,$0.00,$0.00,$0.00,$0.00,$0.00,0.00%,0,0.00%,$0.00,0.00%,0,0.00%,$0.00,0.00%,0,0.00%,$0.00,0.00%,0,0.00%,$0.00,0.00%,$0.00,$0.20,$0.00,$0.00,$0.00,$0.00,0.00%,$0.00,0.00%,$0.00,0.00%,$0.20,0.00%,$-0.20,0.00%
"23 - GY_N1R1_RM_23_QUANT_CBSL_BrightAdvantageLLC_3470_25K",1,"Coors Light Tailgate Bundle","DP1 V3",Mastercard,Friday,521733,1,0,0.00%,1,100.00%,1,0,0.00%,1,100.00%,1,1,$12.89,0,100.00%,0,0,$0.00,0,0.00%,1,1,1,$12.89,$0.00,$0.00,$12.89,$0.00,$0.00,$12.89,$0.00,$12.89,$0.00,0.00%,0,0.00%,$0.00,0.00%,0,0.00%,$0.00,0.00%,0,0.00%,$0.00,0.00%,0,0.00%,$0.00,0.00%,$12.89,$0.84,$0.00,$0.00,$0.00,$0.00,0.00%,$0.00,0.00%,$0.00,0.00%,$0.84,6.52%,$12.05,93.48%
"23 - GY_N1R1_RM_23_QUANT_CBSL_BrightAdvantageLLC_3470_25K",1,"Coors Light Tailgate Bundle","DP1 V3",Mastercard,Friday,527518,1,1,100.00%,0,0.00%,1,1,100.00%,0,0.00%,1,0,$0.00,1,0.00%,0,0,$0.00,0,0.00%,0,0,0,$0.00,$0.00,$0.00,$0.00,$0.00,$0.00,$0.00,$0.00,$0.00,$0.00,0.00%,0,0.00%,$0.00,0.00%,0,0.00%,$0.00,0.00%,0,0.00%,$0.00,0.00%,0,0.00%,$0.00,0.00%,$0.00,$0.20,$0.00,$0.00,$0.00,$0.00,0.00%,$0.00,0.00%,$0.00,0.00%,$0.20,0.00%,$-0.20,0.00%
"23 - GY_N1R1_RM_23_QUANT_CBSL_BrightAdvantageLLC_3470_25K",1,"Coors Light Tailgate Bundle","DP1 V3",Mastercard,Friday,551912,1,1,100.00%,0,0.00%,1,1,100.00%,0,0.00%,1,0,$0.00,1,0.00%,0,0,$0.00,0,0.00%,0,0,0,$0.00,$0.00,$0.00,$0.00,$0.00,$0.00,$0.00,$0.00,$0.00,$0.00,0.00%,0,0.00%,$0.00,0.00%,0,0.00%,$0.00,0.00%,0,0.00%,$0.00,0.00%,0,0.00%,$0.00,0.00%,$0.00,$0.20,$0.00,$0.00,$0.00,$0.00,0.00%,$0.00,0.00%,$0.00,0.00%,$0.20,0.00%,$-0.20,0.00%
"23 - GY_N1R1_RM_23_QUANT_CBSL_BrightAdvantageLLC_3470_25K",1,"Coors Light Tailgate Bundle","DP1 V3",Visa,Friday,481583,1,0,0.00%,1,100.00%,1,0,0.00%,1,100.00%,1,1,$12.89,0,100.00%,0,0,$0.00,0,0.00%,1,1,1,$12.89,$0.00,$0.00,$12.89,$0.00,$0.00,$12.89,$0.00,$12.89,$0.00,0.00%,0,0.00%,$0.00,0.00%,0,0.00%,$0.00,0.00%,0,0.00%,$0.00,0.00%,0,0.00%,$0.00,0.00%,$12.89,$0.84,$0.00,$0.00,$0.00,$0.00,0.00%,$0.00,0.00%,$0.00,0.00%,$0.84,6.52%,$12.05,93.48%
"23 - GY_N1R1_RM_23_QUANT_CBSL_BrightAdvantageLLC_3470_25K",1,"Miller Lite Tailgate Combo Pack","DP1 V3",Mastercard,Friday,542418,1,0,0.00%,1,100.00%,1,0,0.00%,1,100.00%,1,1,$12.89,0,100.00%,0,0,$0.00,0,0.00%,1,1,1,$12.89,$0.00,$0.00,$12.89,$0.00,$0.00,$12.89,$0.00,$12.89,$0.00,0.00%,0,0.00%,$0.00,0.00%,0,0.00%,$0.00,0.00%,0,0.00%,$0.00,0.00%,0,0.00%,$0.00,0.00%,$12.89,$0.84,$0.00,$0.00,$0.00,$0.00,0.00%,$0.00,0.00%,$0.00,0.00%,$0.84,6.52%,$12.05,93.48%
"23 - GY_N1R1_RM_23_QUANT_CBSL_BrightAdvantageLLC_3470_25K",1,"Sol De Janeiro skincare set","DP1 V3",Visa,Friday,423317,1,1,100.00%,0,0.00%,1,1,100.00%,0,0.00%,1,0,$0.00,1,0.00%,0,0,$0.00,0,0.00%,0,0,0,$0.00,$0.00,$0.00,$0.00,$0.00,$0.00,$0.00,$0.00,$0.00,$0.00,0.00%,0,0.00%,$0.00,0.00%,0,0.00%,$0.00,0.00%,0,0.00%,$0.00,0.00%,0,0.00%,$0.00,0.00%,$0.00,$0.20,$0.00,$0.00,$0.00,$0.00,0.00%,$0.00,0.00%,$0.00,0.00%,$0.20,0.00%,$-0.20,0.00%
"23 - GY_N1R1_RM_23_QUANT_CBSL_BrightAdvantageLLC_3470_25K",1,"Stihl ZeroTurn Lawn Mower","DP1 V3",Mastercard,Friday,551010,1,0,0.00%,1,100.00%,1,0,0.00%,1,100.00%,1,1,$12.89,0,100.00%,0,0,$0.00,0,0.00%,1,1,1,$12.89,$0.00,$0.00,$12.89,$0.00,$0.00,$12.89,$0.00,$12.89,$0.00,0.00%,0,0.00%,$0.00,0.00%,0,0.00%,$0.00,0.00%,0,0.00%,$0.00,0.00%,0,0.00%,$0.00,0.00%,$12.89,$0.84,$0.00,$0.00,$0.00,$0.00,0.00%,$0.00,0.00%,$0.00,0.00%,$0.84,6.52%,$12.05,93.48%
"23 - GY_N1R1_RM_23_QUANT_CBSL_BrightAdvantageLLC_3470_25K",1,"TaylorMade SIM2 Max Driver","DP1 V3",Mastercard,Friday,515248,1,0,0.00%,1,100.00%,1,0,0.00%,1,100.00%,1,1,$12.89,0,100.00%,0,0,$0.00,0,0.00%,1,1,1,$12.89,$0.00,$0.00,$12.89,$0.00,$0.00,$12.89,$0.00,$12.89,$0.00,0.00%,0,0.00%,$0.00,0.00%,0,0.00%,$0.00,0.00%,0,0.00%,$0.00,0.00%,0,0.00%,$0.00,0.00%,$12.89,$0.84,$0.00,$0.00,$0.00,$0.00,0.00%,$0.00,0.00%,$0.00,0.00%,$0.84,6.52%,$12.05,93.48%
"24 - GY_RM_24_QUANT_CBSL_BrightAdvantageLLC_3488_25K",1,"Miller Lite Tailgate Combo Pack","DP1 V3",Mastercard,Friday,524135,1,0,0.00%,1,100.00%,1,0,0.00%,1,100.00%,1,1,$12.89,0,100.00%,0,0,$0.00,0,0.00%,1,1,1,$12.89,$0.00,$0.00,$12.89,$0.00,$0.00,$12.89,$0.00,$12.89,$0.00,0.00%,0,0.00%,$0.00,0.00%,0,0.00%,$0.00,0.00%,0,0.00%,$0.00,0.00%,0,0.00%,$0.00,0.00%,$12.89,$0.84,$0.00,$0.00,$0.00,$0.00,0.00%,$0.00,0.00%,$0.00,0.00%,$0.84,6.52%,$12.05,93.48%
"24 - GY_RM_24_QUANT_CBSL_BrightAdvantageLLC_3488_25K",1,"Miller Lite Tailgate Combo Pack","DP1 V3",Mastercard,Friday,542496,1,1,100.00%,0,0.00%,1,1,100.00%,0,0.00%,1,0,$0.00,1,0.00%,0,0,$0.00,0,0.00%,0,0,0,$0.00,$0.00,$0.00,$0.00,$0.00,$0.00,$0.00,$0.00,$0.00,$0.00,0.00%,0,0.00%,$0.00,0.00%,0,0.00%,$0.00,0.00%,0,0.00%,$0.00,0.00%,0,0.00%,$0.00,0.00%,$0.00,$0.20,$0.00,$0.00,$0.00,$0.00,0.00%,$0.00,0.00%,$0.00,0.00%,$0.20,0.00%,$-0.20,0.00%
"24 - GY_RM_24_QUANT_CBSL_BrightAdvantageLLC_3488_25K",1,"Miller Lite Tailgate Combo Pack","DP1 V3",Visa,Friday,438857,1,1,100.00%,0,0.00%,1,1,100.00%,0,0.00%,1,0,$0.00,1,0.00%,0,0,$0.00,0,0.00%,0,0,0,$0.00,$0.00,$0.00,$0.00,$0.00,$0.00,$0.00,$0.00,$0.00,$0.00,0.00%,0,0.00%,$0.00,0.00%,0,0.00%,$0.00,0.00%,0,0.00%,$0.00,0.00%,0,0.00%,$0.00,0.00%,$0.00,$0.20,$0.00,$0.00,$0.00,$0.00,0.00%,$0.00,0.00%,$0.00,0.00%,$0.20,0.00%,$-0.20,0.00%
"24 - GY_RM_24_QUANT_CBSL_BrightAdvantageLLC_3488_25K",1,"Sol De Janeiro skincare set","DP1 V3",Visa,Friday,403578,1,0,0.00%,1,100.00%,1,0,0.00%,1,100.00%,1,1,$12.89,0,100.00%,0,0,$0.00,0,0.00%,1,1,1,$12.89,$0.00,$0.00,$12.89,$0.00,$0.00,$12.89,$0.00,$12.89,$12.89,100.00%,1,100.00%,$12.89,100.00%,0,0.00%,$0.00,0.00%,0,0.00%,$0.00,0.00%,0,0.00%,$0.00,0.00%,$0.00,$0.84,$0.00,$0.00,$0.00,$0.00,0.00%,$0.00,0.00%,$0.00,0.00%,$0.84,6.52%,$-0.84,-6.52%
"24 - GY_RM_24_QUANT_CBSL_BrightAdvantageLLC_3488_25K",1,"Sol De Janeiro skincare set","DP1 V3",Visa,Friday,419002,1,0,0.00%,1,100.00%,1,0,0.00%,1,100.00%,1,1,$12.89,0,100.00%,0,0,$0.00,0,0.00%,1,1,1,$12.89,$0.00,$0.00,$12.89,$0.00,$0.00,$12.89,$0.00,$12.89,$0.00,0.00%,0,0.00%,$0.00,0.00%,0,0.00%,$0.00,0.00%,0,0.00%,$0.00,0.00%,0,0.00%,$0.00,0.00%,$12.89,$0.84,$0.00,$0.00,$0.00,$0.00,0.00%,$0.00,0.00%,$0.00,0.00%,$0.84,6.52%,$12.05,93.48%
"24 - GY_RM_24_QUANT_CBSL_BrightAdvantageLLC_3488_25K",1,"TaylorMade SIM2 Max Driver","DP1 V3",Mastercard,Friday,517148,1,1,100.00%,0,0.00%,1,1,100.00%,0,0.00%,1,0,$0.00,1,0.00%,0,0,$0.00,0,0.00%,0,0,0,$0.00,$0.00,$0.00,$0.00,$0.00,$0.00,$0.00,$0.00,$0.00,$0.00,0.00%,0,0.00%,$0.00,0.00%,0,0.00%,$0.00,0.00%,0,0.00%,$0.00,0.00%,0,0.00%,$0.00,0.00%,$0.00,$0.20,$0.00,$0.00,$0.00,$0.00,0.00%,$0.00,0.00%,$0.00,0.00%,$0.20,0.00%,$-0.20,0.00%
"24 - GY_RM_24_QUANT_CBSL_BrightAdvantageLLC_3488_25K",1,"TaylorMade SIM2 Max Driver","DP1 V3",Mastercard,Friday,523562,1,1,100.00%,0,0.00%,1,1,100.00%,0,0.00%,1,0,$0.00,1,0.00%,0,0,$0.00,0,0.00%,0,0,0,$0.00,$0.00,$0.00,$0.00,$0.00,$0.00,$0.00,$0.00,$0.00,$0.00,0.00%,0,0.00%,$0.00,0.00%,0,0.00%,$0.00,0.00%,0,0.00%,$0.00,0.00%,0,0.00%,$0.00,0.00%,$0.00,$0.20,$0.00,$0.00,$0.00,$0.00,0.00%,$0.00,0.00%,$0.00,0.00%,$0.20,0.00%,$-0.20,0.00%
"24 - GY_RM_24_QUANT_CBSL_BrightAdvantageLLC_3488_25K",1,"TaylorMade SIM2 Max Driver","DP1 V3",Visa,Friday,414740,1,0,0.00%,1,100.00%,1,0,0.00%,1,100.00%,1,1,$12.89,0,100.00%,0,0,$0.00,0,0.00%,1,1,1,$12.89,$0.00,$0.00,$12.89,$0.00,$0.00,$12.89,$0.00,$12.89,$0.00,0.00%,0,0.00%,$0.00,0.00%,0,0.00%,$0.00,0.00%,0,0.00%,$0.00,0.00%,0,0.00%,$0.00,0.00%,$12.89,$0.84,$0.00,$0.00,$0.00,$0.00,0.00%,$0.00,0.00%,$0.00,0.00%,$0.84,6.52%,$12.05,93.48%
"24 - GY_RM_24_QUANT_CBSL_BrightAdvantageLLC_3488_25K",1,"TaylorMade SIM2 Max Driver","DP1 V3",Visa,Friday,480213,1,1,100.00%,0,0.00%,1,1,100.00%,0,0.00%,1,0,$0.00,1,0.00%,0,0,$0.00,0,0.00%,0,0,0,$0.00,$0.00,$0.00,$0.00,$0.00,$0.00,$0.00,$0.00,$0.00,$0.00,0.00%,0,0.00%,$0.00,0.00%,0,0.00%,$0.00,0.00%,0,0.00%,$0.00,0.00%,0,0.00%,$0.00,0.00%,$0.00,$0.20,$0.00,$0.00,$0.00,$0.00,0.00%,$0.00,0.00%,$0.00,0.00%,$0.20,0.00%,$-0.20,0.00%
"25 - GY_NR1_RM_25_QUANT_CBSL_UniquePlusLLC_3389_25K",1,"Coors Light Tailgate Bundle","DP1 V3",Mastercard,Friday,511829,1,0,0.00%,1,100.00%,1,0,0.00%,1,100.00%,1,1,$12.89,0,100.00%,0,0,$0.00,0,0.00%,1,1,1,$12.89,$0.00,$0.00,$12.89,$0.00,$0.00,$12.89,$0.00,$12.89,$0.00,0.00%,0,0.00%,$0.00,0.00%,0,0.00%,$0.00,0.00%,0,0.00%,$0.00,0.00%,0,0.00%,$0.00,0.00%,$12.89,$0.84,$0.00,$0.00,$0.00,$0.00,0.00%,$0.00,0.00%,$0.00,0.00%,$0.84,6.52%,$12.05,93.48%
"25 - GY_NR1_RM_25_QUANT_CBSL_UniquePlusLLC_3389_25K",1,"Coors Light Tailgate Bundle","DP1 V3",Visa,Friday,475055,1,1,100.00%,0,0.00%,1,1,100.00%,0,0.00%,1,0,$0.00,1,0.00%,0,0,$0.00,0,0.00%,0,0,0,$0.00,$0.00,$0.00,$0.00,$0.00,$0.00,$0.00,$0.00,$0.00,$0.00,0.00%,0,0.00%,$0.00,0.00%,0,0.00%,$0.00,0.00%,0,0.00%,$0.00,0.00%,0,0.00%,$0.00,0.00%,$0.00,$0.20,$0.00,$0.00,$0.00,$0.00,0.00%,$0.00,0.00%,$0.00,0.00%,$0.20,0.00%,$-0.20,0.00%
"25 - GY_NR1_RM_25_QUANT_CBSL_UniquePlusLLC_3389_25K",1,"Miller Lite Tailgate Combo Pack","DP1 V3",Mastercard,Friday,517545,1,1,100.00%,0,0.00%,1,1,100.00%,0,0.00%,1,0,$0.00,1,0.00%,0,0,$0.00,0,0.00%,0,0,0,$0.00,$0.00,$0.00,$0.00,$0.00,$0.00,$0.00,$0.00,$0.00,$0.00,0.00%,0,0.00%,$0.00,0.00%,0,0.00%,$0.00,0.00%,0,0.00%,$0.00,0.00%,0,0.00%,$0.00,0.00%,$0.00,$0.20,$0.00,$0.00,$0.00,$0.00,0.00%,$0.00,0.00%,$0.00,0.00%,$0.20,0.00%,$-0.20,0.00%
"25 - GY_NR1_RM_25_QUANT_CBSL_UniquePlusLLC_3389_25K",1,"Miller Lite Tailgate Combo Pack","DP1 V3",Visa,Friday,401105,1,1,100.00%,0,0.00%,1,1,100.00%,0,0.00%,1,0,$0.00,1,0.00%,0,0,$0.00,0,0.00%,0,0,0,$0.00,$0.00,$0.00,$0.00,$0.00,$0.00,$0.00,$0.00,$0.00,$0.00,0.00%,0,0.00%,$0.00,0.00%,0,0.00%,$0.00,0.00%,0,0.00%,$0.00,0.00%,0,0.00%,$0.00,0.00%,$0.00,$0.20,$0.00,$0.00,$0.00,$0.00,0.00%,$0.00,0.00%,$0.00,0.00%,$0.20,0.00%,$-0.20,0.00%
"25 - GY_NR1_RM_25_QUANT_CBSL_UniquePlusLLC_3389_25K",1,"Miller Lite Tailgate Combo Pack","DP1 V3",Visa,Friday,438692,1,1,100.00%,0,0.00%,1,1,100.00%,0,0.00%,1,0,$0.00,1,0.00%,0,0,$0.00,0,0.00%,0,0,0,$0.00,$0.00,$0.00,$0.00,$0.00,$0.00,$0.00,$0.00,$0.00,$0.00,0.00%,0,0.00%,$0.00,0.00%,0,0.00%,$0.00,0.00%,0,0.00%,$0.00,0.00%,0,0.00%,$0.00,0.00%,$0.00,$0.20,$0.00,$0.00,$0.00,$0.00,0.00%,$0.00,0.00%,$0.00,0.00%,$0.20,0.00%,$-0.20,0.00%
"25 - GY_NR1_RM_25_QUANT_CBSL_UniquePlusLLC_3389_25K",1,"Miller Lite Tailgate Combo Pack","DP1 V3",Visa,Friday,444796,1,0,0.00%,1,100.00%,1,0,0.00%,1,100.00%,1,1,$12.89,0,100.00%,0,0,$0.00,0,0.00%,1,1,1,$12.89,$0.00,$0.00,$12.89,$0.00,$0.00,$12.89,$0.00,$12.89,$0.00,0.00%,0,0.00%,$0.00,0.00%,0,0.00%,$0.00,0.00%,0,0.00%,$0.00,0.00%,0,0.00%,$0.00,0.00%,$12.89,$0.84,$0.00,$0.00,$0.00,$0.00,0.00%,$0.00,0.00%,$0.00,0.00%,$0.84,6.52%,$12.05,93.48%
"25 - GY_NR1_RM_25_QUANT_CBSL_UniquePlusLLC_3389_25K",1,"Miller Lite Tailgate Combo Pack","DP1 V3",Visa,Friday,446758,1,0,0.00%,1,100.00%,1,0,0.00%,1,100.00%,1,1,$12.89,0,100.00%,0,0,$0.00,0,0.00%,1,1,1,$12.89,$0.00,$0.00,$12.89,$0.00,$0.00,$12.89,$0.00,$12.89,$0.00,0.00%,0,0.00%,$0.00,0.00%,0,0.00%,$0.00,0.00%,0,0.00%,$0.00,0.00%,0,0.00%,$0.00,0.00%,$12.89,$0.84,$0.00,$0.00,$0.00,$0.00,0.00%,$0.00,0.00%,$0.00,0.00%,$0.84,6.52%,$12.05,93.48%
"25 - GY_NR1_RM_25_QUANT_CBSL_UniquePlusLLC_3389_25K",1,"Miller Lite Tailgate Combo Pack","DP1 V3",Visa,Friday,451336,1,1,100.00%,0,0.00%,1,1,100.00%,0,0.00%,1,0,$0.00,1,0.00%,0,0,$0.00,0,0.00%,0,0,0,$0.00,$0.00,$0.00,$0.00,$0.00,$0.00,$0.00,$0.00,$0.00,$0.00,0.00%,0,0.00%,$0.00,0.00%,0,0.00%,$0.00,0.00%,0,0.00%,$0.00,0.00%,0,0.00%,$0.00,0.00%,$0.00,$0.20,$0.00,$0.00,$0.00,$0.00,0.00%,$0.00,0.00%,$0.00,0.00%,$0.20,0.00%,$-0.20,0.00%
"25 - GY_NR1_RM_25_QUANT_CBSL_UniquePlusLLC_3389_25K",1,"Miller Lite Tailgate Combo Pack","DP1 V3",Visa,Friday,461100,1,1,100.00%,0,0.00%,1,1,100.00%,0,0.00%,1,0,$0.00,1,0.00%,0,0,$0.00,0,0.00%,0,0,0,$0.00,$0.00,$0.00,$0.00,$0.00,$0.00,$0.00,$0.00,$0.00,$0.00,0.00%,0,0.00%,$0.00,0.00%,0,0.00%,$0.00,0.00%,0,0.00%,$0.00,0.00%,0,0.00%,$0.00,0.00%,$0.00,$0.20,$0.00,$0.00,$0.00,$0.00,0.00%,$0.00,0.00%,$0.00,0.00%,$0.20,0.00%,$-0.20,0.00%
"25 - GY_NR1_RM_25_QUANT_CBSL_UniquePlusLLC_3389_25K",1,"Miller Lite Tailgate Combo Pack","DP1 V3",Visa,Friday,474472,1,1,100.00%,0,0.00%,1,1,100.00%,0,0.00%,1,0,$0.00,1,0.00%,0,0,$0.00,0,0.00%,0,0,0,$0.00,$0.00,$0.00,$0.00,$0.00,$0.00,$0.00,$0.00,$0.00,$0.00,0.00%,0,0.00%,$0.00,0.00%,0,0.00%,$0.00,0.00%,0,0.00%,$0.00,0.00%,0,0.00%,$0.00,0.00%,$0.00,$0.20,$0.00,$0.00,$0.00,$0.00,0.00%,$0.00,0.00%,$0.00,0.00%,$0.20,0.00%,$-0.20,0.00%
"25 - GY_NR1_RM_25_QUANT_CBSL_UniquePlusLLC_3389_25K",1,"Sol De Janeiro skincare set","DP1 V3",Mastercard,Friday,521307,1,1,100.00%,0,0.00%,1,1,100.00%,0,0.00%,1,0,$0.00,1,0.00%,0,0,$0.00,0,0.00%,0,0,0,$0.00,$0.00,$0.00,$0.00,$0.00,$0.00,$0.00,$0.00,$0.00,$0.00,0.00%,0,0.00%,$0.00,0.00%,0,0.00%,$0.00,0.00%,0,0.00%,$0.00,0.00%,0,0.00%,$0.00,0.00%,$0.00,$0.20,$0.00,$0.00,$0.00,$0.00,0.00%,$0.00,0.00%,$0.00,0.00%,$0.20,0.00%,$-0.20,0.00%
"25 - GY_NR1_RM_25_QUANT_CBSL_UniquePlusLLC_3389_25K",1,"Sol De Janeiro skincare set","DP1 V3",Mastercard,Friday,521730,1,0,0.00%,1,100.00%,1,0,0.00%,1,100.00%,1,1,$12.89,0,100.00%,0,0,$0.00,0,0.00%,1,1,1,$12.89,$0.00,$0.00,$12.89,$0.00,$0.00,$12.89,$0.00,$12.89,$12.89,100.00%,0,0.00%,$0.00,0.00%,0,0.00%,$0.00,0.00%,0,0.00%,$0.00,0.00%,1,100.00%,$12.89,100.00%,$0.00,$0.84,$0.00,$0.00,$0.00,$0.00,0.00%,$0.00,0.00%,$0.00,0.00%,$0.84,6.52%,$-0.84,-6.52%
"25 - GY_NR1_RM_25_QUANT_CBSL_UniquePlusLLC_3389_25K",1,"Stihl ZeroTurn Lawn Mower","DP1 V3",Visa,Friday,423607,1,1,100.00%,0,0.00%,1,1,100.00%,0,0.00%,1,0,$0.00,1,0.00%,0,0,$0.00,0,0.00%,0,0,0,$0.00,$0.00,$0.00,$0.00,$0.00,$0.00,$0.00,$0.00,$0.00,$0.00,0.00%,0,0.00%,$0.00,0.00%,0,0.00%,$0.00,0.00%,0,0.00%,$0.00,0.00%,0,0.00%,$0.00,0.00%,$0.00,$0.20,$0.00,$0.00,$0.00,$0.00,0.00%,$0.00,0.00%,$0.00,0.00%,$0.20,0.00%,$-0.20,0.00%
"25 - GY_NR1_RM_25_QUANT_CBSL_UniquePlusLLC_3389_25K",1,"Stihl ZeroTurn Lawn Mower","DP1 V3",Visa,Friday,473702,1,1,100.00%,0,0.00%,1,1,100.00%,0,0.00%,1,0,$0.00,1,0.00%,0,0,$0.00,0,0.00%,0,0,0,$0.00,$0.00,$0.00,$0.00,$0.00,$0.00,$0.00,$0.00,$0.00,$0.00,0.00%,0,0.00%,$0.00,0.00%,0,0.00%,$0.00,0.00%,0,0.00%,$0.00,0.00%,0,0.00%,$0.00,0.00%,$0.00,$0.20,$0.00,$0.00,$0.00,$0.00,0.00%,$0.00,0.00%,$0.00,0.00%,$0.20,0.00%,$-0.20,0.00%
"25 - GY_NR1_RM_25_QUANT_CBSL_UniquePlusLLC_3389_25K",1,"TaylorMade SIM2 Max Driver","DP1 V3",Mastercard,Friday,546604,1,1,100.00%,0,0.00%,1,1,100.00%,0,0.00%,1,0,$0.00,1,0.00%,0,0,$0.00,0,0.00%,0,0,0,$0.00,$0.00,$0.00,$0.00,$0.00,$0.00,$0.00,$0.00,$0.00,$0.00,0.00%,0,0.00%,$0.00,0.00%,0,0.00%,$0.00,0.00%,0,0.00%,$0.00,0.00%,0,0.00%,$0.00,0.00%,$0.00,$0.20,$0.00,$0.00,$0.00,$0.00,0.00%,$0.00,0.00%,$0.00,0.00%,$0.20,0.00%,$-0.20,0.00%
"25 - GY_NR1_RM_25_QUANT_CBSL_UniquePlusLLC_3389_25K",1,"TaylorMade SIM2 Max Driver","DP1 V3",Visa,Friday,414709,1,1,100.00%,0,0.00%,1,1,100.00%,0,0.00%,1,0,$0.00,1,0.00%,0,0,$0.00,0,0.00%,0,0,0,$0.00,$0.00,$0.00,$0.00,$0.00,$0.00,$0.00,$0.00,$0.00,$0.00,0.00%,0,0.00%,$0.00,0.00%,0,0.00%,$0.00,0.00%,0,0.00%,$0.00,0.00%,0,0.00%,$0.00,0.00%,$0.00,$0.20,$0.00,$0.00,$0.00,$0.00,0.00%,$0.00,0.00%,$0.00,0.00%,$0.20,0.00%,$-0.20,0.00%
"25 - GY_NR1_RM_25_QUANT_CBSL_UniquePlusLLC_3389_25K",1,"TaylorMade SIM2 Max Driver","DP1 V3",Visa,Friday,474165,1,1,100.00%,0,0.00%,1,1,100.00%,0,0.00%,1,0,$0.00,1,0.00%,0,0,$0.00,0,0.00%,0,0,0,$0.00,$0.00,$0.00,$0.00,$0.00,$0.00,$0.00,$0.00,$0.00,$0.00,0.00%,0,0.00%,$0.00,0.00%,0,0.00%,$0.00,0.00%,0,0.00%,$0.00,0.00%,0,0.00%,$0.00,0.00%,$0.00,$0.20,$0.00,$0.00,$0.00,$0.00,0.00%,$0.00,0.00%,$0.00,0.00%,$0.20,0.00%,$-0.20,0.00%
"26 - N1R12_RM_26_QUANT_CBSL_UniquePlusLLC_3371_25K",1,"Coors Light Tailgate Bundle","DP1 V3",Visa,Friday,414720,1,1,100.00%,0,0.00%,1,1,100.00%,0,0.00%,1,0,$0.00,1,0.00%,0,0,$0.00,0,0.00%,0,0,0,$0.00,$0.00,$0.00,$0.00,$0.00,$0.00,$0.00,$0.00,$0.00,$0.00,0.00%,0,0.00%,$0.00,0.00%,0,0.00%,$0.00,0.00%,0,0.00%,$0.00,0.00%,0,0.00%,$0.00,0.00%,$0.00,$0.20,$0.00,$0.00,$0.00,$0.00,0.00%,$0.00,0.00%,$0.00,0.00%,$0.20,0.00%,$-0.20,0.00%
"26 - N1R12_RM_26_QUANT_CBSL_UniquePlusLLC_3371_25K",1,"Harley Davidson Evo Helmet","DP1 V3",Visa,Friday,408832,1,0,0.00%,1,100.00%,1,0,0.00%,1,100.00%,1,1,$12.89,0,100.00%,0,0,$0.00,0,0.00%,1,1,1,$12.89,$0.00,$0.00,$12.89,$0.00,$0.00,$12.89,$0.00,$12.89,$0.00,0.00%,0,0.00%,$0.00,0.00%,0,0.00%,$0.00,0.00%,0,0.00%,$0.00,0.00%,0,0.00%,$0.00,0.00%,$12.89,$0.84,$0.00,$0.00,$0.00,$0.00,0.00%,$0.00,0.00%,$0.00,0.00%,$0.84,6.52%,$12.05,93.48%
"26 - N1R12_RM_26_QUANT_CBSL_UniquePlusLLC_3371_25K",1,"KUIU Guide DCS Jacket","DP1 V3",Visa,Friday,422968,1,1,100.00%,0,0.00%,1,1,100.00%,0,0.00%,1,0,$0.00,1,0.00%,0,0,$0.00,0,0.00%,0,0,0,$0.00,$0.00,$0.00,$0.00,$0.00,$0.00,$0.00,$0.00,$0.00,$0.00,0.00%,0,0.00%,$0.00,0.00%,0,0.00%,$0.00,0.00%,0,0.00%,$0.00,0.00%,0,0.00%,$0.00,0.00%,$0.00,$0.20,$0.00,$0.00,$0.00,$0.00,0.00%,$0.00,0.00%,$0.00,0.00%,$0.20,0.00%,$-0.20,0.00%
"26 - N1R12_RM_26_QUANT_CBSL_UniquePlusLLC_3371_25K",1,"Miller Lite Tailgate Combo Pack","DP1 V3",Mastercard,Friday,527521,1,1,100.00%,0,0.00%,1,1,100.00%,0,0.00%,1,0,$0.00,1,0.00%,0,0,$0.00,0,0.00%,0,0,0,$0.00,$0.00,$0.00,$0.00,$0.00,$0.00,$0.00,$0.00,$0.00,$0.00,0.00%,0,0.00%,$0.00,0.00%,0,0.00%,$0.00,0.00%,0,0.00%,$0.00,0.00%,0,0.00%,$0.00,0.00%,$0.00,$0.20,$0.00,$0.00,$0.00,$0.00,0.00%,$0.00,0.00%,$0.00,0.00%,$0.20,0.00%,$-0.20,0.00%
"26 - N1R12_RM_26_QUANT_CBSL_UniquePlusLLC_3371_25K",1,"Miller Lite Tailgate Combo Pack","DP1 V3",Visa,Friday,412134,1,0,0.00%,1,100.00%,1,0,0.00%,1,100.00%,1,1,$12.89,0,100.00%,0,0,$0.00,0,0.00%,1,1,1,$12.89,$0.00,$0.00,$12.89,$0.00,$0.00,$12.89,$0.00,$12.89,$0.00,0.00%,0,0.00%,$0.00,0.00%,0,0.00%,$0.00,0.00%,0,0.00%,$0.00,0.00%,0,0.00%,$0.00,0.00%,$12.89,$0.84,$0.00,$0.00,$0.00,$0.00,0.00%,$0.00,0.00%,$0.00,0.00%,$0.84,6.52%,$12.05,93.48%
"26 - N1R12_RM_26_QUANT_CBSL_UniquePlusLLC_3371_25K",1,"Miller Lite Tailgate Combo Pack","DP1 V3",Visa,Friday,414740,1,1,100.00%,0,0.00%,1,1,100.00%,0,0.00%,1,0,$0.00,1,0.00%,0,0,$0.00,0,0.00%,0,0,0,$0.00,$0.00,$0.00,$0.00,$0.00,$0.00,$0.00,$0.00,$0.00,$0.00,0.00%,0,0.00%,$0.00,0.00%,0,0.00%,$0.00,0.00%,0,0.00%,$0.00,0.00%,0,0.00%,$0.00,0.00%,$0.00,$0.20,$0.00,$0.00,$0.00,$0.00,0.00%,$0.00,0.00%,$0.00,0.00%,$0.20,0.00%,$-0.20,0.00%
"26 - N1R12_RM_26_QUANT_CBSL_UniquePlusLLC_3371_25K",1,"Miller Lite Tailgate Combo Pack","DP1 V3",Visa,Friday,445373,1,0,0.00%,1,100.00%,1,0,0.00%,1,100.00%,1,1,$12.89,0,100.00%,0,0,$0.00,0,0.00%,1,1,1,$12.89,$0.00,$0.00,$12.89,$0.00,$0.00,$12.89,$0.00,$12.89,$0.00,0.00%,0,0.00%,$0.00,0.00%,0,0.00%,$0.00,0.00%,0,0.00%,$0.00,0.00%,0,0.00%,$0.00,0.00%,$12.89,$0.84,$0.00,$0.00,$0.00,$0.00,0.00%,$0.00,0.00%,$0.00,0.00%,$0.84,6.52%,$12.05,93.48%
"26 - N1R12_RM_26_QUANT_CBSL_UniquePlusLLC_3371_25K",1,"Miller Lite Tailgate Combo Pack","DP1 V3",Visa,Friday,463405,1,0,0.00%,1,100.00%,1,0,0.00%,1,100.00%,1,1,$12.89,0,100.00%,0,0,$0.00,0,0.00%,1,1,1,$12.89,$0.00,$0.00,$12.89,$0.00,$0.00,$12.89,$0.00,$12.89,$0.00,0.00%,0,0.00%,$0.00,0.00%,0,0.00%,$0.00,0.00%,0,0.00%,$0.00,0.00%,0,0.00%,$0.00,0.00%,$12.89,$0.84,$0.00,$0.00,$0.00,$0.00,0.00%,$0.00,0.00%,$0.00,0.00%,$0.84,6.52%,$12.05,93.48%
"26 - N1R12_RM_26_QUANT_CBSL_UniquePlusLLC_3371_25K",1,"Stihl ZeroTurn Lawn Mower","DP1 V3",Visa,Friday,479143,1,1,100.00%,0,0.00%,1,1,100.00%,0,0.00%,1,0,$0.00,1,0.00%,0,0,$0.00,0,0.00%,0,0,0,$0.00,$0.00,$0.00,$0.00,$0.00,$0.00,$0.00,$0.00,$0.00,$0.00,0.00%,0,0.00%,$0.00,0.00%,0,0.00%,$0.00,0.00%,0,0.00%,$0.00,0.00%,0,0.00%,$0.00,0.00%,$0.00,$0.20,$0.00,$0.00,$0.00,$0.00,0.00%,$0.00,0.00%,$0.00,0.00%,$0.20,0.00%,$-0.20,0.00%
"26 - N1R12_RM_26_QUANT_CBSL_UniquePlusLLC_3371_25K",1,"Stihl ZeroTurn Lawn Mower","DP1 V3",Visa,Friday,482812,1,1,100.00%,0,0.00%,1,1,100.00%,0,0.00%,1,0,$0.00,1,0.00%,0,0,$0.00,0,0.00%,0,0,0,$0.00,$0.00,$0.00,$0.00,$0.00,$0.00,$0.00,$0.00,$0.00,$0.00,0.00%,0,0.00%,$0.00,0.00%,0,0.00%,$0.00,0.00%,0,0.00%,$0.00,0.00%,0,0.00%,$0.00,0.00%,$0.00,$0.20,$0.00,$0.00,$0.00,$0.00,0.00%,$0.00,0.00%,$0.00,0.00%,$0.20,0.00%,$-0.20,0.00%
"26 - N1R12_RM_26_QUANT_CBSL_UniquePlusLLC_3371_25K",1,"TaylorMade SIM2 Max Driver","DP1 V3",Visa,Friday,414932,1,0,0.00%,1,100.00%,1,0,0.00%,1,100.00%,1,1,$12.89,0,100.00%,0,0,$0.00,0,0.00%,1,1,1,$12.89,$0.00,$0.00,$12.89,$0.00,$0.00,$12.89,$0.00,$12.89,$12.89,100.00%,0,0.00%,$0.00,0.00%,0,0.00%,$0.00,0.00%,0,0.00%,$0.00,0.00%,1,100.00%,$12.89,100.00%,$0.00,$0.84,$0.00,$0.00,$0.00,$0.00,0.00%,$0.00,0.00%,$0.00,0.00%,$0.84,6.52%,$-0.84,-6.52%
"26 - N1R12_RM_26_QUANT_CBSL_UniquePlusLLC_3371_25K",1,"TaylorMade SIM2 Max Driver","DP1 V3",Visa,Friday,422685,1,1,100.00%,0,0.00%,1,1,100.00%,0,0.00%,1,0,$0.00,1,0.00%,0,0,$0.00,0,0.00%,0,0,0,$0.00,$0.00,$0.00,$0.00,$0.00,$0.00,$0.00,$0.00,$0.00,$0.00,0.00%,0,0.00%,$0.00,0.00%,0,0.00%,$0.00,0.00%,0,0.00%,$0.00,0.00%,0,0.00%,$0.00,0.00%,$0.00,$0.20,$0.00,$0.00,$0.00,$0.00,0.00%,$0.00,0.00%,$0.00,0.00%,$0.20,0.00%,$-0.20,0.00%
"26 - N1R12_RM_26_QUANT_CBSL_UniquePlusLLC_3371_25K",1,"TaylorMade Spider ZT Golf Putter","DP1 V3",Mastercard,Friday,552342,1,1,100.00%,0,0.00%,1,1,100.00%,0,0.00%,1,0,$0.00,1,0.00%,0,0,$0.00,0,0.00%,0,0,0,$0.00,$0.00,$0.00,$0.00,$0.00,$0.00,$0.00,$0.00,$0.00,$0.00,0.00%,0,0.00%,$0.00,0.00%,0,0.00%,$0.00,0.00%,0,0.00%,$0.00,0.00%,0,0.00%,$0.00,0.00%,$0.00,$0.20,$0.00,$0.00,$0.00,$0.00,0.00%,$0.00,0.00%,$0.00,0.00%,$0.20,0.00%,$-0.20,0.00%
"27 - GY_RM_27_QUANT_CBSL_UniquePlusLLC_3363_25K",1,"Coors Light Tailgate Bundle","DP1 V3",Mastercard,Friday,545510,1,1,100.00%,0,0.00%,1,1,100.00%,0,0.00%,1,0,$0.00,1,0.00%,0,0,$0.00,0,0.00%,0,0,0,$0.00,$0.00,$0.00,$0.00,$0.00,$0.00,$0.00,$0.00,$0.00,$0.00,0.00%,0,0.00%,$0.00,0.00%,0,0.00%,$0.00,0.00%,0,0.00%,$0.00,0.00%,0,0.00%,$0.00,0.00%,$0.00,$0.20,$0.00,$0.00,$0.00,$0.00,0.00%,$0.00,0.00%,$0.00,0.00%,$0.20,0.00%,$-0.20,0.00%
"27 - GY_RM_27_QUANT_CBSL_UniquePlusLLC_3363_25K",1,"Coors Light Tailgate Bundle","DP1 V3",Visa,Friday,414512,1,0,0.00%,1,100.00%,1,0,0.00%,1,100.00%,1,1,$12.89,0,100.00%,0,0,$0.00,0,0.00%,1,1,1,$12.89,$0.00,$0.00,$12.89,$0.00,$0.00,$12.89,$0.00,$12.89,$0.00,0.00%,0,0.00%,$0.00,0.00%,0,0.00%,$0.00,0.00%,0,0.00%,$0.00,0.00%,0,0.00%,$0.00,0.00%,$12.89,$0.84,$0.00,$0.00,$0.00,$0.00,0.00%,$0.00,0.00%,$0.00,0.00%,$0.84,6.52%,$12.05,93.48%
"27 - GY_RM_27_QUANT_CBSL_UniquePlusLLC_3363_25K",1,"Coors Light Tailgate Bundle","DP1 V3",Visa,Friday,435142,1,1,100.00%,0,0.00%,1,1,100.00%,0,0.00%,1,0,$0.00,1,0.00%,0,0,$0.00,0,0.00%,0,0,0,$0.00,$0.00,$0.00,$0.00,$0.00,$0.00,$0.00,$0.00,$0.00,$0.00,0.00%,0,0.00%,$0.00,0.00%,0,0.00%,$0.00,0.00%,0,0.00%,$0.00,0.00%,0,0.00%,$0.00,0.00%,$0.00,$0.20,$0.00,$0.00,$0.00,$0.00,0.00%,$0.00,0.00%,$0.00,0.00%,$0.20,0.00%,$-0.20,0.00%
"27 - GY_RM_27_QUANT_CBSL_UniquePlusLLC_3363_25K",1,"Coors Light Tailgate Bundle","DP1 V3",Visa,Friday,460728,1,0,0.00%,1,100.00%,1,0,0.00%,1,100.00%,1,1,$12.89,0,100.00%,0,0,$0.00,0,0.00%,1,1,1,$12.89,$0.00,$0.00,$12.89,$0.00,$0.00,$12.89,$0.00,$12.89,$0.00,0.00%,0,0.00%,$0.00,0.00%,0,0.00%,$0.00,0.00%,0,0.00%,$0.00,0.00%,0,0.00%,$0.00,0.00%,$12.89,$0.84,$0.00,$0.00,$0.00,$0.00,0.00%,$0.00,0.00%,$0.00,0.00%,$0.84,6.52%,$12.05,93.48%
"27 - GY_RM_27_QUANT_CBSL_UniquePlusLLC_3363_25K",1,"Coors Light Tailgate Bundle","DP1 V3",Visa,Friday,473702,1,1,100.00%,0,0.00%,1,1,100.00%,0,0.00%,1,0,$0.00,1,0.00%,0,0,$0.00,0,0.00%,0,0,0,$0.00,$0.00,$0.00,$0.00,$0.00,$0.00,$0.00,$0.00,$0.00,$0.00,0.00%,0,0.00%,$0.00,0.00%,0,0.00%,$0.00,0.00%,0,0.00%,$0.00,0.00%,0,0.00%,$0.00,0.00%,$0.00,$0.20,$0.00,$0.00,$0.00,$0.00,0.00%,$0.00,0.00%,$0.00,0.00%,$0.20,0.00%,$-0.20,0.00%
"27 - GY_RM_27_QUANT_CBSL_UniquePlusLLC_3363_25K",1,"Harley Davidson Evo Helmet","DP1 V3",Visa,Friday,414720,1,0,0.00%,1,100.00%,1,0,0.00%,1,100.00%,1,1,$12.89,0,100.00%,0,0,$0.00,0,0.00%,1,1,1,$12.89,$0.00,$0.00,$12.89,$0.00,$0.00,$12.89,$0.00,$12.89,$12.89,100.00%,0,0.00%,$0.00,0.00%,0,0.00%,$0.00,0.00%,0,0.00%,$0.00,0.00%,1,100.00%,$12.89,100.00%,$0.00,$0.84,$0.00,$0.00,$0.00,$0.00,0.00%,$0.00,0.00%,$0.00,0.00%,$0.84,6.52%,$-0.84,-6.52%
"27 - GY_RM_27_QUANT_CBSL_UniquePlusLLC_3363_25K",1,"Miller Lite Tailgate Combo Pack","DP1 V3",Mastercard,Friday,518725,1,1,100.00%,0,0.00%,1,1,100.00%,0,0.00%,1,0,$0.00,1,0.00%,0,0,$0.00,0,0.00%,0,0,0,$0.00,$0.00,$0.00,$0.00,$0.00,$0.00,$0.00,$0.00,$0.00,$0.00,0.00%,0,0.00%,$0.00,0.00%,0,0.00%,$0.00,0.00%,0,0.00%,$0.00,0.00%,0,0.00%,$0.00,0.00%,$0.00,$0.20,$0.00,$0.00,$0.00,$0.00,0.00%,$0.00,0.00%,$0.00,0.00%,$0.20,0.00%,$-0.20,0.00%
"27 - GY_RM_27_QUANT_CBSL_UniquePlusLLC_3363_25K",1,"Miller Lite Tailgate Combo Pack","DP1 V3",Visa,Friday,403623,1,1,100.00%,0,0.00%,1,1,100.00%,0,0.00%,1,0,$0.00,1,0.00%,0,0,$0.00,0,0.00%,0,0,0,$0.00,$0.00,$0.00,$0.00,$0.00,$0.00,$0.00,$0.00,$0.00,$0.00,0.00%,0,0.00%,$0.00,0.00%,0,0.00%,$0.00,0.00%,0,0.00%,$0.00,0.00%,0,0.00%,$0.00,0.00%,$0.00,$0.20,$0.00,$0.00,$0.00,$0.00,0.00%,$0.00,0.00%,$0.00,0.00%,$0.20,0.00%,$-0.20,0.00%
"27 - GY_RM_27_QUANT_CBSL_UniquePlusLLC_3363_25K",1,"Miller Lite Tailgate Combo Pack","DP1 V3",Visa,Friday,430020,1,1,100.00%,0,0.00%,1,1,100.00%,0,0.00%,1,0,$0.00,1,0.00%,0,0,$0.00,0,0.00%,0,0,0,$0.00,$0.00,$0.00,$0.00,$0.00,$0.00,$0.00,$0.00,$0.00,$0.00,0.00%,0,0.00%,$0.00,0.00%,0,0.00%,$0.00,0.00%,0,0.00%,$0.00,0.00%,0,0.00%,$0.00,0.00%,$0.00,$0.20,$0.00,$0.00,$0.00,$0.00,0.00%,$0.00,0.00%,$0.00,0.00%,$0.20,0.00%,$-0.20,0.00%
"27 - GY_RM_27_QUANT_CBSL_UniquePlusLLC_3363_25K",1,"Miller Lite Tailgate Combo Pack","DP1 V3",Visa,Friday,432739,1,0,0.00%,1,100.00%,1,0,0.00%,1,100.00%,1,1,$12.89,0,100.00%,0,0,$0.00,0,0.00%,1,1,1,$12.89,$0.00,$0.00,$12.89,$0.00,$0.00,$12.89,$0.00,$12.89,$12.89,100.00%,1,100.00%,$12.89,100.00%,0,0.00%,$0.00,0.00%,0,0.00%,$0.00,0.00%,0,0.00%,$0.00,0.00%,$0.00,$0.84,$0.00,$0.00,$0.00,$0.00,0.00%,$0.00,0.00%,$0.00,0.00%,$0.84,6.52%,$-0.84,-6.52%
"27 - GY_RM_27_QUANT_CBSL_UniquePlusLLC_3363_25K",1,"Stihl ZeroTurn Lawn Mower","DP1 V3",Mastercard,Friday,551105,1,0,0.00%,1,100.00%,1,0,0.00%,1,100.00%,1,1,$12.89,0,100.00%,0,0,$0.00,0,0.00%,1,1,1,$12.89,$0.00,$0.00,$12.89,$0.00,$0.00,$12.89,$0.00,$12.89,$0.00,0.00%,0,0.00%,$0.00,0.00%,0,0.00%,$0.00,0.00%,0,0.00%,$0.00,0.00%,0,0.00%,$0.00,0.00%,$12.89,$0.84,$0.00,$0.00,$0.00,$0.00,0.00%,$0.00,0.00%,$0.00,0.00%,$0.84,6.52%,$12.05,93.48%
"27 - GY_RM_27_QUANT_CBSL_UniquePlusLLC_3363_25K",1,"Stihl ZeroTurn Lawn Mower","DP1 V3",Visa,Friday,435793,1,1,100.00%,0,0.00%,1,1,100.00%,0,0.00%,1,0,$0.00,1,0.00%,0,0,$0.00,0,0.00%,0,0,0,$0.00,$0.00,$0.00,$0.00,$0.00,$0.00,$0.00,$0.00,$0.00,$0.00,0.00%,0,0.00%,$0.00,0.00%,0,0.00%,$0.00,0.00%,0,0.00%,$0.00,0.00%,0,0.00%,$0.00,0.00%,$0.00,$0.20,$0.00,$0.00,$0.00,$0.00,0.00%,$0.00,0.00%,$0.00,0.00%,$0.20,0.00%,$-0.20,0.00%
"27 - GY_RM_27_QUANT_CBSL_UniquePlusLLC_3363_25K",1,"Stihl ZeroTurn Lawn Mower","DP1 V3",Visa,Friday,441839,1,0,0.00%,1,100.00%,1,0,0.00%,1,100.00%,1,1,$12.89,0,100.00%,0,0,$0.00,0,0.00%,1,1,1,$12.89,$0.00,$0.00,$12.89,$0.00,$0.00,$12.89,$0.00,$12.89,$12.89,100.00%,0,0.00%,$0.00,0.00%,0,0.00%,$0.00,0.00%,0,0.00%,$0.00,0.00%,1,100.00%,$12.89,100.00%,$0.00,$0.84,$0.00,$0.00,$0.00,$0.00,0.00%,$0.00,0.00%,$0.00,0.00%,$0.84,6.52%,$-0.84,-6.52%
"27 - GY_RM_27_QUANT_CBSL_UniquePlusLLC_3363_25K",1,"Stihl ZeroTurn Lawn Mower","DP1 V3",Visa,Friday,448261,1,1,100.00%,0,0.00%,1,1,100.00%,0,0.00%,1,0,$0.00,1,0.00%,0,0,$0.00,0,0.00%,0,0,0,$0.00,$0.00,$0.00,$0.00,$0.00,$0.00,$0.00,$0.00,$0.00,$0.00,0.00%,0,0.00%,$0.00,0.00%,0,0.00%,$0.00,0.00%,0,0.00%,$0.00,0.00%,0,0.00%,$0.00,0.00%,$0.00,$0.20,$0.00,$0.00,$0.00,$0.00,0.00%,$0.00,0.00%,$0.00,0.00%,$0.20,0.00%,$-0.20,0.00%
"27 - GY_RM_27_QUANT_CBSL_UniquePlusLLC_3363_25K",1,"TaylorMade Spider ZT Golf Putter","DP1 V3",Mastercard,Friday,548012,1,0,0.00%,1,100.00%,1,0,0.00%,1,100.00%,1,1,$12.89,0,100.00%,0,0,$0.00,0,0.00%,1,1,1,$12.89,$0.00,$0.00,$12.89,$0.00,$0.00,$12.89,$0.00,$12.89,$0.00,0.00%,0,0.00%,$0.00,0.00%,0,0.00%,$0.00,0.00%,0,0.00%,$0.00,0.00%,0,0.00%,$0.00,0.00%,$12.89,$0.84,$0.00,$0.00,$0.00,$0.00,0.00%,$0.00,0.00%,$0.00,0.00%,$0.84,6.52%,$12.05,93.48%
"28 - NR12_RM_28_QUANT_CBSL_UniquePlusLLC_3355_25K",1,"Garmin Fish Finder","DP1 V3",Mastercard,Friday,551674,1,0,0.00%,1,100.00%,1,0,0.00%,1,100.00%,1,1,$12.89,0,100.00%,0,0,$0.00,0,0.00%,1,1,1,$12.89,$0.00,$0.00,$12.89,$0.00,$0.00,$12.89,$0.00,$12.89,$0.00,0.00%,0,0.00%,$0.00,0.00%,0,0.00%,$0.00,0.00%,0,0.00%,$0.00,0.00%,0,0.00%,$0.00,0.00%,$12.89,$0.84,$0.00,$0.00,$0.00,$0.00,0.00%,$0.00,0.00%,$0.00,0.00%,$0.84,6.52%,$12.05,93.48%
"28 - NR12_RM_28_QUANT_CBSL_UniquePlusLLC_3355_25K",1,"Harley Davidson Evo Helmet","DP1 V3",Visa,Friday,435983,1,1,100.00%,0,0.00%,1,1,100.00%,0,0.00%,1,0,$0.00,1,0.00%,0,0,$0.00,0,0.00%,0,0,0,$0.00,$0.00,$0.00,$0.00,$0.00,$0.00,$0.00,$0.00,$0.00,$0.00,0.00%,0,0.00%,$0.00,0.00%,0,0.00%,$0.00,0.00%,0,0.00%,$0.00,0.00%,0,0.00%,$0.00,0.00%,$0.00,$0.20,$0.00,$0.00,$0.00,$0.00,0.00%,$0.00,0.00%,$0.00,0.00%,$0.20,0.00%,$-0.20,0.00%
"28 - NR12_RM_28_QUANT_CBSL_UniquePlusLLC_3355_25K",1,"Miller Lite Tailgate Combo Pack","DP1 V3",Mastercard,Friday,512106,1,0,0.00%,1,100.00%,1,0,0.00%,1,100.00%,1,1,$12.89,0,100.00%,0,0,$0.00,0,0.00%,1,1,1,$12.89,$0.00,$0.00,$12.89,$0.00,$0.00,$12.89,$0.00,$12.89,$12.89,100.00%,0,0.00%,$0.00,0.00%,0,0.00%,$0.00,0.00%,0,0.00%,$0.00,0.00%,1,100.00%,$12.89,100.00%,$0.00,$0.84,$0.00,$0.00,$0.00,$0.00,0.00%,$0.00,0.00%,$0.00,0.00%,$0.84,6.52%,$-0.84,-6.52%
"28 - NR12_RM_28_QUANT_CBSL_UniquePlusLLC_3355_25K",1,"Miller Lite Tailgate Combo Pack","DP1 V3",Mastercard,Friday,537993,1,1,100.00%,0,0.00%,1,1,100.00%,0,0.00%,1,0,$0.00,1,0.00%,0,0,$0.00,0,0.00%,0,0,0,$0.00,$0.00,$0.00,$0.00,$0.00,$0.00,$0.00,$0.00,$0.00,$0.00,0.00%,0,0.00%,$0.00,0.00%,0,0.00%,$0.00,0.00%,0,0.00%,$0.00,0.00%,0,0.00%,$0.00,0.00%,$0.00,$0.20,$0.00,$0.00,$0.00,$0.00,0.00%,$0.00,0.00%,$0.00,0.00%,$0.20,0.00%,$-0.20,0.00%
"28 - NR12_RM_28_QUANT_CBSL_UniquePlusLLC_3355_25K",1,"Miller Lite Tailgate Combo Pack","DP1 V3",Visa,Friday,448915,1,0,0.00%,1,100.00%,1,0,0.00%,1,100.00%,1,1,$12.89,0,100.00%,0,0,$0.00,0,0.00%,1,1,1,$12.89,$0.00,$0.00,$12.89,$0.00,$0.00,$12.89,$0.00,$12.89,$0.00,0.00%,0,0.00%,$0.00,0.00%,0,0.00%,$0.00,0.00%,0,0.00%,$0.00,0.00%,0,0.00%,$0.00,0.00%,$12.89,$0.84,$0.00,$0.00,$0.00,$0.00,0.00%,$0.00,0.00%,$0.00,0.00%,$0.84,6.52%,$12.05,93.48%
"28 - NR12_RM_28_QUANT_CBSL_UniquePlusLLC_3355_25K",1,"Sol De Janeiro skincare set","DP1 V3",Visa,Friday,445990,1,0,0.00%,1,100.00%,1,0,0.00%,1,100.00%,1,1,$12.89,0,100.00%,0,0,$0.00,0,0.00%,1,1,1,$12.89,$0.00,$0.00,$12.89,$0.00,$0.00,$12.89,$0.00,$12.89,$0.00,0.00%,0,0.00%,$0.00,0.00%,0,0.00%,$0.00,0.00%,0,0.00%,$0.00,0.00%,0,0.00%,$0.00,0.00%,$12.89,$0.84,$0.00,$0.00,$0.00,$0.00,0.00%,$0.00,0.00%,$0.00,0.00%,$0.84,6.52%,$12.05,93.48%
"28 - NR12_RM_28_QUANT_CBSL_UniquePlusLLC_3355_25K",1,"Sol De Janeiro skincare set","DP1 V3",Visa,Friday,478373,1,0,0.00%,1,100.00%,1,0,0.00%,1,100.00%,1,1,$12.89,0,100.00%,0,0,$0.00,0,0.00%,1,1,1,$12.89,$0.00,$0.00,$12.89,$0.00,$0.00,$12.89,$0.00,$12.89,$0.00,0.00%,0,0.00%,$0.00,0.00%,0,0.00%,$0.00,0.00%,0,0.00%,$0.00,0.00%,0,0.00%,$0.00,0.00%,$12.89,$0.84,$0.00,$0.00,$0.00,$0.00,0.00%,$0.00,0.00%,$0.00,0.00%,$0.84,6.52%,$12.05,93.48%
"28 - NR12_RM_28_QUANT_CBSL_UniquePlusLLC_3355_25K",1,"Stihl ZeroTurn Lawn Mower","DP1 V3",Visa,Friday,409991,1,1,100.00%,0,0.00%,1,1,100.00%,0,0.00%,1,0,$0.00,1,0.00%,0,0,$0.00,0,0.00%,0,0,0,$0.00,$0.00,$0.00,$0.00,$0.00,$0.00,$0.00,$0.00,$0.00,$0.00,0.00%,0,0.00%,$0.00,0.00%,0,0.00%,$0.00,0.00%,0,0.00%,$0.00,0.00%,0,0.00%,$0.00,0.00%,$0.00,$0.20,$0.00,$0.00,$0.00,$0.00,0.00%,$0.00,0.00%,$0.00,0.00%,$0.20,0.00%,$-0.20,0.00%
"28 - NR12_RM_28_QUANT_CBSL_UniquePlusLLC_3355_25K",1,"Yardistry Cedar Greenhouse","DP1 V3",Visa,Friday,474165,1,0,0.00%,1,100.00%,1,0,0.00%,1,100.00%,1,1,$12.89,0,100.00%,0,0,$0.00,0,0.00%,1,1,1,$12.89,$0.00,$0.00,$12.89,$0.00,$0.00,$12.89,$0.00,$12.89,$0.00,0.00%,0,0.00%,$0.00,0.00%,0,0.00%,$0.00,0.00%,0,0.00%,$0.00,0.00%,0,0.00%,$0.00,0.00%,$12.89,$0.84,$0.00,$0.00,$0.00,$0.00,0.00%,$0.00,0.00%,$0.00,0.00%,$0.84,6.52%,$12.05,93.48%
"29 - N2_RM_29_PRIOR_SYN_UniquePlusLLC_7645_75K",1,"Coors Light Tailgate Bundle","DP1 V3",Visa,Friday,414720,1,1,100.00%,0,0.00%,1,1,100.00%,0,0.00%,1,0,$0.00,1,0.00%,0,0,$0.00,0,0.00%,0,0,0,$0.00,$0.00,$0.00,$0.00,$0.00,$0.00,$0.00,$0.00,$0.00,$0.00,0.00%,0,0.00%,$0.00,0.00%,0,0.00%,$0.00,0.00%,0,0.00%,$0.00,0.00%,0,0.00%,$0.00,0.00%,$0.00,$0.20,$0.00,$0.00,$0.00,$0.00,0.00%,$0.00,0.00%,$0.00,0.00%,$0.20,0.00%,$-0.20,0.00%
"29 - N2_RM_29_PRIOR_SYN_UniquePlusLLC_7645_75K",1,"Coors Light Tailgate Bundle","DP1 V3",Visa,Friday,419002,1,0,0.00%,1,100.00%,1,0,0.00%,1,100.00%,1,1,$12.89,0,100.00%,0,0,$0.00,0,0.00%,1,1,1,$12.89,$0.00,$0.00,$12.89,$0.00,$0.00,$12.89,$0.00,$12.89,$0.00,0.00%,0,0.00%,$0.00,0.00%,0,0.00%,$0.00,0.00%,0,0.00%,$0.00,0.00%,0,0.00%,$0.00,0.00%,$12.89,$0.84,$0.00,$0.00,$0.00,$0.00,0.00%,$0.00,0.00%,$0.00,0.00%,$0.84,6.52%,$12.05,93.48%
"29 - N2_RM_29_PRIOR_SYN_UniquePlusLLC_7645_75K",1,"Coors Light Tailgate Bundle","DP1 V3",Visa,Friday,441357,1,0,0.00%,1,100.00%,1,0,0.00%,1,100.00%,1,1,$12.89,0,100.00%,0,0,$0.00,0,0.00%,1,1,1,$12.89,$0.00,$0.00,$12.89,$0.00,$0.00,$12.89,$0.00,$12.89,$0.00,0.00%,0,0.00%,$0.00,0.00%,0,0.00%,$0.00,0.00%,0,0.00%,$0.00,0.00%,0,0.00%,$0.00,0.00%,$12.89,$0.84,$0.00,$0.00,$0.00,$0.00,0.00%,$0.00,0.00%,$0.00,0.00%,$0.84,6.52%,$12.05,93.48%
"29 - N2_RM_29_PRIOR_SYN_UniquePlusLLC_7645_75K",1,"Garmin Fish Finder","DP1 V3",Visa,Friday,480213,1,1,100.00%,0,0.00%,1,1,100.00%,0,0.00%,1,0,$0.00,1,0.00%,0,0,$0.00,0,0.00%,0,0,0,$0.00,$0.00,$0.00,$0.00,$0.00,$0.00,$0.00,$0.00,$0.00,$0.00,0.00%,0,0.00%,$0.00,0.00%,0,0.00%,$0.00,0.00%,0,0.00%,$0.00,0.00%,0,0.00%,$0.00,0.00%,$0.00,$0.20,$0.00,$0.00,$0.00,$0.00,0.00%,$0.00,0.00%,$0.00,0.00%,$0.20,0.00%,$-0.20,0.00%
"29 - N2_RM_29_PRIOR_SYN_UniquePlusLLC_7645_75K",1,"Miller Lite Tailgate Combo Pack","DP1 V3",Mastercard,Friday,546325,1,1,100.00%,0,0.00%,1,1,100.00%,0,0.00%,1,0,$0.00,1,0.00%,0,0,$0.00,0,0.00%,0,0,0,$0.00,$0.00,$0.00,$0.00,$0.00,$0.00,$0.00,$0.00,$0.00,$0.00,0.00%,0,0.00%,$0.00,0.00%,0,0.00%,$0.00,0.00%,0,0.00%,$0.00,0.00%,0,0.00%,$0.00,0.00%,$0.00,$0.20,$0.00,$0.00,$0.00,$0.00,0.00%,$0.00,0.00%,$0.00,0.00%,$0.20,0.00%,$-0.20,0.00%
"29 - N2_RM_29_PRIOR_SYN_UniquePlusLLC_7645_75K",1,"Miller Lite Tailgate Combo Pack","DP1 V3",Visa,Friday,414709,1,1,100.00%,0,0.00%,1,1,100.00%,0,0.00%,1,0,$0.00,1,0.00%,0,0,$0.00,0,0.00%,0,0,0,$0.00,$0.00,$0.00,$0.00,$0.00,$0.00,$0.00,$0.00,$0.00,$0.00,0.00%,0,0.00%,$0.00,0.00%,0,0.00%,$0.00,0.00%,0,0.00%,$0.00,0.00%,0,0.00%,$0.00,0.00%,$0.00,$0.20,$0.00,$0.00,$0.00,$0.00,0.00%,$0.00,0.00%,$0.00,0.00%,$0.20,0.00%,$-0.20,0.00%
"29 - N2_RM_29_PRIOR_SYN_UniquePlusLLC_7645_75K",1,"Miller Lite Tailgate Combo Pack","DP1 V3",Visa,Friday,433477,1,0,0.00%,1,100.00%,1,0,0.00%,1,100.00%,1,1,$12.89,0,100.00%,0,0,$0.00,0,0.00%,1,1,1,$12.89,$0.00,$0.00,$12.89,$0.00,$0.00,$12.89,$0.00,$12.89,$12.89,100.00%,1,100.00%,$12.89,100.00%,0,0.00%,$0.00,0.00%,0,0.00%,$0.00,0.00%,0,0.00%,$0.00,0.00%,$0.00,$0.84,$0.00,$0.00,$0.00,$0.00,0.00%,$0.00,0.00%,$0.00,0.00%,$0.84,6.52%,$-0.84,-6.52%
"29 - N2_RM_29_PRIOR_SYN_UniquePlusLLC_7645_75K",1,"Sol De Janeiro skincare set","DP1 V3",Mastercard,Friday,537993,1,1,100.00%,0,0.00%,1,1,100.00%,0,0.00%,1,0,$0.00,1,0.00%,0,0,$0.00,0,0.00%,0,0,0,$0.00,$0.00,$0.00,$0.00,$0.00,$0.00,$0.00,$0.00,$0.00,$0.00,0.00%,0,0.00%,$0.00,0.00%,0,0.00%,$0.00,0.00%,0,0.00%,$0.00,0.00%,0,0.00%,$0.00,0.00%,$0.00,$0.20,$0.00,$0.00,$0.00,$0.00,0.00%,$0.00,0.00%,$0.00,0.00%,$0.20,0.00%,$-0.20,0.00%
"29 - N2_RM_29_PRIOR_SYN_UniquePlusLLC_7645_75K",1,"Sol De Janeiro skincare set","DP1 V3",Visa,Friday,434257,1,1,100.00%,0,0.00%,1,1,100.00%,0,0.00%,1,0,$0.00,1,0.00%,0,0,$0.00,0,0.00%,0,0,0,$0.00,$0.00,$0.00,$0.00,$0.00,$0.00,$0.00,$0.00,$0.00,$0.00,0.00%,0,0.00%,$0.00,0.00%,0,0.00%,$0.00,0.00%,0,0.00%,$0.00,0.00%,0,0.00%,$0.00,0.00%,$0.00,$0.20,$0.00,$0.00,$0.00,$0.00,0.00%,$0.00,0.00%,$0.00,0.00%,$0.20,0.00%,$-0.20,0.00%
"29 - N2_RM_29_PRIOR_SYN_UniquePlusLLC_7645_75K",1,"Sol De Janeiro skincare set","DP1 V3",Visa,Friday,438854,1,1,100.00%,0,0.00%,1,1,100.00%,0,0.00%,1,0,$0.00,1,0.00%,0,0,$0.00,0,0.00%,0,0,0,$0.00,$0.00,$0.00,$0.00,$0.00,$0.00,$0.00,$0.00,$0.00,$0.00,0.00%,0,0.00%,$0.00,0.00%,0,0.00%,$0.00,0.00%,0,0.00%,$0.00,0.00%,0,0.00%,$0.00,0.00%,$0.00,$0.20,$0.00,$0.00,$0.00,$0.00,0.00%,$0.00,0.00%,$0.00,0.00%,$0.20,0.00%,$-0.20,0.00%
"29 - N2_RM_29_PRIOR_SYN_UniquePlusLLC_7645_75K",1,"Sol De Janeiro skincare set","DP1 V3",Visa,Friday,448915,1,1,100.00%,0,0.00%,1,1,100.00%,0,0.00%,1,0,$0.00,1,0.00%,0,0,$0.00,0,0.00%,0,0,0,$0.00,$0.00,$0.00,$0.00,$0.00,$0.00,$0.00,$0.00,$0.00,$0.00,0.00%,0,0.00%,$0.00,0.00%,0,0.00%,$0.00,0.00%,0,0.00%,$0.00,0.00%,0,0.00%,$0.00,0.00%,$0.00,$0.20,$0.00,$0.00,$0.00,$0.00,0.00%,$0.00,0.00%,$0.00,0.00%,$0.20,0.00%,$-0.20,0.00%
"29 - N2_RM_29_PRIOR_SYN_UniquePlusLLC_7645_75K",1,"Sprint Ops Carbon Knife","DP1 V3",Visa,Friday,419032,1,1,100.00%,0,0.00%,1,1,100.00%,0,0.00%,1,0,$0.00,1,0.00%,0,0,$0.00,0,0.00%,0,0,0,$0.00,$0.00,$0.00,$0.00,$0.00,$0.00,$0.00,$0.00,$0.00,$0.00,0.00%,0,0.00%,$0.00,0.00%,0,0.00%,$0.00,0.00%,0,0.00%,$0.00,0.00%,0,0.00%,$0.00,0.00%,$0.00,$0.20,$0.00,$0.00,$0.00,$0.00,0.00%,$0.00,0.00%,$0.00,0.00%,$0.20,0.00%,$-0.20,0.00%
"3 - zCLOSED_RM_3_NET_ESQ_SpecifiConLLC_8884_65K",1,"Coors Light Tailgate Bundle","DP1 V3",Mastercard,Friday,518941,1,1,100.00%,0,0.00%,1,1,100.00%,0,0.00%,1,0,$0.00,1,0.00%,0,0,$0.00,0,0.00%,0,0,0,$0.00,$0.00,$0.00,$0.00,$0.00,$0.00,$0.00,$0.00,$0.00,$0.00,0.00%,0,0.00%,$0.00,0.00%,0,0.00%,$0.00,0.00%,0,0.00%,$0.00,0.00%,0,0.00%,$0.00,0.00%,$0.00,$0.20,$0.00,$0.00,$0.00,$0.00,0.00%,$0.00,0.00%,$0.00,0.00%,$0.20,0.00%,$-0.20,0.00%
"3 - zCLOSED_RM_3_NET_ESQ_SpecifiConLLC_8884_65K",1,"Coors Light Tailgate Bundle","DP1 V3",Visa,Friday,446542,1,1,100.00%,0,0.00%,1,1,100.00%,0,0.00%,1,0,$0.00,1,0.00%,0,0,$0.00,0,0.00%,0,0,0,$0.00,$0.00,$0.00,$0.00,$0.00,$0.00,$0.00,$0.00,$0.00,$0.00,0.00%,0,0.00%,$0.00,0.00%,0,0.00%,$0.00,0.00%,0,0.00%,$0.00,0.00%,0,0.00%,$0.00,0.00%,$0.00,$0.20,$0.00,$0.00,$0.00,$0.00,0.00%,$0.00,0.00%,$0.00,0.00%,$0.20,0.00%,$-0.20,0.00%
"3 - zCLOSED_RM_3_NET_ESQ_SpecifiConLLC_8884_65K",1,"Harley Davidson Evo Helmet","DP1 V3",Mastercard,Friday,549429,1,0,0.00%,1,100.00%,1,0,0.00%,1,100.00%,1,1,$12.89,0,100.00%,0,0,$0.00,0,0.00%,1,1,1,$12.89,$0.00,$0.00,$12.89,$0.00,$0.00,$12.89,$0.00,$12.89,$0.00,0.00%,0,0.00%,$0.00,0.00%,0,0.00%,$0.00,0.00%,0,0.00%,$0.00,0.00%,0,0.00%,$0.00,0.00%,$12.89,$0.84,$0.00,$0.00,$0.00,$0.00,0.00%,$0.00,0.00%,$0.00,0.00%,$0.84,6.52%,$12.05,93.48%
"3 - zCLOSED_RM_3_NET_ESQ_SpecifiConLLC_8884_65K",1,"La-Z-Boy - Motorized Rocking Recliner Chair","DP1 V3",Mastercard,Friday,511549,1,1,100.00%,0,0.00%,1,1,100.00%,0,0.00%,1,0,$0.00,1,0.00%,0,0,$0.00,0,0.00%,0,0,0,$0.00,$0.00,$0.00,$0.00,$0.00,$0.00,$0.00,$0.00,$0.00,$0.00,0.00%,0,0.00%,$0.00,0.00%,0,0.00%,$0.00,0.00%,0,0.00%,$0.00,0.00%,0,0.00%,$0.00,0.00%,$0.00,$0.20,$0.00,$0.00,$0.00,$0.00,0.00%,$0.00,0.00%,$0.00,0.00%,$0.20,0.00%,$-0.20,0.00%
"3 - zCLOSED_RM_3_NET_ESQ_SpecifiConLLC_8884_65K",1,"Miller Lite Tailgate Combo Pack","DP1 V3",Visa,Friday,414709,1,1,100.00%,0,0.00%,1,1,100.00%,0,0.00%,1,0,$0.00,1,0.00%,0,0,$0.00,0,0.00%,0,0,0,$0.00,$0.00,$0.00,$0.00,$0.00,$0.00,$0.00,$0.00,$0.00,$0.00,0.00%,0,0.00%,$0.00,0.00%,0,0.00%,$0.00,0.00%,0,0.00%,$0.00,0.00%,0,0.00%,$0.00,0.00%,$0.00,$0.20,$0.00,$0.00,$0.00,$0.00,0.00%,$0.00,0.00%,$0.00,0.00%,$0.20,0.00%,$-0.20,0.00%
"3 - zCLOSED_RM_3_NET_ESQ_SpecifiConLLC_8884_65K",1,"Sol De Janeiro skincare set","DP1 V3",Mastercard,Friday,542784,1,0,0.00%,1,100.00%,1,0,0.00%,1,100.00%,1,1,$12.89,0,100.00%,0,0,$0.00,0,0.00%,1,1,1,$12.89,$0.00,$0.00,$12.89,$0.00,$0.00,$12.89,$0.00,$12.89,$0.00,0.00%,0,0.00%,$0.00,0.00%,0,0.00%,$0.00,0.00%,0,0.00%,$0.00,0.00%,0,0.00%,$0.00,0.00%,$12.89,$0.84,$0.00,$0.00,$0.00,$0.00,0.00%,$0.00,0.00%,$0.00,0.00%,$0.84,6.52%,$12.05,93.48%
"3 - zCLOSED_RM_3_NET_ESQ_SpecifiConLLC_8884_65K",1,"TaylorMade SIM2 Max Driver","DP1 V3",Visa,Friday,435837,1,0,0.00%,1,100.00%,1,0,0.00%,1,100.00%,1,1,$12.89,0,100.00%,0,0,$0.00,0,0.00%,1,1,1,$12.89,$0.00,$0.00,$12.89,$0.00,$0.00,$12.89,$0.00,$12.89,$0.00,0.00%,0,0.00%,$0.00,0.00%,0,0.00%,$0.00,0.00%,0,0.00%,$0.00,0.00%,0,0.00%,$0.00,0.00%,$12.89,$0.84,$0.00,$0.00,$0.00,$0.00,0.00%,$0.00,0.00%,$0.00,0.00%,$0.84,6.52%,$12.05,93.48%
"3 - zCLOSED_RM_3_NET_ESQ_SpecifiConLLC_8884_65K",1,"TaylorMade SIM2 Max Driver","DP1 V3",Visa,Friday,476554,1,1,100.00%,0,0.00%,1,1,100.00%,0,0.00%,1,0,$0.00,1,0.00%,0,0,$0.00,0,0.00%,0,0,0,$0.00,$0.00,$0.00,$0.00,$0.00,$0.00,$0.00,$0.00,$0.00,$0.00,0.00%,0,0.00%,$0.00,0.00%,0,0.00%,$0.00,0.00%,0,0.00%,$0.00,0.00%,0,0.00%,$0.00,0.00%,$0.00,$0.20,$0.00,$0.00,$0.00,$0.00,0.00%,$0.00,0.00%,$0.00,0.00%,$0.20,0.00%,$-0.20,0.00%
"3 - zCLOSED_RM_3_NET_ESQ_SpecifiConLLC_8884_65K",1,"TaylorMade Spider ZT Golf Putter","DP1 V3",Mastercard,Friday,521333,1,1,100.00%,0,0.00%,1,1,100.00%,0,0.00%,1,0,$0.00,1,0.00%,0,0,$0.00,0,0.00%,0,0,0,$0.00,$0.00,$0.00,$0.00,$0.00,$0.00,$0.00,$0.00,$0.00,$0.00,0.00%,0,0.00%,$0.00,0.00%,0,0.00%,$0.00,0.00%,0,0.00%,$0.00,0.00%,0,0.00%,$0.00,0.00%,$0.00,$0.20,$0.00,$0.00,$0.00,$0.00,0.00%,$0.00,0.00%,$0.00,0.00%,$0.20,0.00%,$-0.20,0.00%
"3 - zCLOSED_RM_3_NET_ESQ_SpecifiConLLC_8884_65K",1,"TaylorMade Spider ZT Golf Putter","DP1 V3",Visa,Friday,414740,1,0,0.00%,1,100.00%,1,0,0.00%,1,100.00%,1,1,$12.89,0,100.00%,0,0,$0.00,0,0.00%,1,1,1,$12.89,$0.00,$0.00,$12.89,$0.00,$0.00,$12.89,$0.00,$12.89,$0.00,0.00%,0,0.00%,$0.00,0.00%,0,0.00%,$0.00,0.00%,0,0.00%,$0.00,0.00%,0,0.00%,$0.00,0.00%,$12.89,$0.84,$0.00,$0.00,$0.00,$0.00,0.00%,$0.00,0.00%,$0.00,0.00%,$0.84,6.52%,$12.05,93.48%
"30 - N2R2_RM_30_PRIOR_SYN_UniquePlusLLC_0277_75K",1,"Coors Light Tailgate Bundle","DP1 V3",Mastercard,Friday,546604,1,1,100.00%,0,0.00%,1,1,100.00%,0,0.00%,1,0,$0.00,1,0.00%,0,0,$0.00,0,0.00%,0,0,0,$0.00,$0.00,$0.00,$0.00,$0.00,$0.00,$0.00,$0.00,$0.00,$0.00,0.00%,0,0.00%,$0.00,0.00%,0,0.00%,$0.00,0.00%,0,0.00%,$0.00,0.00%,0,0.00%,$0.00,0.00%,$0.00,$0.20,$0.00,$0.00,$0.00,$0.00,0.00%,$0.00,0.00%,$0.00,0.00%,$0.20,0.00%,$-0.20,0.00%
"30 - N2R2_RM_30_PRIOR_SYN_UniquePlusLLC_0277_75K",1,"Coors Light Tailgate Bundle","DP1 V3",Mastercard,Friday,559591,1,1,100.00%,0,0.00%,1,1,100.00%,0,0.00%,1,0,$0.00,1,0.00%,0,0,$0.00,0,0.00%,0,0,0,$0.00,$0.00,$0.00,$0.00,$0.00,$0.00,$0.00,$0.00,$0.00,$0.00,0.00%,0,0.00%,$0.00,0.00%,0,0.00%,$0.00,0.00%,0,0.00%,$0.00,0.00%,0,0.00%,$0.00,0.00%,$0.00,$0.20,$0.00,$0.00,$0.00,$0.00,0.00%,$0.00,0.00%,$0.00,0.00%,$0.20,0.00%,$-0.20,0.00%
"30 - N2R2_RM_30_PRIOR_SYN_UniquePlusLLC_0277_75K",1,"Coors Light Tailgate Bundle","DP1 V3",Visa,Friday,412138,1,1,100.00%,0,0.00%,1,1,100.00%,0,0.00%,1,0,$0.00,1,0.00%,0,0,$0.00,0,0.00%,0,0,0,$0.00,$0.00,$0.00,$0.00,$0.00,$0.00,$0.00,$0.00,$0.00,$0.00,0.00%,0,0.00%,$0.00,0.00%,0,0.00%,$0.00,0.00%,0,0.00%,$0.00,0.00%,0,0.00%,$0.00,0.00%,$0.00,$0.20,$0.00,$0.00,$0.00,$0.00,0.00%,$0.00,0.00%,$0.00,0.00%,$0.20,0.00%,$-0.20,0.00%
"30 - N2R2_RM_30_PRIOR_SYN_UniquePlusLLC_0277_75K",1,"Coors Light Tailgate Bundle","DP1 V3",Visa,Friday,473703,1,1,100.00%,0,0.00%,1,1,100.00%,0,0.00%,1,0,$0.00,1,0.00%,0,0,$0.00,0,0.00%,0,0,0,$0.00,$0.00,$0.00,$0.00,$0.00,$0.00,$0.00,$0.00,$0.00,$0.00,0.00%,0,0.00%,$0.00,0.00%,0,0.00%,$0.00,0.00%,0,0.00%,$0.00,0.00%,0,0.00%,$0.00,0.00%,$0.00,$0.20,$0.00,$0.00,$0.00,$0.00,0.00%,$0.00,0.00%,$0.00,0.00%,$0.20,0.00%,$-0.20,0.00%
"30 - N2R2_RM_30_PRIOR_SYN_UniquePlusLLC_0277_75K",1,"Coors Light Tailgate Bundle","DP1 V3",Visa,Friday,482812,1,1,100.00%,0,0.00%,1,1,100.00%,0,0.00%,1,0,$0.00,1,0.00%,0,0,$0.00,0,0.00%,0,0,0,$0.00,$0.00,$0.00,$0.00,$0.00,$0.00,$0.00,$0.00,$0.00,$0.00,0.00%,0,0.00%,$0.00,0.00%,0,0.00%,$0.00,0.00%,0,0.00%,$0.00,0.00%,0,0.00%,$0.00,0.00%,$0.00,$0.20,$0.00,$0.00,$0.00,$0.00,0.00%,$0.00,0.00%,$0.00,0.00%,$0.20,0.00%,$-0.20,0.00%
"30 - N2R2_RM_30_PRIOR_SYN_UniquePlusLLC_0277_75K",1,"Harley Davidson Evo Helmet","DP1 V3",Mastercard,Friday,541413,1,1,100.00%,0,0.00%,1,1,100.00%,0,0.00%,1,0,$0.00,1,0.00%,0,0,$0.00,0,0.00%,0,0,0,$0.00,$0.00,$0.00,$0.00,$0.00,$0.00,$0.00,$0.00,$0.00,$0.00,0.00%,0,0.00%,$0.00,0.00%,0,0.00%,$0.00,0.00%,0,0.00%,$0.00,0.00%,0,0.00%,$0.00,0.00%,$0.00,$0.20,$0.00,$0.00,$0.00,$0.00,0.00%,$0.00,0.00%,$0.00,0.00%,$0.20,0.00%,$-0.20,0.00%
"30 - N2R2_RM_30_PRIOR_SYN_UniquePlusLLC_0277_75K",1,"Harley Davidson Evo Helmet","DP1 V3",Visa,Friday,438857,1,1,100.00%,0,0.00%,1,1,100.00%,0,0.00%,1,0,$0.00,1,0.00%,0,0,$0.00,0,0.00%,0,0,0,$0.00,$0.00,$0.00,$0.00,$0.00,$0.00,$0.00,$0.00,$0.00,$0.00,0.00%,0,0.00%,$0.00,0.00%,0,0.00%,$0.00,0.00%,0,0.00%,$0.00,0.00%,0,0.00%,$0.00,0.00%,$0.00,$0.20,$0.00,$0.00,$0.00,$0.00,0.00%,$0.00,0.00%,$0.00,0.00%,$0.20,0.00%,$-0.20,0.00%
"30 - N2R2_RM_30_PRIOR_SYN_UniquePlusLLC_0277_75K",1,"Harley Davidson Evo Helmet","DP1 V3",Visa,Friday,448915,1,1,100.00%,0,0.00%,1,1,100.00%,0,0.00%,1,0,$0.00,1,0.00%,0,0,$0.00,0,0.00%,0,0,0,$0.00,$0.00,$0.00,$0.00,$0.00,$0.00,$0.00,$0.00,$0.00,$0.00,0.00%,0,0.00%,$0.00,0.00%,0,0.00%,$0.00,0.00%,0,0.00%,$0.00,0.00%,0,0.00%,$0.00,0.00%,$0.00,$0.20,$0.00,$0.00,$0.00,$0.00,0.00%,$0.00,0.00%,$0.00,0.00%,$0.20,0.00%,$-0.20,0.00%
"30 - N2R2_RM_30_PRIOR_SYN_UniquePlusLLC_0277_75K",1,"Miller Lite Tailgate Combo Pack","DP1 V3",Mastercard,Friday,518941,1,0,0.00%,1,100.00%,1,0,0.00%,1,100.00%,1,1,$12.89,0,100.00%,0,0,$0.00,0,0.00%,1,1,1,$12.89,$0.00,$0.00,$12.89,$0.00,$0.00,$12.89,$0.00,$12.89,$12.89,100.00%,0,0.00%,$0.00,0.00%,0,0.00%,$0.00,0.00%,0,0.00%,$0.00,0.00%,1,100.00%,$12.89,100.00%,$0.00,$0.84,$0.00,$0.00,$0.00,$0.00,0.00%,$0.00,0.00%,$0.00,0.00%,$0.84,6.52%,$-0.84,-6.52%
"30 - N2R2_RM_30_PRIOR_SYN_UniquePlusLLC_0277_75K",1,"Miller Lite Tailgate Combo Pack","DP1 V3",Mastercard,Friday,526926,1,1,100.00%,0,0.00%,1,1,100.00%,0,0.00%,1,0,$0.00,1,0.00%,0,0,$0.00,0,0.00%,0,0,0,$0.00,$0.00,$0.00,$0.00,$0.00,$0.00,$0.00,$0.00,$0.00,$0.00,0.00%,0,0.00%,$0.00,0.00%,0,0.00%,$0.00,0.00%,0,0.00%,$0.00,0.00%,0,0.00%,$0.00,0.00%,$0.00,$0.20,$0.00,$0.00,$0.00,$0.00,0.00%,$0.00,0.00%,$0.00,0.00%,$0.20,0.00%,$-0.20,0.00%
"30 - N2R2_RM_30_PRIOR_SYN_UniquePlusLLC_0277_75K",1,"Miller Lite Tailgate Combo Pack","DP1 V3",Visa,Friday,434258,1,1,100.00%,0,0.00%,1,1,100.00%,0,0.00%,1,0,$0.00,1,0.00%,0,0,$0.00,0,0.00%,0,0,0,$0.00,$0.00,$0.00,$0.00,$0.00,$0.00,$0.00,$0.00,$0.00,$0.00,0.00%,0,0.00%,$0.00,0.00%,0,0.00%,$0.00,0.00%,0,0.00%,$0.00,0.00%,0,0.00%,$0.00,0.00%,$0.00,$0.20,$0.00,$0.00,$0.00,$0.00,0.00%,$0.00,0.00%,$0.00,0.00%,$0.20,0.00%,$-0.20,0.00%
"30 - N2R2_RM_30_PRIOR_SYN_UniquePlusLLC_0277_75K",1,"Sol De Janeiro skincare set","DP1 V3",Mastercard,Friday,515942,1,1,100.00%,0,0.00%,1,1,100.00%,0,0.00%,1,0,$0.00,1,0.00%,0,0,$0.00,0,0.00%,0,0,0,$0.00,$0.00,$0.00,$0.00,$0.00,$0.00,$0.00,$0.00,$0.00,$0.00,0.00%,0,0.00%,$0.00,0.00%,0,0.00%,$0.00,0.00%,0,0.00%,$0.00,0.00%,0,0.00%,$0.00,0.00%,$0.00,$0.20,$0.00,$0.00,$0.00,$0.00,0.00%,$0.00,0.00%,$0.00,0.00%,$0.20,0.00%,$-0.20,0.00%
"30 - N2R2_RM_30_PRIOR_SYN_UniquePlusLLC_0277_75K",1,"Sol De Janeiro skincare set","DP1 V3",Visa,Friday,414740,1,0,0.00%,1,100.00%,1,0,0.00%,1,100.00%,1,1,$12.89,0,100.00%,0,0,$0.00,0,0.00%,1,1,1,$12.89,$0.00,$0.00,$12.89,$0.00,$0.00,$12.89,$0.00,$12.89,$0.00,0.00%,0,0.00%,$0.00,0.00%,0,0.00%,$0.00,0.00%,0,0.00%,$0.00,0.00%,0,0.00%,$0.00,0.00%,$12.89,$0.84,$0.00,$0.00,$0.00,$0.00,0.00%,$0.00,0.00%,$0.00,0.00%,$0.84,6.52%,$12.05,93.48%
"30 - N2R2_RM_30_PRIOR_SYN_UniquePlusLLC_0277_75K",1,"Stetson Cowboy Hat (Black)","DP1 V3",Visa,Friday,478494,1,0,0.00%,1,100.00%,1,0,0.00%,1,100.00%,1,1,$12.89,0,100.00%,0,0,$0.00,0,0.00%,1,1,1,$12.89,$0.00,$0.00,$12.89,$0.00,$0.00,$12.89,$0.00,$12.89,$0.00,0.00%,0,0.00%,$0.00,0.00%,0,0.00%,$0.00,0.00%,0,0.00%,$0.00,0.00%,0,0.00%,$0.00,0.00%,$12.89,$0.84,$0.00,$0.00,$0.00,$0.00,0.00%,$0.00,0.00%,$0.00,0.00%,$0.84,6.52%,$12.05,93.48%
"30 - N2R2_RM_30_PRIOR_SYN_UniquePlusLLC_0277_75K",1,"Stetson Cowboy Hat (White)","DP1 V3",Visa,Friday,482812,1,1,100.00%,0,0.00%,1,1,100.00%,0,0.00%,1,0,$0.00,1,0.00%,0,0,$0.00,0,0.00%,0,0,0,$0.00,$0.00,$0.00,$0.00,$0.00,$0.00,$0.00,$0.00,$0.00,$0.00,0.00%,0,0.00%,$0.00,0.00%,0,0.00%,$0.00,0.00%,0,0.00%,$0.00,0.00%,0,0.00%,$0.00,0.00%,$0.00,$0.20,$0.00,$0.00,$0.00,$0.00,0.00%,$0.00,0.00%,$0.00,0.00%,$0.20,0.00%,$-0.20,0.00%
"30 - N2R2_RM_30_PRIOR_SYN_UniquePlusLLC_0277_75K",1,"Stihl ZeroTurn Lawn Mower","DP1 V3",Mastercard,Friday,511963,1,1,100.00%,0,0.00%,1,1,100.00%,0,0.00%,1,0,$0.00,1,0.00%,0,0,$0.00,0,0.00%,0,0,0,$0.00,$0.00,$0.00,$0.00,$0.00,$0.00,$0.00,$0.00,$0.00,$0.00,0.00%,0,0.00%,$0.00,0.00%,0,0.00%,$0.00,0.00%,0,0.00%,$0.00,0.00%,0,0.00%,$0.00,0.00%,$0.00,$0.20,$0.00,$0.00,$0.00,$0.00,0.00%,$0.00,0.00%,$0.00,0.00%,$0.20,0.00%,$-0.20,0.00%
"30 - N2R2_RM_30_PRIOR_SYN_UniquePlusLLC_0277_75K",1,"Stihl ZeroTurn Lawn Mower","DP1 V3",Mastercard,Friday,514377,1,1,100.00%,0,0.00%,1,1,100.00%,0,0.00%,1,0,$0.00,1,0.00%,0,0,$0.00,0,0.00%,0,0,0,$0.00,$0.00,$0.00,$0.00,$0.00,$0.00,$0.00,$0.00,$0.00,$0.00,0.00%,0,0.00%,$0.00,0.00%,0,0.00%,$0.00,0.00%,0,0.00%,$0.00,0.00%,0,0.00%,$0.00,0.00%,$0.00,$0.20,$0.00,$0.00,$0.00,$0.00,0.00%,$0.00,0.00%,$0.00,0.00%,$0.20,0.00%,$-0.20,0.00%
"30 - N2R2_RM_30_PRIOR_SYN_UniquePlusLLC_0277_75K",1,"Stihl ZeroTurn Lawn Mower","DP1 V3",Visa,Friday,403766,1,1,100.00%,0,0.00%,1,1,100.00%,0,0.00%,1,0,$0.00,1,0.00%,0,0,$0.00,0,0.00%,0,0,0,$0.00,$0.00,$0.00,$0.00,$0.00,$0.00,$0.00,$0.00,$0.00,$0.00,0.00%,0,0.00%,$0.00,0.00%,0,0.00%,$0.00,0.00%,0,0.00%,$0.00,0.00%,0,0.00%,$0.00,0.00%,$0.00,$0.20,$0.00,$0.00,$0.00,$0.00,0.00%,$0.00,0.00%,$0.00,0.00%,$0.20,0.00%,$-0.20,0.00%
"30 - N2R2_RM_30_PRIOR_SYN_UniquePlusLLC_0277_75K",1,"Stihl ZeroTurn Lawn Mower","DP1 V3",Visa,Friday,448261,1,1,100.00%,0,0.00%,1,1,100.00%,0,0.00%,1,0,$0.00,1,0.00%,0,0,$0.00,0,0.00%,0,0,0,$0.00,$0.00,$0.00,$0.00,$0.00,$0.00,$0.00,$0.00,$0.00,$0.00,0.00%,0,0.00%,$0.00,0.00%,0,0.00%,$0.00,0.00%,0,0.00%,$0.00,0.00%,0,0.00%,$0.00,0.00%,$0.00,$0.20,$0.00,$0.00,$0.00,$0.00,0.00%,$0.00,0.00%,$0.00,0.00%,$0.20,0.00%,$-0.20,0.00%
"30 - N2R2_RM_30_PRIOR_SYN_UniquePlusLLC_0277_75K",1,"Stihl ZeroTurn Lawn Mower","DP1 V3",Visa,Friday,451336,1,1,100.00%,0,0.00%,1,1,100.00%,0,0.00%,1,0,$0.00,1,0.00%,0,0,$0.00,0,0.00%,0,0,0,$0.00,$0.00,$0.00,$0.00,$0.00,$0.00,$0.00,$0.00,$0.00,$0.00,0.00%,0,0.00%,$0.00,0.00%,0,0.00%,$0.00,0.00%,0,0.00%,$0.00,0.00%,0,0.00%,$0.00,0.00%,$0.00,$0.20,$0.00,$0.00,$0.00,$0.00,0.00%,$0.00,0.00%,$0.00,0.00%,$0.20,0.00%,$-0.20,0.00%
"30 - N2R2_RM_30_PRIOR_SYN_UniquePlusLLC_0277_75K",1,"TaylorMade SIM2 Max Driver","DP1 V3",Mastercard,Friday,531475,1,0,0.00%,1,100.00%,1,0,0.00%,1,100.00%,1,1,$12.89,0,100.00%,0,0,$0.00,0,0.00%,1,1,1,$12.89,$0.00,$0.00,$12.89,$0.00,$0.00,$12.89,$0.00,$12.89,$12.89,100.00%,0,0.00%,$0.00,0.00%,0,0.00%,$0.00,0.00%,0,0.00%,$0.00,0.00%,1,100.00%,$12.89,100.00%,$0.00,$0.84,$0.00,$0.00,$0.00,$0.00,0.00%,$0.00,0.00%,$0.00,0.00%,$0.84,6.52%,$-0.84,-6.52%
"30 - N2R2_RM_30_PRIOR_SYN_UniquePlusLLC_0277_75K",1,"TaylorMade SIM2 Max Driver","DP1 V3",Mastercard,Friday,546325,1,1,100.00%,0,0.00%,1,1,100.00%,0,0.00%,1,0,$0.00,1,0.00%,0,0,$0.00,0,0.00%,0,0,0,$0.00,$0.00,$0.00,$0.00,$0.00,$0.00,$0.00,$0.00,$0.00,$0.00,0.00%,0,0.00%,$0.00,0.00%,0,0.00%,$0.00,0.00%,0,0.00%,$0.00,0.00%,0,0.00%,$0.00,0.00%,$0.00,$0.20,$0.00,$0.00,$0.00,$0.00,0.00%,$0.00,0.00%,$0.00,0.00%,$0.20,0.00%,$-0.20,0.00%
"30 - N2R2_RM_30_PRIOR_SYN_UniquePlusLLC_0277_75K",1,"TaylorMade SIM2 Max Driver","DP1 V3",Visa,Friday,469451,1,1,100.00%,0,0.00%,1,1,100.00%,0,0.00%,1,0,$0.00,1,0.00%,0,0,$0.00,0,0.00%,0,0,0,$0.00,$0.00,$0.00,$0.00,$0.00,$0.00,$0.00,$0.00,$0.00,$0.00,0.00%,0,0.00%,$0.00,0.00%,0,0.00%,$0.00,0.00%,0,0.00%,$0.00,0.00%,0,0.00%,$0.00,0.00%,$0.00,$0.20,$0.00,$0.00,$0.00,$0.00,0.00%,$0.00,0.00%,$0.00,0.00%,$0.20,0.00%,$-0.20,0.00%
"31 - zCLOSED_N2_RM_31_APPS_SYN_SpecifiConLLC_0807_50K",1,"Coors Light Tailgate Bundle","DP1 V3",Mastercard,Friday,515676,1,1,100.00%,0,0.00%,1,1,100.00%,0,0.00%,1,0,$0.00,1,0.00%,0,0,$0.00,0,0.00%,0,0,0,$0.00,$0.00,$0.00,$0.00,$0.00,$0.00,$0.00,$0.00,$0.00,$0.00,0.00%,0,0.00%,$0.00,0.00%,0,0.00%,$0.00,0.00%,0,0.00%,$0.00,0.00%,0,0.00%,$0.00,0.00%,$0.00,$0.20,$0.00,$0.00,$0.00,$0.00,0.00%,$0.00,0.00%,$0.00,0.00%,$0.20,0.00%,$-0.20,0.00%
"31 - zCLOSED_N2_RM_31_APPS_SYN_SpecifiConLLC_0807_50K",1,"Coors Light Tailgate Bundle","DP1 V3",Visa,Friday,434769,1,1,100.00%,0,0.00%,1,1,100.00%,0,0.00%,1,0,$0.00,1,0.00%,0,0,$0.00,0,0.00%,0,0,0,$0.00,$0.00,$0.00,$0.00,$0.00,$0.00,$0.00,$0.00,$0.00,$0.00,0.00%,0,0.00%,$0.00,0.00%,0,0.00%,$0.00,0.00%,0,0.00%,$0.00,0.00%,0,0.00%,$0.00,0.00%,$0.00,$0.20,$0.00,$0.00,$0.00,$0.00,0.00%,$0.00,0.00%,$0.00,0.00%,$0.20,0.00%,$-0.20,0.00%
"31 - zCLOSED_N2_RM_31_APPS_SYN_SpecifiConLLC_0807_50K",1,"Coors Light Tailgate Bundle","DP1 V3",Visa,Friday,444796,1,1,100.00%,0,0.00%,1,1,100.00%,0,0.00%,1,0,$0.00,1,0.00%,0,0,$0.00,0,0.00%,0,0,0,$0.00,$0.00,$0.00,$0.00,$0.00,$0.00,$0.00,$0.00,$0.00,$0.00,0.00%,0,0.00%,$0.00,0.00%,0,0.00%,$0.00,0.00%,0,0.00%,$0.00,0.00%,0,0.00%,$0.00,0.00%,$0.00,$0.20,$0.00,$0.00,$0.00,$0.00,0.00%,$0.00,0.00%,$0.00,0.00%,$0.20,0.00%,$-0.20,0.00%
"31 - zCLOSED_N2_RM_31_APPS_SYN_SpecifiConLLC_0807_50K",1,"Coors Light Tailgate Bundle","DP1 V3",Visa,Friday,475055,1,1,100.00%,0,0.00%,1,1,100.00%,0,0.00%,1,0,$0.00,1,0.00%,0,0,$0.00,0,0.00%,0,0,0,$0.00,$0.00,$0.00,$0.00,$0.00,$0.00,$0.00,$0.00,$0.00,$0.00,0.00%,0,0.00%,$0.00,0.00%,0,0.00%,$0.00,0.00%,0,0.00%,$0.00,0.00%,0,0.00%,$0.00,0.00%,$0.00,$0.20,$0.00,$0.00,$0.00,$0.00,0.00%,$0.00,0.00%,$0.00,0.00%,$0.20,0.00%,$-0.20,0.00%
"31 - zCLOSED_N2_RM_31_APPS_SYN_SpecifiConLLC_0807_50K",1,"Coors Light Tailgate Bundle","DP1 V3",Visa,Friday,479124,1,0,0.00%,1,100.00%,1,0,0.00%,1,100.00%,1,1,$12.89,0,100.00%,0,0,$0.00,0,0.00%,1,1,1,$12.89,$0.00,$0.00,$12.89,$0.00,$0.00,$12.89,$0.00,$12.89,$0.00,0.00%,0,0.00%,$0.00,0.00%,0,0.00%,$0.00,0.00%,0,0.00%,$0.00,0.00%,0,0.00%,$0.00,0.00%,$12.89,$0.84,$0.00,$0.00,$0.00,$0.00,0.00%,$0.00,0.00%,$0.00,0.00%,$0.84,6.52%,$12.05,93.48%
"31 - zCLOSED_N2_RM_31_APPS_SYN_SpecifiConLLC_0807_50K",1,"Harley Davidson Evo Helmet","DP1 V3",Mastercard,Friday,546060,1,0,0.00%,1,100.00%,1,0,0.00%,1,100.00%,1,1,$12.89,0,100.00%,0,0,$0.00,0,0.00%,1,1,1,$12.89,$0.00,$0.00,$12.89,$0.00,$0.00,$12.89,$0.00,$12.89,$0.00,0.00%,0,0.00%,$0.00,0.00%,0,0.00%,$0.00,0.00%,0,0.00%,$0.00,0.00%,0,0.00%,$0.00,0.00%,$12.89,$0.84,$0.00,$0.00,$0.00,$0.00,0.00%,$0.00,0.00%,$0.00,0.00%,$0.84,6.52%,$12.05,93.48%
"31 - zCLOSED_N2_RM_31_APPS_SYN_SpecifiConLLC_0807_50K",1,"Harley Davidson Evo Helmet","DP1 V3",Visa,Friday,475055,1,0,0.00%,1,100.00%,1,0,0.00%,1,100.00%,1,1,$12.89,0,100.00%,0,0,$0.00,0,0.00%,1,1,1,$12.89,$0.00,$0.00,$12.89,$0.00,$0.00,$12.89,$0.00,$12.89,$12.89,100.00%,0,0.00%,$0.00,0.00%,1,100.00%,$12.89,100.00%,0,0.00%,$0.00,0.00%,0,0.00%,$0.00,0.00%,$0.00,$0.84,$0.00,$0.00,$0.00,$0.00,0.00%,$0.00,0.00%,$0.00,0.00%,$0.84,6.52%,$-0.84,-6.52%
"31 - zCLOSED_N2_RM_31_APPS_SYN_SpecifiConLLC_0807_50K",1,"Miller Lite Tailgate Combo Pack","DP1 V3",Mastercard,Friday,546325,1,1,100.00%,0,0.00%,1,1,100.00%,0,0.00%,1,0,$0.00,1,0.00%,0,0,$0.00,0,0.00%,0,0,0,$0.00,$0.00,$0.00,$0.00,$0.00,$0.00,$0.00,$0.00,$0.00,$0.00,0.00%,0,0.00%,$0.00,0.00%,0,0.00%,$0.00,0.00%,0,0.00%,$0.00,0.00%,0,0.00%,$0.00,0.00%,$0.00,$0.20,$0.00,$0.00,$0.00,$0.00,0.00%,$0.00,0.00%,$0.00,0.00%,$0.20,0.00%,$-0.20,0.00%
"31 - zCLOSED_N2_RM_31_APPS_SYN_SpecifiConLLC_0807_50K",1,"Miller Lite Tailgate Combo Pack","DP1 V3",Mastercard,Friday,552342,1,1,100.00%,0,0.00%,1,1,100.00%,0,0.00%,1,0,$0.00,1,0.00%,0,0,$0.00,0,0.00%,0,0,0,$0.00,$0.00,$0.00,$0.00,$0.00,$0.00,$0.00,$0.00,$0.00,$0.00,0.00%,0,0.00%,$0.00,0.00%,0,0.00%,$0.00,0.00%,0,0.00%,$0.00,0.00%,0,0.00%,$0.00,0.00%,$0.00,$0.20,$0.00,$0.00,$0.00,$0.00,0.00%,$0.00,0.00%,$0.00,0.00%,$0.20,0.00%,$-0.20,0.00%
"31 - zCLOSED_N2_RM_31_APPS_SYN_SpecifiConLLC_0807_50K",1,"Sol De Janeiro skincare set","DP1 V3",Mastercard,Friday,514377,1,0,0.00%,1,100.00%,1,0,0.00%,1,100.00%,1,1,$12.89,0,100.00%,0,0,$0.00,0,0.00%,1,1,1,$12.89,$0.00,$0.00,$12.89,$0.00,$0.00,$12.89,$0.00,$12.89,$0.00,0.00%,0,0.00%,$0.00,0.00%,0,0.00%,$0.00,0.00%,0,0.00%,$0.00,0.00%,0,0.00%,$0.00,0.00%,$12.89,$0.84,$0.00,$0.00,$0.00,$0.00,0.00%,$0.00,0.00%,$0.00,0.00%,$0.84,6.52%,$12.05,93.48%
"31 - zCLOSED_N2_RM_31_APPS_SYN_SpecifiConLLC_0807_50K",1,"Sol De Janeiro skincare set","DP1 V3",Mastercard,Friday,542418,1,0,0.00%,1,100.00%,1,0,0.00%,1,100.00%,1,1,$12.89,0,100.00%,0,0,$0.00,0,0.00%,1,1,1,$12.89,$0.00,$0.00,$12.89,$0.00,$0.00,$12.89,$0.00,$12.89,$25.78,200.00%,0,0.00%,$0.00,0.00%,0,0.00%,$0.00,0.00%,1,100.00%,$12.89,100.00%,1,100.00%,$12.89,100.00%,$-12.89,$35.84,$0.00,$0.00,$0.00,$0.00,0.00%,$35.00,271.53%,$0.00,0.00%,$0.84,6.52%,$-48.73,-378.04%
"31 - zCLOSED_N2_RM_31_APPS_SYN_SpecifiConLLC_0807_50K",1,"Sol De Janeiro skincare set","DP1 V3",Visa,Friday,423223,1,1,100.00%,0,0.00%,1,1,100.00%,0,0.00%,1,0,$0.00,1,0.00%,0,0,$0.00,0,0.00%,0,0,0,$0.00,$0.00,$0.00,$0.00,$0.00,$0.00,$0.00,$0.00,$0.00,$0.00,0.00%,0,0.00%,$0.00,0.00%,0,0.00%,$0.00,0.00%,0,0.00%,$0.00,0.00%,0,0.00%,$0.00,0.00%,$0.00,$0.20,$0.00,$0.00,$0.00,$0.00,0.00%,$0.00,0.00%,$0.00,0.00%,$0.20,0.00%,$-0.20,0.00%
"32 - zCLOSED_N2R2_RM_32_APPS_SYN_SpecifiConLLC_4247_50K",1,"Coors Light Tailgate Bundle","DP1 V3",Mastercard,Friday,546533,1,1,100.00%,0,0.00%,1,1,100.00%,0,0.00%,1,0,$0.00,1,0.00%,0,0,$0.00,0,0.00%,0,0,0,$0.00,$0.00,$0.00,$0.00,$0.00,$0.00,$0.00,$0.00,$0.00,$0.00,0.00%,0,0.00%,$0.00,0.00%,0,0.00%,$0.00,0.00%,0,0.00%,$0.00,0.00%,0,0.00%,$0.00,0.00%,$0.00,$0.20,$0.00,$0.00,$0.00,$0.00,0.00%,$0.00,0.00%,$0.00,0.00%,$0.20,0.00%,$-0.20,0.00%
"32 - zCLOSED_N2R2_RM_32_APPS_SYN_SpecifiConLLC_4247_50K",1,"Coors Light Tailgate Bundle","DP1 V3",Mastercard,Friday,559767,1,0,0.00%,1,100.00%,1,0,0.00%,1,100.00%,1,1,$12.89,0,100.00%,0,0,$0.00,0,0.00%,1,1,1,$12.89,$0.00,$0.00,$12.89,$0.00,$0.00,$12.89,$0.00,$12.89,$0.00,0.00%,0,0.00%,$0.00,0.00%,0,0.00%,$0.00,0.00%,0,0.00%,$0.00,0.00%,0,0.00%,$0.00,0.00%,$12.89,$0.84,$0.00,$0.00,$0.00,$0.00,0.00%,$0.00,0.00%,$0.00,0.00%,$0.84,6.52%,$12.05,93.48%
"32 - zCLOSED_N2R2_RM_32_APPS_SYN_SpecifiConLLC_4247_50K",1,"Coors Light Tailgate Bundle","DP1 V3",Visa,Friday,436618,1,0,0.00%,1,100.00%,1,0,0.00%,1,100.00%,1,1,$12.89,0,100.00%,0,0,$0.00,0,0.00%,1,1,1,$12.89,$0.00,$0.00,$12.89,$0.00,$0.00,$12.89,$0.00,$12.89,$12.89,100.00%,0,0.00%,$0.00,0.00%,0,0.00%,$0.00,0.00%,1,100.00%,$12.89,100.00%,0,0.00%,$0.00,0.00%,$0.00,$35.84,$0.00,$0.00,$0.00,$0.00,0.00%,$35.00,271.53%,$0.00,0.00%,$0.84,6.52%,$-35.84,-278.04%
"32 - zCLOSED_N2R2_RM_32_APPS_SYN_SpecifiConLLC_4247_50K",1,"Coors Light Tailgate Bundle","DP1 V3",Visa,Friday,463829,1,1,100.00%,0,0.00%,1,1,100.00%,0,0.00%,1,0,$0.00,1,0.00%,0,0,$0.00,0,0.00%,0,0,0,$0.00,$0.00,$0.00,$0.00,$0.00,$0.00,$0.00,$0.00,$0.00,$0.00,0.00%,0,0.00%,$0.00,0.00%,0,0.00%,$0.00,0.00%,0,0.00%,$0.00,0.00%,0,0.00%,$0.00,0.00%,$0.00,$0.20,$0.00,$0.00,$0.00,$0.00,0.00%,$0.00,0.00%,$0.00,0.00%,$0.20,0.00%,$-0.20,0.00%
"32 - zCLOSED_N2R2_RM_32_APPS_SYN_SpecifiConLLC_4247_50K",1,"Miller Lite Tailgate Combo Pack","DP1 V3",Mastercard,Friday,514753,1,1,100.00%,0,0.00%,1,1,100.00%,0,0.00%,1,0,$0.00,1,0.00%,0,0,$0.00,0,0.00%,0,0,0,$0.00,$0.00,$0.00,$0.00,$0.00,$0.00,$0.00,$0.00,$0.00,$0.00,0.00%,0,0.00%,$0.00,0.00%,0,0.00%,$0.00,0.00%,0,0.00%,$0.00,0.00%,0,0.00%,$0.00,0.00%,$0.00,$0.20,$0.00,$0.00,$0.00,$0.00,0.00%,$0.00,0.00%,$0.00,0.00%,$0.20,0.00%,$-0.20,0.00%
"32 - zCLOSED_N2R2_RM_32_APPS_SYN_SpecifiConLLC_4247_50K",1,"Miller Lite Tailgate Combo Pack","DP1 V3",Visa,Friday,414720,1,1,100.00%,0,0.00%,1,1,100.00%,0,0.00%,1,0,$0.00,1,0.00%,0,0,$0.00,0,0.00%,0,0,0,$0.00,$0.00,$0.00,$0.00,$0.00,$0.00,$0.00,$0.00,$0.00,$0.00,0.00%,0,0.00%,$0.00,0.00%,0,0.00%,$0.00,0.00%,0,0.00%,$0.00,0.00%,0,0.00%,$0.00,0.00%,$0.00,$0.20,$0.00,$0.00,$0.00,$0.00,0.00%,$0.00,0.00%,$0.00,0.00%,$0.20,0.00%,$-0.20,0.00%
"32 - zCLOSED_N2R2_RM_32_APPS_SYN_SpecifiConLLC_4247_50K",1,"Sol De Janeiro skincare set","DP1 V3",Visa,Friday,414398,1,0,0.00%,1,100.00%,1,0,0.00%,1,100.00%,1,1,$12.89,0,100.00%,0,0,$0.00,0,0.00%,1,1,1,$12.89,$0.00,$0.00,$12.89,$0.00,$0.00,$12.89,$0.00,$12.89,$0.00,0.00%,0,0.00%,$0.00,0.00%,0,0.00%,$0.00,0.00%,0,0.00%,$0.00,0.00%,0,0.00%,$0.00,0.00%,$12.89,$0.84,$0.00,$0.00,$0.00,$0.00,0.00%,$0.00,0.00%,$0.00,0.00%,$0.84,6.52%,$12.05,93.48%
"32 - zCLOSED_N2R2_RM_32_APPS_SYN_SpecifiConLLC_4247_50K",1,"Sol De Janeiro skincare set","DP1 V3",Visa,Friday,466189,1,0,0.00%,1,100.00%,1,0,0.00%,1,100.00%,1,1,$12.89,0,100.00%,0,0,$0.00,0,0.00%,1,1,1,$12.89,$0.00,$0.00,$12.89,$0.00,$0.00,$12.89,$0.00,$12.89,$0.00,0.00%,0,0.00%,$0.00,0.00%,0,0.00%,$0.00,0.00%,0,0.00%,$0.00,0.00%,0,0.00%,$0.00,0.00%,$12.89,$0.84,$0.00,$0.00,$0.00,$0.00,0.00%,$0.00,0.00%,$0.00,0.00%,$0.84,6.52%,$12.05,93.48%
"32 - zCLOSED_N2R2_RM_32_APPS_SYN_SpecifiConLLC_4247_50K",1,"Sprint Ops Carbon Knife","DP1 V3",Visa,Friday,476600,1,0,0.00%,1,100.00%,1,0,0.00%,1,100.00%,1,1,$12.89,0,100.00%,0,0,$0.00,0,0.00%,1,1,1,$12.89,$0.00,$0.00,$12.89,$0.00,$0.00,$12.89,$0.00,$12.89,$0.00,0.00%,0,0.00%,$0.00,0.00%,0,0.00%,$0.00,0.00%,0,0.00%,$0.00,0.00%,0,0.00%,$0.00,0.00%,$12.89,$0.84,$0.00,$0.00,$0.00,$0.00,0.00%,$0.00,0.00%,$0.00,0.00%,$0.84,6.52%,$12.05,93.48%
"32 - zCLOSED_N2R2_RM_32_APPS_SYN_SpecifiConLLC_4247_50K",1,"Stetson Cowboy Hat (Black)","DP1 V3",Visa,Friday,474488,1,1,100.00%,0,0.00%,1,1,100.00%,0,0.00%,1,0,$0.00,1,0.00%,0,0,$0.00,0,0.00%,0,0,0,$0.00,$0.00,$0.00,$0.00,$0.00,$0.00,$0.00,$0.00,$0.00,$0.00,0.00%,0,0.00%,$0.00,0.00%,0,0.00%,$0.00,0.00%,0,0.00%,$0.00,0.00%,0,0.00%,$0.00,0.00%,$0.00,$0.20,$0.00,$0.00,$0.00,$0.00,0.00%,$0.00,0.00%,$0.00,0.00%,$0.20,0.00%,$-0.20,0.00%
"32 - zCLOSED_N2R2_RM_32_APPS_SYN_SpecifiConLLC_4247_50K",1,"TaylorMade SIM2 Max Driver","DP1 V3",Visa,Friday,435546,1,0,0.00%,1,100.00%,1,0,0.00%,1,100.00%,1,1,$12.89,0,100.00%,0,0,$0.00,0,0.00%,1,1,1,$12.89,$0.00,$0.00,$12.89,$0.00,$0.00,$12.89,$0.00,$12.89,$0.00,0.00%,0,0.00%,$0.00,0.00%,0,0.00%,$0.00,0.00%,0,0.00%,$0.00,0.00%,0,0.00%,$0.00,0.00%,$12.89,$0.84,$0.00,$0.00,$0.00,$0.00,0.00%,$0.00,0.00%,$0.00,0.00%,$0.84,6.52%,$12.05,93.48%
"32 - zCLOSED_N2R2_RM_32_APPS_SYN_SpecifiConLLC_4247_50K",1,"TaylorMade SIM2 Max Driver","DP1 V3",Visa,Friday,475055,1,0,0.00%,1,100.00%,1,0,0.00%,1,100.00%,1,1,$12.89,0,100.00%,0,0,$0.00,0,0.00%,1,1,1,$12.89,$0.00,$0.00,$12.89,$0.00,$0.00,$12.89,$0.00,$12.89,$0.00,0.00%,0,0.00%,$0.00,0.00%,0,0.00%,$0.00,0.00%,0,0.00%,$0.00,0.00%,0,0.00%,$0.00,0.00%,$12.89,$0.84,$0.00,$0.00,$0.00,$0.00,0.00%,$0.00,0.00%,$0.00,0.00%,$0.84,6.52%,$12.05,93.48%
"33 - zCLOSED_N2_RM_33_APPS_SYN_SpecifiConLLC_6139_50K",1,"BUBBA Cordless Electric Fillet Knife","DP1 V3",Mastercard,Friday,536716,1,0,0.00%,1,100.00%,1,0,0.00%,1,100.00%,1,1,$12.89,0,100.00%,0,0,$0.00,0,0.00%,1,1,1,$12.89,$0.00,$0.00,$12.89,$0.00,$0.00,$12.89,$0.00,$12.89,$0.00,0.00%,0,0.00%,$0.00,0.00%,0,0.00%,$0.00,0.00%,0,0.00%,$0.00,0.00%,0,0.00%,$0.00,0.00%,$12.89,$0.84,$0.00,$0.00,$0.00,$0.00,0.00%,$0.00,0.00%,$0.00,0.00%,$0.84,6.52%,$12.05,93.48%
"33 - zCLOSED_N2_RM_33_APPS_SYN_SpecifiConLLC_6139_50K",1,"Coors Light Tailgate Bundle","DP1 V3",Visa,Friday,411770,1,1,100.00%,0,0.00%,1,1,100.00%,0,0.00%,1,0,$0.00,1,0.00%,0,0,$0.00,0,0.00%,0,0,0,$0.00,$0.00,$0.00,$0.00,$0.00,$0.00,$0.00,$0.00,$0.00,$0.00,0.00%,0,0.00%,$0.00,0.00%,0,0.00%,$0.00,0.00%,0,0.00%,$0.00,0.00%,0,0.00%,$0.00,0.00%,$0.00,$0.20,$0.00,$0.00,$0.00,$0.00,0.00%,$0.00,0.00%,$0.00,0.00%,$0.20,0.00%,$-0.20,0.00%
"33 - zCLOSED_N2_RM_33_APPS_SYN_SpecifiConLLC_6139_50K",1,"Coors Light Tailgate Bundle","DP1 V3",Visa,Friday,417903,1,1,100.00%,0,0.00%,1,1,100.00%,0,0.00%,1,0,$0.00,1,0.00%,0,0,$0.00,0,0.00%,0,0,0,$0.00,$0.00,$0.00,$0.00,$0.00,$0.00,$0.00,$0.00,$0.00,$0.00,0.00%,0,0.00%,$0.00,0.00%,0,0.00%,$0.00,0.00%,0,0.00%,$0.00,0.00%,0,0.00%,$0.00,0.00%,$0.00,$0.20,$0.00,$0.00,$0.00,$0.00,0.00%,$0.00,0.00%,$0.00,0.00%,$0.20,0.00%,$-0.20,0.00%
"33 - zCLOSED_N2_RM_33_APPS_SYN_SpecifiConLLC_6139_50K",1,"Harley Davidson Evo Helmet","DP1 V3",Visa,Friday,433477,1,0,0.00%,1,100.00%,1,0,0.00%,1,100.00%,1,1,$12.89,0,100.00%,0,0,$0.00,0,0.00%,1,1,1,$12.89,$0.00,$0.00,$12.89,$0.00,$0.00,$12.89,$0.00,$12.89,$0.00,0.00%,0,0.00%,$0.00,0.00%,0,0.00%,$0.00,0.00%,0,0.00%,$0.00,0.00%,0,0.00%,$0.00,0.00%,$12.89,$0.84,$0.00,$0.00,$0.00,$0.00,0.00%,$0.00,0.00%,$0.00,0.00%,$0.84,6.52%,$12.05,93.48%
"33 - zCLOSED_N2_RM_33_APPS_SYN_SpecifiConLLC_6139_50K",1,"Miller Lite Tailgate Combo Pack","DP1 V3",Visa,Friday,426684,1,1,100.00%,0,0.00%,1,1,100.00%,0,0.00%,1,0,$0.00,1,0.00%,0,0,$0.00,0,0.00%,0,0,0,$0.00,$0.00,$0.00,$0.00,$0.00,$0.00,$0.00,$0.00,$0.00,$0.00,0.00%,0,0.00%,$0.00,0.00%,0,0.00%,$0.00,0.00%,0,0.00%,$0.00,0.00%,0,0.00%,$0.00,0.00%,$0.00,$0.20,$0.00,$0.00,$0.00,$0.00,0.00%,$0.00,0.00%,$0.00,0.00%,$0.20,0.00%,$-0.20,0.00%
"33 - zCLOSED_N2_RM_33_APPS_SYN_SpecifiConLLC_6139_50K",1,"North Face Hedgehog 06 RVST Shoes","DP1 V3",Visa,Friday,427178,1,1,100.00%,0,0.00%,1,1,100.00%,0,0.00%,1,0,$0.00,1,0.00%,0,0,$0.00,0,0.00%,0,0,0,$0.00,$0.00,$0.00,$0.00,$0.00,$0.00,$0.00,$0.00,$0.00,$0.00,0.00%,0,0.00%,$0.00,0.00%,0,0.00%,$0.00,0.00%,0,0.00%,$0.00,0.00%,0,0.00%,$0.00,0.00%,$0.00,$0.20,$0.00,$0.00,$0.00,$0.00,0.00%,$0.00,0.00%,$0.00,0.00%,$0.20,0.00%,$-0.20,0.00%
"33 - zCLOSED_N2_RM_33_APPS_SYN_SpecifiConLLC_6139_50K",1,"Sol De Janeiro skincare set","DP1 V3",Mastercard,Friday,534348,1,0,0.00%,1,100.00%,1,0,0.00%,1,100.00%,1,1,$12.89,0,100.00%,0,0,$0.00,0,0.00%,1,1,1,$12.89,$0.00,$0.00,$12.89,$0.00,$0.00,$12.89,$0.00,$12.89,$12.89,100.00%,0,0.00%,$0.00,0.00%,1,100.00%,$12.89,100.00%,0,0.00%,$0.00,0.00%,0,0.00%,$0.00,0.00%,$0.00,$0.84,$0.00,$0.00,$0.00,$0.00,0.00%,$0.00,0.00%,$0.00,0.00%,$0.84,6.52%,$-0.84,-6.52%
"33 - zCLOSED_N2_RM_33_APPS_SYN_SpecifiConLLC_6139_50K",1,"Sol De Janeiro skincare set","DP1 V3",Visa,Friday,407166,1,1,100.00%,0,0.00%,1,1,100.00%,0,0.00%,1,0,$0.00,1,0.00%,0,0,$0.00,0,0.00%,0,0,0,$0.00,$0.00,$0.00,$0.00,$0.00,$0.00,$0.00,$0.00,$0.00,$0.00,0.00%,0,0.00%,$0.00,0.00%,0,0.00%,$0.00,0.00%,0,0.00%,$0.00,0.00%,0,0.00%,$0.00,0.00%,$0.00,$0.20,$0.00,$0.00,$0.00,$0.00,0.00%,$0.00,0.00%,$0.00,0.00%,$0.20,0.00%,$-0.20,0.00%
"33 - zCLOSED_N2_RM_33_APPS_SYN_SpecifiConLLC_6139_50K",1,"Sol De Janeiro skincare set","DP1 V3",Visa,Friday,474472,1,1,100.00%,0,0.00%,1,1,100.00%,0,0.00%,1,0,$0.00,1,0.00%,0,0,$0.00,0,0.00%,0,0,0,$0.00,$0.00,$0.00,$0.00,$0.00,$0.00,$0.00,$0.00,$0.00,$0.00,0.00%,0,0.00%,$0.00,0.00%,0,0.00%,$0.00,0.00%,0,0.00%,$0.00,0.00%,0,0.00%,$0.00,0.00%,$0.00,$0.20,$0.00,$0.00,$0.00,$0.00,0.00%,$0.00,0.00%,$0.00,0.00%,$0.20,0.00%,$-0.20,0.00%
"33 - zCLOSED_N2_RM_33_APPS_SYN_SpecifiConLLC_6139_50K",1,"Stihl ZeroTurn Lawn Mower","DP1 V3",Visa,Friday,435546,1,0,0.00%,1,100.00%,1,0,0.00%,1,100.00%,1,1,$12.89,0,100.00%,0,0,$0.00,0,0.00%,1,1,1,$12.89,$0.00,$0.00,$12.89,$0.00,$0.00,$12.89,$0.00,$12.89,$0.00,0.00%,0,0.00%,$0.00,0.00%,0,0.00%,$0.00,0.00%,0,0.00%,$0.00,0.00%,0,0.00%,$0.00,0.00%,$12.89,$0.84,$0.00,$0.00,$0.00,$0.00,0.00%,$0.00,0.00%,$0.00,0.00%,$0.84,6.52%,$12.05,93.48%
"33 - zCLOSED_N2_RM_33_APPS_SYN_SpecifiConLLC_6139_50K",1,"TaylorMade Spider ZT Golf Putter","DP1 V3",Visa,Friday,426684,1,1,100.00%,0,0.00%,1,1,100.00%,0,0.00%,1,0,$0.00,1,0.00%,0,0,$0.00,0,0.00%,0,0,0,$0.00,$0.00,$0.00,$0.00,$0.00,$0.00,$0.00,$0.00,$0.00,$0.00,0.00%,0,0.00%,$0.00,0.00%,0,0.00%,$0.00,0.00%,0,0.00%,$0.00,0.00%,0,0.00%,$0.00,0.00%,$0.00,$0.20,$0.00,$0.00,$0.00,$0.00,0.00%,$0.00,0.00%,$0.00,0.00%,$0.20,0.00%,$-0.20,0.00%
"34 - N2R2_RM_34_NET_ESQ_BrightAdvantageLLC_5798_55K",1,"Coors Light Tailgate Bundle","DP1 V3",Mastercard,Friday,510698,1,0,0.00%,1,100.00%,1,0,0.00%,1,100.00%,1,1,$12.89,0,100.00%,0,0,$0.00,0,0.00%,1,1,1,$12.89,$0.00,$0.00,$12.89,$0.00,$0.00,$12.89,$0.00,$12.89,$0.00,0.00%,0,0.00%,$0.00,0.00%,0,0.00%,$0.00,0.00%,0,0.00%,$0.00,0.00%,0,0.00%,$0.00,0.00%,$12.89,$0.84,$0.00,$0.00,$0.00,$0.00,0.00%,$0.00,0.00%,$0.00,0.00%,$0.84,6.52%,$12.05,93.48%
"34 - N2R2_RM_34_NET_ESQ_BrightAdvantageLLC_5798_55K",1,"Coors Light Tailgate Bundle","DP1 V3",Mastercard,Friday,512230,1,1,100.00%,0,0.00%,1,1,100.00%,0,0.00%,1,0,$0.00,1,0.00%,0,0,$0.00,0,0.00%,0,0,0,$0.00,$0.00,$0.00,$0.00,$0.00,$0.00,$0.00,$0.00,$0.00,$0.00,0.00%,0,0.00%,$0.00,0.00%,0,0.00%,$0.00,0.00%,0,0.00%,$0.00,0.00%,0,0.00%,$0.00,0.00%,$0.00,$0.20,$0.00,$0.00,$0.00,$0.00,0.00%,$0.00,0.00%,$0.00,0.00%,$0.20,0.00%,$-0.20,0.00%
"34 - N2R2_RM_34_NET_ESQ_BrightAdvantageLLC_5798_55K",1,"Coors Light Tailgate Bundle","DP1 V3",Visa,Friday,414720,1,1,100.00%,0,0.00%,1,1,100.00%,0,0.00%,1,0,$0.00,1,0.00%,0,0,$0.00,0,0.00%,0,0,0,$0.00,$0.00,$0.00,$0.00,$0.00,$0.00,$0.00,$0.00,$0.00,$0.00,0.00%,0,0.00%,$0.00,0.00%,0,0.00%,$0.00,0.00%,0,0.00%,$0.00,0.00%,0,0.00%,$0.00,0.00%,$0.00,$0.20,$0.00,$0.00,$0.00,$0.00,0.00%,$0.00,0.00%,$0.00,0.00%,$0.20,0.00%,$-0.20,0.00%
"34 - N2R2_RM_34_NET_ESQ_BrightAdvantageLLC_5798_55K",1,"Coors Light Tailgate Bundle","DP1 V3",Visa,Friday,414932,1,1,100.00%,0,0.00%,1,1,100.00%,0,0.00%,1,0,$0.00,1,0.00%,0,0,$0.00,0,0.00%,0,0,0,$0.00,$0.00,$0.00,$0.00,$0.00,$0.00,$0.00,$0.00,$0.00,$0.00,0.00%,0,0.00%,$0.00,0.00%,0,0.00%,$0.00,0.00%,0,0.00%,$0.00,0.00%,0,0.00%,$0.00,0.00%,$0.00,$0.20,$0.00,$0.00,$0.00,$0.00,0.00%,$0.00,0.00%,$0.00,0.00%,$0.20,0.00%,$-0.20,0.00%
"34 - N2R2_RM_34_NET_ESQ_BrightAdvantageLLC_5798_55K",1,"Harley Davidson Evo Helmet","DP1 V3",Mastercard,Friday,526449,1,0,0.00%,1,100.00%,1,0,0.00%,1,100.00%,1,1,$12.89,0,100.00%,0,0,$0.00,0,0.00%,1,1,1,$12.89,$0.00,$0.00,$12.89,$0.00,$0.00,$12.89,$0.00,$12.89,$0.00,0.00%,0,0.00%,$0.00,0.00%,0,0.00%,$0.00,0.00%,0,0.00%,$0.00,0.00%,0,0.00%,$0.00,0.00%,$12.89,$0.84,$0.00,$0.00,$0.00,$0.00,0.00%,$0.00,0.00%,$0.00,0.00%,$0.84,6.52%,$12.05,93.48%
"34 - N2R2_RM_34_NET_ESQ_BrightAdvantageLLC_5798_55K",1,"Miller Lite Tailgate Combo Pack","DP1 V3",Visa,Friday,400570,1,0,0.00%,1,100.00%,1,0,0.00%,1,100.00%,1,1,$12.89,0,100.00%,0,0,$0.00,0,0.00%,1,1,1,$12.89,$0.00,$0.00,$12.89,$0.00,$0.00,$12.89,$0.00,$12.89,$0.00,0.00%,0,0.00%,$0.00,0.00%,0,0.00%,$0.00,0.00%,0,0.00%,$0.00,0.00%,0,0.00%,$0.00,0.00%,$12.89,$0.84,$0.00,$0.00,$0.00,$0.00,0.00%,$0.00,0.00%,$0.00,0.00%,$0.84,6.52%,$12.05,93.48%
"34 - N2R2_RM_34_NET_ESQ_BrightAdvantageLLC_5798_55K",1,"Miller Lite Tailgate Combo Pack","DP1 V3",Visa,Friday,414720,1,1,100.00%,0,0.00%,1,1,100.00%,0,0.00%,1,0,$0.00,1,0.00%,0,0,$0.00,0,0.00%,0,0,0,$0.00,$0.00,$0.00,$0.00,$0.00,$0.00,$0.00,$0.00,$0.00,$0.00,0.00%,0,0.00%,$0.00,0.00%,0,0.00%,$0.00,0.00%,0,0.00%,$0.00,0.00%,0,0.00%,$0.00,0.00%,$0.00,$0.20,$0.00,$0.00,$0.00,$0.00,0.00%,$0.00,0.00%,$0.00,0.00%,$0.20,0.00%,$-0.20,0.00%
"34 - N2R2_RM_34_NET_ESQ_BrightAdvantageLLC_5798_55K",1,"Stihl ZeroTurn Lawn Mower","DP1 V3",Visa,Friday,435546,1,0,0.00%,1,100.00%,1,0,0.00%,1,100.00%,1,1,$12.89,0,100.00%,0,0,$0.00,0,0.00%,1,1,1,$12.89,$0.00,$0.00,$12.89,$0.00,$0.00,$12.89,$0.00,$12.89,$0.00,0.00%,0,0.00%,$0.00,0.00%,0,0.00%,$0.00,0.00%,0,0.00%,$0.00,0.00%,0,0.00%,$0.00,0.00%,$12.89,$0.84,$0.00,$0.00,$0.00,$0.00,0.00%,$0.00,0.00%,$0.00,0.00%,$0.84,6.52%,$12.05,93.48%
"34 - N2R2_RM_34_NET_ESQ_BrightAdvantageLLC_5798_55K",1,"TaylorMade SIM2 Max Driver","DP1 V3",Visa,Friday,410064,1,1,100.00%,0,0.00%,1,1,100.00%,0,0.00%,1,0,$0.00,1,0.00%,0,0,$0.00,0,0.00%,0,0,0,$0.00,$0.00,$0.00,$0.00,$0.00,$0.00,$0.00,$0.00,$0.00,$0.00,0.00%,0,0.00%,$0.00,0.00%,0,0.00%,$0.00,0.00%,0,0.00%,$0.00,0.00%,0,0.00%,$0.00,0.00%,$0.00,$0.20,$0.00,$0.00,$0.00,$0.00,0.00%,$0.00,0.00%,$0.00,0.00%,$0.20,0.00%,$-0.20,0.00%
"34 - N2R2_RM_34_NET_ESQ_BrightAdvantageLLC_5798_55K",1,"TaylorMade Spider ZT Golf Putter","DP1 V3",Mastercard,Friday,524924,1,1,100.00%,0,0.00%,1,1,100.00%,0,0.00%,1,0,$0.00,1,0.00%,0,0,$0.00,0,0.00%,0,0,0,$0.00,$0.00,$0.00,$0.00,$0.00,$0.00,$0.00,$0.00,$0.00,$0.00,0.00%,0,0.00%,$0.00,0.00%,0,0.00%,$0.00,0.00%,0,0.00%,$0.00,0.00%,0,0.00%,$0.00,0.00%,$0.00,$0.20,$0.00,$0.00,$0.00,$0.00,0.00%,$0.00,0.00%,$0.00,0.00%,$0.20,0.00%,$-0.20,0.00%
"34 - N2R2_RM_34_NET_ESQ_BrightAdvantageLLC_5798_55K",1,"TaylorMade Spider ZT Golf Putter","DP1 V3",Visa,Friday,446744,1,1,100.00%,0,0.00%,1,1,100.00%,0,0.00%,1,0,$0.00,1,0.00%,0,0,$0.00,0,0.00%,0,0,0,$0.00,$0.00,$0.00,$0.00,$0.00,$0.00,$0.00,$0.00,$0.00,$0.00,0.00%,0,0.00%,$0.00,0.00%,0,0.00%,$0.00,0.00%,0,0.00%,$0.00,0.00%,0,0.00%,$0.00,0.00%,$0.00,$0.20,$0.00,$0.00,$0.00,$0.00,0.00%,$0.00,0.00%,$0.00,0.00%,$0.20,0.00%,$-0.20,0.00%
"35 - NR1_RM_35_NET_ESQ_BrightAdvantageLLC_7570_75K",1,"Sol De Janeiro skincare set","DP1 V3",Visa,Friday,423317,1,1,100.00%,0,0.00%,1,1,100.00%,0,0.00%,1,0,$0.00,1,0.00%,0,0,$0.00,0,0.00%,0,0,0,$0.00,$0.00,$0.00,$0.00,$0.00,$0.00,$0.00,$0.00,$0.00,$0.00,0.00%,0,0.00%,$0.00,0.00%,0,0.00%,$0.00,0.00%,0,0.00%,$0.00,0.00%,0,0.00%,$0.00,0.00%,$0.00,$0.20,$0.00,$0.00,$0.00,$0.00,0.00%,$0.00,0.00%,$0.00,0.00%,$0.20,0.00%,$-0.20,0.00%
"35 - NR1_RM_35_NET_ESQ_BrightAdvantageLLC_7570_75K",1,"TaylorMade SIM2 Max Driver","DP1 V3",Mastercard,Friday,526226,1,0,0.00%,1,100.00%,1,0,0.00%,1,100.00%,1,1,$12.89,0,100.00%,0,0,$0.00,0,0.00%,1,1,1,$12.89,$0.00,$0.00,$12.89,$0.00,$0.00,$12.89,$0.00,$12.89,$12.89,100.00%,0,0.00%,$0.00,0.00%,0,0.00%,$0.00,0.00%,0,0.00%,$0.00,0.00%,1,100.00%,$12.89,100.00%,$0.00,$0.84,$0.00,$0.00,$0.00,$0.00,0.00%,$0.00,0.00%,$0.00,0.00%,$0.84,6.52%,$-0.84,-6.52%
"35 - NR1_RM_35_NET_ESQ_BrightAdvantageLLC_7570_75K",1,"TaylorMade SIM2 Max Driver","DP1 V3",Visa,Friday,407887,1,1,100.00%,0,0.00%,1,1,100.00%,0,0.00%,1,0,$0.00,1,0.00%,0,0,$0.00,0,0.00%,0,0,0,$0.00,$0.00,$0.00,$0.00,$0.00,$0.00,$0.00,$0.00,$0.00,$0.00,0.00%,0,0.00%,$0.00,0.00%,0,0.00%,$0.00,0.00%,0,0.00%,$0.00,0.00%,0,0.00%,$0.00,0.00%,$0.00,$0.20,$0.00,$0.00,$0.00,$0.00,0.00%,$0.00,0.00%,$0.00,0.00%,$0.20,0.00%,$-0.20,0.00%
"36 - N12_RM_36_PRIOR_SYN_UniquePlusLLC_9803_75K",1,"Coors Light Tailgate Bundle","DP1 V3",Visa,Friday,434769,1,0,0.00%,1,100.00%,1,0,0.00%,1,100.00%,1,1,$12.89,0,100.00%,0,0,$0.00,0,0.00%,1,1,1,$12.89,$0.00,$0.00,$12.89,$0.00,$0.00,$12.89,$0.00,$12.89,$0.00,0.00%,0,0.00%,$0.00,0.00%,0,0.00%,$0.00,0.00%,0,0.00%,$0.00,0.00%,0,0.00%,$0.00,0.00%,$12.89,$0.84,$0.00,$0.00,$0.00,$0.00,0.00%,$0.00,0.00%,$0.00,0.00%,$0.84,6.52%,$12.05,93.48%
"36 - N12_RM_36_PRIOR_SYN_UniquePlusLLC_9803_75K",1,"Sol De Janeiro skincare set","DP1 V3",Mastercard,Friday,541065,1,0,0.00%,1,100.00%,1,0,0.00%,1,100.00%,1,1,$12.89,0,100.00%,0,0,$0.00,0,0.00%,1,1,1,$12.89,$0.00,$0.00,$12.89,$0.00,$0.00,$12.89,$0.00,$12.89,$0.00,0.00%,0,0.00%,$0.00,0.00%,0,0.00%,$0.00,0.00%,0,0.00%,$0.00,0.00%,0,0.00%,$0.00,0.00%,$12.89,$0.84,$0.00,$0.00,$0.00,$0.00,0.00%,$0.00,0.00%,$0.00,0.00%,$0.84,6.52%,$12.05,93.48%
"36 - N12_RM_36_PRIOR_SYN_UniquePlusLLC_9803_75K",1,"Sol De Janeiro skincare set","DP1 V3",Visa,Friday,429544,1,0,0.00%,1,100.00%,1,0,0.00%,1,100.00%,1,1,$12.89,0,100.00%,0,0,$0.00,0,0.00%,1,1,1,$12.89,$0.00,$0.00,$12.89,$0.00,$0.00,$12.89,$0.00,$12.89,$0.00,0.00%,0,0.00%,$0.00,0.00%,0,0.00%,$0.00,0.00%,0,0.00%,$0.00,0.00%,0,0.00%,$0.00,0.00%,$12.89,$0.84,$0.00,$0.00,$0.00,$0.00,0.00%,$0.00,0.00%,$0.00,0.00%,$0.84,6.52%,$12.05,93.48%
"37 - N1R12_RM_37_NET_ESQ_BrightAdvantageLLC_5780_75K",1,"Coors Light Tailgate Bundle","DP1 V3",Mastercard,Friday,546604,1,1,100.00%,0,0.00%,1,1,100.00%,0,0.00%,1,0,$0.00,1,0.00%,0,0,$0.00,0,0.00%,0,0,0,$0.00,$0.00,$0.00,$0.00,$0.00,$0.00,$0.00,$0.00,$0.00,$0.00,0.00%,0,0.00%,$0.00,0.00%,0,0.00%,$0.00,0.00%,0,0.00%,$0.00,0.00%,0,0.00%,$0.00,0.00%,$0.00,$0.20,$0.00,$0.00,$0.00,$0.00,0.00%,$0.00,0.00%,$0.00,0.00%,$0.20,0.00%,$-0.20,0.00%
"37 - N1R12_RM_37_NET_ESQ_BrightAdvantageLLC_5780_75K",1,"Coors Light Tailgate Bundle","DP1 V3",Visa,Friday,409451,1,1,100.00%,0,0.00%,1,1,100.00%,0,0.00%,1,0,$0.00,1,0.00%,0,0,$0.00,0,0.00%,0,0,0,$0.00,$0.00,$0.00,$0.00,$0.00,$0.00,$0.00,$0.00,$0.00,$0.00,0.00%,0,0.00%,$0.00,0.00%,0,0.00%,$0.00,0.00%,0,0.00%,$0.00,0.00%,0,0.00%,$0.00,0.00%,$0.00,$0.20,$0.00,$0.00,$0.00,$0.00,0.00%,$0.00,0.00%,$0.00,0.00%,$0.20,0.00%,$-0.20,0.00%
"37 - N1R12_RM_37_NET_ESQ_BrightAdvantageLLC_5780_75K",1,"Coors Light Tailgate Bundle","DP1 V3",Visa,Friday,446542,1,1,100.00%,0,0.00%,1,1,100.00%,0,0.00%,1,0,$0.00,1,0.00%,0,0,$0.00,0,0.00%,0,0,0,$0.00,$0.00,$0.00,$0.00,$0.00,$0.00,$0.00,$0.00,$0.00,$0.00,0.00%,0,0.00%,$0.00,0.00%,0,0.00%,$0.00,0.00%,0,0.00%,$0.00,0.00%,0,0.00%,$0.00,0.00%,$0.00,$0.20,$0.00,$0.00,$0.00,$0.00,0.00%,$0.00,0.00%,$0.00,0.00%,$0.20,0.00%,$-0.20,0.00%
"37 - N1R12_RM_37_NET_ESQ_BrightAdvantageLLC_5780_75K",1,"Coors Light Tailgate Bundle","DP1 V3",Visa,Friday,474472,1,1,100.00%,0,0.00%,1,1,100.00%,0,0.00%,1,0,$0.00,1,0.00%,0,0,$0.00,0,0.00%,0,0,0,$0.00,$0.00,$0.00,$0.00,$0.00,$0.00,$0.00,$0.00,$0.00,$0.00,0.00%,0,0.00%,$0.00,0.00%,0,0.00%,$0.00,0.00%,0,0.00%,$0.00,0.00%,0,0.00%,$0.00,0.00%,$0.00,$0.20,$0.00,$0.00,$0.00,$0.00,0.00%,$0.00,0.00%,$0.00,0.00%,$0.20,0.00%,$-0.20,0.00%
"37 - N1R12_RM_37_NET_ESQ_BrightAdvantageLLC_5780_75K",1,"Miller Lite Tailgate Combo Pack","DP1 V3",Mastercard,Friday,559430,1,0,0.00%,1,100.00%,1,0,0.00%,1,100.00%,1,1,$12.89,0,100.00%,0,0,$0.00,0,0.00%,1,1,1,$12.89,$0.00,$0.00,$12.89,$0.00,$0.00,$12.89,$0.00,$12.89,$0.00,0.00%,0,0.00%,$0.00,0.00%,0,0.00%,$0.00,0.00%,0,0.00%,$0.00,0.00%,0,0.00%,$0.00,0.00%,$12.89,$0.84,$0.00,$0.00,$0.00,$0.00,0.00%,$0.00,0.00%,$0.00,0.00%,$0.84,6.52%,$12.05,93.48%
"37 - N1R12_RM_37_NET_ESQ_BrightAdvantageLLC_5780_75K",1,"Miller Lite Tailgate Combo Pack","DP1 V3",Visa,Friday,403766,1,1,100.00%,0,0.00%,1,1,100.00%,0,0.00%,1,0,$0.00,1,0.00%,0,0,$0.00,0,0.00%,0,0,0,$0.00,$0.00,$0.00,$0.00,$0.00,$0.00,$0.00,$0.00,$0.00,$0.00,0.00%,0,0.00%,$0.00,0.00%,0,0.00%,$0.00,0.00%,0,0.00%,$0.00,0.00%,0,0.00%,$0.00,0.00%,$0.00,$0.20,$0.00,$0.00,$0.00,$0.00,0.00%,$0.00,0.00%,$0.00,0.00%,$0.20,0.00%,$-0.20,0.00%
"37 - N1R12_RM_37_NET_ESQ_BrightAdvantageLLC_5780_75K",1,"Miller Lite Tailgate Combo Pack","DP1 V3",Visa,Friday,409970,1,1,100.00%,0,0.00%,1,1,100.00%,0,0.00%,1,0,$0.00,1,0.00%,0,0,$0.00,0,0.00%,0,0,0,$0.00,$0.00,$0.00,$0.00,$0.00,$0.00,$0.00,$0.00,$0.00,$0.00,0.00%,0,0.00%,$0.00,0.00%,0,0.00%,$0.00,0.00%,0,0.00%,$0.00,0.00%,0,0.00%,$0.00,0.00%,$0.00,$0.20,$0.00,$0.00,$0.00,$0.00,0.00%,$0.00,0.00%,$0.00,0.00%,$0.20,0.00%,$-0.20,0.00%
"37 - N1R12_RM_37_NET_ESQ_BrightAdvantageLLC_5780_75K",1,"Miller Lite Tailgate Combo Pack","DP1 V3",Visa,Friday,431503,1,1,100.00%,0,0.00%,1,1,100.00%,0,0.00%,1,0,$0.00,1,0.00%,0,0,$0.00,0,0.00%,0,0,0,$0.00,$0.00,$0.00,$0.00,$0.00,$0.00,$0.00,$0.00,$0.00,$0.00,0.00%,0,0.00%,$0.00,0.00%,0,0.00%,$0.00,0.00%,0,0.00%,$0.00,0.00%,0,0.00%,$0.00,0.00%,$0.00,$0.20,$0.00,$0.00,$0.00,$0.00,0.00%,$0.00,0.00%,$0.00,0.00%,$0.20,0.00%,$-0.20,0.00%
"37 - N1R12_RM_37_NET_ESQ_BrightAdvantageLLC_5780_75K",1,"Sol De Janeiro skincare set","DP1 V3",Mastercard,Friday,536817,1,1,100.00%,0,0.00%,1,1,100.00%,0,0.00%,1,0,$0.00,1,0.00%,0,0,$0.00,0,0.00%,0,0,0,$0.00,$0.00,$0.00,$0.00,$0.00,$0.00,$0.00,$0.00,$0.00,$0.00,0.00%,0,0.00%,$0.00,0.00%,0,0.00%,$0.00,0.00%,0,0.00%,$0.00,0.00%,0,0.00%,$0.00,0.00%,$0.00,$0.20,$0.00,$0.00,$0.00,$0.00,0.00%,$0.00,0.00%,$0.00,0.00%,$0.20,0.00%,$-0.20,0.00%
"37 - N1R12_RM_37_NET_ESQ_BrightAdvantageLLC_5780_75K",1,"Stihl ZeroTurn Lawn Mower","DP1 V3",Visa,Friday,423223,1,1,100.00%,0,0.00%,1,1,100.00%,0,0.00%,1,0,$0.00,1,0.00%,0,0,$0.00,0,0.00%,0,0,0,$0.00,$0.00,$0.00,$0.00,$0.00,$0.00,$0.00,$0.00,$0.00,$0.00,0.00%,0,0.00%,$0.00,0.00%,0,0.00%,$0.00,0.00%,0,0.00%,$0.00,0.00%,0,0.00%,$0.00,0.00%,$0.00,$0.20,$0.00,$0.00,$0.00,$0.00,0.00%,$0.00,0.00%,$0.00,0.00%,$0.20,0.00%,$-0.20,0.00%
"38 - N12_RM_38_PAYARC_EVO_UniquePlusLLC_7614_55K",1,"Coors Light Tailgate Bundle","DP1 V3",Visa,Friday,426684,1,0,0.00%,1,100.00%,1,0,0.00%,1,100.00%,1,1,$12.89,0,100.00%,0,0,$0.00,0,0.00%,1,1,1,$12.89,$0.00,$0.00,$12.89,$0.00,$0.00,$12.89,$0.00,$12.89,$0.00,0.00%,0,0.00%,$0.00,0.00%,0,0.00%,$0.00,0.00%,0,0.00%,$0.00,0.00%,0,0.00%,$0.00,0.00%,$12.89,$0.84,$0.00,$0.00,$0.00,$0.00,0.00%,$0.00,0.00%,$0.00,0.00%,$0.84,6.52%,$12.05,93.48%
"38 - N12_RM_38_PAYARC_EVO_UniquePlusLLC_7614_55K",1,"TaylorMade SIM2 Max Driver","DP1 V3",Visa,Friday,434257,1,1,100.00%,0,0.00%,1,1,100.00%,0,0.00%,1,0,$0.00,1,0.00%,0,0,$0.00,0,0.00%,0,0,0,$0.00,$0.00,$0.00,$0.00,$0.00,$0.00,$0.00,$0.00,$0.00,$0.00,0.00%,0,0.00%,$0.00,0.00%,0,0.00%,$0.00,0.00%,0,0.00%,$0.00,0.00%,0,0.00%,$0.00,0.00%,$0.00,$0.20,$0.00,$0.00,$0.00,$0.00,0.00%,$0.00,0.00%,$0.00,0.00%,$0.20,0.00%,$-0.20,0.00%
"38 - N12_RM_38_PAYARC_EVO_UniquePlusLLC_7614_55K",1,"TaylorMade Spider ZT Golf Putter","DP1 V3",Visa,Friday,414740,1,0,0.00%,1,100.00%,1,0,0.00%,1,100.00%,1,1,$12.89,0,100.00%,0,0,$0.00,0,0.00%,1,1,1,$12.89,$0.00,$0.00,$12.89,$0.00,$0.00,$12.89,$0.00,$12.89,$0.00,0.00%,0,0.00%,$0.00,0.00%,0,0.00%,$0.00,0.00%,0,0.00%,$0.00,0.00%,0,0.00%,$0.00,0.00%,$12.89,$0.84,$0.00,$0.00,$0.00,$0.00,0.00%,$0.00,0.00%,$0.00,0.00%,$0.84,6.52%,$12.05,93.48%
"39 - N2R12_RM_39_NET_ESQ_BrightAdvantageLLC_0499_65K",1,"Coors Light Tailgate Bundle","DP1 V3",Mastercard,Friday,515676,1,1,100.00%,0,0.00%,1,1,100.00%,0,0.00%,1,0,$0.00,1,0.00%,0,0,$0.00,0,0.00%,0,0,0,$0.00,$0.00,$0.00,$0.00,$0.00,$0.00,$0.00,$0.00,$0.00,$0.00,0.00%,0,0.00%,$0.00,0.00%,0,0.00%,$0.00,0.00%,0,0.00%,$0.00,0.00%,0,0.00%,$0.00,0.00%,$0.00,$0.20,$0.00,$0.00,$0.00,$0.00,0.00%,$0.00,0.00%,$0.00,0.00%,$0.20,0.00%,$-0.20,0.00%
"39 - N2R12_RM_39_NET_ESQ_BrightAdvantageLLC_0499_65K",1,"Coors Light Tailgate Bundle","DP1 V3",Visa,Friday,414720,1,0,0.00%,1,100.00%,1,0,0.00%,1,100.00%,1,1,$12.89,0,100.00%,0,0,$0.00,0,0.00%,1,1,1,$12.89,$0.00,$0.00,$12.89,$0.00,$0.00,$12.89,$0.00,$12.89,$12.89,100.00%,0,0.00%,$0.00,0.00%,0,0.00%,$0.00,0.00%,0,0.00%,$0.00,0.00%,1,100.00%,$12.89,100.00%,$0.00,$0.84,$0.00,$0.00,$0.00,$0.00,0.00%,$0.00,0.00%,$0.00,0.00%,$0.84,6.52%,$-0.84,-6.52%
"39 - N2R12_RM_39_NET_ESQ_BrightAdvantageLLC_0499_65K",1,"Coors Light Tailgate Bundle","DP1 V3",Visa,Friday,434256,1,1,100.00%,0,0.00%,1,1,100.00%,0,0.00%,1,0,$0.00,1,0.00%,0,0,$0.00,0,0.00%,0,0,0,$0.00,$0.00,$0.00,$0.00,$0.00,$0.00,$0.00,$0.00,$0.00,$0.00,0.00%,0,0.00%,$0.00,0.00%,0,0.00%,$0.00,0.00%,0,0.00%,$0.00,0.00%,0,0.00%,$0.00,0.00%,$0.00,$0.20,$0.00,$0.00,$0.00,$0.00,0.00%,$0.00,0.00%,$0.00,0.00%,$0.20,0.00%,$-0.20,0.00%
"39 - N2R12_RM_39_NET_ESQ_BrightAdvantageLLC_0499_65K",1,"Coors Light Tailgate Bundle","DP1 V3",Visa,Friday,498563,1,1,100.00%,0,0.00%,1,1,100.00%,0,0.00%,1,0,$0.00,1,0.00%,0,0,$0.00,0,0.00%,0,0,0,$0.00,$0.00,$0.00,$0.00,$0.00,$0.00,$0.00,$0.00,$0.00,$0.00,0.00%,0,0.00%,$0.00,0.00%,0,0.00%,$0.00,0.00%,0,0.00%,$0.00,0.00%,0,0.00%,$0.00,0.00%,$0.00,$0.20,$0.00,$0.00,$0.00,$0.00,0.00%,$0.00,0.00%,$0.00,0.00%,$0.20,0.00%,$-0.20,0.00%
"39 - N2R12_RM_39_NET_ESQ_BrightAdvantageLLC_0499_65K",1,"Harley Davidson Evo Helmet","DP1 V3",Visa,Friday,498503,1,1,100.00%,0,0.00%,1,1,100.00%,0,0.00%,1,0,$0.00,1,0.00%,0,0,$0.00,0,0.00%,0,0,0,$0.00,$0.00,$0.00,$0.00,$0.00,$0.00,$0.00,$0.00,$0.00,$0.00,0.00%,0,0.00%,$0.00,0.00%,0,0.00%,$0.00,0.00%,0,0.00%,$0.00,0.00%,0,0.00%,$0.00,0.00%,$0.00,$0.20,$0.00,$0.00,$0.00,$0.00,0.00%,$0.00,0.00%,$0.00,0.00%,$0.20,0.00%,$-0.20,0.00%
"39 - N2R12_RM_39_NET_ESQ_BrightAdvantageLLC_0499_65K",1,"Miller Lite Tailgate Combo Pack","DP1 V3",Visa,Friday,410881,1,1,100.00%,0,0.00%,1,1,100.00%,0,0.00%,1,0,$0.00,1,0.00%,0,0,$0.00,0,0.00%,0,0,0,$0.00,$0.00,$0.00,$0.00,$0.00,$0.00,$0.00,$0.00,$0.00,$0.00,0.00%,0,0.00%,$0.00,0.00%,0,0.00%,$0.00,0.00%,0,0.00%,$0.00,0.00%,0,0.00%,$0.00,0.00%,$0.00,$0.20,$0.00,$0.00,$0.00,$0.00,0.00%,$0.00,0.00%,$0.00,0.00%,$0.20,0.00%,$-0.20,0.00%
"39 - N2R12_RM_39_NET_ESQ_BrightAdvantageLLC_0499_65K",1,"Miller Lite Tailgate Combo Pack","DP1 V3",Visa,Friday,441920,1,1,100.00%,0,0.00%,1,1,100.00%,0,0.00%,1,0,$0.00,1,0.00%,0,0,$0.00,0,0.00%,0,0,0,$0.00,$0.00,$0.00,$0.00,$0.00,$0.00,$0.00,$0.00,$0.00,$0.00,0.00%,0,0.00%,$0.00,0.00%,0,0.00%,$0.00,0.00%,0,0.00%,$0.00,0.00%,0,0.00%,$0.00,0.00%,$0.00,$0.20,$0.00,$0.00,$0.00,$0.00,0.00%,$0.00,0.00%,$0.00,0.00%,$0.20,0.00%,$-0.20,0.00%
"39 - N2R12_RM_39_NET_ESQ_BrightAdvantageLLC_0499_65K",1,"Miller Lite Tailgate Combo Pack","DP1 V3",Visa,Friday,481176,1,1,100.00%,0,0.00%,1,1,100.00%,0,0.00%,1,0,$0.00,1,0.00%,0,0,$0.00,0,0.00%,0,0,0,$0.00,$0.00,$0.00,$0.00,$0.00,$0.00,$0.00,$0.00,$0.00,$0.00,0.00%,0,0.00%,$0.00,0.00%,0,0.00%,$0.00,0.00%,0,0.00%,$0.00,0.00%,0,0.00%,$0.00,0.00%,$0.00,$0.20,$0.00,$0.00,$0.00,$0.00,0.00%,$0.00,0.00%,$0.00,0.00%,$0.20,0.00%,$-0.20,0.00%
"39 - N2R12_RM_39_NET_ESQ_BrightAdvantageLLC_0499_65K",1,"Miller Lite Tailgate Combo Pack","DP1 V3",Visa,Friday,488894,1,1,100.00%,0,0.00%,1,1,100.00%,0,0.00%,1,0,$0.00,1,0.00%,0,0,$0.00,0,0.00%,0,0,0,$0.00,$0.00,$0.00,$0.00,$0.00,$0.00,$0.00,$0.00,$0.00,$0.00,0.00%,0,0.00%,$0.00,0.00%,0,0.00%,$0.00,0.00%,0,0.00%,$0.00,0.00%,0,0.00%,$0.00,0.00%,$0.00,$0.20,$0.00,$0.00,$0.00,$0.00,0.00%,$0.00,0.00%,$0.00,0.00%,$0.20,0.00%,$-0.20,0.00%
"39 - N2R12_RM_39_NET_ESQ_BrightAdvantageLLC_0499_65K",1,"Sol De Janeiro skincare set","DP1 V3",Visa,Friday,435214,1,0,0.00%,1,100.00%,1,0,0.00%,1,100.00%,1,1,$12.89,0,100.00%,0,0,$0.00,0,0.00%,1,1,1,$12.89,$0.00,$0.00,$12.89,$0.00,$0.00,$12.89,$0.00,$12.89,$0.00,0.00%,0,0.00%,$0.00,0.00%,0,0.00%,$0.00,0.00%,0,0.00%,$0.00,0.00%,0,0.00%,$0.00,0.00%,$12.89,$0.84,$0.00,$0.00,$0.00,$0.00,0.00%,$0.00,0.00%,$0.00,0.00%,$0.84,6.52%,$12.05,93.48%
"39 - N2R12_RM_39_NET_ESQ_BrightAdvantageLLC_0499_65K",1,"Sol De Janeiro skincare set","DP1 V3",Visa,Friday,473932,1,0,0.00%,1,100.00%,1,0,0.00%,1,100.00%,1,1,$12.89,0,100.00%,0,0,$0.00,0,0.00%,1,1,1,$12.89,$0.00,$0.00,$12.89,$0.00,$0.00,$12.89,$0.00,$12.89,$0.00,0.00%,0,0.00%,$0.00,0.00%,0,0.00%,$0.00,0.00%,0,0.00%,$0.00,0.00%,0,0.00%,$0.00,0.00%,$12.89,$0.84,$0.00,$0.00,$0.00,$0.00,0.00%,$0.00,0.00%,$0.00,0.00%,$0.84,6.52%,$12.05,93.48%
"39 - N2R12_RM_39_NET_ESQ_BrightAdvantageLLC_0499_65K",1,"Stihl ZeroTurn Lawn Mower","DP1 V3",Visa,Friday,470793,1,1,100.00%,0,0.00%,1,1,100.00%,0,0.00%,1,0,$0.00,1,0.00%,0,0,$0.00,0,0.00%,0,0,0,$0.00,$0.00,$0.00,$0.00,$0.00,$0.00,$0.00,$0.00,$0.00,$0.00,0.00%,0,0.00%,$0.00,0.00%,0,0.00%,$0.00,0.00%,0,0.00%,$0.00,0.00%,0,0.00%,$0.00,0.00%,$0.00,$0.20,$0.00,$0.00,$0.00,$0.00,0.00%,$0.00,0.00%,$0.00,0.00%,$0.20,0.00%,$-0.20,0.00%
"39 - N2R12_RM_39_NET_ESQ_BrightAdvantageLLC_0499_65K",1,"TaylorMade SIM2 Max Driver","DP1 V3",Visa,Friday,457431,1,1,100.00%,0,0.00%,1,1,100.00%,0,0.00%,1,0,$0.00,1,0.00%,0,0,$0.00,0,0.00%,0,0,0,$0.00,$0.00,$0.00,$0.00,$0.00,$0.00,$0.00,$0.00,$0.00,$0.00,0.00%,0,0.00%,$0.00,0.00%,0,0.00%,$0.00,0.00%,0,0.00%,$0.00,0.00%,0,0.00%,$0.00,0.00%,$0.00,$0.20,$0.00,$0.00,$0.00,$0.00,0.00%,$0.00,0.00%,$0.00,0.00%,$0.20,0.00%,$-0.20,0.00%
"39 - N2R12_RM_39_NET_ESQ_BrightAdvantageLLC_0499_65K",1,"TaylorMade SIM2 Max Driver","DP1 V3",Visa,Friday,473395,1,1,100.00%,0,0.00%,1,1,100.00%,0,0.00%,1,0,$0.00,1,0.00%,0,0,$0.00,0,0.00%,0,0,0,$0.00,$0.00,$0.00,$0.00,$0.00,$0.00,$0.00,$0.00,$0.00,$0.00,0.00%,0,0.00%,$0.00,0.00%,0,0.00%,$0.00,0.00%,0,0.00%,$0.00,0.00%,0,0.00%,$0.00,0.00%,$0.00,$0.20,$0.00,$0.00,$0.00,$0.00,0.00%,$0.00,0.00%,$0.00,0.00%,$0.20,0.00%,$-0.20,0.00%
"39 - N2R12_RM_39_NET_ESQ_BrightAdvantageLLC_0499_65K",1,"TaylorMade SIM2 Max Driver","DP1 V3",Visa,Friday,473703,1,1,100.00%,0,0.00%,1,1,100.00%,0,0.00%,1,0,$0.00,1,0.00%,0,0,$0.00,0,0.00%,0,0,0,$0.00,$0.00,$0.00,$0.00,$0.00,$0.00,$0.00,$0.00,$0.00,$0.00,0.00%,0,0.00%,$0.00,0.00%,0,0.00%,$0.00,0.00%,0,0.00%,$0.00,0.00%,0,0.00%,$0.00,0.00%,$0.00,$0.20,$0.00,$0.00,$0.00,$0.00,0.00%,$0.00,0.00%,$0.00,0.00%,$0.20,0.00%,$-0.20,0.00%
"4 - zCLOSED_NR1_RM_4_NET_ESQ_SpecifiConLLC_8843_65K",1,"Coors Light Tailgate Bundle","DP1 V3",Mastercard,Friday,514490,1,0,0.00%,1,100.00%,1,0,0.00%,1,100.00%,1,1,$12.89,0,100.00%,0,0,$0.00,0,0.00%,1,1,1,$12.89,$0.00,$0.00,$12.89,$0.00,$0.00,$12.89,$0.00,$12.89,$0.00,0.00%,0,0.00%,$0.00,0.00%,0,0.00%,$0.00,0.00%,0,0.00%,$0.00,0.00%,0,0.00%,$0.00,0.00%,$12.89,$0.84,$0.00,$0.00,$0.00,$0.00,0.00%,$0.00,0.00%,$0.00,0.00%,$0.84,6.52%,$12.05,93.48%
"4 - zCLOSED_NR1_RM_4_NET_ESQ_SpecifiConLLC_8843_65K",1,"Coors Light Tailgate Bundle","DP1 V3",Visa,Friday,445101,1,0,0.00%,1,100.00%,1,0,0.00%,1,100.00%,1,1,$12.89,0,100.00%,0,0,$0.00,0,0.00%,1,1,1,$12.89,$0.00,$0.00,$12.89,$0.00,$0.00,$12.89,$0.00,$12.89,$0.00,0.00%,0,0.00%,$0.00,0.00%,0,0.00%,$0.00,0.00%,0,0.00%,$0.00,0.00%,0,0.00%,$0.00,0.00%,$12.89,$0.84,$0.00,$0.00,$0.00,$0.00,0.00%,$0.00,0.00%,$0.00,0.00%,$0.84,6.52%,$12.05,93.48%
"4 - zCLOSED_NR1_RM_4_NET_ESQ_SpecifiConLLC_8843_65K",1,"Harley Davidson Evo Helmet","DP1 V3",Visa,Friday,436618,1,0,0.00%,1,100.00%,1,0,0.00%,1,100.00%,1,1,$12.89,0,100.00%,0,0,$0.00,0,0.00%,1,1,1,$12.89,$0.00,$0.00,$12.89,$0.00,$0.00,$12.89,$0.00,$12.89,$0.00,0.00%,0,0.00%,$0.00,0.00%,0,0.00%,$0.00,0.00%,0,0.00%,$0.00,0.00%,0,0.00%,$0.00,0.00%,$12.89,$0.84,$0.00,$0.00,$0.00,$0.00,0.00%,$0.00,0.00%,$0.00,0.00%,$0.84,6.52%,$12.05,93.48%
"4 - zCLOSED_NR1_RM_4_NET_ESQ_SpecifiConLLC_8843_65K",1,"Harley Davidson Evo Helmet","DP1 V3",Visa,Friday,464018,1,1,100.00%,0,0.00%,1,1,100.00%,0,0.00%,1,0,$0.00,1,0.00%,0,0,$0.00,0,0.00%,0,0,0,$0.00,$0.00,$0.00,$0.00,$0.00,$0.00,$0.00,$0.00,$0.00,$0.00,0.00%,0,0.00%,$0.00,0.00%,0,0.00%,$0.00,0.00%,0,0.00%,$0.00,0.00%,0,0.00%,$0.00,0.00%,$0.00,$0.20,$0.00,$0.00,$0.00,$0.00,0.00%,$0.00,0.00%,$0.00,0.00%,$0.20,0.00%,$-0.20,0.00%
"4 - zCLOSED_NR1_RM_4_NET_ESQ_SpecifiConLLC_8843_65K",1,"Miller Lite Tailgate Combo Pack","DP1 V3",Visa,Friday,436618,1,0,0.00%,1,100.00%,1,0,0.00%,1,100.00%,1,1,$12.89,0,100.00%,0,0,$0.00,0,0.00%,1,1,1,$12.89,$0.00,$0.00,$12.89,$0.00,$0.00,$12.89,$0.00,$12.89,$0.00,0.00%,0,0.00%,$0.00,0.00%,0,0.00%,$0.00,0.00%,0,0.00%,$0.00,0.00%,0,0.00%,$0.00,0.00%,$12.89,$0.84,$0.00,$0.00,$0.00,$0.00,0.00%,$0.00,0.00%,$0.00,0.00%,$0.84,6.52%,$12.05,93.48%
"4 - zCLOSED_NR1_RM_4_NET_ESQ_SpecifiConLLC_8843_65K",1,"Sol De Janeiro skincare set","DP1 V3",Visa,Friday,426684,1,1,100.00%,0,0.00%,1,1,100.00%,0,0.00%,1,0,$0.00,1,0.00%,0,0,$0.00,0,0.00%,0,0,0,$0.00,$0.00,$0.00,$0.00,$0.00,$0.00,$0.00,$0.00,$0.00,$0.00,0.00%,0,0.00%,$0.00,0.00%,0,0.00%,$0.00,0.00%,0,0.00%,$0.00,0.00%,0,0.00%,$0.00,0.00%,$0.00,$0.20,$0.00,$0.00,$0.00,$0.00,0.00%,$0.00,0.00%,$0.00,0.00%,$0.20,0.00%,$-0.20,0.00%
"4 - zCLOSED_NR1_RM_4_NET_ESQ_SpecifiConLLC_8843_65K",1,"Sol De Janeiro skincare set","DP1 V3",Visa,Friday,447678,1,0,0.00%,1,100.00%,1,0,0.00%,1,100.00%,1,1,$12.89,0,100.00%,0,0,$0.00,0,0.00%,1,1,1,$12.89,$0.00,$0.00,$12.89,$0.00,$0.00,$12.89,$0.00,$12.89,$0.00,0.00%,0,0.00%,$0.00,0.00%,0,0.00%,$0.00,0.00%,0,0.00%,$0.00,0.00%,0,0.00%,$0.00,0.00%,$12.89,$0.84,$0.00,$0.00,$0.00,$0.00,0.00%,$0.00,0.00%,$0.00,0.00%,$0.84,6.52%,$12.05,93.48%
"4 - zCLOSED_NR1_RM_4_NET_ESQ_SpecifiConLLC_8843_65K",1,"TaylorMade SIM2 Max Driver","DP1 V3",Mastercard,Friday,542418,1,0,0.00%,1,100.00%,1,0,0.00%,1,100.00%,1,1,$12.89,0,100.00%,0,0,$0.00,0,0.00%,1,1,1,$12.89,$0.00,$0.00,$12.89,$0.00,$0.00,$12.89,$0.00,$12.89,$0.00,0.00%,0,0.00%,$0.00,0.00%,0,0.00%,$0.00,0.00%,0,0.00%,$0.00,0.00%,0,0.00%,$0.00,0.00%,$12.89,$0.84,$0.00,$0.00,$0.00,$0.00,0.00%,$0.00,0.00%,$0.00,0.00%,$0.84,6.52%,$12.05,93.48%
"4 - zCLOSED_NR1_RM_4_NET_ESQ_SpecifiConLLC_8843_65K",1,"TaylorMade SIM2 Max Driver","DP1 V3",Visa,Friday,423980,1,0,0.00%,1,100.00%,1,0,0.00%,1,100.00%,1,1,$12.89,0,100.00%,0,0,$0.00,0,0.00%,1,1,1,$12.89,$0.00,$0.00,$12.89,$0.00,$0.00,$12.89,$0.00,$12.89,$0.00,0.00%,0,0.00%,$0.00,0.00%,0,0.00%,$0.00,0.00%,0,0.00%,$0.00,0.00%,0,0.00%,$0.00,0.00%,$12.89,$0.84,$0.00,$0.00,$0.00,$0.00,0.00%,$0.00,0.00%,$0.00,0.00%,$0.84,6.52%,$12.05,93.48%
"4 - zCLOSED_NR1_RM_4_NET_ESQ_SpecifiConLLC_8843_65K",1,"TaylorMade SIM2 Max Driver","DP1 V3",Visa,Friday,426684,1,0,0.00%,1,100.00%,1,0,0.00%,1,100.00%,1,1,$12.89,0,100.00%,0,0,$0.00,0,0.00%,1,1,1,$12.89,$0.00,$0.00,$12.89,$0.00,$0.00,$12.89,$0.00,$12.89,$0.00,0.00%,0,0.00%,$0.00,0.00%,0,0.00%,$0.00,0.00%,0,0.00%,$0.00,0.00%,0,0.00%,$0.00,0.00%,$12.89,$0.84,$0.00,$0.00,$0.00,$0.00,0.00%,$0.00,0.00%,$0.00,0.00%,$0.84,6.52%,$12.05,93.48%
"4 - zCLOSED_NR1_RM_4_NET_ESQ_SpecifiConLLC_8843_65K",1,"TaylorMade SIM2 Max Driver","DP1 V3",Visa,Friday,434257,1,1,100.00%,0,0.00%,1,1,100.00%,0,0.00%,1,0,$0.00,1,0.00%,0,0,$0.00,0,0.00%,0,0,0,$0.00,$0.00,$0.00,$0.00,$0.00,$0.00,$0.00,$0.00,$0.00,$0.00,0.00%,0,0.00%,$0.00,0.00%,0,0.00%,$0.00,0.00%,0,0.00%,$0.00,0.00%,0,0.00%,$0.00,0.00%,$0.00,$0.20,$0.00,$0.00,$0.00,$0.00,0.00%,$0.00,0.00%,$0.00,0.00%,$0.20,0.00%,$-0.20,0.00%
"4 - zCLOSED_NR1_RM_4_NET_ESQ_SpecifiConLLC_8843_65K",1,"TaylorMade SIM2 Max Driver","DP1 V3",Visa,Friday,434265,1,1,100.00%,0,0.00%,1,1,100.00%,0,0.00%,1,0,$0.00,1,0.00%,0,0,$0.00,0,0.00%,0,0,0,$0.00,$0.00,$0.00,$0.00,$0.00,$0.00,$0.00,$0.00,$0.00,$0.00,0.00%,0,0.00%,$0.00,0.00%,0,0.00%,$0.00,0.00%,0,0.00%,$0.00,0.00%,0,0.00%,$0.00,0.00%,$0.00,$0.20,$0.00,$0.00,$0.00,$0.00,0.00%,$0.00,0.00%,$0.00,0.00%,$0.20,0.00%,$-0.20,0.00%
"4 - zCLOSED_NR1_RM_4_NET_ESQ_SpecifiConLLC_8843_65K",1,"TaylorMade SIM2 Max Driver","DP1 V3",Visa,Friday,441840,1,1,100.00%,0,0.00%,1,1,100.00%,0,0.00%,1,0,$0.00,1,0.00%,0,0,$0.00,0,0.00%,0,0,0,$0.00,$0.00,$0.00,$0.00,$0.00,$0.00,$0.00,$0.00,$0.00,$0.00,0.00%,0,0.00%,$0.00,0.00%,0,0.00%,$0.00,0.00%,0,0.00%,$0.00,0.00%,0,0.00%,$0.00,0.00%,$0.00,$0.20,$0.00,$0.00,$0.00,$0.00,0.00%,$0.00,0.00%,$0.00,0.00%,$0.20,0.00%,$-0.20,0.00%
"4 - zCLOSED_NR1_RM_4_NET_ESQ_SpecifiConLLC_8843_65K",1,"TaylorMade SIM2 Max Driver","DP1 V3",Visa,Friday,443047,1,1,100.00%,0,0.00%,1,1,100.00%,0,0.00%,1,0,$0.00,1,0.00%,0,0,$0.00,0,0.00%,0,0,0,$0.00,$0.00,$0.00,$0.00,$0.00,$0.00,$0.00,$0.00,$0.00,$0.00,0.00%,0,0.00%,$0.00,0.00%,0,0.00%,$0.00,0.00%,0,0.00%,$0.00,0.00%,0,0.00%,$0.00,0.00%,$0.00,$0.20,$0.00,$0.00,$0.00,$0.00,0.00%,$0.00,0.00%,$0.00,0.00%,$0.20,0.00%,$-0.20,0.00%
"40 - NR1_RM_40_PAYARC_EVO_DiamondSphereLLC_7606_55K",1,"Coors Light Tailgate Bundle","DP1 V3",Mastercard,Friday,514735,1,1,100.00%,0,0.00%,1,1,100.00%,0,0.00%,1,0,$0.00,1,0.00%,0,0,$0.00,0,0.00%,0,0,0,$0.00,$0.00,$0.00,$0.00,$0.00,$0.00,$0.00,$0.00,$0.00,$0.00,0.00%,0,0.00%,$0.00,0.00%,0,0.00%,$0.00,0.00%,0,0.00%,$0.00,0.00%,0,0.00%,$0.00,0.00%,$0.00,$0.20,$0.00,$0.00,$0.00,$0.00,0.00%,$0.00,0.00%,$0.00,0.00%,$0.20,0.00%,$-0.20,0.00%
"40 - NR1_RM_40_PAYARC_EVO_DiamondSphereLLC_7606_55K",1,"Coors Light Tailgate Bundle","DP1 V3",Mastercard,Friday,521997,1,1,100.00%,0,0.00%,1,1,100.00%,0,0.00%,1,0,$0.00,1,0.00%,0,0,$0.00,0,0.00%,0,0,0,$0.00,$0.00,$0.00,$0.00,$0.00,$0.00,$0.00,$0.00,$0.00,$0.00,0.00%,0,0.00%,$0.00,0.00%,0,0.00%,$0.00,0.00%,0,0.00%,$0.00,0.00%,0,0.00%,$0.00,0.00%,$0.00,$0.20,$0.00,$0.00,$0.00,$0.00,0.00%,$0.00,0.00%,$0.00,0.00%,$0.20,0.00%,$-0.20,0.00%
"40 - NR1_RM_40_PAYARC_EVO_DiamondSphereLLC_7606_55K",1,"Coors Light Tailgate Bundle","DP1 V3",Mastercard,Friday,529580,1,0,0.00%,1,100.00%,1,0,0.00%,1,100.00%,1,1,$12.89,0,100.00%,0,0,$0.00,0,0.00%,1,1,1,$12.89,$0.00,$0.00,$12.89,$0.00,$0.00,$12.89,$0.00,$12.89,$0.00,0.00%,0,0.00%,$0.00,0.00%,0,0.00%,$0.00,0.00%,0,0.00%,$0.00,0.00%,0,0.00%,$0.00,0.00%,$12.89,$0.84,$0.00,$0.00,$0.00,$0.00,0.00%,$0.00,0.00%,$0.00,0.00%,$0.84,6.52%,$12.05,93.48%
"40 - NR1_RM_40_PAYARC_EVO_DiamondSphereLLC_7606_55K",1,"Coors Light Tailgate Bundle","DP1 V3",Visa,Friday,414720,1,1,100.00%,0,0.00%,1,1,100.00%,0,0.00%,1,0,$0.00,1,0.00%,0,0,$0.00,0,0.00%,0,0,0,$0.00,$0.00,$0.00,$0.00,$0.00,$0.00,$0.00,$0.00,$0.00,$0.00,0.00%,0,0.00%,$0.00,0.00%,0,0.00%,$0.00,0.00%,0,0.00%,$0.00,0.00%,0,0.00%,$0.00,0.00%,$0.00,$0.20,$0.00,$0.00,$0.00,$0.00,0.00%,$0.00,0.00%,$0.00,0.00%,$0.20,0.00%,$-0.20,0.00%
"40 - NR1_RM_40_PAYARC_EVO_DiamondSphereLLC_7606_55K",1,"Coors Light Tailgate Bundle","DP1 V3",Visa,Friday,432862,1,0,0.00%,1,100.00%,1,0,0.00%,1,100.00%,1,1,$12.89,0,100.00%,0,0,$0.00,0,0.00%,1,1,1,$12.89,$0.00,$0.00,$12.89,$0.00,$0.00,$12.89,$0.00,$12.89,$12.89,100.00%,1,100.00%,$12.89,100.00%,0,0.00%,$0.00,0.00%,0,0.00%,$0.00,0.00%,0,0.00%,$0.00,0.00%,$0.00,$0.84,$0.00,$0.00,$0.00,$0.00,0.00%,$0.00,0.00%,$0.00,0.00%,$0.84,6.52%,$-0.84,-6.52%
"40 - NR1_RM_40_PAYARC_EVO_DiamondSphereLLC_7606_55K",1,"Coors Light Tailgate Bundle","DP1 V3",Visa,Friday,461046,1,1,100.00%,0,0.00%,1,1,100.00%,0,0.00%,1,0,$0.00,1,0.00%,0,0,$0.00,0,0.00%,0,0,0,$0.00,$0.00,$0.00,$0.00,$0.00,$0.00,$0.00,$0.00,$0.00,$0.00,0.00%,0,0.00%,$0.00,0.00%,0,0.00%,$0.00,0.00%,0,0.00%,$0.00,0.00%,0,0.00%,$0.00,0.00%,$0.00,$0.20,$0.00,$0.00,$0.00,$0.00,0.00%,$0.00,0.00%,$0.00,0.00%,$0.20,0.00%,$-0.20,0.00%
"40 - NR1_RM_40_PAYARC_EVO_DiamondSphereLLC_7606_55K",1,"Miller Lite Tailgate Combo Pack","DP1 V3",Visa,Friday,414778,1,1,100.00%,0,0.00%,1,1,100.00%,0,0.00%,1,0,$0.00,1,0.00%,0,0,$0.00,0,0.00%,0,0,0,$0.00,$0.00,$0.00,$0.00,$0.00,$0.00,$0.00,$0.00,$0.00,$0.00,0.00%,0,0.00%,$0.00,0.00%,0,0.00%,$0.00,0.00%,0,0.00%,$0.00,0.00%,0,0.00%,$0.00,0.00%,$0.00,$0.20,$0.00,$0.00,$0.00,$0.00,0.00%,$0.00,0.00%,$0.00,0.00%,$0.20,0.00%,$-0.20,0.00%
"40 - NR1_RM_40_PAYARC_EVO_DiamondSphereLLC_7606_55K",1,"Miller Lite Tailgate Combo Pack","DP1 V3",Visa,Friday,473702,1,1,100.00%,0,0.00%,1,1,100.00%,0,0.00%,1,0,$0.00,1,0.00%,0,0,$0.00,0,0.00%,0,0,0,$0.00,$0.00,$0.00,$0.00,$0.00,$0.00,$0.00,$0.00,$0.00,$0.00,0.00%,0,0.00%,$0.00,0.00%,0,0.00%,$0.00,0.00%,0,0.00%,$0.00,0.00%,0,0.00%,$0.00,0.00%,$0.00,$0.20,$0.00,$0.00,$0.00,$0.00,0.00%,$0.00,0.00%,$0.00,0.00%,$0.20,0.00%,$-0.20,0.00%
"41 - INVALIDMERCH_WM_41_NET_ESQ_UniquePlusLLC_9188_55K",1,"Coors Light Tailgate Bundle","DP1 V3",Mastercard,Friday,546616,1,0,0.00%,1,100.00%,1,0,0.00%,1,100.00%,1,1,$12.89,0,100.00%,0,0,$0.00,0,0.00%,1,1,1,$12.89,$0.00,$0.00,$12.89,$0.00,$0.00,$12.89,$0.00,$12.89,$12.89,100.00%,0,0.00%,$0.00,0.00%,0,0.00%,$0.00,0.00%,1,100.00%,$12.89,100.00%,0,0.00%,$0.00,0.00%,$0.00,$20.84,$0.00,$0.00,$0.00,$0.00,0.00%,$20.00,155.16%,$0.00,0.00%,$0.84,6.52%,$-20.84,-161.68%
"42 - N1R12_RM_42_NET_ESQ_UniquePlusLLC_9170_65K",1,"Harley Davidson Evo Helmet","DP1 V3",Mastercard,Friday,540404,1,0,0.00%,1,100.00%,1,0,0.00%,1,100.00%,1,1,$12.89,0,100.00%,0,0,$0.00,0,0.00%,1,1,1,$12.89,$0.00,$0.00,$12.89,$0.00,$0.00,$12.89,$0.00,$12.89,$0.00,0.00%,0,0.00%,$0.00,0.00%,0,0.00%,$0.00,0.00%,0,0.00%,$0.00,0.00%,0,0.00%,$0.00,0.00%,$12.89,$0.84,$0.00,$0.00,$0.00,$0.00,0.00%,$0.00,0.00%,$0.00,0.00%,$0.84,6.52%,$12.05,93.48%
"42 - N1R12_RM_42_NET_ESQ_UniquePlusLLC_9170_65K",1,"Harley Davidson Evo Helmet","DP1 V3",Visa,Friday,425839,1,1,100.00%,0,0.00%,1,1,100.00%,0,0.00%,1,0,$0.00,1,0.00%,0,0,$0.00,0,0.00%,0,0,0,$0.00,$0.00,$0.00,$0.00,$0.00,$0.00,$0.00,$0.00,$0.00,$0.00,0.00%,0,0.00%,$0.00,0.00%,0,0.00%,$0.00,0.00%,0,0.00%,$0.00,0.00%,0,0.00%,$0.00,0.00%,$0.00,$0.20,$0.00,$0.00,$0.00,$0.00,0.00%,$0.00,0.00%,$0.00,0.00%,$0.20,0.00%,$-0.20,0.00%
"42 - N1R12_RM_42_NET_ESQ_UniquePlusLLC_9170_65K",1,"Stihl ZeroTurn Lawn Mower","DP1 V3",Visa,Friday,466188,1,0,0.00%,1,100.00%,1,0,0.00%,1,100.00%,1,1,$12.89,0,100.00%,0,0,$0.00,0,0.00%,1,1,1,$12.89,$0.00,$0.00,$12.89,$0.00,$0.00,$12.89,$0.00,$12.89,$0.00,0.00%,0,0.00%,$0.00,0.00%,0,0.00%,$0.00,0.00%,0,0.00%,$0.00,0.00%,0,0.00%,$0.00,0.00%,$12.89,$0.84,$0.00,$0.00,$0.00,$0.00,0.00%,$0.00,0.00%,$0.00,0.00%,$0.84,6.52%,$12.05,93.48%
"43 - N2R1_RM_43_NET_ESQ_UniquePlusLLC_9162_65K",1,"Coors Light Tailgate Bundle","DP1 V3",Visa,Friday,403493,1,0,0.00%,1,100.00%,1,0,0.00%,1,100.00%,1,1,$12.89,0,100.00%,0,0,$0.00,0,0.00%,1,1,1,$12.89,$0.00,$0.00,$12.89,$0.00,$0.00,$12.89,$0.00,$12.89,$0.00,0.00%,0,0.00%,$0.00,0.00%,0,0.00%,$0.00,0.00%,0,0.00%,$0.00,0.00%,0,0.00%,$0.00,0.00%,$12.89,$0.84,$0.00,$0.00,$0.00,$0.00,0.00%,$0.00,0.00%,$0.00,0.00%,$0.84,6.52%,$12.05,93.48%
"43 - N2R1_RM_43_NET_ESQ_UniquePlusLLC_9162_65K",1,"Cub Cadet Lawn Tractor","DP1 V3",Visa,Friday,489072,1,1,100.00%,0,0.00%,1,1,100.00%,0,0.00%,1,0,$0.00,1,0.00%,0,0,$0.00,0,0.00%,0,0,0,$0.00,$0.00,$0.00,$0.00,$0.00,$0.00,$0.00,$0.00,$0.00,$0.00,0.00%,0,0.00%,$0.00,0.00%,0,0.00%,$0.00,0.00%,0,0.00%,$0.00,0.00%,0,0.00%,$0.00,0.00%,$0.00,$0.20,$0.00,$0.00,$0.00,$0.00,0.00%,$0.00,0.00%,$0.00,0.00%,$0.20,0.00%,$-0.20,0.00%
"43 - N2R1_RM_43_NET_ESQ_UniquePlusLLC_9162_65K",1,"Miller Lite Tailgate Combo Pack","DP1 V3",Mastercard,Friday,521730,1,0,0.00%,1,100.00%,1,0,0.00%,1,100.00%,1,1,$12.89,0,100.00%,0,0,$0.00,0,0.00%,1,1,1,$12.89,$0.00,$0.00,$12.89,$0.00,$0.00,$12.89,$0.00,$12.89,$12.89,100.00%,0,0.00%,$0.00,0.00%,0,0.00%,$0.00,0.00%,0,0.00%,$0.00,0.00%,1,100.00%,$12.89,100.00%,$0.00,$0.84,$0.00,$0.00,$0.00,$0.00,0.00%,$0.00,0.00%,$0.00,0.00%,$0.84,6.52%,$-0.84,-6.52%
"43 - N2R1_RM_43_NET_ESQ_UniquePlusLLC_9162_65K",1,"Miller Lite Tailgate Combo Pack","DP1 V3",Mastercard,Friday,531481,1,1,100.00%,0,0.00%,1,1,100.00%,0,0.00%,1,0,$0.00,1,0.00%,0,0,$0.00,0,0.00%,0,0,0,$0.00,$0.00,$0.00,$0.00,$0.00,$0.00,$0.00,$0.00,$0.00,$0.00,0.00%,0,0.00%,$0.00,0.00%,0,0.00%,$0.00,0.00%,0,0.00%,$0.00,0.00%,0,0.00%,$0.00,0.00%,$0.00,$0.20,$0.00,$0.00,$0.00,$0.00,0.00%,$0.00,0.00%,$0.00,0.00%,$0.20,0.00%,$-0.20,0.00%
"43 - N2R1_RM_43_NET_ESQ_UniquePlusLLC_9162_65K",1,"Miller Lite Tailgate Combo Pack","DP1 V3",Visa,Friday,423223,1,1,100.00%,0,0.00%,1,1,100.00%,0,0.00%,1,0,$0.00,1,0.00%,0,0,$0.00,0,0.00%,0,0,0,$0.00,$0.00,$0.00,$0.00,$0.00,$0.00,$0.00,$0.00,$0.00,$0.00,0.00%,0,0.00%,$0.00,0.00%,0,0.00%,$0.00,0.00%,0,0.00%,$0.00,0.00%,0,0.00%,$0.00,0.00%,$0.00,$0.20,$0.00,$0.00,$0.00,$0.00,0.00%,$0.00,0.00%,$0.00,0.00%,$0.20,0.00%,$-0.20,0.00%
"43 - N2R1_RM_43_NET_ESQ_UniquePlusLLC_9162_65K",1,"Miller Lite Tailgate Combo Pack","DP1 V3",Visa,Friday,423855,1,1,100.00%,0,0.00%,1,1,100.00%,0,0.00%,1,0,$0.00,1,0.00%,0,0,$0.00,0,0.00%,0,0,0,$0.00,$0.00,$0.00,$0.00,$0.00,$0.00,$0.00,$0.00,$0.00,$0.00,0.00%,0,0.00%,$0.00,0.00%,0,0.00%,$0.00,0.00%,0,0.00%,$0.00,0.00%,0,0.00%,$0.00,0.00%,$0.00,$0.20,$0.00,$0.00,$0.00,$0.00,0.00%,$0.00,0.00%,$0.00,0.00%,$0.20,0.00%,$-0.20,0.00%
"43 - N2R1_RM_43_NET_ESQ_UniquePlusLLC_9162_65K",1,"Miller Lite Tailgate Combo Pack","DP1 V3",Visa,Friday,434258,1,1,100.00%,0,0.00%,1,1,100.00%,0,0.00%,1,0,$0.00,1,0.00%,0,0,$0.00,0,0.00%,0,0,0,$0.00,$0.00,$0.00,$0.00,$0.00,$0.00,$0.00,$0.00,$0.00,$0.00,0.00%,0,0.00%,$0.00,0.00%,0,0.00%,$0.00,0.00%,0,0.00%,$0.00,0.00%,0,0.00%,$0.00,0.00%,$0.00,$0.20,$0.00,$0.00,$0.00,$0.00,0.00%,$0.00,0.00%,$0.00,0.00%,$0.20,0.00%,$-0.20,0.00%
"43 - N2R1_RM_43_NET_ESQ_UniquePlusLLC_9162_65K",1,"Sol De Janeiro skincare set","DP1 V3",Visa,Friday,400022,1,1,100.00%,0,0.00%,1,1,100.00%,0,0.00%,1,0,$0.00,1,0.00%,0,0,$0.00,0,0.00%,0,0,0,$0.00,$0.00,$0.00,$0.00,$0.00,$0.00,$0.00,$0.00,$0.00,$0.00,0.00%,0,0.00%,$0.00,0.00%,0,0.00%,$0.00,0.00%,0,0.00%,$0.00,0.00%,0,0.00%,$0.00,0.00%,$0.00,$0.20,$0.00,$0.00,$0.00,$0.00,0.00%,$0.00,0.00%,$0.00,0.00%,$0.20,0.00%,$-0.20,0.00%
"43 - N2R1_RM_43_NET_ESQ_UniquePlusLLC_9162_65K",1,"Sol De Janeiro skincare set","DP1 V3",Visa,Friday,449070,1,0,0.00%,1,100.00%,1,0,0.00%,1,100.00%,1,1,$12.89,0,100.00%,0,0,$0.00,0,0.00%,1,1,1,$12.89,$0.00,$0.00,$12.89,$0.00,$0.00,$12.89,$0.00,$12.89,$0.00,0.00%,0,0.00%,$0.00,0.00%,0,0.00%,$0.00,0.00%,0,0.00%,$0.00,0.00%,0,0.00%,$0.00,0.00%,$12.89,$0.84,$0.00,$0.00,$0.00,$0.00,0.00%,$0.00,0.00%,$0.00,0.00%,$0.84,6.52%,$12.05,93.48%
"43 - N2R1_RM_43_NET_ESQ_UniquePlusLLC_9162_65K",1,"Sol De Janeiro skincare set","DP1 V3",Visa,Friday,473702,1,1,100.00%,0,0.00%,1,1,100.00%,0,0.00%,1,0,$0.00,1,0.00%,0,0,$0.00,0,0.00%,0,0,0,$0.00,$0.00,$0.00,$0.00,$0.00,$0.00,$0.00,$0.00,$0.00,$0.00,0.00%,0,0.00%,$0.00,0.00%,0,0.00%,$0.00,0.00%,0,0.00%,$0.00,0.00%,0,0.00%,$0.00,0.00%,$0.00,$0.20,$0.00,$0.00,$0.00,$0.00,0.00%,$0.00,0.00%,$0.00,0.00%,$0.20,0.00%,$-0.20,0.00%
"43 - N2R1_RM_43_NET_ESQ_UniquePlusLLC_9162_65K",1,"Stihl ZeroTurn Lawn Mower","DP1 V3",Mastercard,Friday,517093,1,0,0.00%,1,100.00%,1,0,0.00%,1,100.00%,1,1,$12.89,0,100.00%,0,0,$0.00,0,0.00%,1,1,1,$12.89,$0.00,$0.00,$12.89,$0.00,$0.00,$12.89,$0.00,$12.89,$0.00,0.00%,0,0.00%,$0.00,0.00%,0,0.00%,$0.00,0.00%,0,0.00%,$0.00,0.00%,0,0.00%,$0.00,0.00%,$12.89,$0.84,$0.00,$0.00,$0.00,$0.00,0.00%,$0.00,0.00%,$0.00,0.00%,$0.84,6.52%,$12.05,93.48%
"43 - N2R1_RM_43_NET_ESQ_UniquePlusLLC_9162_65K",1,"Stihl ZeroTurn Lawn Mower","DP1 V3",Visa,Friday,434258,1,1,100.00%,0,0.00%,1,1,100.00%,0,0.00%,1,0,$0.00,1,0.00%,0,0,$0.00,0,0.00%,0,0,0,$0.00,$0.00,$0.00,$0.00,$0.00,$0.00,$0.00,$0.00,$0.00,$0.00,0.00%,0,0.00%,$0.00,0.00%,0,0.00%,$0.00,0.00%,0,0.00%,$0.00,0.00%,0,0.00%,$0.00,0.00%,$0.00,$0.20,$0.00,$0.00,$0.00,$0.00,0.00%,$0.00,0.00%,$0.00,0.00%,$0.20,0.00%,$-0.20,0.00%
"43 - N2R1_RM_43_NET_ESQ_UniquePlusLLC_9162_65K",1,"TaylorMade SIM2 Max Driver","DP1 V3",Mastercard,Friday,518481,1,1,100.00%,0,0.00%,1,1,100.00%,0,0.00%,1,0,$0.00,1,0.00%,0,0,$0.00,0,0.00%,0,0,0,$0.00,$0.00,$0.00,$0.00,$0.00,$0.00,$0.00,$0.00,$0.00,$0.00,0.00%,0,0.00%,$0.00,0.00%,0,0.00%,$0.00,0.00%,0,0.00%,$0.00,0.00%,0,0.00%,$0.00,0.00%,$0.00,$0.20,$0.00,$0.00,$0.00,$0.00,0.00%,$0.00,0.00%,$0.00,0.00%,$0.20,0.00%,$-0.20,0.00%
"43 - N2R1_RM_43_NET_ESQ_UniquePlusLLC_9162_65K",1,"TaylorMade SIM2 Max Driver","DP1 V3",Visa,Friday,414740,1,1,100.00%,0,0.00%,1,1,100.00%,0,0.00%,1,0,$0.00,1,0.00%,0,0,$0.00,0,0.00%,0,0,0,$0.00,$0.00,$0.00,$0.00,$0.00,$0.00,$0.00,$0.00,$0.00,$0.00,0.00%,0,0.00%,$0.00,0.00%,0,0.00%,$0.00,0.00%,0,0.00%,$0.00,0.00%,0,0.00%,$0.00,0.00%,$0.00,$0.20,$0.00,$0.00,$0.00,$0.00,0.00%,$0.00,0.00%,$0.00,0.00%,$0.20,0.00%,$-0.20,0.00%
"43 - N2R1_RM_43_NET_ESQ_UniquePlusLLC_9162_65K",1,"TaylorMade SIM2 Max Driver","DP1 V3",Visa,Friday,450399,1,1,100.00%,0,0.00%,1,1,100.00%,0,0.00%,1,0,$0.00,1,0.00%,0,0,$0.00,0,0.00%,0,0,0,$0.00,$0.00,$0.00,$0.00,$0.00,$0.00,$0.00,$0.00,$0.00,$0.00,0.00%,0,0.00%,$0.00,0.00%,0,0.00%,$0.00,0.00%,0,0.00%,$0.00,0.00%,0,0.00%,$0.00,0.00%,$0.00,$0.20,$0.00,$0.00,$0.00,$0.00,0.00%,$0.00,0.00%,$0.00,0.00%,$0.20,0.00%,$-0.20,0.00%
"43 - N2R1_RM_43_NET_ESQ_UniquePlusLLC_9162_65K",1,"TaylorMade Spider ZT Golf Putter","DP1 V3",Visa,Friday,441839,1,1,100.00%,0,0.00%,1,1,100.00%,0,0.00%,1,0,$0.00,1,0.00%,0,0,$0.00,0,0.00%,0,0,0,$0.00,$0.00,$0.00,$0.00,$0.00,$0.00,$0.00,$0.00,$0.00,$0.00,0.00%,0,0.00%,$0.00,0.00%,0,0.00%,$0.00,0.00%,0,0.00%,$0.00,0.00%,0,0.00%,$0.00,0.00%,$0.00,$0.20,$0.00,$0.00,$0.00,$0.00,0.00%,$0.00,0.00%,$0.00,0.00%,$0.20,0.00%,$-0.20,0.00%
"44 - NR12_RM_44_NET_ESQ_UniquePlusLLC_9154_65K",1,"Miller Lite Tailgate Combo Pack","DP1 V3",Visa,Friday,410413,1,1,100.00%,0,0.00%,1,1,100.00%,0,0.00%,1,0,$0.00,1,0.00%,0,0,$0.00,0,0.00%,0,0,0,$0.00,$0.00,$0.00,$0.00,$0.00,$0.00,$0.00,$0.00,$0.00,$0.00,0.00%,0,0.00%,$0.00,0.00%,0,0.00%,$0.00,0.00%,0,0.00%,$0.00,0.00%,0,0.00%,$0.00,0.00%,$0.00,$0.20,$0.00,$0.00,$0.00,$0.00,0.00%,$0.00,0.00%,$0.00,0.00%,$0.20,0.00%,$-0.20,0.00%
"44 - NR12_RM_44_NET_ESQ_UniquePlusLLC_9154_65K",1,"Miller Lite Tailgate Combo Pack","DP1 V3",Visa,Friday,427081,1,1,100.00%,0,0.00%,1,1,100.00%,0,0.00%,1,0,$0.00,1,0.00%,0,0,$0.00,0,0.00%,0,0,0,$0.00,$0.00,$0.00,$0.00,$0.00,$0.00,$0.00,$0.00,$0.00,$0.00,0.00%,0,0.00%,$0.00,0.00%,0,0.00%,$0.00,0.00%,0,0.00%,$0.00,0.00%,0,0.00%,$0.00,0.00%,$0.00,$0.20,$0.00,$0.00,$0.00,$0.00,0.00%,$0.00,0.00%,$0.00,0.00%,$0.20,0.00%,$-0.20,0.00%
"44 - NR12_RM_44_NET_ESQ_UniquePlusLLC_9154_65K",1,"North Face Hedgehog 06 RVST Shoes","DP1 V3",Visa,Friday,486236,1,0,0.00%,1,100.00%,1,0,0.00%,1,100.00%,1,1,$12.89,0,100.00%,0,0,$0.00,0,0.00%,1,1,1,$12.89,$0.00,$0.00,$12.89,$0.00,$0.00,$12.89,$0.00,$12.89,$0.00,0.00%,0,0.00%,$0.00,0.00%,0,0.00%,$0.00,0.00%,0,0.00%,$0.00,0.00%,0,0.00%,$0.00,0.00%,$12.89,$0.84,$0.00,$0.00,$0.00,$0.00,0.00%,$0.00,0.00%,$0.00,0.00%,$0.84,6.52%,$12.05,93.48%
"45 - zCLOSED_RM_45_QUANT_CBSL_SpecifiConLLC_2894_25K",1,"Miller Lite Tailgate Combo Pack","DP1 V3",Mastercard,Friday,532569,1,1,100.00%,0,0.00%,1,1,100.00%,0,0.00%,1,0,$0.00,1,0.00%,0,0,$0.00,0,0.00%,0,0,0,$0.00,$0.00,$0.00,$0.00,$0.00,$0.00,$0.00,$0.00,$0.00,$0.00,0.00%,0,0.00%,$0.00,0.00%,0,0.00%,$0.00,0.00%,0,0.00%,$0.00,0.00%,0,0.00%,$0.00,0.00%,$0.00,$0.20,$0.00,$0.00,$0.00,$0.00,0.00%,$0.00,0.00%,$0.00,0.00%,$0.20,0.00%,$-0.20,0.00%
"46 - zCLOSED_RM_46_QUANT_CBSL_SpecifiConLLC_2886_25K",1,"Coors Light Tailgate Bundle","DP1 V3",Mastercard,Friday,512992,1,1,100.00%,0,0.00%,1,1,100.00%,0,0.00%,1,0,$0.00,1,0.00%,0,0,$0.00,0,0.00%,0,0,0,$0.00,$0.00,$0.00,$0.00,$0.00,$0.00,$0.00,$0.00,$0.00,$0.00,0.00%,0,0.00%,$0.00,0.00%,0,0.00%,$0.00,0.00%,0,0.00%,$0.00,0.00%,0,0.00%,$0.00,0.00%,$0.00,$0.20,$0.00,$0.00,$0.00,$0.00,0.00%,$0.00,0.00%,$0.00,0.00%,$0.20,0.00%,$-0.20,0.00%
"46 - zCLOSED_RM_46_QUANT_CBSL_SpecifiConLLC_2886_25K",1,"Coors Light Tailgate Bundle","DP1 V3",Visa,Friday,439707,1,1,100.00%,0,0.00%,1,1,100.00%,0,0.00%,1,0,$0.00,1,0.00%,0,0,$0.00,0,0.00%,0,0,0,$0.00,$0.00,$0.00,$0.00,$0.00,$0.00,$0.00,$0.00,$0.00,$0.00,0.00%,0,0.00%,$0.00,0.00%,0,0.00%,$0.00,0.00%,0,0.00%,$0.00,0.00%,0,0.00%,$0.00,0.00%,$0.00,$0.20,$0.00,$0.00,$0.00,$0.00,0.00%,$0.00,0.00%,$0.00,0.00%,$0.20,0.00%,$-0.20,0.00%
"46 - zCLOSED_RM_46_QUANT_CBSL_SpecifiConLLC_2886_25K",1,"Miller Lite Tailgate Combo Pack","DP1 V3",Visa,Friday,403786,1,0,0.00%,1,100.00%,1,0,0.00%,1,100.00%,1,1,$12.89,0,100.00%,0,0,$0.00,0,0.00%,1,1,1,$12.89,$0.00,$0.00,$12.89,$0.00,$0.00,$12.89,$0.00,$12.89,$0.00,0.00%,0,0.00%,$0.00,0.00%,0,0.00%,$0.00,0.00%,0,0.00%,$0.00,0.00%,0,0.00%,$0.00,0.00%,$12.89,$0.84,$0.00,$0.00,$0.00,$0.00,0.00%,$0.00,0.00%,$0.00,0.00%,$0.84,6.52%,$12.05,93.48%
"46 - zCLOSED_RM_46_QUANT_CBSL_SpecifiConLLC_2886_25K",1,"Sol De Janeiro skincare set","DP1 V3",Visa,Friday,474472,1,1,100.00%,0,0.00%,1,1,100.00%,0,0.00%,1,0,$0.00,1,0.00%,0,0,$0.00,0,0.00%,0,0,0,$0.00,$0.00,$0.00,$0.00,$0.00,$0.00,$0.00,$0.00,$0.00,$0.00,0.00%,0,0.00%,$0.00,0.00%,0,0.00%,$0.00,0.00%,0,0.00%,$0.00,0.00%,0,0.00%,$0.00,0.00%,$0.00,$0.20,$0.00,$0.00,$0.00,$0.00,0.00%,$0.00,0.00%,$0.00,0.00%,$0.20,0.00%,$-0.20,0.00%
"46 - zCLOSED_RM_46_QUANT_CBSL_SpecifiConLLC_2886_25K",1,"TaylorMade SIM2 Max Driver","DP1 V3",Mastercard,Friday,514377,1,0,0.00%,1,100.00%,1,0,0.00%,1,100.00%,1,1,$12.89,0,100.00%,0,0,$0.00,0,0.00%,1,1,1,$12.89,$0.00,$0.00,$12.89,$0.00,$0.00,$12.89,$0.00,$12.89,$0.00,0.00%,0,0.00%,$0.00,0.00%,0,0.00%,$0.00,0.00%,0,0.00%,$0.00,0.00%,0,0.00%,$0.00,0.00%,$12.89,$0.84,$0.00,$0.00,$0.00,$0.00,0.00%,$0.00,0.00%,$0.00,0.00%,$0.84,6.52%,$12.05,93.48%
"47 - zCLOSED_RM_47_QUANT_CBSL_SpecifiConLLC_2902_25K",1,"Coors Light Tailgate Bundle","DP1 V3",Visa,Friday,400570,1,1,100.00%,0,0.00%,1,1,100.00%,0,0.00%,1,0,$0.00,1,0.00%,0,0,$0.00,0,0.00%,0,0,0,$0.00,$0.00,$0.00,$0.00,$0.00,$0.00,$0.00,$0.00,$0.00,$0.00,0.00%,0,0.00%,$0.00,0.00%,0,0.00%,$0.00,0.00%,0,0.00%,$0.00,0.00%,0,0.00%,$0.00,0.00%,$0.00,$0.20,$0.00,$0.00,$0.00,$0.00,0.00%,$0.00,0.00%,$0.00,0.00%,$0.20,0.00%,$-0.20,0.00%
"47 - zCLOSED_RM_47_QUANT_CBSL_SpecifiConLLC_2902_25K",1,"Coors Light Tailgate Bundle","DP1 V3",Visa,Friday,461046,1,1,100.00%,0,0.00%,1,1,100.00%,0,0.00%,1,0,$0.00,1,0.00%,0,0,$0.00,0,0.00%,0,0,0,$0.00,$0.00,$0.00,$0.00,$0.00,$0.00,$0.00,$0.00,$0.00,$0.00,0.00%,0,0.00%,$0.00,0.00%,0,0.00%,$0.00,0.00%,0,0.00%,$0.00,0.00%,0,0.00%,$0.00,0.00%,$0.00,$0.20,$0.00,$0.00,$0.00,$0.00,0.00%,$0.00,0.00%,$0.00,0.00%,$0.20,0.00%,$-0.20,0.00%
"48 - RM_48_PAYARC_EVO_PrimeSmartSolutionsLLC_0345_65K",1,"BUBBA Cordless Electric Fillet Knife","DP1 V3",Visa,Friday,400571,1,1,100.00%,0,0.00%,1,1,100.00%,0,0.00%,1,0,$0.00,1,0.00%,0,0,$0.00,0,0.00%,0,0,0,$0.00,$0.00,$0.00,$0.00,$0.00,$0.00,$0.00,$0.00,$0.00,$0.00,0.00%,0,0.00%,$0.00,0.00%,0,0.00%,$0.00,0.00%,0,0.00%,$0.00,0.00%,0,0.00%,$0.00,0.00%,$0.00,$0.20,$0.00,$0.00,$0.00,$0.00,0.00%,$0.00,0.00%,$0.00,0.00%,$0.20,0.00%,$-0.20,0.00%
"48 - RM_48_PAYARC_EVO_PrimeSmartSolutionsLLC_0345_65K",1,"Cedar Greenhouse","DP1 V3",Visa,Friday,423908,1,0,0.00%,1,100.00%,1,0,0.00%,1,100.00%,1,1,$12.89,0,100.00%,0,0,$0.00,0,0.00%,1,1,1,$12.89,$0.00,$0.00,$12.89,$0.00,$0.00,$12.89,$0.00,$12.89,$0.00,0.00%,0,0.00%,$0.00,0.00%,0,0.00%,$0.00,0.00%,0,0.00%,$0.00,0.00%,0,0.00%,$0.00,0.00%,$12.89,$0.84,$0.00,$0.00,$0.00,$0.00,0.00%,$0.00,0.00%,$0.00,0.00%,$0.84,6.52%,$12.05,93.48%
"48 - RM_48_PAYARC_EVO_PrimeSmartSolutionsLLC_0345_65K",1,"Cedar Greenhouse","DP1 V3",Visa,Friday,446542,1,1,100.00%,0,0.00%,1,1,100.00%,0,0.00%,1,0,$0.00,1,0.00%,0,0,$0.00,0,0.00%,0,0,0,$0.00,$0.00,$0.00,$0.00,$0.00,$0.00,$0.00,$0.00,$0.00,$0.00,0.00%,0,0.00%,$0.00,0.00%,0,0.00%,$0.00,0.00%,0,0.00%,$0.00,0.00%,0,0.00%,$0.00,0.00%,$0.00,$0.20,$0.00,$0.00,$0.00,$0.00,0.00%,$0.00,0.00%,$0.00,0.00%,$0.20,0.00%,$-0.20,0.00%
"48 - RM_48_PAYARC_EVO_PrimeSmartSolutionsLLC_0345_65K",1,"Coors Light Tailgate Bundle","DP1 V3",Mastercard,Friday,521853,1,0,0.00%,1,100.00%,1,0,0.00%,1,100.00%,1,1,$12.89,0,100.00%,0,0,$0.00,0,0.00%,1,1,1,$12.89,$0.00,$0.00,$12.89,$0.00,$0.00,$12.89,$0.00,$12.89,$0.00,0.00%,0,0.00%,$0.00,0.00%,0,0.00%,$0.00,0.00%,0,0.00%,$0.00,0.00%,0,0.00%,$0.00,0.00%,$12.89,$0.84,$0.00,$0.00,$0.00,$0.00,0.00%,$0.00,0.00%,$0.00,0.00%,$0.84,6.52%,$12.05,93.48%
"48 - RM_48_PAYARC_EVO_PrimeSmartSolutionsLLC_0345_65K",1,"Coors Light Tailgate Bundle","DP1 V3",Mastercard,Friday,542539,1,1,100.00%,0,0.00%,1,1,100.00%,0,0.00%,1,0,$0.00,1,0.00%,0,0,$0.00,0,0.00%,0,0,0,$0.00,$0.00,$0.00,$0.00,$0.00,$0.00,$0.00,$0.00,$0.00,$0.00,0.00%,0,0.00%,$0.00,0.00%,0,0.00%,$0.00,0.00%,0,0.00%,$0.00,0.00%,0,0.00%,$0.00,0.00%,$0.00,$0.20,$0.00,$0.00,$0.00,$0.00,0.00%,$0.00,0.00%,$0.00,0.00%,$0.20,0.00%,$-0.20,0.00%
"48 - RM_48_PAYARC_EVO_PrimeSmartSolutionsLLC_0345_65K",1,"Coors Light Tailgate Bundle","DP1 V3",Visa,Friday,438857,1,1,100.00%,0,0.00%,1,1,100.00%,0,0.00%,1,0,$0.00,1,0.00%,0,0,$0.00,0,0.00%,0,0,0,$0.00,$0.00,$0.00,$0.00,$0.00,$0.00,$0.00,$0.00,$0.00,$0.00,0.00%,0,0.00%,$0.00,0.00%,0,0.00%,$0.00,0.00%,0,0.00%,$0.00,0.00%,0,0.00%,$0.00,0.00%,$0.00,$0.20,$0.00,$0.00,$0.00,$0.00,0.00%,$0.00,0.00%,$0.00,0.00%,$0.20,0.00%,$-0.20,0.00%
"48 - RM_48_PAYARC_EVO_PrimeSmartSolutionsLLC_0345_65K",1,"Harley Davidson Evo Helmet","DP1 V3",Visa,Friday,426684,1,1,100.00%,0,0.00%,1,1,100.00%,0,0.00%,1,0,$0.00,1,0.00%,0,0,$0.00,0,0.00%,0,0,0,$0.00,$0.00,$0.00,$0.00,$0.00,$0.00,$0.00,$0.00,$0.00,$0.00,0.00%,0,0.00%,$0.00,0.00%,0,0.00%,$0.00,0.00%,0,0.00%,$0.00,0.00%,0,0.00%,$0.00,0.00%,$0.00,$0.20,$0.00,$0.00,$0.00,$0.00,0.00%,$0.00,0.00%,$0.00,0.00%,$0.20,0.00%,$-0.20,0.00%
"48 - RM_48_PAYARC_EVO_PrimeSmartSolutionsLLC_0345_65K",1,"Miller Lite Tailgate Combo Pack","DP1 V3",Mastercard,Friday,532529,1,0,0.00%,1,100.00%,1,0,0.00%,1,100.00%,1,1,$12.89,0,100.00%,0,0,$0.00,0,0.00%,1,1,1,$12.89,$0.00,$0.00,$12.89,$0.00,$0.00,$12.89,$0.00,$12.89,$0.00,0.00%,0,0.00%,$0.00,0.00%,0,0.00%,$0.00,0.00%,0,0.00%,$0.00,0.00%,0,0.00%,$0.00,0.00%,$12.89,$0.84,$0.00,$0.00,$0.00,$0.00,0.00%,$0.00,0.00%,$0.00,0.00%,$0.84,6.52%,$12.05,93.48%
"48 - RM_48_PAYARC_EVO_PrimeSmartSolutionsLLC_0345_65K",1,"Sol De Janeiro skincare set","DP1 V3",Visa,Friday,421783,1,1,100.00%,0,0.00%,1,1,100.00%,0,0.00%,1,0,$0.00,1,0.00%,0,0,$0.00,0,0.00%,0,0,0,$0.00,$0.00,$0.00,$0.00,$0.00,$0.00,$0.00,$0.00,$0.00,$0.00,0.00%,0,0.00%,$0.00,0.00%,0,0.00%,$0.00,0.00%,0,0.00%,$0.00,0.00%,0,0.00%,$0.00,0.00%,$0.00,$0.20,$0.00,$0.00,$0.00,$0.00,0.00%,$0.00,0.00%,$0.00,0.00%,$0.20,0.00%,$-0.20,0.00%
"48 - RM_48_PAYARC_EVO_PrimeSmartSolutionsLLC_0345_65K",1,"Sol De Janeiro skincare set","DP1 V3",Visa,Friday,430665,1,0,0.00%,1,100.00%,1,0,0.00%,1,100.00%,1,1,$12.89,0,100.00%,0,0,$0.00,0,0.00%,1,1,1,$12.89,$0.00,$0.00,$12.89,$0.00,$0.00,$12.89,$0.00,$12.89,$0.00,0.00%,0,0.00%,$0.00,0.00%,0,0.00%,$0.00,0.00%,0,0.00%,$0.00,0.00%,0,0.00%,$0.00,0.00%,$12.89,$0.84,$0.00,$0.00,$0.00,$0.00,0.00%,$0.00,0.00%,$0.00,0.00%,$0.84,6.52%,$12.05,93.48%
"48 - RM_48_PAYARC_EVO_PrimeSmartSolutionsLLC_0345_65K",1,"TaylorMade SIM2 Max Driver","DP1 V3",Mastercard,Friday,518725,1,1,100.00%,0,0.00%,1,1,100.00%,0,0.00%,1,0,$0.00,1,0.00%,0,0,$0.00,0,0.00%,0,0,0,$0.00,$0.00,$0.00,$0.00,$0.00,$0.00,$0.00,$0.00,$0.00,$0.00,0.00%,0,0.00%,$0.00,0.00%,0,0.00%,$0.00,0.00%,0,0.00%,$0.00,0.00%,0,0.00%,$0.00,0.00%,$0.00,$0.20,$0.00,$0.00,$0.00,$0.00,0.00%,$0.00,0.00%,$0.00,0.00%,$0.20,0.00%,$-0.20,0.00%
"48 - RM_48_PAYARC_EVO_PrimeSmartSolutionsLLC_0345_65K",1,"TaylorMade SIM2 Max Driver","DP1 V3",Mastercard,Friday,546325,1,1,100.00%,0,0.00%,1,1,100.00%,0,0.00%,1,0,$0.00,1,0.00%,0,0,$0.00,0,0.00%,0,0,0,$0.00,$0.00,$0.00,$0.00,$0.00,$0.00,$0.00,$0.00,$0.00,$0.00,0.00%,0,0.00%,$0.00,0.00%,0,0.00%,$0.00,0.00%,0,0.00%,$0.00,0.00%,0,0.00%,$0.00,0.00%,$0.00,$0.20,$0.00,$0.00,$0.00,$0.00,0.00%,$0.00,0.00%,$0.00,0.00%,$0.20,0.00%,$-0.20,0.00%
"48 - RM_48_PAYARC_EVO_PrimeSmartSolutionsLLC_0345_65K",1,"TaylorMade SIM2 Max Driver","DP1 V3",Visa,Friday,408540,1,0,0.00%,1,100.00%,1,0,0.00%,1,100.00%,1,1,$12.89,0,100.00%,0,0,$0.00,0,0.00%,1,1,1,$12.89,$0.00,$0.00,$12.89,$0.00,$0.00,$12.89,$0.00,$12.89,$0.00,0.00%,0,0.00%,$0.00,0.00%,0,0.00%,$0.00,0.00%,0,0.00%,$0.00,0.00%,0,0.00%,$0.00,0.00%,$12.89,$0.84,$0.00,$0.00,$0.00,$0.00,0.00%,$0.00,0.00%,$0.00,0.00%,$0.84,6.52%,$12.05,93.48%
"48 - RM_48_PAYARC_EVO_PrimeSmartSolutionsLLC_0345_65K",1,"TaylorMade SIM2 Max Driver","DP1 V3",Visa,Friday,434258,1,0,0.00%,1,100.00%,1,0,0.00%,1,100.00%,1,1,$12.89,0,100.00%,0,0,$0.00,0,0.00%,1,1,1,$12.89,$0.00,$0.00,$12.89,$0.00,$0.00,$12.89,$0.00,$12.89,$0.00,0.00%,0,0.00%,$0.00,0.00%,0,0.00%,$0.00,0.00%,0,0.00%,$0.00,0.00%,0,0.00%,$0.00,0.00%,$12.89,$0.84,$0.00,$0.00,$0.00,$0.00,0.00%,$0.00,0.00%,$0.00,0.00%,$0.84,6.52%,$12.05,93.48%
"49 - NR1_RM_49_PAYARC_EVO_PrimeSmartSolutionsLLC_0352_65K",1,"Coors Light Tailgate Bundle","DP1 V3",Visa,Friday,467610,1,1,100.00%,0,0.00%,1,1,100.00%,0,0.00%,1,0,$0.00,1,0.00%,0,0,$0.00,0,0.00%,0,0,0,$0.00,$0.00,$0.00,$0.00,$0.00,$0.00,$0.00,$0.00,$0.00,$0.00,0.00%,0,0.00%,$0.00,0.00%,0,0.00%,$0.00,0.00%,0,0.00%,$0.00,0.00%,0,0.00%,$0.00,0.00%,$0.00,$0.20,$0.00,$0.00,$0.00,$0.00,0.00%,$0.00,0.00%,$0.00,0.00%,$0.20,0.00%,$-0.20,0.00%
"49 - NR1_RM_49_PAYARC_EVO_PrimeSmartSolutionsLLC_0352_65K",1,"Miller Lite Tailgate Combo Pack","DP1 V3",Visa,Friday,419473,1,0,0.00%,1,100.00%,1,0,0.00%,1,100.00%,1,1,$12.89,0,100.00%,0,0,$0.00,0,0.00%,1,1,1,$12.89,$0.00,$0.00,$12.89,$0.00,$0.00,$12.89,$0.00,$12.89,$0.00,0.00%,0,0.00%,$0.00,0.00%,0,0.00%,$0.00,0.00%,0,0.00%,$0.00,0.00%,0,0.00%,$0.00,0.00%,$12.89,$0.84,$0.00,$0.00,$0.00,$0.00,0.00%,$0.00,0.00%,$0.00,0.00%,$0.84,6.52%,$12.05,93.48%
"49 - NR1_RM_49_PAYARC_EVO_PrimeSmartSolutionsLLC_0352_65K",1,"Sol De Janeiro skincare set","DP1 V3",Visa,Friday,410793,1,1,100.00%,0,0.00%,1,1,100.00%,0,0.00%,1,0,$0.00,1,0.00%,0,0,$0.00,0,0.00%,0,0,0,$0.00,$0.00,$0.00,$0.00,$0.00,$0.00,$0.00,$0.00,$0.00,$0.00,0.00%,0,0.00%,$0.00,0.00%,0,0.00%,$0.00,0.00%,0,0.00%,$0.00,0.00%,0,0.00%,$0.00,0.00%,$0.00,$0.20,$0.00,$0.00,$0.00,$0.00,0.00%,$0.00,0.00%,$0.00,0.00%,$0.20,0.00%,$-0.20,0.00%
"49 - NR1_RM_49_PAYARC_EVO_PrimeSmartSolutionsLLC_0352_65K",1,"Sol De Janeiro skincare set","DP1 V3",Visa,Friday,422921,1,0,0.00%,1,100.00%,1,0,0.00%,1,100.00%,1,1,$12.89,0,100.00%,0,0,$0.00,0,0.00%,1,1,1,$12.89,$0.00,$0.00,$12.89,$0.00,$0.00,$12.89,$0.00,$12.89,$0.00,0.00%,0,0.00%,$0.00,0.00%,0,0.00%,$0.00,0.00%,0,0.00%,$0.00,0.00%,0,0.00%,$0.00,0.00%,$12.89,$0.84,$0.00,$0.00,$0.00,$0.00,0.00%,$0.00,0.00%,$0.00,0.00%,$0.84,6.52%,$12.05,93.48%
"49 - NR1_RM_49_PAYARC_EVO_PrimeSmartSolutionsLLC_0352_65K",1,"Sol De Janeiro skincare set","DP1 V3",Visa,Friday,448844,1,0,0.00%,1,100.00%,1,0,0.00%,1,100.00%,1,1,$12.89,0,100.00%,0,0,$0.00,0,0.00%,1,1,1,$12.89,$0.00,$0.00,$12.89,$0.00,$0.00,$12.89,$0.00,$12.89,$0.00,0.00%,0,0.00%,$0.00,0.00%,0,0.00%,$0.00,0.00%,0,0.00%,$0.00,0.00%,0,0.00%,$0.00,0.00%,$12.89,$0.84,$0.00,$0.00,$0.00,$0.00,0.00%,$0.00,0.00%,$0.00,0.00%,$0.84,6.52%,$12.05,93.48%
"49 - NR1_RM_49_PAYARC_EVO_PrimeSmartSolutionsLLC_0352_65K",1,"TaylorMade SIM2 Max Driver","DP1 V3",Mastercard,Friday,511413,1,1,100.00%,0,0.00%,1,1,100.00%,0,0.00%,1,0,$0.00,1,0.00%,0,0,$0.00,0,0.00%,0,0,0,$0.00,$0.00,$0.00,$0.00,$0.00,$0.00,$0.00,$0.00,$0.00,$0.00,0.00%,0,0.00%,$0.00,0.00%,0,0.00%,$0.00,0.00%,0,0.00%,$0.00,0.00%,0,0.00%,$0.00,0.00%,$0.00,$0.20,$0.00,$0.00,$0.00,$0.00,0.00%,$0.00,0.00%,$0.00,0.00%,$0.20,0.00%,$-0.20,0.00%
"5 - zCLOSED_RM_5_NET_ESQ_SpecifiConLLC_8918_45K",1,"Coors Light Tailgate Bundle","DP1 V3",Mastercard,Friday,518941,1,0,0.00%,1,100.00%,1,0,0.00%,1,100.00%,1,1,$12.89,0,100.00%,0,0,$0.00,0,0.00%,1,1,1,$12.89,$0.00,$0.00,$12.89,$0.00,$0.00,$12.89,$0.00,$12.89,$12.89,100.00%,0,0.00%,$0.00,0.00%,0,0.00%,$0.00,0.00%,0,0.00%,$0.00,0.00%,1,100.00%,$12.89,100.00%,$0.00,$0.84,$0.00,$0.00,$0.00,$0.00,0.00%,$0.00,0.00%,$0.00,0.00%,$0.84,6.52%,$-0.84,-6.52%
"5 - zCLOSED_RM_5_NET_ESQ_SpecifiConLLC_8918_45K",1,"Coors Light Tailgate Bundle","DP1 V3",Mastercard,Friday,542418,1,1,100.00%,0,0.00%,1,1,100.00%,0,0.00%,1,0,$0.00,1,0.00%,0,0,$0.00,0,0.00%,0,0,0,$0.00,$0.00,$0.00,$0.00,$0.00,$0.00,$0.00,$0.00,$0.00,$0.00,0.00%,0,0.00%,$0.00,0.00%,0,0.00%,$0.00,0.00%,0,0.00%,$0.00,0.00%,0,0.00%,$0.00,0.00%,$0.00,$0.20,$0.00,$0.00,$0.00,$0.00,0.00%,$0.00,0.00%,$0.00,0.00%,$0.20,0.00%,$-0.20,0.00%
"5 - zCLOSED_RM_5_NET_ESQ_SpecifiConLLC_8918_45K",1,"Coors Light Tailgate Bundle","DP1 V3",Visa,Friday,438857,1,0,0.00%,1,100.00%,1,0,0.00%,1,100.00%,1,1,$12.89,0,100.00%,0,0,$0.00,0,0.00%,1,1,1,$12.89,$0.00,$0.00,$12.89,$0.00,$0.00,$12.89,$0.00,$12.89,$0.00,0.00%,0,0.00%,$0.00,0.00%,0,0.00%,$0.00,0.00%,0,0.00%,$0.00,0.00%,0,0.00%,$0.00,0.00%,$12.89,$0.84,$0.00,$0.00,$0.00,$0.00,0.00%,$0.00,0.00%,$0.00,0.00%,$0.84,6.52%,$12.05,93.48%
"5 - zCLOSED_RM_5_NET_ESQ_SpecifiConLLC_8918_45K",1,"Harley Davidson Evo Helmet","DP1 V3",Mastercard,Friday,520711,1,1,100.00%,0,0.00%,1,1,100.00%,0,0.00%,1,0,$0.00,1,0.00%,0,0,$0.00,0,0.00%,0,0,0,$0.00,$0.00,$0.00,$0.00,$0.00,$0.00,$0.00,$0.00,$0.00,$0.00,0.00%,0,0.00%,$0.00,0.00%,0,0.00%,$0.00,0.00%,0,0.00%,$0.00,0.00%,0,0.00%,$0.00,0.00%,$0.00,$0.20,$0.00,$0.00,$0.00,$0.00,0.00%,$0.00,0.00%,$0.00,0.00%,$0.20,0.00%,$-0.20,0.00%
"5 - zCLOSED_RM_5_NET_ESQ_SpecifiConLLC_8918_45K",1,"Sol De Janeiro skincare set","DP1 V3",Visa,Friday,443040,1,0,0.00%,1,100.00%,1,0,0.00%,1,100.00%,1,1,$12.89,0,100.00%,0,0,$0.00,0,0.00%,1,1,1,$12.89,$0.00,$0.00,$12.89,$0.00,$0.00,$12.89,$0.00,$12.89,$0.00,0.00%,0,0.00%,$0.00,0.00%,0,0.00%,$0.00,0.00%,0,0.00%,$0.00,0.00%,0,0.00%,$0.00,0.00%,$12.89,$0.84,$0.00,$0.00,$0.00,$0.00,0.00%,$0.00,0.00%,$0.00,0.00%,$0.84,6.52%,$12.05,93.48%
"5 - zCLOSED_RM_5_NET_ESQ_SpecifiConLLC_8918_45K",1,"Stihl ZeroTurn Lawn Mower","DP1 V3",Visa,Friday,451165,1,0,0.00%,1,100.00%,1,0,0.00%,1,100.00%,1,1,$12.89,0,100.00%,0,0,$0.00,0,0.00%,1,1,1,$12.89,$0.00,$0.00,$12.89,$0.00,$0.00,$12.89,$0.00,$12.89,$0.00,0.00%,0,0.00%,$0.00,0.00%,0,0.00%,$0.00,0.00%,0,0.00%,$0.00,0.00%,0,0.00%,$0.00,0.00%,$12.89,$0.84,$0.00,$0.00,$0.00,$0.00,0.00%,$0.00,0.00%,$0.00,0.00%,$0.84,6.52%,$12.05,93.48%
"5 - zCLOSED_RM_5_NET_ESQ_SpecifiConLLC_8918_45K",1,"TaylorMade SIM2 Max Driver","DP1 V3",Mastercard,Friday,550442,1,0,0.00%,1,100.00%,1,0,0.00%,1,100.00%,1,1,$12.89,0,100.00%,0,0,$0.00,0,0.00%,1,1,1,$12.89,$0.00,$0.00,$12.89,$0.00,$0.00,$12.89,$0.00,$12.89,$0.00,0.00%,0,0.00%,$0.00,0.00%,0,0.00%,$0.00,0.00%,0,0.00%,$0.00,0.00%,0,0.00%,$0.00,0.00%,$12.89,$0.84,$0.00,$0.00,$0.00,$0.00,0.00%,$0.00,0.00%,$0.00,0.00%,$0.84,6.52%,$12.05,93.48%
"5 - zCLOSED_RM_5_NET_ESQ_SpecifiConLLC_8918_45K",1,"TaylorMade SIM2 Max Driver","DP1 V3",Visa,Friday,442835,1,1,100.00%,0,0.00%,1,1,100.00%,0,0.00%,1,0,$0.00,1,0.00%,0,0,$0.00,0,0.00%,0,0,0,$0.00,$0.00,$0.00,$0.00,$0.00,$0.00,$0.00,$0.00,$0.00,$0.00,0.00%,0,0.00%,$0.00,0.00%,0,0.00%,$0.00,0.00%,0,0.00%,$0.00,0.00%,0,0.00%,$0.00,0.00%,$0.00,$0.20,$0.00,$0.00,$0.00,$0.00,0.00%,$0.00,0.00%,$0.00,0.00%,$0.20,0.00%,$-0.20,0.00%
"50 - N12_RM_50_PRIOR_SYN_PrimeSmartSolutionsLLC_0577_75K",1,"BUBBA Cordless Electric Fillet Knife","DP1 V3",Mastercard,Friday,517148,1,1,100.00%,0,0.00%,1,1,100.00%,0,0.00%,1,0,$0.00,1,0.00%,0,0,$0.00,0,0.00%,0,0,0,$0.00,$0.00,$0.00,$0.00,$0.00,$0.00,$0.00,$0.00,$0.00,$0.00,0.00%,0,0.00%,$0.00,0.00%,0,0.00%,$0.00,0.00%,0,0.00%,$0.00,0.00%,0,0.00%,$0.00,0.00%,$0.00,$0.20,$0.00,$0.00,$0.00,$0.00,0.00%,$0.00,0.00%,$0.00,0.00%,$0.20,0.00%,$-0.20,0.00%
"50 - N12_RM_50_PRIOR_SYN_PrimeSmartSolutionsLLC_0577_75K",1,"Coors Light Tailgate Bundle","DP1 V3",Mastercard,Friday,552851,1,1,100.00%,0,0.00%,1,1,100.00%,0,0.00%,1,0,$0.00,1,0.00%,0,0,$0.00,0,0.00%,0,0,0,$0.00,$0.00,$0.00,$0.00,$0.00,$0.00,$0.00,$0.00,$0.00,$0.00,0.00%,0,0.00%,$0.00,0.00%,0,0.00%,$0.00,0.00%,0,0.00%,$0.00,0.00%,0,0.00%,$0.00,0.00%,$0.00,$0.20,$0.00,$0.00,$0.00,$0.00,0.00%,$0.00,0.00%,$0.00,0.00%,$0.20,0.00%,$-0.20,0.00%
"50 - N12_RM_50_PRIOR_SYN_PrimeSmartSolutionsLLC_0577_75K",1,"Coors Light Tailgate Bundle","DP1 V3",Visa,Friday,411771,1,1,100.00%,0,0.00%,1,1,100.00%,0,0.00%,1,0,$0.00,1,0.00%,0,0,$0.00,0,0.00%,0,0,0,$0.00,$0.00,$0.00,$0.00,$0.00,$0.00,$0.00,$0.00,$0.00,$0.00,0.00%,0,0.00%,$0.00,0.00%,0,0.00%,$0.00,0.00%,0,0.00%,$0.00,0.00%,0,0.00%,$0.00,0.00%,$0.00,$0.20,$0.00,$0.00,$0.00,$0.00,0.00%,$0.00,0.00%,$0.00,0.00%,$0.20,0.00%,$-0.20,0.00%
"50 - N12_RM_50_PRIOR_SYN_PrimeSmartSolutionsLLC_0577_75K",1,"Coors Light Tailgate Bundle","DP1 V3",Visa,Friday,415080,1,0,0.00%,1,100.00%,1,0,0.00%,1,100.00%,1,1,$12.89,0,100.00%,0,0,$0.00,0,0.00%,1,1,1,$12.89,$0.00,$0.00,$12.89,$0.00,$0.00,$12.89,$0.00,$12.89,$0.00,0.00%,0,0.00%,$0.00,0.00%,0,0.00%,$0.00,0.00%,0,0.00%,$0.00,0.00%,0,0.00%,$0.00,0.00%,$12.89,$0.84,$0.00,$0.00,$0.00,$0.00,0.00%,$0.00,0.00%,$0.00,0.00%,$0.84,6.52%,$12.05,93.48%
"50 - N12_RM_50_PRIOR_SYN_PrimeSmartSolutionsLLC_0577_75K",1,"Coors Light Tailgate Bundle","DP1 V3",Visa,Friday,435983,1,1,100.00%,0,0.00%,1,1,100.00%,0,0.00%,1,0,$0.00,1,0.00%,0,0,$0.00,0,0.00%,0,0,0,$0.00,$0.00,$0.00,$0.00,$0.00,$0.00,$0.00,$0.00,$0.00,$0.00,0.00%,0,0.00%,$0.00,0.00%,0,0.00%,$0.00,0.00%,0,0.00%,$0.00,0.00%,0,0.00%,$0.00,0.00%,$0.00,$0.20,$0.00,$0.00,$0.00,$0.00,0.00%,$0.00,0.00%,$0.00,0.00%,$0.20,0.00%,$-0.20,0.00%
"50 - N12_RM_50_PRIOR_SYN_PrimeSmartSolutionsLLC_0577_75K",1,"Harley Davidson Evo Helmet","DP1 V3",Mastercard,Friday,515676,1,1,100.00%,0,0.00%,1,1,100.00%,0,0.00%,1,0,$0.00,1,0.00%,0,0,$0.00,0,0.00%,0,0,0,$0.00,$0.00,$0.00,$0.00,$0.00,$0.00,$0.00,$0.00,$0.00,$0.00,0.00%,0,0.00%,$0.00,0.00%,0,0.00%,$0.00,0.00%,0,0.00%,$0.00,0.00%,0,0.00%,$0.00,0.00%,$0.00,$0.20,$0.00,$0.00,$0.00,$0.00,0.00%,$0.00,0.00%,$0.00,0.00%,$0.20,0.00%,$-0.20,0.00%
"50 - N12_RM_50_PRIOR_SYN_PrimeSmartSolutionsLLC_0577_75K",1,"Miller Lite Tailgate Combo Pack","DP1 V3",Mastercard,Friday,558650,1,1,100.00%,0,0.00%,1,1,100.00%,0,0.00%,1,0,$0.00,1,0.00%,0,0,$0.00,0,0.00%,0,0,0,$0.00,$0.00,$0.00,$0.00,$0.00,$0.00,$0.00,$0.00,$0.00,$0.00,0.00%,0,0.00%,$0.00,0.00%,0,0.00%,$0.00,0.00%,0,0.00%,$0.00,0.00%,0,0.00%,$0.00,0.00%,$0.00,$0.20,$0.00,$0.00,$0.00,$0.00,0.00%,$0.00,0.00%,$0.00,0.00%,$0.20,0.00%,$-0.20,0.00%
"50 - N12_RM_50_PRIOR_SYN_PrimeSmartSolutionsLLC_0577_75K",1,"Miller Lite Tailgate Combo Pack","DP1 V3",Visa,Friday,461046,1,0,0.00%,1,100.00%,1,0,0.00%,1,100.00%,1,1,$12.89,0,100.00%,0,0,$0.00,0,0.00%,1,1,1,$12.89,$0.00,$0.00,$12.89,$0.00,$0.00,$12.89,$0.00,$12.89,$0.00,0.00%,0,0.00%,$0.00,0.00%,0,0.00%,$0.00,0.00%,0,0.00%,$0.00,0.00%,0,0.00%,$0.00,0.00%,$12.89,$0.84,$0.00,$0.00,$0.00,$0.00,0.00%,$0.00,0.00%,$0.00,0.00%,$0.84,6.52%,$12.05,93.48%
"50 - N12_RM_50_PRIOR_SYN_PrimeSmartSolutionsLLC_0577_75K",1,"Miller Lite Tailgate Combo Pack","DP1 V3",Visa,Friday,480213,1,1,100.00%,0,0.00%,1,1,100.00%,0,0.00%,1,0,$0.00,1,0.00%,0,0,$0.00,0,0.00%,0,0,0,$0.00,$0.00,$0.00,$0.00,$0.00,$0.00,$0.00,$0.00,$0.00,$0.00,0.00%,0,0.00%,$0.00,0.00%,0,0.00%,$0.00,0.00%,0,0.00%,$0.00,0.00%,0,0.00%,$0.00,0.00%,$0.00,$0.20,$0.00,$0.00,$0.00,$0.00,0.00%,$0.00,0.00%,$0.00,0.00%,$0.20,0.00%,$-0.20,0.00%
"50 - N12_RM_50_PRIOR_SYN_PrimeSmartSolutionsLLC_0577_75K",1,"Sol De Janeiro skincare set","DP1 V3",Mastercard,Friday,534348,1,0,0.00%,1,100.00%,1,0,0.00%,1,100.00%,1,1,$12.89,0,100.00%,0,0,$0.00,0,0.00%,1,1,1,$12.89,$0.00,$0.00,$12.89,$0.00,$0.00,$12.89,$0.00,$12.89,$0.00,0.00%,0,0.00%,$0.00,0.00%,0,0.00%,$0.00,0.00%,0,0.00%,$0.00,0.00%,0,0.00%,$0.00,0.00%,$12.89,$0.84,$0.00,$0.00,$0.00,$0.00,0.00%,$0.00,0.00%,$0.00,0.00%,$0.84,6.52%,$12.05,93.48%
"50 - N12_RM_50_PRIOR_SYN_PrimeSmartSolutionsLLC_0577_75K",1,"Stihl ZeroTurn Lawn Mower","DP1 V3",Mastercard,Friday,546325,1,1,100.00%,0,0.00%,1,1,100.00%,0,0.00%,1,0,$0.00,1,0.00%,0,0,$0.00,0,0.00%,0,0,0,$0.00,$0.00,$0.00,$0.00,$0.00,$0.00,$0.00,$0.00,$0.00,$0.00,0.00%,0,0.00%,$0.00,0.00%,0,0.00%,$0.00,0.00%,0,0.00%,$0.00,0.00%,0,0.00%,$0.00,0.00%,$0.00,$0.20,$0.00,$0.00,$0.00,$0.00,0.00%,$0.00,0.00%,$0.00,0.00%,$0.20,0.00%,$-0.20,0.00%
"50 - N12_RM_50_PRIOR_SYN_PrimeSmartSolutionsLLC_0577_75K",1,"Stihl ZeroTurn Lawn Mower","DP1 V3",Visa,Friday,461100,1,1,100.00%,0,0.00%,1,1,100.00%,0,0.00%,1,0,$0.00,1,0.00%,0,0,$0.00,0,0.00%,0,0,0,$0.00,$0.00,$0.00,$0.00,$0.00,$0.00,$0.00,$0.00,$0.00,$0.00,0.00%,0,0.00%,$0.00,0.00%,0,0.00%,$0.00,0.00%,0,0.00%,$0.00,0.00%,0,0.00%,$0.00,0.00%,$0.00,$0.20,$0.00,$0.00,$0.00,$0.00,0.00%,$0.00,0.00%,$0.00,0.00%,$0.20,0.00%,$-0.20,0.00%
"51 - RM_51_PRIOR_SYN_PrimeSmartSolutionsLLC_5208_75K",1,"Miller Lite Tailgate Combo Pack","DP1 V3",Visa,Friday,434258,1,1,100.00%,0,0.00%,1,1,100.00%,0,0.00%,1,0,$0.00,1,0.00%,0,0,$0.00,0,0.00%,0,0,0,$0.00,$0.00,$0.00,$0.00,$0.00,$0.00,$0.00,$0.00,$0.00,$0.00,0.00%,0,0.00%,$0.00,0.00%,0,0.00%,$0.00,0.00%,0,0.00%,$0.00,0.00%,0,0.00%,$0.00,0.00%,$0.00,$0.20,$0.00,$0.00,$0.00,$0.00,0.00%,$0.00,0.00%,$0.00,0.00%,$0.20,0.00%,$-0.20,0.00%
"51 - RM_51_PRIOR_SYN_PrimeSmartSolutionsLLC_5208_75K",1,"Miller Lite Tailgate Combo Pack","DP1 V3",Visa,Friday,444968,1,1,100.00%,0,0.00%,1,1,100.00%,0,0.00%,1,0,$0.00,1,0.00%,0,0,$0.00,0,0.00%,0,0,0,$0.00,$0.00,$0.00,$0.00,$0.00,$0.00,$0.00,$0.00,$0.00,$0.00,0.00%,0,0.00%,$0.00,0.00%,0,0.00%,$0.00,0.00%,0,0.00%,$0.00,0.00%,0,0.00%,$0.00,0.00%,$0.00,$0.20,$0.00,$0.00,$0.00,$0.00,0.00%,$0.00,0.00%,$0.00,0.00%,$0.20,0.00%,$-0.20,0.00%
"51 - RM_51_PRIOR_SYN_PrimeSmartSolutionsLLC_5208_75K",1,"TaylorMade SIM2 Max Driver","DP1 V3",Visa,Friday,478200,1,0,0.00%,1,100.00%,1,0,0.00%,1,100.00%,1,1,$12.89,0,100.00%,0,0,$0.00,0,0.00%,1,1,1,$12.89,$0.00,$0.00,$12.89,$0.00,$0.00,$12.89,$0.00,$12.89,$0.00,0.00%,0,0.00%,$0.00,0.00%,0,0.00%,$0.00,0.00%,0,0.00%,$0.00,0.00%,0,0.00%,$0.00,0.00%,$12.89,$0.84,$0.00,$0.00,$0.00,$0.00,0.00%,$0.00,0.00%,$0.00,0.00%,$0.84,6.52%,$12.05,93.48%
"52 - N2_RM_52_PRIOR_SYN_PrimeSmartSolutionsLLC_9568_75K",1,"Coors Light Tailgate Bundle","DP1 V3",Mastercard,Friday,542539,1,0,0.00%,1,100.00%,1,0,0.00%,1,100.00%,1,1,$12.89,0,100.00%,0,0,$0.00,0,0.00%,1,1,1,$12.89,$0.00,$0.00,$12.89,$0.00,$0.00,$12.89,$0.00,$12.89,$12.89,100.00%,0,0.00%,$0.00,0.00%,0,0.00%,$0.00,0.00%,0,0.00%,$0.00,0.00%,1,100.00%,$12.89,100.00%,$0.00,$0.84,$0.00,$0.00,$0.00,$0.00,0.00%,$0.00,0.00%,$0.00,0.00%,$0.84,6.52%,$-0.84,-6.52%
"52 - N2_RM_52_PRIOR_SYN_PrimeSmartSolutionsLLC_9568_75K",1,"Garmin Fish Finder","DP1 V3",Mastercard,Friday,544632,1,0,0.00%,1,100.00%,1,0,0.00%,1,100.00%,1,1,$12.89,0,100.00%,0,0,$0.00,0,0.00%,1,1,1,$12.89,$0.00,$0.00,$12.89,$0.00,$0.00,$12.89,$0.00,$12.89,$0.00,0.00%,0,0.00%,$0.00,0.00%,0,0.00%,$0.00,0.00%,0,0.00%,$0.00,0.00%,0,0.00%,$0.00,0.00%,$12.89,$0.84,$0.00,$0.00,$0.00,$0.00,0.00%,$0.00,0.00%,$0.00,0.00%,$0.84,6.52%,$12.05,93.48%
"52 - N2_RM_52_PRIOR_SYN_PrimeSmartSolutionsLLC_9568_75K",1,"KUIU Guide DCS Jacket","DP1 V3",Mastercard,Friday,514377,1,0,0.00%,1,100.00%,1,0,0.00%,1,100.00%,1,1,$12.89,0,100.00%,0,0,$0.00,0,0.00%,1,1,1,$12.89,$0.00,$0.00,$12.89,$0.00,$0.00,$12.89,$0.00,$12.89,$12.89,100.00%,0,0.00%,$0.00,0.00%,0,0.00%,$0.00,0.00%,0,0.00%,$0.00,0.00%,1,100.00%,$12.89,100.00%,$0.00,$0.84,$0.00,$0.00,$0.00,$0.00,0.00%,$0.00,0.00%,$0.00,0.00%,$0.84,6.52%,$-0.84,-6.52%
"52 - N2_RM_52_PRIOR_SYN_PrimeSmartSolutionsLLC_9568_75K",1,"Sol De Janeiro skincare set","DP1 V3",Visa,Friday,443603,1,1,100.00%,0,0.00%,1,1,100.00%,0,0.00%,1,0,$0.00,1,0.00%,0,0,$0.00,0,0.00%,0,0,0,$0.00,$0.00,$0.00,$0.00,$0.00,$0.00,$0.00,$0.00,$0.00,$0.00,0.00%,0,0.00%,$0.00,0.00%,0,0.00%,$0.00,0.00%,0,0.00%,$0.00,0.00%,0,0.00%,$0.00,0.00%,$0.00,$0.20,$0.00,$0.00,$0.00,$0.00,0.00%,$0.00,0.00%,$0.00,0.00%,$0.20,0.00%,$-0.20,0.00%
"52 - N2_RM_52_PRIOR_SYN_PrimeSmartSolutionsLLC_9568_75K",1,"Stihl ZeroTurn Lawn Mower","DP1 V3",Visa,Friday,431503,1,1,100.00%,0,0.00%,1,1,100.00%,0,0.00%,1,0,$0.00,1,0.00%,0,0,$0.00,0,0.00%,0,0,0,$0.00,$0.00,$0.00,$0.00,$0.00,$0.00,$0.00,$0.00,$0.00,$0.00,0.00%,0,0.00%,$0.00,0.00%,0,0.00%,$0.00,0.00%,0,0.00%,$0.00,0.00%,0,0.00%,$0.00,0.00%,$0.00,$0.20,$0.00,$0.00,$0.00,$0.00,0.00%,$0.00,0.00%,$0.00,0.00%,$0.20,0.00%,$-0.20,0.00%
"53 - N2R2_RM_53_PRIOR_SYN_DiamondSphereLLC_3847_75K",1,"BUBBA Cordless Electric Fillet Knife","DP1 V3",Visa,Friday,414740,1,1,100.00%,0,0.00%,1,1,100.00%,0,0.00%,1,0,$0.00,1,0.00%,0,0,$0.00,0,0.00%,0,0,0,$0.00,$0.00,$0.00,$0.00,$0.00,$0.00,$0.00,$0.00,$0.00,$0.00,0.00%,0,0.00%,$0.00,0.00%,0,0.00%,$0.00,0.00%,0,0.00%,$0.00,0.00%,0,0.00%,$0.00,0.00%,$0.00,$0.20,$0.00,$0.00,$0.00,$0.00,0.00%,$0.00,0.00%,$0.00,0.00%,$0.20,0.00%,$-0.20,0.00%
"53 - N2R2_RM_53_PRIOR_SYN_DiamondSphereLLC_3847_75K",1,"Coors Light Tailgate Bundle","DP1 V3",Mastercard,Friday,517572,1,0,0.00%,1,100.00%,1,0,0.00%,1,100.00%,1,1,$12.89,0,100.00%,0,0,$0.00,0,0.00%,1,1,1,$12.89,$0.00,$0.00,$12.89,$0.00,$0.00,$12.89,$0.00,$12.89,$0.00,0.00%,0,0.00%,$0.00,0.00%,0,0.00%,$0.00,0.00%,0,0.00%,$0.00,0.00%,0,0.00%,$0.00,0.00%,$12.89,$0.84,$0.00,$0.00,$0.00,$0.00,0.00%,$0.00,0.00%,$0.00,0.00%,$0.84,6.52%,$12.05,93.48%
"53 - N2R2_RM_53_PRIOR_SYN_DiamondSphereLLC_3847_75K",1,"Coors Light Tailgate Bundle","DP1 V3",Visa,Friday,467068,1,0,0.00%,1,100.00%,1,0,0.00%,1,100.00%,1,1,$12.89,0,100.00%,0,0,$0.00,0,0.00%,1,1,1,$12.89,$0.00,$0.00,$12.89,$0.00,$0.00,$12.89,$0.00,$12.89,$0.00,0.00%,0,0.00%,$0.00,0.00%,0,0.00%,$0.00,0.00%,0,0.00%,$0.00,0.00%,0,0.00%,$0.00,0.00%,$12.89,$0.84,$0.00,$0.00,$0.00,$0.00,0.00%,$0.00,0.00%,$0.00,0.00%,$0.84,6.52%,$12.05,93.48%
"53 - N2R2_RM_53_PRIOR_SYN_DiamondSphereLLC_3847_75K",1,"Miller Lite Tailgate Combo Pack","DP1 V3",Mastercard,Friday,514616,1,0,0.00%,1,100.00%,1,0,0.00%,1,100.00%,1,1,$12.89,0,100.00%,0,0,$0.00,0,0.00%,1,1,1,$12.89,$0.00,$0.00,$12.89,$0.00,$0.00,$12.89,$0.00,$12.89,$0.00,0.00%,0,0.00%,$0.00,0.00%,0,0.00%,$0.00,0.00%,0,0.00%,$0.00,0.00%,0,0.00%,$0.00,0.00%,$12.89,$0.84,$0.00,$0.00,$0.00,$0.00,0.00%,$0.00,0.00%,$0.00,0.00%,$0.84,6.52%,$12.05,93.48%
"53 - N2R2_RM_53_PRIOR_SYN_DiamondSphereLLC_3847_75K",1,"Miller Lite Tailgate Combo Pack","DP1 V3",Mastercard,Friday,542539,1,0,0.00%,1,100.00%,1,0,0.00%,1,100.00%,1,1,$12.89,0,100.00%,0,0,$0.00,0,0.00%,1,1,1,$12.89,$0.00,$0.00,$12.89,$0.00,$0.00,$12.89,$0.00,$12.89,$0.00,0.00%,0,0.00%,$0.00,0.00%,0,0.00%,$0.00,0.00%,0,0.00%,$0.00,0.00%,0,0.00%,$0.00,0.00%,$12.89,$0.84,$0.00,$0.00,$0.00,$0.00,0.00%,$0.00,0.00%,$0.00,0.00%,$0.84,6.52%,$12.05,93.48%
"53 - N2R2_RM_53_PRIOR_SYN_DiamondSphereLLC_3847_75K",1,"Miller Lite Tailgate Combo Pack","DP1 V3",Visa,Friday,463153,1,1,100.00%,0,0.00%,1,1,100.00%,0,0.00%,1,0,$0.00,1,0.00%,0,0,$0.00,0,0.00%,0,0,0,$0.00,$0.00,$0.00,$0.00,$0.00,$0.00,$0.00,$0.00,$0.00,$0.00,0.00%,0,0.00%,$0.00,0.00%,0,0.00%,$0.00,0.00%,0,0.00%,$0.00,0.00%,0,0.00%,$0.00,0.00%,$0.00,$0.20,$0.00,$0.00,$0.00,$0.00,0.00%,$0.00,0.00%,$0.00,0.00%,$0.20,0.00%,$-0.20,0.00%
"53 - N2R2_RM_53_PRIOR_SYN_DiamondSphereLLC_3847_75K",1,"Miller Lite Tailgate Combo Pack","DP1 V3",Visa,Friday,483313,1,1,100.00%,0,0.00%,1,1,100.00%,0,0.00%,1,0,$0.00,1,0.00%,0,0,$0.00,0,0.00%,0,0,0,$0.00,$0.00,$0.00,$0.00,$0.00,$0.00,$0.00,$0.00,$0.00,$0.00,0.00%,0,0.00%,$0.00,0.00%,0,0.00%,$0.00,0.00%,0,0.00%,$0.00,0.00%,0,0.00%,$0.00,0.00%,$0.00,$0.20,$0.00,$0.00,$0.00,$0.00,0.00%,$0.00,0.00%,$0.00,0.00%,$0.20,0.00%,$-0.20,0.00%
"53 - N2R2_RM_53_PRIOR_SYN_DiamondSphereLLC_3847_75K",1,"Sol De Janeiro skincare set","DP1 V3",Visa,Friday,435323,1,0,0.00%,1,100.00%,1,0,0.00%,1,100.00%,1,1,$12.89,0,100.00%,0,0,$0.00,0,0.00%,1,1,1,$12.89,$0.00,$0.00,$12.89,$0.00,$0.00,$12.89,$0.00,$12.89,$0.00,0.00%,0,0.00%,$0.00,0.00%,0,0.00%,$0.00,0.00%,0,0.00%,$0.00,0.00%,0,0.00%,$0.00,0.00%,$12.89,$0.84,$0.00,$0.00,$0.00,$0.00,0.00%,$0.00,0.00%,$0.00,0.00%,$0.84,6.52%,$12.05,93.48%
"53 - N2R2_RM_53_PRIOR_SYN_DiamondSphereLLC_3847_75K",1,"TaylorMade SIM2 Max Driver","DP1 V3",Visa,Friday,441840,1,1,100.00%,0,0.00%,1,1,100.00%,0,0.00%,1,0,$0.00,1,0.00%,0,0,$0.00,0,0.00%,0,0,0,$0.00,$0.00,$0.00,$0.00,$0.00,$0.00,$0.00,$0.00,$0.00,$0.00,0.00%,0,0.00%,$0.00,0.00%,0,0.00%,$0.00,0.00%,0,0.00%,$0.00,0.00%,0,0.00%,$0.00,0.00%,$0.00,$0.20,$0.00,$0.00,$0.00,$0.00,0.00%,$0.00,0.00%,$0.00,0.00%,$0.20,0.00%,$-0.20,0.00%
"56 - N12R1_RM_56_NET_ESQ_PrimeSmartSolutionsLLC_3949_65K",1,"Coors Light Tailgate Bundle","DP1 V3",Visa,Friday,438811,1,1,100.00%,0,0.00%,1,1,100.00%,0,0.00%,1,0,$0.00,1,0.00%,0,0,$0.00,0,0.00%,0,0,0,$0.00,$0.00,$0.00,$0.00,$0.00,$0.00,$0.00,$0.00,$0.00,$0.00,0.00%,0,0.00%,$0.00,0.00%,0,0.00%,$0.00,0.00%,0,0.00%,$0.00,0.00%,0,0.00%,$0.00,0.00%,$0.00,$0.20,$0.00,$0.00,$0.00,$0.00,0.00%,$0.00,0.00%,$0.00,0.00%,$0.20,0.00%,$-0.20,0.00%
"56 - N12R1_RM_56_NET_ESQ_PrimeSmartSolutionsLLC_3949_65K",1,"Coors Light Tailgate Bundle","DP1 V3",Visa,Friday,480380,1,1,100.00%,0,0.00%,1,1,100.00%,0,0.00%,1,0,$0.00,1,0.00%,0,0,$0.00,0,0.00%,0,0,0,$0.00,$0.00,$0.00,$0.00,$0.00,$0.00,$0.00,$0.00,$0.00,$0.00,0.00%,0,0.00%,$0.00,0.00%,0,0.00%,$0.00,0.00%,0,0.00%,$0.00,0.00%,0,0.00%,$0.00,0.00%,$0.00,$0.20,$0.00,$0.00,$0.00,$0.00,0.00%,$0.00,0.00%,$0.00,0.00%,$0.20,0.00%,$-0.20,0.00%
"56 - N12R1_RM_56_NET_ESQ_PrimeSmartSolutionsLLC_3949_65K",1,"Garmin Fish Finder","DP1 V3",Mastercard,Friday,554085,1,0,0.00%,1,100.00%,1,0,0.00%,1,100.00%,1,1,$12.89,0,100.00%,0,0,$0.00,0,0.00%,1,1,1,$12.89,$0.00,$0.00,$12.89,$0.00,$0.00,$12.89,$0.00,$12.89,$0.00,0.00%,0,0.00%,$0.00,0.00%,0,0.00%,$0.00,0.00%,0,0.00%,$0.00,0.00%,0,0.00%,$0.00,0.00%,$12.89,$0.84,$0.00,$0.00,$0.00,$0.00,0.00%,$0.00,0.00%,$0.00,0.00%,$0.84,6.52%,$12.05,93.48%
"56 - N12R1_RM_56_NET_ESQ_PrimeSmartSolutionsLLC_3949_65K",1,"Sol De Janeiro skincare set","DP1 V3",Visa,Friday,433759,1,1,100.00%,0,0.00%,1,1,100.00%,0,0.00%,1,0,$0.00,1,0.00%,0,0,$0.00,0,0.00%,0,0,0,$0.00,$0.00,$0.00,$0.00,$0.00,$0.00,$0.00,$0.00,$0.00,$0.00,0.00%,0,0.00%,$0.00,0.00%,0,0.00%,$0.00,0.00%,0,0.00%,$0.00,0.00%,0,0.00%,$0.00,0.00%,$0.00,$0.20,$0.00,$0.00,$0.00,$0.00,0.00%,$0.00,0.00%,$0.00,0.00%,$0.20,0.00%,$-0.20,0.00%
"56 - N12R1_RM_56_NET_ESQ_PrimeSmartSolutionsLLC_3949_65K",1,"TaylorMade SIM2 Max Driver","DP1 V3",Visa,Friday,445253,1,0,0.00%,1,100.00%,1,0,0.00%,1,100.00%,1,1,$12.89,0,100.00%,0,0,$0.00,0,0.00%,1,1,1,$12.89,$0.00,$0.00,$12.89,$0.00,$0.00,$12.89,$0.00,$12.89,$0.00,0.00%,0,0.00%,$0.00,0.00%,0,0.00%,$0.00,0.00%,0,0.00%,$0.00,0.00%,0,0.00%,$0.00,0.00%,$12.89,$0.84,$0.00,$0.00,$0.00,$0.00,0.00%,$0.00,0.00%,$0.00,0.00%,$0.84,6.52%,$12.05,93.48%
"57 - N2R2_RM_57_NET_ESQ_PrimeSmartSolutionsLLC_3998_65K",1,"Coors Light Tailgate Bundle","DP1 V3",Visa,Friday,400022,1,1,100.00%,0,0.00%,1,1,100.00%,0,0.00%,1,0,$0.00,1,0.00%,0,0,$0.00,0,0.00%,0,0,0,$0.00,$0.00,$0.00,$0.00,$0.00,$0.00,$0.00,$0.00,$0.00,$0.00,0.00%,0,0.00%,$0.00,0.00%,0,0.00%,$0.00,0.00%,0,0.00%,$0.00,0.00%,0,0.00%,$0.00,0.00%,$0.00,$0.20,$0.00,$0.00,$0.00,$0.00,0.00%,$0.00,0.00%,$0.00,0.00%,$0.20,0.00%,$-0.20,0.00%
"57 - N2R2_RM_57_NET_ESQ_PrimeSmartSolutionsLLC_3998_65K",1,"Coors Light Tailgate Bundle","DP1 V3",Visa,Friday,473905,1,1,100.00%,0,0.00%,1,1,100.00%,0,0.00%,1,0,$0.00,1,0.00%,0,0,$0.00,0,0.00%,0,0,0,$0.00,$0.00,$0.00,$0.00,$0.00,$0.00,$0.00,$0.00,$0.00,$0.00,0.00%,0,0.00%,$0.00,0.00%,0,0.00%,$0.00,0.00%,0,0.00%,$0.00,0.00%,0,0.00%,$0.00,0.00%,$0.00,$0.20,$0.00,$0.00,$0.00,$0.00,0.00%,$0.00,0.00%,$0.00,0.00%,$0.20,0.00%,$-0.20,0.00%
"57 - N2R2_RM_57_NET_ESQ_PrimeSmartSolutionsLLC_3998_65K",1,"Harley Davidson Evo Helmet","DP1 V3",Visa,Friday,442732,1,0,0.00%,1,100.00%,1,0,0.00%,1,100.00%,1,1,$12.89,0,100.00%,0,0,$0.00,0,0.00%,1,1,1,$12.89,$0.00,$0.00,$12.89,$0.00,$0.00,$12.89,$0.00,$12.89,$0.00,0.00%,0,0.00%,$0.00,0.00%,0,0.00%,$0.00,0.00%,0,0.00%,$0.00,0.00%,0,0.00%,$0.00,0.00%,$12.89,$0.84,$0.00,$0.00,$0.00,$0.00,0.00%,$0.00,0.00%,$0.00,0.00%,$0.84,6.52%,$12.05,93.48%
"57 - N2R2_RM_57_NET_ESQ_PrimeSmartSolutionsLLC_3998_65K",1,"Miller Lite Tailgate Combo Pack","DP1 V3",Mastercard,Friday,552869,1,0,0.00%,1,100.00%,1,0,0.00%,1,100.00%,1,1,$12.89,0,100.00%,0,0,$0.00,0,0.00%,1,1,1,$12.89,$0.00,$0.00,$12.89,$0.00,$0.00,$12.89,$0.00,$12.89,$0.00,0.00%,0,0.00%,$0.00,0.00%,0,0.00%,$0.00,0.00%,0,0.00%,$0.00,0.00%,0,0.00%,$0.00,0.00%,$12.89,$0.84,$0.00,$0.00,$0.00,$0.00,0.00%,$0.00,0.00%,$0.00,0.00%,$0.84,6.52%,$12.05,93.48%
"57 - N2R2_RM_57_NET_ESQ_PrimeSmartSolutionsLLC_3998_65K",1,"Miller Lite Tailgate Combo Pack","DP1 V3",Visa,Friday,473702,1,1,100.00%,0,0.00%,1,1,100.00%,0,0.00%,1,0,$0.00,1,0.00%,0,0,$0.00,0,0.00%,0,0,0,$0.00,$0.00,$0.00,$0.00,$0.00,$0.00,$0.00,$0.00,$0.00,$0.00,0.00%,0,0.00%,$0.00,0.00%,0,0.00%,$0.00,0.00%,0,0.00%,$0.00,0.00%,0,0.00%,$0.00,0.00%,$0.00,$0.20,$0.00,$0.00,$0.00,$0.00,0.00%,$0.00,0.00%,$0.00,0.00%,$0.20,0.00%,$-0.20,0.00%
"57 - N2R2_RM_57_NET_ESQ_PrimeSmartSolutionsLLC_3998_65K",1,"TaylorMade SIM2 Max Driver","DP1 V3",Mastercard,Friday,551316,1,0,0.00%,1,100.00%,1,0,0.00%,1,100.00%,1,1,$12.89,0,100.00%,0,0,$0.00,0,0.00%,1,1,1,$12.89,$0.00,$0.00,$12.89,$0.00,$0.00,$12.89,$0.00,$12.89,$0.00,0.00%,0,0.00%,$0.00,0.00%,0,0.00%,$0.00,0.00%,0,0.00%,$0.00,0.00%,0,0.00%,$0.00,0.00%,$12.89,$0.84,$0.00,$0.00,$0.00,$0.00,0.00%,$0.00,0.00%,$0.00,0.00%,$0.84,6.52%,$12.05,93.48%
"57 - N2R2_RM_57_NET_ESQ_PrimeSmartSolutionsLLC_3998_65K",1,"TaylorMade Spider ZT Golf Putter","DP1 V3",Visa,Friday,426938,1,0,0.00%,1,100.00%,1,0,0.00%,1,100.00%,1,1,$12.89,0,100.00%,0,0,$0.00,0,0.00%,1,1,1,$12.89,$0.00,$0.00,$12.89,$0.00,$0.00,$12.89,$0.00,$12.89,$0.00,0.00%,0,0.00%,$0.00,0.00%,0,0.00%,$0.00,0.00%,0,0.00%,$0.00,0.00%,0,0.00%,$0.00,0.00%,$12.89,$0.84,$0.00,$0.00,$0.00,$0.00,0.00%,$0.00,0.00%,$0.00,0.00%,$0.84,6.52%,$12.05,93.48%
"58 - NR2_RM_58_NET_ESQ_PrimeSmartSolutionsLLC_3931_65K",1,"BUBBA Cordless Electric Fillet Knife","DP1 V3",Visa,Friday,420932,1,1,100.00%,0,0.00%,1,1,100.00%,0,0.00%,1,0,$0.00,1,0.00%,0,0,$0.00,0,0.00%,0,0,0,$0.00,$0.00,$0.00,$0.00,$0.00,$0.00,$0.00,$0.00,$0.00,$0.00,0.00%,0,0.00%,$0.00,0.00%,0,0.00%,$0.00,0.00%,0,0.00%,$0.00,0.00%,0,0.00%,$0.00,0.00%,$0.00,$0.20,$0.00,$0.00,$0.00,$0.00,0.00%,$0.00,0.00%,$0.00,0.00%,$0.20,0.00%,$-0.20,0.00%
"58 - NR2_RM_58_NET_ESQ_PrimeSmartSolutionsLLC_3931_65K",1,"Miller Lite Tailgate Combo Pack","DP1 V3",Visa,Friday,400977,1,0,0.00%,1,100.00%,1,0,0.00%,1,100.00%,1,1,$12.89,0,100.00%,0,0,$0.00,0,0.00%,1,1,1,$12.89,$0.00,$0.00,$12.89,$0.00,$0.00,$12.89,$0.00,$12.89,$0.00,0.00%,0,0.00%,$0.00,0.00%,0,0.00%,$0.00,0.00%,0,0.00%,$0.00,0.00%,0,0.00%,$0.00,0.00%,$12.89,$0.84,$0.00,$0.00,$0.00,$0.00,0.00%,$0.00,0.00%,$0.00,0.00%,$0.84,6.52%,$12.05,93.48%
"58 - NR2_RM_58_NET_ESQ_PrimeSmartSolutionsLLC_3931_65K",1,"Miller Lite Tailgate Combo Pack","DP1 V3",Visa,Friday,447745,1,0,0.00%,1,100.00%,1,0,0.00%,1,100.00%,1,1,$12.89,0,100.00%,0,0,$0.00,0,0.00%,1,1,1,$12.89,$0.00,$0.00,$12.89,$0.00,$0.00,$12.89,$0.00,$12.89,$0.00,0.00%,0,0.00%,$0.00,0.00%,0,0.00%,$0.00,0.00%,0,0.00%,$0.00,0.00%,0,0.00%,$0.00,0.00%,$12.89,$0.84,$0.00,$0.00,$0.00,$0.00,0.00%,$0.00,0.00%,$0.00,0.00%,$0.84,6.52%,$12.05,93.48%
"58 - NR2_RM_58_NET_ESQ_PrimeSmartSolutionsLLC_3931_65K",1,"Sol De Janeiro skincare set","DP1 V3",Visa,Friday,426684,1,1,100.00%,0,0.00%,1,1,100.00%,0,0.00%,1,0,$0.00,1,0.00%,0,0,$0.00,0,0.00%,0,0,0,$0.00,$0.00,$0.00,$0.00,$0.00,$0.00,$0.00,$0.00,$0.00,$0.00,0.00%,0,0.00%,$0.00,0.00%,0,0.00%,$0.00,0.00%,0,0.00%,$0.00,0.00%,0,0.00%,$0.00,0.00%,$0.00,$0.20,$0.00,$0.00,$0.00,$0.00,0.00%,$0.00,0.00%,$0.00,0.00%,$0.20,0.00%,$-0.20,0.00%
"58 - NR2_RM_58_NET_ESQ_PrimeSmartSolutionsLLC_3931_65K",1,"TaylorMade SIM2 Max Driver","DP1 V3",Visa,Friday,400898,1,1,100.00%,0,0.00%,1,1,100.00%,0,0.00%,1,0,$0.00,1,0.00%,0,0,$0.00,0,0.00%,0,0,0,$0.00,$0.00,$0.00,$0.00,$0.00,$0.00,$0.00,$0.00,$0.00,$0.00,0.00%,0,0.00%,$0.00,0.00%,0,0.00%,$0.00,0.00%,0,0.00%,$0.00,0.00%,0,0.00%,$0.00,0.00%,$0.00,$0.20,$0.00,$0.00,$0.00,$0.00,0.00%,$0.00,0.00%,$0.00,0.00%,$0.20,0.00%,$-0.20,0.00%
"59 - RM_59_PRIOR_SYN_DiamondSphereLLC_2940_75K",1,"Coors Light Tailgate Bundle","DP1 V3",Mastercard,Friday,510875,1,1,100.00%,0,0.00%,1,1,100.00%,0,0.00%,1,0,$0.00,1,0.00%,0,0,$0.00,0,0.00%,0,0,0,$0.00,$0.00,$0.00,$0.00,$0.00,$0.00,$0.00,$0.00,$0.00,$0.00,0.00%,0,0.00%,$0.00,0.00%,0,0.00%,$0.00,0.00%,0,0.00%,$0.00,0.00%,0,0.00%,$0.00,0.00%,$0.00,$0.20,$0.00,$0.00,$0.00,$0.00,0.00%,$0.00,0.00%,$0.00,0.00%,$0.20,0.00%,$-0.20,0.00%
"59 - RM_59_PRIOR_SYN_DiamondSphereLLC_2940_75K",1,"Coors Light Tailgate Bundle","DP1 V3",Mastercard,Friday,512853,1,1,100.00%,0,0.00%,1,1,100.00%,0,0.00%,1,0,$0.00,1,0.00%,0,0,$0.00,0,0.00%,0,0,0,$0.00,$0.00,$0.00,$0.00,$0.00,$0.00,$0.00,$0.00,$0.00,$0.00,0.00%,0,0.00%,$0.00,0.00%,0,0.00%,$0.00,0.00%,0,0.00%,$0.00,0.00%,0,0.00%,$0.00,0.00%,$0.00,$0.20,$0.00,$0.00,$0.00,$0.00,0.00%,$0.00,0.00%,$0.00,0.00%,$0.20,0.00%,$-0.20,0.00%
"59 - RM_59_PRIOR_SYN_DiamondSphereLLC_2940_75K",1,"Coors Light Tailgate Bundle","DP1 V3",Mastercard,Friday,512876,1,0,0.00%,1,100.00%,1,0,0.00%,1,100.00%,1,1,$12.89,0,100.00%,0,0,$0.00,0,0.00%,1,1,1,$12.89,$0.00,$0.00,$12.89,$0.00,$0.00,$12.89,$0.00,$12.89,$0.00,0.00%,0,0.00%,$0.00,0.00%,0,0.00%,$0.00,0.00%,0,0.00%,$0.00,0.00%,0,0.00%,$0.00,0.00%,$12.89,$0.84,$0.00,$0.00,$0.00,$0.00,0.00%,$0.00,0.00%,$0.00,0.00%,$0.84,6.52%,$12.05,93.48%
"59 - RM_59_PRIOR_SYN_DiamondSphereLLC_2940_75K",1,"Coors Light Tailgate Bundle","DP1 V3",Visa,Friday,442392,1,0,0.00%,1,100.00%,1,0,0.00%,1,100.00%,1,1,$12.89,0,100.00%,0,0,$0.00,0,0.00%,1,1,1,$12.89,$0.00,$0.00,$12.89,$0.00,$0.00,$12.89,$0.00,$12.89,$0.00,0.00%,0,0.00%,$0.00,0.00%,0,0.00%,$0.00,0.00%,0,0.00%,$0.00,0.00%,0,0.00%,$0.00,0.00%,$12.89,$0.84,$0.00,$0.00,$0.00,$0.00,0.00%,$0.00,0.00%,$0.00,0.00%,$0.84,6.52%,$12.05,93.48%
"59 - RM_59_PRIOR_SYN_DiamondSphereLLC_2940_75K",1,"Miller Lite Tailgate Combo Pack","DP1 V3",Mastercard,Friday,521267,1,1,100.00%,0,0.00%,1,1,100.00%,0,0.00%,1,0,$0.00,1,0.00%,0,0,$0.00,0,0.00%,0,0,0,$0.00,$0.00,$0.00,$0.00,$0.00,$0.00,$0.00,$0.00,$0.00,$0.00,0.00%,0,0.00%,$0.00,0.00%,0,0.00%,$0.00,0.00%,0,0.00%,$0.00,0.00%,0,0.00%,$0.00,0.00%,$0.00,$0.20,$0.00,$0.00,$0.00,$0.00,0.00%,$0.00,0.00%,$0.00,0.00%,$0.20,0.00%,$-0.20,0.00%
"6 - zCLOSED_N1R12_RM_6_NET_ESQ_SpecifiConLLC_8819_65K",1,"Coors Light Tailgate Bundle","DP1 V3",Mastercard,Friday,539689,1,0,0.00%,1,100.00%,1,0,0.00%,1,100.00%,1,1,$12.89,0,100.00%,0,0,$0.00,0,0.00%,1,1,1,$12.89,$0.00,$0.00,$12.89,$0.00,$0.00,$12.89,$0.00,$12.89,$0.00,0.00%,0,0.00%,$0.00,0.00%,0,0.00%,$0.00,0.00%,0,0.00%,$0.00,0.00%,0,0.00%,$0.00,0.00%,$12.89,$0.84,$0.00,$0.00,$0.00,$0.00,0.00%,$0.00,0.00%,$0.00,0.00%,$0.84,6.52%,$12.05,93.48%
"6 - zCLOSED_N1R12_RM_6_NET_ESQ_SpecifiConLLC_8819_65K",1,"Coors Light Tailgate Bundle","DP1 V3",Visa,Friday,409451,1,1,100.00%,0,0.00%,1,1,100.00%,0,0.00%,1,0,$0.00,1,0.00%,0,0,$0.00,0,0.00%,0,0,0,$0.00,$0.00,$0.00,$0.00,$0.00,$0.00,$0.00,$0.00,$0.00,$0.00,0.00%,0,0.00%,$0.00,0.00%,0,0.00%,$0.00,0.00%,0,0.00%,$0.00,0.00%,0,0.00%,$0.00,0.00%,$0.00,$0.20,$0.00,$0.00,$0.00,$0.00,0.00%,$0.00,0.00%,$0.00,0.00%,$0.20,0.00%,$-0.20,0.00%
"6 - zCLOSED_N1R12_RM_6_NET_ESQ_SpecifiConLLC_8819_65K",1,"Coors Light Tailgate Bundle","DP1 V3",Visa,Friday,448262,1,0,0.00%,1,100.00%,1,0,0.00%,1,100.00%,1,1,$12.89,0,100.00%,0,0,$0.00,0,0.00%,1,1,1,$12.89,$0.00,$0.00,$12.89,$0.00,$0.00,$12.89,$0.00,$12.89,$0.00,0.00%,0,0.00%,$0.00,0.00%,0,0.00%,$0.00,0.00%,0,0.00%,$0.00,0.00%,0,0.00%,$0.00,0.00%,$12.89,$0.84,$0.00,$0.00,$0.00,$0.00,0.00%,$0.00,0.00%,$0.00,0.00%,$0.84,6.52%,$12.05,93.48%
"6 - zCLOSED_N1R12_RM_6_NET_ESQ_SpecifiConLLC_8819_65K",1,"Coors Light Tailgate Bundle","DP1 V3",Visa,Friday,461046,1,1,100.00%,0,0.00%,1,1,100.00%,0,0.00%,1,0,$0.00,1,0.00%,0,0,$0.00,0,0.00%,0,0,0,$0.00,$0.00,$0.00,$0.00,$0.00,$0.00,$0.00,$0.00,$0.00,$0.00,0.00%,0,0.00%,$0.00,0.00%,0,0.00%,$0.00,0.00%,0,0.00%,$0.00,0.00%,0,0.00%,$0.00,0.00%,$0.00,$0.20,$0.00,$0.00,$0.00,$0.00,0.00%,$0.00,0.00%,$0.00,0.00%,$0.20,0.00%,$-0.20,0.00%
"6 - zCLOSED_N1R12_RM_6_NET_ESQ_SpecifiConLLC_8819_65K",1,"Garmin Fish Finder","DP1 V3",Visa,Friday,403766,1,1,100.00%,0,0.00%,1,1,100.00%,0,0.00%,1,0,$0.00,1,0.00%,0,0,$0.00,0,0.00%,0,0,0,$0.00,$0.00,$0.00,$0.00,$0.00,$0.00,$0.00,$0.00,$0.00,$0.00,0.00%,0,0.00%,$0.00,0.00%,0,0.00%,$0.00,0.00%,0,0.00%,$0.00,0.00%,0,0.00%,$0.00,0.00%,$0.00,$0.20,$0.00,$0.00,$0.00,$0.00,0.00%,$0.00,0.00%,$0.00,0.00%,$0.20,0.00%,$-0.20,0.00%
"6 - zCLOSED_N1R12_RM_6_NET_ESQ_SpecifiConLLC_8819_65K",1,"Harley Davidson Evo Helmet","DP1 V3",Visa,Friday,415826,1,1,100.00%,0,0.00%,1,1,100.00%,0,0.00%,1,0,$0.00,1,0.00%,0,0,$0.00,0,0.00%,0,0,0,$0.00,$0.00,$0.00,$0.00,$0.00,$0.00,$0.00,$0.00,$0.00,$0.00,0.00%,0,0.00%,$0.00,0.00%,0,0.00%,$0.00,0.00%,0,0.00%,$0.00,0.00%,0,0.00%,$0.00,0.00%,$0.00,$0.20,$0.00,$0.00,$0.00,$0.00,0.00%,$0.00,0.00%,$0.00,0.00%,$0.20,0.00%,$-0.20,0.00%
"6 - zCLOSED_N1R12_RM_6_NET_ESQ_SpecifiConLLC_8819_65K",1,"Harley Davidson Evo Helmet","DP1 V3",Visa,Friday,480209,1,0,0.00%,1,100.00%,1,0,0.00%,1,100.00%,1,1,$12.89,0,100.00%,0,0,$0.00,0,0.00%,1,1,1,$12.89,$0.00,$0.00,$12.89,$0.00,$0.00,$12.89,$0.00,$12.89,$0.00,0.00%,0,0.00%,$0.00,0.00%,0,0.00%,$0.00,0.00%,0,0.00%,$0.00,0.00%,0,0.00%,$0.00,0.00%,$12.89,$0.84,$0.00,$0.00,$0.00,$0.00,0.00%,$0.00,0.00%,$0.00,0.00%,$0.84,6.52%,$12.05,93.48%
"6 - zCLOSED_N1R12_RM_6_NET_ESQ_SpecifiConLLC_8819_65K",1,"Miller Lite Tailgate Combo Pack","DP1 V3",Mastercard,Friday,532569,1,1,100.00%,0,0.00%,1,1,100.00%,0,0.00%,1,0,$0.00,1,0.00%,0,0,$0.00,0,0.00%,0,0,0,$0.00,$0.00,$0.00,$0.00,$0.00,$0.00,$0.00,$0.00,$0.00,$0.00,0.00%,0,0.00%,$0.00,0.00%,0,0.00%,$0.00,0.00%,0,0.00%,$0.00,0.00%,0,0.00%,$0.00,0.00%,$0.00,$0.20,$0.00,$0.00,$0.00,$0.00,0.00%,$0.00,0.00%,$0.00,0.00%,$0.20,0.00%,$-0.20,0.00%
"6 - zCLOSED_N1R12_RM_6_NET_ESQ_SpecifiConLLC_8819_65K",1,"Miller Lite Tailgate Combo Pack","DP1 V3",Mastercard,Friday,546325,1,1,100.00%,0,0.00%,1,1,100.00%,0,0.00%,1,0,$0.00,1,0.00%,0,0,$0.00,0,0.00%,0,0,0,$0.00,$0.00,$0.00,$0.00,$0.00,$0.00,$0.00,$0.00,$0.00,$0.00,0.00%,0,0.00%,$0.00,0.00%,0,0.00%,$0.00,0.00%,0,0.00%,$0.00,0.00%,0,0.00%,$0.00,0.00%,$0.00,$0.20,$0.00,$0.00,$0.00,$0.00,0.00%,$0.00,0.00%,$0.00,0.00%,$0.20,0.00%,$-0.20,0.00%
"6 - zCLOSED_N1R12_RM_6_NET_ESQ_SpecifiConLLC_8819_65K",1,"Miller Lite Tailgate Combo Pack","DP1 V3",Visa,Friday,434769,1,1,100.00%,0,0.00%,1,1,100.00%,0,0.00%,1,0,$0.00,1,0.00%,0,0,$0.00,0,0.00%,0,0,0,$0.00,$0.00,$0.00,$0.00,$0.00,$0.00,$0.00,$0.00,$0.00,$0.00,0.00%,0,0.00%,$0.00,0.00%,0,0.00%,$0.00,0.00%,0,0.00%,$0.00,0.00%,0,0.00%,$0.00,0.00%,$0.00,$0.20,$0.00,$0.00,$0.00,$0.00,0.00%,$0.00,0.00%,$0.00,0.00%,$0.20,0.00%,$-0.20,0.00%
"6 - zCLOSED_N1R12_RM_6_NET_ESQ_SpecifiConLLC_8819_65K",1,"Miller Lite Tailgate Combo Pack","DP1 V3",Visa,Friday,435996,1,1,100.00%,0,0.00%,1,1,100.00%,0,0.00%,1,0,$0.00,1,0.00%,0,0,$0.00,0,0.00%,0,0,0,$0.00,$0.00,$0.00,$0.00,$0.00,$0.00,$0.00,$0.00,$0.00,$0.00,0.00%,0,0.00%,$0.00,0.00%,0,0.00%,$0.00,0.00%,0,0.00%,$0.00,0.00%,0,0.00%,$0.00,0.00%,$0.00,$0.20,$0.00,$0.00,$0.00,$0.00,0.00%,$0.00,0.00%,$0.00,0.00%,$0.20,0.00%,$-0.20,0.00%
"6 - zCLOSED_N1R12_RM_6_NET_ESQ_SpecifiConLLC_8819_65K",1,"Miller Lite Tailgate Combo Pack","DP1 V3",Visa,Friday,442755,1,0,0.00%,1,100.00%,1,0,0.00%,1,100.00%,1,1,$12.89,0,100.00%,0,0,$0.00,0,0.00%,1,1,1,$12.89,$0.00,$0.00,$12.89,$0.00,$0.00,$12.89,$0.00,$12.89,$0.00,0.00%,0,0.00%,$0.00,0.00%,0,0.00%,$0.00,0.00%,0,0.00%,$0.00,0.00%,0,0.00%,$0.00,0.00%,$12.89,$0.84,$0.00,$0.00,$0.00,$0.00,0.00%,$0.00,0.00%,$0.00,0.00%,$0.84,6.52%,$12.05,93.48%
"6 - zCLOSED_N1R12_RM_6_NET_ESQ_SpecifiConLLC_8819_65K",1,"Miller Lite Tailgate Combo Pack","DP1 V3",Visa,Friday,490070,1,1,100.00%,0,0.00%,1,1,100.00%,0,0.00%,1,0,$0.00,1,0.00%,0,0,$0.00,0,0.00%,0,0,0,$0.00,$0.00,$0.00,$0.00,$0.00,$0.00,$0.00,$0.00,$0.00,$0.00,0.00%,0,0.00%,$0.00,0.00%,0,0.00%,$0.00,0.00%,0,0.00%,$0.00,0.00%,0,0.00%,$0.00,0.00%,$0.00,$0.20,$0.00,$0.00,$0.00,$0.00,0.00%,$0.00,0.00%,$0.00,0.00%,$0.20,0.00%,$-0.20,0.00%
"6 - zCLOSED_N1R12_RM_6_NET_ESQ_SpecifiConLLC_8819_65K",1,"Sol De Janeiro skincare set","DP1 V3",Visa,Friday,414740,1,1,100.00%,0,0.00%,1,1,100.00%,0,0.00%,1,0,$0.00,1,0.00%,0,0,$0.00,0,0.00%,0,0,0,$0.00,$0.00,$0.00,$0.00,$0.00,$0.00,$0.00,$0.00,$0.00,$0.00,0.00%,0,0.00%,$0.00,0.00%,0,0.00%,$0.00,0.00%,0,0.00%,$0.00,0.00%,0,0.00%,$0.00,0.00%,$0.00,$0.20,$0.00,$0.00,$0.00,$0.00,0.00%,$0.00,0.00%,$0.00,0.00%,$0.20,0.00%,$-0.20,0.00%
"6 - zCLOSED_N1R12_RM_6_NET_ESQ_SpecifiConLLC_8819_65K",1,"Sol De Janeiro skincare set","DP1 V3",Visa,Friday,434275,1,1,100.00%,0,0.00%,1,1,100.00%,0,0.00%,1,0,$0.00,1,0.00%,0,0,$0.00,0,0.00%,0,0,0,$0.00,$0.00,$0.00,$0.00,$0.00,$0.00,$0.00,$0.00,$0.00,$0.00,0.00%,0,0.00%,$0.00,0.00%,0,0.00%,$0.00,0.00%,0,0.00%,$0.00,0.00%,0,0.00%,$0.00,0.00%,$0.00,$0.20,$0.00,$0.00,$0.00,$0.00,0.00%,$0.00,0.00%,$0.00,0.00%,$0.20,0.00%,$-0.20,0.00%
"6 - zCLOSED_N1R12_RM_6_NET_ESQ_SpecifiConLLC_8819_65K",1,"Sol De Janeiro skincare set","DP1 V3",Visa,Friday,468839,1,1,100.00%,0,0.00%,1,1,100.00%,0,0.00%,1,0,$0.00,1,0.00%,0,0,$0.00,0,0.00%,0,0,0,$0.00,$0.00,$0.00,$0.00,$0.00,$0.00,$0.00,$0.00,$0.00,$0.00,0.00%,0,0.00%,$0.00,0.00%,0,0.00%,$0.00,0.00%,0,0.00%,$0.00,0.00%,0,0.00%,$0.00,0.00%,$0.00,$0.20,$0.00,$0.00,$0.00,$0.00,0.00%,$0.00,0.00%,$0.00,0.00%,$0.20,0.00%,$-0.20,0.00%
"6 - zCLOSED_N1R12_RM_6_NET_ESQ_SpecifiConLLC_8819_65K",1,"TaylorMade SIM2 Max Driver","DP1 V3",Mastercard,Friday,536172,1,0,0.00%,1,100.00%,1,0,0.00%,1,100.00%,1,1,$12.89,0,100.00%,0,0,$0.00,0,0.00%,1,1,1,$12.89,$0.00,$0.00,$12.89,$0.00,$0.00,$12.89,$0.00,$12.89,$0.00,0.00%,0,0.00%,$0.00,0.00%,0,0.00%,$0.00,0.00%,0,0.00%,$0.00,0.00%,0,0.00%,$0.00,0.00%,$12.89,$0.84,$0.00,$0.00,$0.00,$0.00,0.00%,$0.00,0.00%,$0.00,0.00%,$0.84,6.52%,$12.05,93.48%
"60 - N2R2_RM_60_PRIOR_SYN_DiamondSphereLLC_0921_75K",1,"BUBBA Cordless Electric Fillet Knife","DP1 V3",Mastercard,Friday,518778,1,0,0.00%,1,100.00%,1,0,0.00%,1,100.00%,1,1,$12.89,0,100.00%,0,0,$0.00,0,0.00%,1,1,1,$12.89,$0.00,$0.00,$12.89,$0.00,$0.00,$12.89,$0.00,$12.89,$0.00,0.00%,0,0.00%,$0.00,0.00%,0,0.00%,$0.00,0.00%,0,0.00%,$0.00,0.00%,0,0.00%,$0.00,0.00%,$12.89,$0.84,$0.00,$0.00,$0.00,$0.00,0.00%,$0.00,0.00%,$0.00,0.00%,$0.84,6.52%,$12.05,93.48%
"60 - N2R2_RM_60_PRIOR_SYN_DiamondSphereLLC_0921_75K",1,"BUBBA Cordless Electric Fillet Knife","DP1 V3",Mastercard,Friday,546630,1,1,100.00%,0,0.00%,1,1,100.00%,0,0.00%,1,0,$0.00,1,0.00%,0,0,$0.00,0,0.00%,0,0,0,$0.00,$0.00,$0.00,$0.00,$0.00,$0.00,$0.00,$0.00,$0.00,$0.00,0.00%,0,0.00%,$0.00,0.00%,0,0.00%,$0.00,0.00%,0,0.00%,$0.00,0.00%,0,0.00%,$0.00,0.00%,$0.00,$0.20,$0.00,$0.00,$0.00,$0.00,0.00%,$0.00,0.00%,$0.00,0.00%,$0.20,0.00%,$-0.20,0.00%
"60 - N2R2_RM_60_PRIOR_SYN_DiamondSphereLLC_0921_75K",1,"BUBBA Cordless Electric Fillet Knife","DP1 V3",Visa,Friday,478662,1,0,0.00%,1,100.00%,1,0,0.00%,1,100.00%,1,1,$12.89,0,100.00%,0,0,$0.00,0,0.00%,1,1,1,$12.89,$0.00,$0.00,$12.89,$0.00,$0.00,$12.89,$0.00,$12.89,$0.00,0.00%,0,0.00%,$0.00,0.00%,0,0.00%,$0.00,0.00%,0,0.00%,$0.00,0.00%,0,0.00%,$0.00,0.00%,$12.89,$0.84,$0.00,$0.00,$0.00,$0.00,0.00%,$0.00,0.00%,$0.00,0.00%,$0.84,6.52%,$12.05,93.48%
"60 - N2R2_RM_60_PRIOR_SYN_DiamondSphereLLC_0921_75K",1,"Miller Lite Tailgate Combo Pack","DP1 V3",Mastercard,Friday,551677,1,0,0.00%,1,100.00%,1,0,0.00%,1,100.00%,1,1,$12.89,0,100.00%,0,0,$0.00,0,0.00%,1,1,1,$12.89,$0.00,$0.00,$12.89,$0.00,$0.00,$12.89,$0.00,$12.89,$0.00,0.00%,0,0.00%,$0.00,0.00%,0,0.00%,$0.00,0.00%,0,0.00%,$0.00,0.00%,0,0.00%,$0.00,0.00%,$12.89,$0.84,$0.00,$0.00,$0.00,$0.00,0.00%,$0.00,0.00%,$0.00,0.00%,$0.84,6.52%,$12.05,93.48%
"60 - N2R2_RM_60_PRIOR_SYN_DiamondSphereLLC_0921_75K",1,"Stihl ZeroTurn Lawn Mower","DP1 V3",Mastercard,Friday,521322,1,1,100.00%,0,0.00%,1,1,100.00%,0,0.00%,1,0,$0.00,1,0.00%,0,0,$0.00,0,0.00%,0,0,0,$0.00,$0.00,$0.00,$0.00,$0.00,$0.00,$0.00,$0.00,$0.00,$0.00,0.00%,0,0.00%,$0.00,0.00%,0,0.00%,$0.00,0.00%,0,0.00%,$0.00,0.00%,0,0.00%,$0.00,0.00%,$0.00,$0.20,$0.00,$0.00,$0.00,$0.00,0.00%,$0.00,0.00%,$0.00,0.00%,$0.20,0.00%,$-0.20,0.00%
"60 - N2R2_RM_60_PRIOR_SYN_DiamondSphereLLC_0921_75K",1,"TaylorMade Spider ZT Golf Putter","DP1 V3",Visa,Friday,434258,1,1,100.00%,0,0.00%,1,1,100.00%,0,0.00%,1,0,$0.00,1,0.00%,0,0,$0.00,0,0.00%,0,0,0,$0.00,$0.00,$0.00,$0.00,$0.00,$0.00,$0.00,$0.00,$0.00,$0.00,0.00%,0,0.00%,$0.00,0.00%,0,0.00%,$0.00,0.00%,0,0.00%,$0.00,0.00%,0,0.00%,$0.00,0.00%,$0.00,$0.20,$0.00,$0.00,$0.00,$0.00,0.00%,$0.00,0.00%,$0.00,0.00%,$0.20,0.00%,$-0.20,0.00%
"60 - N2R2_RM_60_PRIOR_SYN_DiamondSphereLLC_0921_75K",1,"TaylorMade Spider ZT Golf Putter","DP1 V3",Visa,Friday,481109,1,0,0.00%,1,100.00%,1,0,0.00%,1,100.00%,1,1,$12.89,0,100.00%,0,0,$0.00,0,0.00%,1,1,1,$12.89,$0.00,$0.00,$12.89,$0.00,$0.00,$12.89,$0.00,$12.89,$0.00,0.00%,0,0.00%,$0.00,0.00%,0,0.00%,$0.00,0.00%,0,0.00%,$0.00,0.00%,0,0.00%,$0.00,0.00%,$12.89,$0.84,$0.00,$0.00,$0.00,$0.00,0.00%,$0.00,0.00%,$0.00,0.00%,$0.84,6.52%,$12.05,93.48%
"61 - N1R2_RM_61_NET_ESQ_DiamondSphereLLC_9550_65K",1,"Harley Davidson Evo Helmet","DP1 V3",Mastercard,Friday,515676,1,1,100.00%,0,0.00%,1,1,100.00%,0,0.00%,1,0,$0.00,1,0.00%,0,0,$0.00,0,0.00%,0,0,0,$0.00,$0.00,$0.00,$0.00,$0.00,$0.00,$0.00,$0.00,$0.00,$0.00,0.00%,0,0.00%,$0.00,0.00%,0,0.00%,$0.00,0.00%,0,0.00%,$0.00,0.00%,0,0.00%,$0.00,0.00%,$0.00,$0.20,$0.00,$0.00,$0.00,$0.00,0.00%,$0.00,0.00%,$0.00,0.00%,$0.20,0.00%,$-0.20,0.00%
"62 - N2R12_RM_62_NET_ESQ_DiamondSphereLLC_9352_65K",1,"Coors Light Tailgate Bundle","DP1 V3",Mastercard,Friday,545510,1,1,100.00%,0,0.00%,1,1,100.00%,0,0.00%,1,0,$0.00,1,0.00%,0,0,$0.00,0,0.00%,0,0,0,$0.00,$0.00,$0.00,$0.00,$0.00,$0.00,$0.00,$0.00,$0.00,$0.00,0.00%,0,0.00%,$0.00,0.00%,0,0.00%,$0.00,0.00%,0,0.00%,$0.00,0.00%,0,0.00%,$0.00,0.00%,$0.00,$0.20,$0.00,$0.00,$0.00,$0.00,0.00%,$0.00,0.00%,$0.00,0.00%,$0.20,0.00%,$-0.20,0.00%
"62 - N2R12_RM_62_NET_ESQ_DiamondSphereLLC_9352_65K",1,"Harley Davidson Evo Helmet","DP1 V3",Mastercard,Friday,539797,1,0,0.00%,1,100.00%,1,0,0.00%,1,100.00%,1,1,$12.89,0,100.00%,0,0,$0.00,0,0.00%,1,1,1,$12.89,$0.00,$0.00,$12.89,$0.00,$0.00,$12.89,$0.00,$12.89,$0.00,0.00%,0,0.00%,$0.00,0.00%,0,0.00%,$0.00,0.00%,0,0.00%,$0.00,0.00%,0,0.00%,$0.00,0.00%,$12.89,$0.84,$0.00,$0.00,$0.00,$0.00,0.00%,$0.00,0.00%,$0.00,0.00%,$0.84,6.52%,$12.05,93.48%
"62 - N2R12_RM_62_NET_ESQ_DiamondSphereLLC_9352_65K",1,"Sprint Ops Carbon Knife","DP1 V3",Visa,Friday,476554,1,0,0.00%,1,100.00%,1,0,0.00%,1,100.00%,1,1,$12.89,0,100.00%,0,0,$0.00,0,0.00%,1,1,1,$12.89,$0.00,$0.00,$12.89,$0.00,$0.00,$12.89,$0.00,$12.89,$0.00,0.00%,0,0.00%,$0.00,0.00%,0,0.00%,$0.00,0.00%,0,0.00%,$0.00,0.00%,0,0.00%,$0.00,0.00%,$12.89,$0.84,$0.00,$0.00,$0.00,$0.00,0.00%,$0.00,0.00%,$0.00,0.00%,$0.84,6.52%,$12.05,93.48%
"62 - N2R12_RM_62_NET_ESQ_DiamondSphereLLC_9352_65K",1,"TaylorMade SIM2 Max Driver","DP1 V3",Mastercard,Friday,517545,1,1,100.00%,0,0.00%,1,1,100.00%,0,0.00%,1,0,$0.00,1,0.00%,0,0,$0.00,0,0.00%,0,0,0,$0.00,$0.00,$0.00,$0.00,$0.00,$0.00,$0.00,$0.00,$0.00,$0.00,0.00%,0,0.00%,$0.00,0.00%,0,0.00%,$0.00,0.00%,0,0.00%,$0.00,0.00%,0,0.00%,$0.00,0.00%,$0.00,$0.20,$0.00,$0.00,$0.00,$0.00,0.00%,$0.00,0.00%,$0.00,0.00%,$0.20,0.00%,$-0.20,0.00%
"63 - NR2_RM_63_NET_ESQ_DiamondSphereLLC_9345_45K",1,"Harley Davidson Evo Helmet","DP1 V3",Visa,Friday,425838,1,1,100.00%,0,0.00%,1,1,100.00%,0,0.00%,1,0,$0.00,1,0.00%,0,0,$0.00,0,0.00%,0,0,0,$0.00,$0.00,$0.00,$0.00,$0.00,$0.00,$0.00,$0.00,$0.00,$0.00,0.00%,0,0.00%,$0.00,0.00%,0,0.00%,$0.00,0.00%,0,0.00%,$0.00,0.00%,0,0.00%,$0.00,0.00%,$0.00,$0.20,$0.00,$0.00,$0.00,$0.00,0.00%,$0.00,0.00%,$0.00,0.00%,$0.20,0.00%,$-0.20,0.00%
"63 - NR2_RM_63_NET_ESQ_DiamondSphereLLC_9345_45K",1,"Miller Lite Tailgate Combo Pack","DP1 V3",Visa,Friday,486796,1,0,0.00%,1,100.00%,1,0,0.00%,1,100.00%,1,1,$12.89,0,100.00%,0,0,$0.00,0,0.00%,1,1,1,$12.89,$0.00,$0.00,$12.89,$0.00,$0.00,$12.89,$0.00,$12.89,$0.00,0.00%,0,0.00%,$0.00,0.00%,0,0.00%,$0.00,0.00%,0,0.00%,$0.00,0.00%,0,0.00%,$0.00,0.00%,$12.89,$0.84,$0.00,$0.00,$0.00,$0.00,0.00%,$0.00,0.00%,$0.00,0.00%,$0.84,6.52%,$12.05,93.48%
"63 - NR2_RM_63_NET_ESQ_DiamondSphereLLC_9345_45K",1,"TaylorMade SIM2 Max Driver","DP1 V3",Mastercard,Friday,547323,1,0,0.00%,1,100.00%,1,0,0.00%,1,100.00%,1,1,$12.89,0,100.00%,0,0,$0.00,0,0.00%,1,1,1,$12.89,$0.00,$0.00,$12.89,$0.00,$0.00,$12.89,$0.00,$12.89,$0.00,0.00%,0,0.00%,$0.00,0.00%,0,0.00%,$0.00,0.00%,0,0.00%,$0.00,0.00%,0,0.00%,$0.00,0.00%,$12.89,$0.84,$0.00,$0.00,$0.00,$0.00,0.00%,$0.00,0.00%,$0.00,0.00%,$0.84,6.52%,$12.05,93.48%
"64 - NR2_RM_64_NET_ESQ_DiamondSphereLLC_9337_65K",1,"Coors Light Tailgate Bundle","DP1 V3",Visa,Friday,446820,1,0,0.00%,1,100.00%,1,0,0.00%,1,100.00%,1,1,$12.89,0,100.00%,0,0,$0.00,0,0.00%,1,1,1,$12.89,$0.00,$0.00,$12.89,$0.00,$0.00,$12.89,$0.00,$12.89,$12.89,100.00%,1,100.00%,$12.89,100.00%,0,0.00%,$0.00,0.00%,0,0.00%,$0.00,0.00%,0,0.00%,$0.00,0.00%,$0.00,$0.84,$0.00,$0.00,$0.00,$0.00,0.00%,$0.00,0.00%,$0.00,0.00%,$0.84,6.52%,$-0.84,-6.52%
"64 - NR2_RM_64_NET_ESQ_DiamondSphereLLC_9337_65K",1,"TaylorMade SIM2 Max Driver","DP1 V3",Mastercard,Friday,536062,1,0,0.00%,1,100.00%,1,0,0.00%,1,100.00%,1,1,$12.89,0,100.00%,0,0,$0.00,0,0.00%,1,1,1,$12.89,$0.00,$0.00,$12.89,$0.00,$0.00,$12.89,$0.00,$12.89,$0.00,0.00%,0,0.00%,$0.00,0.00%,0,0.00%,$0.00,0.00%,0,0.00%,$0.00,0.00%,0,0.00%,$0.00,0.00%,$12.89,$0.84,$0.00,$0.00,$0.00,$0.00,0.00%,$0.00,0.00%,$0.00,0.00%,$0.84,6.52%,$12.05,93.48%
"64 - NR2_RM_64_NET_ESQ_DiamondSphereLLC_9337_65K",1,"TaylorMade SIM2 Max Driver","DP1 V3",Visa,Friday,473703,1,1,100.00%,0,0.00%,1,1,100.00%,0,0.00%,1,0,$0.00,1,0.00%,0,0,$0.00,0,0.00%,0,0,0,$0.00,$0.00,$0.00,$0.00,$0.00,$0.00,$0.00,$0.00,$0.00,$0.00,0.00%,0,0.00%,$0.00,0.00%,0,0.00%,$0.00,0.00%,0,0.00%,$0.00,0.00%,0,0.00%,$0.00,0.00%,$0.00,$0.20,$0.00,$0.00,$0.00,$0.00,0.00%,$0.00,0.00%,$0.00,0.00%,$0.20,0.00%,$-0.20,0.00%
"65 - N2_RM_65_PSF_BBVA_BrightAdvantageLLC_8842_50K",1,"Coors Light Tailgate Bundle","DP1 V3",Visa,Friday,409451,1,1,100.00%,0,0.00%,1,1,100.00%,0,0.00%,1,0,$0.00,1,0.00%,0,0,$0.00,0,0.00%,0,0,0,$0.00,$0.00,$0.00,$0.00,$0.00,$0.00,$0.00,$0.00,$0.00,$0.00,0.00%,0,0.00%,$0.00,0.00%,0,0.00%,$0.00,0.00%,0,0.00%,$0.00,0.00%,0,0.00%,$0.00,0.00%,$0.00,$0.20,$0.00,$0.00,$0.00,$0.00,0.00%,$0.00,0.00%,$0.00,0.00%,$0.20,0.00%,$-0.20,0.00%
"65 - N2_RM_65_PSF_BBVA_BrightAdvantageLLC_8842_50K",1,"Harley Davidson Evo Helmet","DP1 V3",Mastercard,Friday,519955,1,1,100.00%,0,0.00%,1,1,100.00%,0,0.00%,1,0,$0.00,1,0.00%,0,0,$0.00,0,0.00%,0,0,0,$0.00,$0.00,$0.00,$0.00,$0.00,$0.00,$0.00,$0.00,$0.00,$0.00,0.00%,0,0.00%,$0.00,0.00%,0,0.00%,$0.00,0.00%,0,0.00%,$0.00,0.00%,0,0.00%,$0.00,0.00%,$0.00,$0.20,$0.00,$0.00,$0.00,$0.00,0.00%,$0.00,0.00%,$0.00,0.00%,$0.20,0.00%,$-0.20,0.00%
"65 - N2_RM_65_PSF_BBVA_BrightAdvantageLLC_8842_50K",1,"Harley Davidson Evo Helmet","DP1 V3",Visa,Friday,414740,1,0,0.00%,1,100.00%,1,0,0.00%,1,100.00%,1,1,$12.89,0,100.00%,0,0,$0.00,0,0.00%,1,1,1,$12.89,$0.00,$0.00,$12.89,$0.00,$0.00,$12.89,$0.00,$12.89,$0.00,0.00%,0,0.00%,$0.00,0.00%,0,0.00%,$0.00,0.00%,0,0.00%,$0.00,0.00%,0,0.00%,$0.00,0.00%,$12.89,$0.84,$0.00,$0.00,$0.00,$0.00,0.00%,$0.00,0.00%,$0.00,0.00%,$0.84,6.52%,$12.05,93.48%
"65 - N2_RM_65_PSF_BBVA_BrightAdvantageLLC_8842_50K",1,"Harley Davidson Evo Helmet","DP1 V3",Visa,Friday,426684,1,1,100.00%,0,0.00%,1,1,100.00%,0,0.00%,1,0,$0.00,1,0.00%,0,0,$0.00,0,0.00%,0,0,0,$0.00,$0.00,$0.00,$0.00,$0.00,$0.00,$0.00,$0.00,$0.00,$0.00,0.00%,0,0.00%,$0.00,0.00%,0,0.00%,$0.00,0.00%,0,0.00%,$0.00,0.00%,0,0.00%,$0.00,0.00%,$0.00,$0.20,$0.00,$0.00,$0.00,$0.00,0.00%,$0.00,0.00%,$0.00,0.00%,$0.20,0.00%,$-0.20,0.00%
"65 - N2_RM_65_PSF_BBVA_BrightAdvantageLLC_8842_50K",1,"Miller Lite Tailgate Combo Pack","DP1 V3",Mastercard,Friday,512333,1,1,100.00%,0,0.00%,1,1,100.00%,0,0.00%,1,0,$0.00,1,0.00%,0,0,$0.00,0,0.00%,0,0,0,$0.00,$0.00,$0.00,$0.00,$0.00,$0.00,$0.00,$0.00,$0.00,$0.00,0.00%,0,0.00%,$0.00,0.00%,0,0.00%,$0.00,0.00%,0,0.00%,$0.00,0.00%,0,0.00%,$0.00,0.00%,$0.00,$0.20,$0.00,$0.00,$0.00,$0.00,0.00%,$0.00,0.00%,$0.00,0.00%,$0.20,0.00%,$-0.20,0.00%
"65 - N2_RM_65_PSF_BBVA_BrightAdvantageLLC_8842_50K",1,"Miller Lite Tailgate Combo Pack","DP1 V3",Mastercard,Friday,523957,1,1,100.00%,0,0.00%,1,1,100.00%,0,0.00%,1,0,$0.00,1,0.00%,0,0,$0.00,0,0.00%,0,0,0,$0.00,$0.00,$0.00,$0.00,$0.00,$0.00,$0.00,$0.00,$0.00,$0.00,0.00%,0,0.00%,$0.00,0.00%,0,0.00%,$0.00,0.00%,0,0.00%,$0.00,0.00%,0,0.00%,$0.00,0.00%,$0.00,$0.20,$0.00,$0.00,$0.00,$0.00,0.00%,$0.00,0.00%,$0.00,0.00%,$0.20,0.00%,$-0.20,0.00%
"65 - N2_RM_65_PSF_BBVA_BrightAdvantageLLC_8842_50K",1,"Miller Lite Tailgate Combo Pack","DP1 V3",Mastercard,Friday,536319,1,1,100.00%,0,0.00%,1,1,100.00%,0,0.00%,1,0,$0.00,1,0.00%,0,0,$0.00,0,0.00%,0,0,0,$0.00,$0.00,$0.00,$0.00,$0.00,$0.00,$0.00,$0.00,$0.00,$0.00,0.00%,0,0.00%,$0.00,0.00%,0,0.00%,$0.00,0.00%,0,0.00%,$0.00,0.00%,0,0.00%,$0.00,0.00%,$0.00,$0.20,$0.00,$0.00,$0.00,$0.00,0.00%,$0.00,0.00%,$0.00,0.00%,$0.20,0.00%,$-0.20,0.00%
"65 - N2_RM_65_PSF_BBVA_BrightAdvantageLLC_8842_50K",1,"Miller Lite Tailgate Combo Pack","DP1 V3",Visa,Friday,414720,1,1,100.00%,0,0.00%,1,1,100.00%,0,0.00%,1,0,$0.00,1,0.00%,0,0,$0.00,0,0.00%,0,0,0,$0.00,$0.00,$0.00,$0.00,$0.00,$0.00,$0.00,$0.00,$0.00,$0.00,0.00%,0,0.00%,$0.00,0.00%,0,0.00%,$0.00,0.00%,0,0.00%,$0.00,0.00%,0,0.00%,$0.00,0.00%,$0.00,$0.20,$0.00,$0.00,$0.00,$0.00,0.00%,$0.00,0.00%,$0.00,0.00%,$0.20,0.00%,$-0.20,0.00%
"65 - N2_RM_65_PSF_BBVA_BrightAdvantageLLC_8842_50K",1,"Miller Lite Tailgate Combo Pack","DP1 V3",Visa,Friday,444283,1,1,100.00%,0,0.00%,1,1,100.00%,0,0.00%,1,0,$0.00,1,0.00%,0,0,$0.00,0,0.00%,0,0,0,$0.00,$0.00,$0.00,$0.00,$0.00,$0.00,$0.00,$0.00,$0.00,$0.00,0.00%,0,0.00%,$0.00,0.00%,0,0.00%,$0.00,0.00%,0,0.00%,$0.00,0.00%,0,0.00%,$0.00,0.00%,$0.00,$0.20,$0.00,$0.00,$0.00,$0.00,0.00%,$0.00,0.00%,$0.00,0.00%,$0.20,0.00%,$-0.20,0.00%
"65 - N2_RM_65_PSF_BBVA_BrightAdvantageLLC_8842_50K",1,"Miller Lite Tailgate Combo Pack","DP1 V3",Visa,Friday,473049,1,1,100.00%,0,0.00%,1,1,100.00%,0,0.00%,1,0,$0.00,1,0.00%,0,0,$0.00,0,0.00%,0,0,0,$0.00,$0.00,$0.00,$0.00,$0.00,$0.00,$0.00,$0.00,$0.00,$0.00,0.00%,0,0.00%,$0.00,0.00%,0,0.00%,$0.00,0.00%,0,0.00%,$0.00,0.00%,0,0.00%,$0.00,0.00%,$0.00,$0.20,$0.00,$0.00,$0.00,$0.00,0.00%,$0.00,0.00%,$0.00,0.00%,$0.20,0.00%,$-0.20,0.00%
"65 - N2_RM_65_PSF_BBVA_BrightAdvantageLLC_8842_50K",1,"Miller Lite Tailgate Combo Pack","DP1 V3",Visa,Friday,473310,1,1,100.00%,0,0.00%,1,1,100.00%,0,0.00%,1,0,$0.00,1,0.00%,0,0,$0.00,0,0.00%,0,0,0,$0.00,$0.00,$0.00,$0.00,$0.00,$0.00,$0.00,$0.00,$0.00,$0.00,0.00%,0,0.00%,$0.00,0.00%,0,0.00%,$0.00,0.00%,0,0.00%,$0.00,0.00%,0,0.00%,$0.00,0.00%,$0.00,$0.20,$0.00,$0.00,$0.00,$0.00,0.00%,$0.00,0.00%,$0.00,0.00%,$0.20,0.00%,$-0.20,0.00%
"65 - N2_RM_65_PSF_BBVA_BrightAdvantageLLC_8842_50K",1,"TaylorMade SIM2 Max Driver","DP1 V3",Mastercard,Friday,511960,1,1,100.00%,0,0.00%,1,1,100.00%,0,0.00%,1,0,$0.00,1,0.00%,0,0,$0.00,0,0.00%,0,0,0,$0.00,$0.00,$0.00,$0.00,$0.00,$0.00,$0.00,$0.00,$0.00,$0.00,0.00%,0,0.00%,$0.00,0.00%,0,0.00%,$0.00,0.00%,0,0.00%,$0.00,0.00%,0,0.00%,$0.00,0.00%,$0.00,$0.20,$0.00,$0.00,$0.00,$0.00,0.00%,$0.00,0.00%,$0.00,0.00%,$0.20,0.00%,$-0.20,0.00%
"65 - N2_RM_65_PSF_BBVA_BrightAdvantageLLC_8842_50K",1,"TaylorMade SIM2 Max Driver","DP1 V3",Mastercard,Friday,517148,1,1,100.00%,0,0.00%,1,1,100.00%,0,0.00%,1,0,$0.00,1,0.00%,0,0,$0.00,0,0.00%,0,0,0,$0.00,$0.00,$0.00,$0.00,$0.00,$0.00,$0.00,$0.00,$0.00,$0.00,0.00%,0,0.00%,$0.00,0.00%,0,0.00%,$0.00,0.00%,0,0.00%,$0.00,0.00%,0,0.00%,$0.00,0.00%,$0.00,$0.20,$0.00,$0.00,$0.00,$0.00,0.00%,$0.00,0.00%,$0.00,0.00%,$0.20,0.00%,$-0.20,0.00%
"65 - N2_RM_65_PSF_BBVA_BrightAdvantageLLC_8842_50K",1,"TaylorMade Spider ZT Golf Putter","DP1 V3",Visa,Friday,475033,1,0,0.00%,1,100.00%,1,0,0.00%,1,100.00%,1,1,$12.89,0,100.00%,0,0,$0.00,0,0.00%,1,1,1,$12.89,$0.00,$0.00,$12.89,$0.00,$0.00,$12.89,$0.00,$12.89,$0.00,0.00%,0,0.00%,$0.00,0.00%,0,0.00%,$0.00,0.00%,0,0.00%,$0.00,0.00%,0,0.00%,$0.00,0.00%,$12.89,$0.84,$0.00,$0.00,$0.00,$0.00,0.00%,$0.00,0.00%,$0.00,0.00%,$0.84,6.52%,$12.05,93.48%
"66 - zCLOSED_N2_RM_66_PSF_BBVA_SpecifiConLLC_8859_50K",1,"BUBBA Cordless Electric Fillet Knife","DP1 V3",Mastercard,Friday,515678,1,1,100.00%,0,0.00%,1,1,100.00%,0,0.00%,1,0,$0.00,1,0.00%,0,0,$0.00,0,0.00%,0,0,0,$0.00,$0.00,$0.00,$0.00,$0.00,$0.00,$0.00,$0.00,$0.00,$0.00,0.00%,0,0.00%,$0.00,0.00%,0,0.00%,$0.00,0.00%,0,0.00%,$0.00,0.00%,0,0.00%,$0.00,0.00%,$0.00,$0.20,$0.00,$0.00,$0.00,$0.00,0.00%,$0.00,0.00%,$0.00,0.00%,$0.20,0.00%,$-0.20,0.00%
"66 - zCLOSED_N2_RM_66_PSF_BBVA_SpecifiConLLC_8859_50K",1,"Coors Light Tailgate Bundle","DP1 V3",Mastercard,Friday,512333,1,1,100.00%,0,0.00%,1,1,100.00%,0,0.00%,1,0,$0.00,1,0.00%,0,0,$0.00,0,0.00%,0,0,0,$0.00,$0.00,$0.00,$0.00,$0.00,$0.00,$0.00,$0.00,$0.00,$0.00,0.00%,0,0.00%,$0.00,0.00%,0,0.00%,$0.00,0.00%,0,0.00%,$0.00,0.00%,0,0.00%,$0.00,0.00%,$0.00,$0.20,$0.00,$0.00,$0.00,$0.00,0.00%,$0.00,0.00%,$0.00,0.00%,$0.20,0.00%,$-0.20,0.00%
"66 - zCLOSED_N2_RM_66_PSF_BBVA_SpecifiConLLC_8859_50K",1,"Coors Light Tailgate Bundle","DP1 V3",Mastercard,Friday,523762,1,1,100.00%,0,0.00%,1,1,100.00%,0,0.00%,1,0,$0.00,1,0.00%,0,0,$0.00,0,0.00%,0,0,0,$0.00,$0.00,$0.00,$0.00,$0.00,$0.00,$0.00,$0.00,$0.00,$0.00,0.00%,0,0.00%,$0.00,0.00%,0,0.00%,$0.00,0.00%,0,0.00%,$0.00,0.00%,0,0.00%,$0.00,0.00%,$0.00,$0.20,$0.00,$0.00,$0.00,$0.00,0.00%,$0.00,0.00%,$0.00,0.00%,$0.20,0.00%,$-0.20,0.00%
"66 - zCLOSED_N2_RM_66_PSF_BBVA_SpecifiConLLC_8859_50K",1,"Coors Light Tailgate Bundle","DP1 V3",Visa,Friday,410793,1,1,100.00%,0,0.00%,1,1,100.00%,0,0.00%,1,0,$0.00,1,0.00%,0,0,$0.00,0,0.00%,0,0,0,$0.00,$0.00,$0.00,$0.00,$0.00,$0.00,$0.00,$0.00,$0.00,$0.00,0.00%,0,0.00%,$0.00,0.00%,0,0.00%,$0.00,0.00%,0,0.00%,$0.00,0.00%,0,0.00%,$0.00,0.00%,$0.00,$0.20,$0.00,$0.00,$0.00,$0.00,0.00%,$0.00,0.00%,$0.00,0.00%,$0.20,0.00%,$-0.20,0.00%
"66 - zCLOSED_N2_RM_66_PSF_BBVA_SpecifiConLLC_8859_50K",1,"Coors Light Tailgate Bundle","DP1 V3",Visa,Friday,426684,1,0,0.00%,1,100.00%,1,0,0.00%,1,100.00%,1,1,$12.89,0,100.00%,0,0,$0.00,0,0.00%,1,1,1,$12.89,$0.00,$0.00,$12.89,$0.00,$0.00,$12.89,$0.00,$12.89,$12.89,100.00%,0,0.00%,$0.00,0.00%,0,0.00%,$0.00,0.00%,0,0.00%,$0.00,0.00%,1,100.00%,$12.89,100.00%,$0.00,$0.84,$0.00,$0.00,$0.00,$0.00,0.00%,$0.00,0.00%,$0.00,0.00%,$0.84,6.52%,$-0.84,-6.52%
"66 - zCLOSED_N2_RM_66_PSF_BBVA_SpecifiConLLC_8859_50K",1,"Coors Light Tailgate Bundle","DP1 V3",Visa,Friday,426690,1,0,0.00%,1,100.00%,1,0,0.00%,1,100.00%,1,1,$12.89,0,100.00%,0,0,$0.00,0,0.00%,1,1,1,$12.89,$0.00,$0.00,$12.89,$0.00,$0.00,$12.89,$0.00,$12.89,$0.00,0.00%,0,0.00%,$0.00,0.00%,0,0.00%,$0.00,0.00%,0,0.00%,$0.00,0.00%,0,0.00%,$0.00,0.00%,$12.89,$0.84,$0.00,$0.00,$0.00,$0.00,0.00%,$0.00,0.00%,$0.00,0.00%,$0.84,6.52%,$12.05,93.48%
"66 - zCLOSED_N2_RM_66_PSF_BBVA_SpecifiConLLC_8859_50K",1,"Sol De Janeiro skincare set","DP1 V3",Mastercard,Friday,534348,1,1,100.00%,0,0.00%,1,1,100.00%,0,0.00%,1,0,$0.00,1,0.00%,0,0,$0.00,0,0.00%,0,0,0,$0.00,$0.00,$0.00,$0.00,$0.00,$0.00,$0.00,$0.00,$0.00,$0.00,0.00%,0,0.00%,$0.00,0.00%,0,0.00%,$0.00,0.00%,0,0.00%,$0.00,0.00%,0,0.00%,$0.00,0.00%,$0.00,$0.20,$0.00,$0.00,$0.00,$0.00,0.00%,$0.00,0.00%,$0.00,0.00%,$0.20,0.00%,$-0.20,0.00%
"66 - zCLOSED_N2_RM_66_PSF_BBVA_SpecifiConLLC_8859_50K",1,"TaylorMade SIM2 Max Driver","DP1 V3",Visa,Friday,419002,1,1,100.00%,0,0.00%,1,1,100.00%,0,0.00%,1,0,$0.00,1,0.00%,0,0,$0.00,0,0.00%,0,0,0,$0.00,$0.00,$0.00,$0.00,$0.00,$0.00,$0.00,$0.00,$0.00,$0.00,0.00%,0,0.00%,$0.00,0.00%,0,0.00%,$0.00,0.00%,0,0.00%,$0.00,0.00%,0,0.00%,$0.00,0.00%,$0.00,$0.20,$0.00,$0.00,$0.00,$0.00,0.00%,$0.00,0.00%,$0.00,0.00%,$0.20,0.00%,$-0.20,0.00%
"67 - N2_RM_67_PSF_BBVA_DiamondSphereLLC_8875_50K",1,"Cedar Greenhouse","DP1 V3",Visa,Friday,498563,1,0,0.00%,1,100.00%,1,0,0.00%,1,100.00%,1,1,$12.89,0,100.00%,0,0,$0.00,0,0.00%,1,1,1,$12.89,$0.00,$0.00,$12.89,$0.00,$0.00,$12.89,$0.00,$12.89,$0.00,0.00%,0,0.00%,$0.00,0.00%,0,0.00%,$0.00,0.00%,0,0.00%,$0.00,0.00%,0,0.00%,$0.00,0.00%,$12.89,$0.84,$0.00,$0.00,$0.00,$0.00,0.00%,$0.00,0.00%,$0.00,0.00%,$0.84,6.52%,$12.05,93.48%
"67 - N2_RM_67_PSF_BBVA_DiamondSphereLLC_8875_50K",1,"Coors Light Tailgate Bundle","DP1 V3",Visa,Friday,414740,1,1,100.00%,0,0.00%,1,1,100.00%,0,0.00%,1,0,$0.00,1,0.00%,0,0,$0.00,0,0.00%,0,0,0,$0.00,$0.00,$0.00,$0.00,$0.00,$0.00,$0.00,$0.00,$0.00,$0.00,0.00%,0,0.00%,$0.00,0.00%,0,0.00%,$0.00,0.00%,0,0.00%,$0.00,0.00%,0,0.00%,$0.00,0.00%,$0.00,$0.20,$0.00,$0.00,$0.00,$0.00,0.00%,$0.00,0.00%,$0.00,0.00%,$0.20,0.00%,$-0.20,0.00%
"67 - N2_RM_67_PSF_BBVA_DiamondSphereLLC_8875_50K",1,"Coors Light Tailgate Bundle","DP1 V3",Visa,Friday,434769,1,0,0.00%,1,100.00%,1,0,0.00%,1,100.00%,1,1,$12.89,0,100.00%,0,0,$0.00,0,0.00%,1,1,1,$12.89,$0.00,$0.00,$12.89,$0.00,$0.00,$12.89,$0.00,$12.89,$0.00,0.00%,0,0.00%,$0.00,0.00%,0,0.00%,$0.00,0.00%,0,0.00%,$0.00,0.00%,0,0.00%,$0.00,0.00%,$12.89,$0.84,$0.00,$0.00,$0.00,$0.00,0.00%,$0.00,0.00%,$0.00,0.00%,$0.84,6.52%,$12.05,93.48%
"67 - N2_RM_67_PSF_BBVA_DiamondSphereLLC_8875_50K",1,"Garmin Fish Finder","DP1 V3",Mastercard,Friday,517148,1,1,100.00%,0,0.00%,1,1,100.00%,0,0.00%,1,0,$0.00,1,0.00%,0,0,$0.00,0,0.00%,0,0,0,$0.00,$0.00,$0.00,$0.00,$0.00,$0.00,$0.00,$0.00,$0.00,$0.00,0.00%,0,0.00%,$0.00,0.00%,0,0.00%,$0.00,0.00%,0,0.00%,$0.00,0.00%,0,0.00%,$0.00,0.00%,$0.00,$0.20,$0.00,$0.00,$0.00,$0.00,0.00%,$0.00,0.00%,$0.00,0.00%,$0.20,0.00%,$-0.20,0.00%
"67 - N2_RM_67_PSF_BBVA_DiamondSphereLLC_8875_50K",1,"Miller Lite Tailgate Combo Pack","DP1 V3",Visa,Friday,405418,1,1,100.00%,0,0.00%,1,1,100.00%,0,0.00%,1,0,$0.00,1,0.00%,0,0,$0.00,0,0.00%,0,0,0,$0.00,$0.00,$0.00,$0.00,$0.00,$0.00,$0.00,$0.00,$0.00,$0.00,0.00%,0,0.00%,$0.00,0.00%,0,0.00%,$0.00,0.00%,0,0.00%,$0.00,0.00%,0,0.00%,$0.00,0.00%,$0.00,$0.20,$0.00,$0.00,$0.00,$0.00,0.00%,$0.00,0.00%,$0.00,0.00%,$0.20,0.00%,$-0.20,0.00%
"67 - N2_RM_67_PSF_BBVA_DiamondSphereLLC_8875_50K",1,"Miller Lite Tailgate Combo Pack","DP1 V3",Visa,Friday,432739,1,0,0.00%,1,100.00%,1,0,0.00%,1,100.00%,1,1,$12.89,0,100.00%,0,0,$0.00,0,0.00%,1,1,1,$12.89,$0.00,$0.00,$12.89,$0.00,$0.00,$12.89,$0.00,$12.89,$0.00,0.00%,0,0.00%,$0.00,0.00%,0,0.00%,$0.00,0.00%,0,0.00%,$0.00,0.00%,0,0.00%,$0.00,0.00%,$12.89,$0.84,$0.00,$0.00,$0.00,$0.00,0.00%,$0.00,0.00%,$0.00,0.00%,$0.84,6.52%,$12.05,93.48%
"67 - N2_RM_67_PSF_BBVA_DiamondSphereLLC_8875_50K",1,"Miller Lite Tailgate Combo Pack","DP1 V3",Visa,Friday,443044,1,0,0.00%,1,100.00%,1,0,0.00%,1,100.00%,1,1,$12.89,0,100.00%,0,0,$0.00,0,0.00%,1,1,1,$12.89,$0.00,$0.00,$12.89,$0.00,$0.00,$12.89,$0.00,$12.89,$0.00,0.00%,0,0.00%,$0.00,0.00%,0,0.00%,$0.00,0.00%,0,0.00%,$0.00,0.00%,0,0.00%,$0.00,0.00%,$12.89,$0.84,$0.00,$0.00,$0.00,$0.00,0.00%,$0.00,0.00%,$0.00,0.00%,$0.84,6.52%,$12.05,93.48%
"67 - N2_RM_67_PSF_BBVA_DiamondSphereLLC_8875_50K",1,"Sprint Ops Carbon Knife","DP1 V3",Visa,Friday,473702,1,1,100.00%,0,0.00%,1,1,100.00%,0,0.00%,1,0,$0.00,1,0.00%,0,0,$0.00,0,0.00%,0,0,0,$0.00,$0.00,$0.00,$0.00,$0.00,$0.00,$0.00,$0.00,$0.00,$0.00,0.00%,0,0.00%,$0.00,0.00%,0,0.00%,$0.00,0.00%,0,0.00%,$0.00,0.00%,0,0.00%,$0.00,0.00%,$0.00,$0.20,$0.00,$0.00,$0.00,$0.00,0.00%,$0.00,0.00%,$0.00,0.00%,$0.20,0.00%,$-0.20,0.00%
"68 - zCLOSED_R2ONLY_RM_68_SIGNA_ESQ_DiamondSphereLLC_5100_50K",1,"Coors Light Tailgate Bundle","DP1 V3",Mastercard,Friday,515678,1,1,100.00%,0,0.00%,1,1,100.00%,0,0.00%,1,0,$0.00,1,0.00%,0,0,$0.00,0,0.00%,0,0,0,$0.00,$0.00,$0.00,$0.00,$0.00,$0.00,$0.00,$0.00,$0.00,$0.00,0.00%,0,0.00%,$0.00,0.00%,0,0.00%,$0.00,0.00%,0,0.00%,$0.00,0.00%,0,0.00%,$0.00,0.00%,$0.00,$0.20,$0.00,$0.00,$0.00,$0.00,0.00%,$0.00,0.00%,$0.00,0.00%,$0.20,0.00%,$-0.20,0.00%
"68 - zCLOSED_R2ONLY_RM_68_SIGNA_ESQ_DiamondSphereLLC_5100_50K",1,"Coors Light Tailgate Bundle","DP1 V3",Visa,Friday,400022,1,1,100.00%,0,0.00%,1,1,100.00%,0,0.00%,1,0,$0.00,1,0.00%,0,0,$0.00,0,0.00%,0,0,0,$0.00,$0.00,$0.00,$0.00,$0.00,$0.00,$0.00,$0.00,$0.00,$0.00,0.00%,0,0.00%,$0.00,0.00%,0,0.00%,$0.00,0.00%,0,0.00%,$0.00,0.00%,0,0.00%,$0.00,0.00%,$0.00,$0.20,$0.00,$0.00,$0.00,$0.00,0.00%,$0.00,0.00%,$0.00,0.00%,$0.20,0.00%,$-0.20,0.00%
"68 - zCLOSED_R2ONLY_RM_68_SIGNA_ESQ_DiamondSphereLLC_5100_50K",1,"Coors Light Tailgate Bundle","DP1 V3",Visa,Friday,469451,1,0,0.00%,1,100.00%,1,0,0.00%,1,100.00%,1,1,$12.89,0,100.00%,0,0,$0.00,0,0.00%,1,1,1,$12.89,$0.00,$0.00,$12.89,$0.00,$0.00,$12.89,$0.00,$12.89,$0.00,0.00%,0,0.00%,$0.00,0.00%,0,0.00%,$0.00,0.00%,0,0.00%,$0.00,0.00%,0,0.00%,$0.00,0.00%,$12.89,$0.84,$0.00,$0.00,$0.00,$0.00,0.00%,$0.00,0.00%,$0.00,0.00%,$0.84,6.52%,$12.05,93.48%
"68 - zCLOSED_R2ONLY_RM_68_SIGNA_ESQ_DiamondSphereLLC_5100_50K",1,"Harley Davidson Evo Helmet","DP1 V3",Visa,Friday,443628,1,0,0.00%,1,100.00%,1,0,0.00%,1,100.00%,1,1,$12.89,0,100.00%,0,0,$0.00,0,0.00%,1,1,1,$12.89,$0.00,$0.00,$12.89,$0.00,$0.00,$12.89,$0.00,$12.89,$0.00,0.00%,0,0.00%,$0.00,0.00%,0,0.00%,$0.00,0.00%,0,0.00%,$0.00,0.00%,0,0.00%,$0.00,0.00%,$12.89,$0.84,$0.00,$0.00,$0.00,$0.00,0.00%,$0.00,0.00%,$0.00,0.00%,$0.84,6.52%,$12.05,93.48%
"68 - zCLOSED_R2ONLY_RM_68_SIGNA_ESQ_DiamondSphereLLC_5100_50K",1,"Miller Lite Tailgate Combo Pack","DP1 V3",Mastercard,Friday,536062,1,1,100.00%,0,0.00%,1,1,100.00%,0,0.00%,1,0,$0.00,1,0.00%,0,0,$0.00,0,0.00%,0,0,0,$0.00,$0.00,$0.00,$0.00,$0.00,$0.00,$0.00,$0.00,$0.00,$0.00,0.00%,0,0.00%,$0.00,0.00%,0,0.00%,$0.00,0.00%,0,0.00%,$0.00,0.00%,0,0.00%,$0.00,0.00%,$0.00,$0.20,$0.00,$0.00,$0.00,$0.00,0.00%,$0.00,0.00%,$0.00,0.00%,$0.20,0.00%,$-0.20,0.00%
"68 - zCLOSED_R2ONLY_RM_68_SIGNA_ESQ_DiamondSphereLLC_5100_50K",1,"Miller Lite Tailgate Combo Pack","DP1 V3",Visa,Friday,406042,1,0,0.00%,1,100.00%,1,0,0.00%,1,100.00%,1,1,$12.89,0,100.00%,0,0,$0.00,0,0.00%,1,1,1,$12.89,$0.00,$0.00,$12.89,$0.00,$0.00,$12.89,$0.00,$12.89,$0.00,0.00%,0,0.00%,$0.00,0.00%,0,0.00%,$0.00,0.00%,0,0.00%,$0.00,0.00%,0,0.00%,$0.00,0.00%,$12.89,$0.84,$0.00,$0.00,$0.00,$0.00,0.00%,$0.00,0.00%,$0.00,0.00%,$0.84,6.52%,$12.05,93.48%
"68 - zCLOSED_R2ONLY_RM_68_SIGNA_ESQ_DiamondSphereLLC_5100_50K",1,"Miller Lite Tailgate Combo Pack","DP1 V3",Visa,Friday,414720,1,1,100.00%,0,0.00%,1,1,100.00%,0,0.00%,1,0,$0.00,1,0.00%,0,0,$0.00,0,0.00%,0,0,0,$0.00,$0.00,$0.00,$0.00,$0.00,$0.00,$0.00,$0.00,$0.00,$0.00,0.00%,0,0.00%,$0.00,0.00%,0,0.00%,$0.00,0.00%,0,0.00%,$0.00,0.00%,0,0.00%,$0.00,0.00%,$0.00,$0.20,$0.00,$0.00,$0.00,$0.00,0.00%,$0.00,0.00%,$0.00,0.00%,$0.20,0.00%,$-0.20,0.00%
"68 - zCLOSED_R2ONLY_RM_68_SIGNA_ESQ_DiamondSphereLLC_5100_50K",1,"Miller Lite Tailgate Combo Pack","DP1 V3",Visa,Friday,448915,1,1,100.00%,0,0.00%,1,1,100.00%,0,0.00%,1,0,$0.00,1,0.00%,0,0,$0.00,0,0.00%,0,0,0,$0.00,$0.00,$0.00,$0.00,$0.00,$0.00,$0.00,$0.00,$0.00,$0.00,0.00%,0,0.00%,$0.00,0.00%,0,0.00%,$0.00,0.00%,0,0.00%,$0.00,0.00%,0,0.00%,$0.00,0.00%,$0.00,$0.20,$0.00,$0.00,$0.00,$0.00,0.00%,$0.00,0.00%,$0.00,0.00%,$0.20,0.00%,$-0.20,0.00%
"68 - zCLOSED_R2ONLY_RM_68_SIGNA_ESQ_DiamondSphereLLC_5100_50K",1,"Sol De Janeiro skincare set","DP1 V3",Mastercard,Friday,511020,1,1,100.00%,0,0.00%,1,1,100.00%,0,0.00%,1,0,$0.00,1,0.00%,0,0,$0.00,0,0.00%,0,0,0,$0.00,$0.00,$0.00,$0.00,$0.00,$0.00,$0.00,$0.00,$0.00,$0.00,0.00%,0,0.00%,$0.00,0.00%,0,0.00%,$0.00,0.00%,0,0.00%,$0.00,0.00%,0,0.00%,$0.00,0.00%,$0.00,$0.20,$0.00,$0.00,$0.00,$0.00,0.00%,$0.00,0.00%,$0.00,0.00%,$0.20,0.00%,$-0.20,0.00%
"68 - zCLOSED_R2ONLY_RM_68_SIGNA_ESQ_DiamondSphereLLC_5100_50K",1,"Sol De Janeiro skincare set","DP1 V3",Mastercard,Friday,532211,1,0,0.00%,1,100.00%,1,0,0.00%,1,100.00%,1,1,$12.89,0,100.00%,0,0,$0.00,0,0.00%,1,1,1,$12.89,$0.00,$0.00,$12.89,$0.00,$0.00,$12.89,$0.00,$12.89,$0.00,0.00%,0,0.00%,$0.00,0.00%,0,0.00%,$0.00,0.00%,0,0.00%,$0.00,0.00%,0,0.00%,$0.00,0.00%,$12.89,$0.84,$0.00,$0.00,$0.00,$0.00,0.00%,$0.00,0.00%,$0.00,0.00%,$0.84,6.52%,$12.05,93.48%
"68 - zCLOSED_R2ONLY_RM_68_SIGNA_ESQ_DiamondSphereLLC_5100_50K",1,"Stetson Cowboy Hat (Black)","DP1 V3",Visa,Friday,441104,1,1,100.00%,0,0.00%,1,1,100.00%,0,0.00%,1,0,$0.00,1,0.00%,0,0,$0.00,0,0.00%,0,0,0,$0.00,$0.00,$0.00,$0.00,$0.00,$0.00,$0.00,$0.00,$0.00,$0.00,0.00%,0,0.00%,$0.00,0.00%,0,0.00%,$0.00,0.00%,0,0.00%,$0.00,0.00%,0,0.00%,$0.00,0.00%,$0.00,$0.20,$0.00,$0.00,$0.00,$0.00,0.00%,$0.00,0.00%,$0.00,0.00%,$0.20,0.00%,$-0.20,0.00%
"68 - zCLOSED_R2ONLY_RM_68_SIGNA_ESQ_DiamondSphereLLC_5100_50K",1,"Stihl ZeroTurn Lawn Mower","DP1 V3",Visa,Friday,491938,1,0,0.00%,1,100.00%,1,0,0.00%,1,100.00%,1,1,$12.89,0,100.00%,0,0,$0.00,0,0.00%,1,1,1,$12.89,$0.00,$0.00,$12.89,$0.00,$0.00,$12.89,$0.00,$12.89,$0.00,0.00%,0,0.00%,$0.00,0.00%,0,0.00%,$0.00,0.00%,0,0.00%,$0.00,0.00%,0,0.00%,$0.00,0.00%,$12.89,$0.84,$0.00,$0.00,$0.00,$0.00,0.00%,$0.00,0.00%,$0.00,0.00%,$0.84,6.52%,$12.05,93.48%
"68 - zCLOSED_R2ONLY_RM_68_SIGNA_ESQ_DiamondSphereLLC_5100_50K",1,"TaylorMade SIM2 Max Driver","DP1 V3",Visa,Friday,414709,1,1,100.00%,0,0.00%,1,1,100.00%,0,0.00%,1,0,$0.00,1,0.00%,0,0,$0.00,0,0.00%,0,0,0,$0.00,$0.00,$0.00,$0.00,$0.00,$0.00,$0.00,$0.00,$0.00,$0.00,0.00%,0,0.00%,$0.00,0.00%,0,0.00%,$0.00,0.00%,0,0.00%,$0.00,0.00%,0,0.00%,$0.00,0.00%,$0.00,$0.20,$0.00,$0.00,$0.00,$0.00,0.00%,$0.00,0.00%,$0.00,0.00%,$0.20,0.00%,$-0.20,0.00%
"68 - zCLOSED_R2ONLY_RM_68_SIGNA_ESQ_DiamondSphereLLC_5100_50K",1,"TaylorMade Spider ZT Golf Putter","DP1 V3",Visa,Friday,414709,1,1,100.00%,0,0.00%,1,1,100.00%,0,0.00%,1,0,$0.00,1,0.00%,0,0,$0.00,0,0.00%,0,0,0,$0.00,$0.00,$0.00,$0.00,$0.00,$0.00,$0.00,$0.00,$0.00,$0.00,0.00%,0,0.00%,$0.00,0.00%,0,0.00%,$0.00,0.00%,0,0.00%,$0.00,0.00%,0,0.00%,$0.00,0.00%,$0.00,$0.20,$0.00,$0.00,$0.00,$0.00,0.00%,$0.00,0.00%,$0.00,0.00%,$0.20,0.00%,$-0.20,0.00%
"69 - zCLOSED_R2ONLY_RM_69_SIGNA_ESQ_DiamondSphereLLC_5126_50K",1,"BUBBA Cordless Electric Fillet Knife","DP1 V3",Visa,Friday,448879,1,0,0.00%,1,100.00%,1,0,0.00%,1,100.00%,1,1,$12.89,0,100.00%,0,0,$0.00,0,0.00%,1,1,1,$12.89,$0.00,$0.00,$12.89,$0.00,$0.00,$12.89,$0.00,$12.89,$0.00,0.00%,0,0.00%,$0.00,0.00%,0,0.00%,$0.00,0.00%,0,0.00%,$0.00,0.00%,0,0.00%,$0.00,0.00%,$12.89,$0.84,$0.00,$0.00,$0.00,$0.00,0.00%,$0.00,0.00%,$0.00,0.00%,$0.84,6.52%,$12.05,93.48%
"69 - zCLOSED_R2ONLY_RM_69_SIGNA_ESQ_DiamondSphereLLC_5126_50K",1,"Coors Light Tailgate Bundle","DP1 V3",Visa,Friday,434257,1,1,100.00%,0,0.00%,1,1,100.00%,0,0.00%,1,0,$0.00,1,0.00%,0,0,$0.00,0,0.00%,0,0,0,$0.00,$0.00,$0.00,$0.00,$0.00,$0.00,$0.00,$0.00,$0.00,$0.00,0.00%,0,0.00%,$0.00,0.00%,0,0.00%,$0.00,0.00%,0,0.00%,$0.00,0.00%,0,0.00%,$0.00,0.00%,$0.00,$0.20,$0.00,$0.00,$0.00,$0.00,0.00%,$0.00,0.00%,$0.00,0.00%,$0.20,0.00%,$-0.20,0.00%
"69 - zCLOSED_R2ONLY_RM_69_SIGNA_ESQ_DiamondSphereLLC_5126_50K",1,"Coors Light Tailgate Bundle","DP1 V3",Visa,Friday,434258,1,0,0.00%,1,100.00%,1,0,0.00%,1,100.00%,1,1,$12.89,0,100.00%,0,0,$0.00,0,0.00%,1,1,1,$12.89,$0.00,$0.00,$12.89,$0.00,$0.00,$12.89,$0.00,$12.89,$0.00,0.00%,0,0.00%,$0.00,0.00%,0,0.00%,$0.00,0.00%,0,0.00%,$0.00,0.00%,0,0.00%,$0.00,0.00%,$12.89,$0.84,$0.00,$0.00,$0.00,$0.00,0.00%,$0.00,0.00%,$0.00,0.00%,$0.84,6.52%,$12.05,93.48%
"69 - zCLOSED_R2ONLY_RM_69_SIGNA_ESQ_DiamondSphereLLC_5126_50K",1,"Harley Davidson Evo Helmet","DP1 V3",Visa,Friday,401627,1,1,100.00%,0,0.00%,1,1,100.00%,0,0.00%,1,0,$0.00,1,0.00%,0,0,$0.00,0,0.00%,0,0,0,$0.00,$0.00,$0.00,$0.00,$0.00,$0.00,$0.00,$0.00,$0.00,$0.00,0.00%,0,0.00%,$0.00,0.00%,0,0.00%,$0.00,0.00%,0,0.00%,$0.00,0.00%,0,0.00%,$0.00,0.00%,$0.00,$0.20,$0.00,$0.00,$0.00,$0.00,0.00%,$0.00,0.00%,$0.00,0.00%,$0.20,0.00%,$-0.20,0.00%
"69 - zCLOSED_R2ONLY_RM_69_SIGNA_ESQ_DiamondSphereLLC_5126_50K",1,"La-Z-Boy - Motorized Rocking Recliner Chair","DP1 V3",Mastercard,Friday,541413,1,1,100.00%,0,0.00%,1,1,100.00%,0,0.00%,1,0,$0.00,1,0.00%,0,0,$0.00,0,0.00%,0,0,0,$0.00,$0.00,$0.00,$0.00,$0.00,$0.00,$0.00,$0.00,$0.00,$0.00,0.00%,0,0.00%,$0.00,0.00%,0,0.00%,$0.00,0.00%,0,0.00%,$0.00,0.00%,0,0.00%,$0.00,0.00%,$0.00,$0.20,$0.00,$0.00,$0.00,$0.00,0.00%,$0.00,0.00%,$0.00,0.00%,$0.20,0.00%,$-0.20,0.00%
"69 - zCLOSED_R2ONLY_RM_69_SIGNA_ESQ_DiamondSphereLLC_5126_50K",1,"Miller Lite Tailgate Combo Pack","DP1 V3",Mastercard,Friday,517546,1,0,0.00%,1,100.00%,1,0,0.00%,1,100.00%,1,1,$12.89,0,100.00%,0,0,$0.00,0,0.00%,1,1,1,$12.89,$0.00,$0.00,$12.89,$0.00,$0.00,$12.89,$0.00,$12.89,$0.00,0.00%,0,0.00%,$0.00,0.00%,0,0.00%,$0.00,0.00%,0,0.00%,$0.00,0.00%,0,0.00%,$0.00,0.00%,$12.89,$0.84,$0.00,$0.00,$0.00,$0.00,0.00%,$0.00,0.00%,$0.00,0.00%,$0.84,6.52%,$12.05,93.48%
"69 - zCLOSED_R2ONLY_RM_69_SIGNA_ESQ_DiamondSphereLLC_5126_50K",1,"Miller Lite Tailgate Combo Pack","DP1 V3",Mastercard,Friday,521991,1,1,100.00%,0,0.00%,1,1,100.00%,0,0.00%,1,0,$0.00,1,0.00%,0,0,$0.00,0,0.00%,0,0,0,$0.00,$0.00,$0.00,$0.00,$0.00,$0.00,$0.00,$0.00,$0.00,$0.00,0.00%,0,0.00%,$0.00,0.00%,0,0.00%,$0.00,0.00%,0,0.00%,$0.00,0.00%,0,0.00%,$0.00,0.00%,$0.00,$0.20,$0.00,$0.00,$0.00,$0.00,0.00%,$0.00,0.00%,$0.00,0.00%,$0.20,0.00%,$-0.20,0.00%
"69 - zCLOSED_R2ONLY_RM_69_SIGNA_ESQ_DiamondSphereLLC_5126_50K",1,"Miller Lite Tailgate Combo Pack","DP1 V3",Mastercard,Friday,546617,1,1,100.00%,0,0.00%,1,1,100.00%,0,0.00%,1,0,$0.00,1,0.00%,0,0,$0.00,0,0.00%,0,0,0,$0.00,$0.00,$0.00,$0.00,$0.00,$0.00,$0.00,$0.00,$0.00,$0.00,0.00%,0,0.00%,$0.00,0.00%,0,0.00%,$0.00,0.00%,0,0.00%,$0.00,0.00%,0,0.00%,$0.00,0.00%,$0.00,$0.20,$0.00,$0.00,$0.00,$0.00,0.00%,$0.00,0.00%,$0.00,0.00%,$0.20,0.00%,$-0.20,0.00%
"69 - zCLOSED_R2ONLY_RM_69_SIGNA_ESQ_DiamondSphereLLC_5126_50K",1,"Miller Lite Tailgate Combo Pack","DP1 V3",Mastercard,Friday,547182,1,1,100.00%,0,0.00%,1,1,100.00%,0,0.00%,1,0,$0.00,1,0.00%,0,0,$0.00,0,0.00%,0,0,0,$0.00,$0.00,$0.00,$0.00,$0.00,$0.00,$0.00,$0.00,$0.00,$0.00,0.00%,0,0.00%,$0.00,0.00%,0,0.00%,$0.00,0.00%,0,0.00%,$0.00,0.00%,0,0.00%,$0.00,0.00%,$0.00,$0.20,$0.00,$0.00,$0.00,$0.00,0.00%,$0.00,0.00%,$0.00,0.00%,$0.20,0.00%,$-0.20,0.00%
"69 - zCLOSED_R2ONLY_RM_69_SIGNA_ESQ_DiamondSphereLLC_5126_50K",1,"Miller Lite Tailgate Combo Pack","DP1 V3",Mastercard,Friday,551310,1,0,0.00%,1,100.00%,1,0,0.00%,1,100.00%,1,1,$12.89,0,100.00%,0,0,$0.00,0,0.00%,1,1,1,$12.89,$0.00,$0.00,$12.89,$0.00,$0.00,$12.89,$0.00,$12.89,$0.00,0.00%,0,0.00%,$0.00,0.00%,0,0.00%,$0.00,0.00%,0,0.00%,$0.00,0.00%,0,0.00%,$0.00,0.00%,$12.89,$0.84,$0.00,$0.00,$0.00,$0.00,0.00%,$0.00,0.00%,$0.00,0.00%,$0.84,6.52%,$12.05,93.48%
"69 - zCLOSED_R2ONLY_RM_69_SIGNA_ESQ_DiamondSphereLLC_5126_50K",1,"Miller Lite Tailgate Combo Pack","DP1 V3",Visa,Friday,423258,1,1,100.00%,0,0.00%,1,1,100.00%,0,0.00%,1,0,$0.00,1,0.00%,0,0,$0.00,0,0.00%,0,0,0,$0.00,$0.00,$0.00,$0.00,$0.00,$0.00,$0.00,$0.00,$0.00,$0.00,0.00%,0,0.00%,$0.00,0.00%,0,0.00%,$0.00,0.00%,0,0.00%,$0.00,0.00%,0,0.00%,$0.00,0.00%,$0.00,$0.20,$0.00,$0.00,$0.00,$0.00,0.00%,$0.00,0.00%,$0.00,0.00%,$0.20,0.00%,$-0.20,0.00%
"69 - zCLOSED_R2ONLY_RM_69_SIGNA_ESQ_DiamondSphereLLC_5126_50K",1,"Sol De Janeiro skincare set","DP1 V3",Visa,Friday,419455,1,1,100.00%,0,0.00%,1,1,100.00%,0,0.00%,1,0,$0.00,1,0.00%,0,0,$0.00,0,0.00%,0,0,0,$0.00,$0.00,$0.00,$0.00,$0.00,$0.00,$0.00,$0.00,$0.00,$0.00,0.00%,0,0.00%,$0.00,0.00%,0,0.00%,$0.00,0.00%,0,0.00%,$0.00,0.00%,0,0.00%,$0.00,0.00%,$0.00,$0.20,$0.00,$0.00,$0.00,$0.00,0.00%,$0.00,0.00%,$0.00,0.00%,$0.20,0.00%,$-0.20,0.00%
"69 - zCLOSED_R2ONLY_RM_69_SIGNA_ESQ_DiamondSphereLLC_5126_50K",1,"Sol De Janeiro skincare set","DP1 V3",Visa,Friday,470132,1,0,0.00%,1,100.00%,1,0,0.00%,1,100.00%,1,1,$12.89,0,100.00%,0,0,$0.00,0,0.00%,1,1,1,$12.89,$0.00,$0.00,$12.89,$0.00,$0.00,$12.89,$0.00,$12.89,$0.00,0.00%,0,0.00%,$0.00,0.00%,0,0.00%,$0.00,0.00%,0,0.00%,$0.00,0.00%,0,0.00%,$0.00,0.00%,$12.89,$0.84,$0.00,$0.00,$0.00,$0.00,0.00%,$0.00,0.00%,$0.00,0.00%,$0.84,6.52%,$12.05,93.48%
"69 - zCLOSED_R2ONLY_RM_69_SIGNA_ESQ_DiamondSphereLLC_5126_50K",1,"Stihl ZeroTurn Lawn Mower","DP1 V3",Mastercard,Friday,529149,1,1,100.00%,0,0.00%,1,1,100.00%,0,0.00%,1,0,$0.00,1,0.00%,0,0,$0.00,0,0.00%,0,0,0,$0.00,$0.00,$0.00,$0.00,$0.00,$0.00,$0.00,$0.00,$0.00,$0.00,0.00%,0,0.00%,$0.00,0.00%,0,0.00%,$0.00,0.00%,0,0.00%,$0.00,0.00%,0,0.00%,$0.00,0.00%,$0.00,$0.20,$0.00,$0.00,$0.00,$0.00,0.00%,$0.00,0.00%,$0.00,0.00%,$0.20,0.00%,$-0.20,0.00%
"69 - zCLOSED_R2ONLY_RM_69_SIGNA_ESQ_DiamondSphereLLC_5126_50K",1,"Stihl ZeroTurn Lawn Mower","DP1 V3",Mastercard,Friday,542418,1,0,0.00%,1,100.00%,1,0,0.00%,1,100.00%,1,1,$12.89,0,100.00%,0,0,$0.00,0,0.00%,1,1,1,$12.89,$0.00,$0.00,$12.89,$0.00,$0.00,$12.89,$0.00,$12.89,$0.00,0.00%,0,0.00%,$0.00,0.00%,0,0.00%,$0.00,0.00%,0,0.00%,$0.00,0.00%,0,0.00%,$0.00,0.00%,$12.89,$0.84,$0.00,$0.00,$0.00,$0.00,0.00%,$0.00,0.00%,$0.00,0.00%,$0.84,6.52%,$12.05,93.48%
"69 - zCLOSED_R2ONLY_RM_69_SIGNA_ESQ_DiamondSphereLLC_5126_50K",1,"Stihl ZeroTurn Lawn Mower","DP1 V3",Mastercard,Friday,553981,1,0,0.00%,1,100.00%,1,0,0.00%,1,100.00%,1,1,$12.89,0,100.00%,0,0,$0.00,0,0.00%,1,1,1,$12.89,$0.00,$0.00,$12.89,$0.00,$0.00,$12.89,$0.00,$12.89,$0.00,0.00%,0,0.00%,$0.00,0.00%,0,0.00%,$0.00,0.00%,0,0.00%,$0.00,0.00%,0,0.00%,$0.00,0.00%,$12.89,$0.84,$0.00,$0.00,$0.00,$0.00,0.00%,$0.00,0.00%,$0.00,0.00%,$0.84,6.52%,$12.05,93.48%
"69 - zCLOSED_R2ONLY_RM_69_SIGNA_ESQ_DiamondSphereLLC_5126_50K",1,"TaylorMade SIM2 Max Driver","DP1 V3",Mastercard,Friday,524366,1,1,100.00%,0,0.00%,1,1,100.00%,0,0.00%,1,0,$0.00,1,0.00%,0,0,$0.00,0,0.00%,0,0,0,$0.00,$0.00,$0.00,$0.00,$0.00,$0.00,$0.00,$0.00,$0.00,$0.00,0.00%,0,0.00%,$0.00,0.00%,0,0.00%,$0.00,0.00%,0,0.00%,$0.00,0.00%,0,0.00%,$0.00,0.00%,$0.00,$0.20,$0.00,$0.00,$0.00,$0.00,0.00%,$0.00,0.00%,$0.00,0.00%,$0.20,0.00%,$-0.20,0.00%
"69 - zCLOSED_R2ONLY_RM_69_SIGNA_ESQ_DiamondSphereLLC_5126_50K",1,"TaylorMade SIM2 Max Driver","DP1 V3",Visa,Friday,431658,1,0,0.00%,1,100.00%,1,0,0.00%,1,100.00%,1,1,$12.89,0,100.00%,0,0,$0.00,0,0.00%,1,1,1,$12.89,$0.00,$0.00,$12.89,$0.00,$0.00,$12.89,$0.00,$12.89,$0.00,0.00%,0,0.00%,$0.00,0.00%,0,0.00%,$0.00,0.00%,0,0.00%,$0.00,0.00%,0,0.00%,$0.00,0.00%,$12.89,$0.84,$0.00,$0.00,$0.00,$0.00,0.00%,$0.00,0.00%,$0.00,0.00%,$0.84,6.52%,$12.05,93.48%
"7 - GY_N2_RM_7_PAYARC_EVO_BrightAdvantageLLC_4041_65K",1,"Coors Light Tailgate Bundle","DP1 V3",Visa,Friday,434256,1,0,0.00%,1,100.00%,1,0,0.00%,1,100.00%,1,1,$12.89,0,100.00%,0,0,$0.00,0,0.00%,1,1,1,$12.89,$0.00,$0.00,$12.89,$0.00,$0.00,$12.89,$0.00,$12.89,$0.00,0.00%,0,0.00%,$0.00,0.00%,0,0.00%,$0.00,0.00%,0,0.00%,$0.00,0.00%,0,0.00%,$0.00,0.00%,$12.89,$0.84,$0.00,$0.00,$0.00,$0.00,0.00%,$0.00,0.00%,$0.00,0.00%,$0.84,6.52%,$12.05,93.48%
"7 - GY_N2_RM_7_PAYARC_EVO_BrightAdvantageLLC_4041_65K",1,"Coors Light Tailgate Bundle","DP1 V3",Visa,Friday,443264,1,1,100.00%,0,0.00%,1,1,100.00%,0,0.00%,1,0,$0.00,1,0.00%,0,0,$0.00,0,0.00%,0,0,0,$0.00,$0.00,$0.00,$0.00,$0.00,$0.00,$0.00,$0.00,$0.00,$0.00,0.00%,0,0.00%,$0.00,0.00%,0,0.00%,$0.00,0.00%,0,0.00%,$0.00,0.00%,0,0.00%,$0.00,0.00%,$0.00,$0.20,$0.00,$0.00,$0.00,$0.00,0.00%,$0.00,0.00%,$0.00,0.00%,$0.20,0.00%,$-0.20,0.00%
"7 - GY_N2_RM_7_PAYARC_EVO_BrightAdvantageLLC_4041_65K",1,"Coors Light Tailgate Bundle","DP1 V3",Visa,Friday,469451,1,1,100.00%,0,0.00%,1,1,100.00%,0,0.00%,1,0,$0.00,1,0.00%,0,0,$0.00,0,0.00%,0,0,0,$0.00,$0.00,$0.00,$0.00,$0.00,$0.00,$0.00,$0.00,$0.00,$0.00,0.00%,0,0.00%,$0.00,0.00%,0,0.00%,$0.00,0.00%,0,0.00%,$0.00,0.00%,0,0.00%,$0.00,0.00%,$0.00,$0.20,$0.00,$0.00,$0.00,$0.00,0.00%,$0.00,0.00%,$0.00,0.00%,$0.20,0.00%,$-0.20,0.00%
"7 - GY_N2_RM_7_PAYARC_EVO_BrightAdvantageLLC_4041_65K",1,"Harley Davidson Evo Helmet","DP1 V3",Mastercard,Friday,514377,1,0,0.00%,1,100.00%,1,0,0.00%,1,100.00%,1,1,$12.89,0,100.00%,0,0,$0.00,0,0.00%,1,1,1,$12.89,$0.00,$0.00,$12.89,$0.00,$0.00,$12.89,$0.00,$12.89,$12.89,100.00%,0,0.00%,$0.00,0.00%,0,0.00%,$0.00,0.00%,0,0.00%,$0.00,0.00%,1,100.00%,$12.89,100.00%,$0.00,$0.84,$0.00,$0.00,$0.00,$0.00,0.00%,$0.00,0.00%,$0.00,0.00%,$0.84,6.52%,$-0.84,-6.52%
"7 - GY_N2_RM_7_PAYARC_EVO_BrightAdvantageLLC_4041_65K",1,"Miller Lite Tailgate Combo Pack","DP1 V3",Mastercard,Friday,546616,1,0,0.00%,1,100.00%,1,0,0.00%,1,100.00%,1,1,$12.89,0,100.00%,0,0,$0.00,0,0.00%,1,1,1,$12.89,$0.00,$0.00,$12.89,$0.00,$0.00,$12.89,$0.00,$12.89,$12.89,100.00%,0,0.00%,$0.00,0.00%,0,0.00%,$0.00,0.00%,0,0.00%,$0.00,0.00%,1,100.00%,$12.89,100.00%,$0.00,$0.84,$0.00,$0.00,$0.00,$0.00,0.00%,$0.00,0.00%,$0.00,0.00%,$0.84,6.52%,$-0.84,-6.52%
"7 - GY_N2_RM_7_PAYARC_EVO_BrightAdvantageLLC_4041_65K",1,"Miller Lite Tailgate Combo Pack","DP1 V3",Visa,Friday,433062,1,0,0.00%,1,100.00%,1,0,0.00%,1,100.00%,1,1,$12.89,0,100.00%,0,0,$0.00,0,0.00%,1,1,1,$12.89,$0.00,$0.00,$12.89,$0.00,$0.00,$12.89,$0.00,$12.89,$0.00,0.00%,0,0.00%,$0.00,0.00%,0,0.00%,$0.00,0.00%,0,0.00%,$0.00,0.00%,0,0.00%,$0.00,0.00%,$12.89,$0.84,$0.00,$0.00,$0.00,$0.00,0.00%,$0.00,0.00%,$0.00,0.00%,$0.84,6.52%,$12.05,93.48%
"7 - GY_N2_RM_7_PAYARC_EVO_BrightAdvantageLLC_4041_65K",1,"Miller Lite Tailgate Combo Pack","DP1 V3",Visa,Friday,488894,1,1,100.00%,0,0.00%,1,1,100.00%,0,0.00%,1,0,$0.00,1,0.00%,0,0,$0.00,0,0.00%,0,0,0,$0.00,$0.00,$0.00,$0.00,$0.00,$0.00,$0.00,$0.00,$0.00,$0.00,0.00%,0,0.00%,$0.00,0.00%,0,0.00%,$0.00,0.00%,0,0.00%,$0.00,0.00%,0,0.00%,$0.00,0.00%,$0.00,$0.20,$0.00,$0.00,$0.00,$0.00,0.00%,$0.00,0.00%,$0.00,0.00%,$0.20,0.00%,$-0.20,0.00%
"7 - GY_N2_RM_7_PAYARC_EVO_BrightAdvantageLLC_4041_65K",1,"Sol De Janeiro skincare set","DP1 V3",Visa,Friday,443264,1,0,0.00%,1,100.00%,1,0,0.00%,1,100.00%,1,1,$12.89,0,100.00%,0,0,$0.00,0,0.00%,1,1,1,$12.89,$0.00,$0.00,$12.89,$0.00,$0.00,$12.89,$0.00,$12.89,$0.00,0.00%,0,0.00%,$0.00,0.00%,0,0.00%,$0.00,0.00%,0,0.00%,$0.00,0.00%,0,0.00%,$0.00,0.00%,$12.89,$0.84,$0.00,$0.00,$0.00,$0.00,0.00%,$0.00,0.00%,$0.00,0.00%,$0.84,6.52%,$12.05,93.48%
"7 - GY_N2_RM_7_PAYARC_EVO_BrightAdvantageLLC_4041_65K",1,"Sol De Janeiro skincare set","DP1 V3",Visa,Friday,471830,1,1,100.00%,0,0.00%,1,1,100.00%,0,0.00%,1,0,$0.00,1,0.00%,0,0,$0.00,0,0.00%,0,0,0,$0.00,$0.00,$0.00,$0.00,$0.00,$0.00,$0.00,$0.00,$0.00,$0.00,0.00%,0,0.00%,$0.00,0.00%,0,0.00%,$0.00,0.00%,0,0.00%,$0.00,0.00%,0,0.00%,$0.00,0.00%,$0.00,$0.20,$0.00,$0.00,$0.00,$0.00,0.00%,$0.00,0.00%,$0.00,0.00%,$0.20,0.00%,$-0.20,0.00%
"7 - GY_N2_RM_7_PAYARC_EVO_BrightAdvantageLLC_4041_65K",1,"Stihl ZeroTurn Lawn Mower","DP1 V3",Mastercard,Friday,515061,1,1,100.00%,0,0.00%,1,1,100.00%,0,0.00%,1,0,$0.00,1,0.00%,0,0,$0.00,0,0.00%,0,0,0,$0.00,$0.00,$0.00,$0.00,$0.00,$0.00,$0.00,$0.00,$0.00,$0.00,0.00%,0,0.00%,$0.00,0.00%,0,0.00%,$0.00,0.00%,0,0.00%,$0.00,0.00%,0,0.00%,$0.00,0.00%,$0.00,$0.20,$0.00,$0.00,$0.00,$0.00,0.00%,$0.00,0.00%,$0.00,0.00%,$0.20,0.00%,$-0.20,0.00%
"7 - GY_N2_RM_7_PAYARC_EVO_BrightAdvantageLLC_4041_65K",1,"TaylorMade Spider ZT Golf Putter","DP1 V3",Mastercard,Friday,510729,1,0,0.00%,1,100.00%,1,0,0.00%,1,100.00%,1,1,$12.89,0,100.00%,0,0,$0.00,0,0.00%,1,1,1,$12.89,$0.00,$0.00,$12.89,$0.00,$0.00,$12.89,$0.00,$12.89,$0.00,0.00%,0,0.00%,$0.00,0.00%,0,0.00%,$0.00,0.00%,0,0.00%,$0.00,0.00%,0,0.00%,$0.00,0.00%,$12.89,$0.84,$0.00,$0.00,$0.00,$0.00,0.00%,$0.00,0.00%,$0.00,0.00%,$0.84,6.52%,$12.05,93.48%
"7 - GY_N2_RM_7_PAYARC_EVO_BrightAdvantageLLC_4041_65K",1,"TaylorMade Spider ZT Golf Putter","DP1 V3",Mastercard,Friday,542539,1,0,0.00%,1,100.00%,1,0,0.00%,1,100.00%,1,1,$12.89,0,100.00%,0,0,$0.00,0,0.00%,1,1,1,$12.89,$0.00,$0.00,$12.89,$0.00,$0.00,$12.89,$0.00,$12.89,$0.00,0.00%,0,0.00%,$0.00,0.00%,0,0.00%,$0.00,0.00%,0,0.00%,$0.00,0.00%,0,0.00%,$0.00,0.00%,$12.89,$0.84,$0.00,$0.00,$0.00,$0.00,0.00%,$0.00,0.00%,$0.00,0.00%,$0.84,6.52%,$12.05,93.48%
"7 - GY_N2_RM_7_PAYARC_EVO_BrightAdvantageLLC_4041_65K",1,"TaylorMade Spider ZT Golf Putter","DP1 V3",Visa,Friday,426684,1,1,100.00%,0,0.00%,1,1,100.00%,0,0.00%,1,0,$0.00,1,0.00%,0,0,$0.00,0,0.00%,0,0,0,$0.00,$0.00,$0.00,$0.00,$0.00,$0.00,$0.00,$0.00,$0.00,$0.00,0.00%,0,0.00%,$0.00,0.00%,0,0.00%,$0.00,0.00%,0,0.00%,$0.00,0.00%,0,0.00%,$0.00,0.00%,$0.00,$0.20,$0.00,$0.00,$0.00,$0.00,0.00%,$0.00,0.00%,$0.00,0.00%,$0.20,0.00%,$-0.20,0.00%
"70 - zCLOSED_RM_70_QUANT_CBSL_SpecifiConLLC_4767_25K",1,"Garmin Fish Finder","DP1 V3",Visa,Friday,414709,1,1,100.00%,0,0.00%,1,1,100.00%,0,0.00%,1,0,$0.00,1,0.00%,0,0,$0.00,0,0.00%,0,0,0,$0.00,$0.00,$0.00,$0.00,$0.00,$0.00,$0.00,$0.00,$0.00,$0.00,0.00%,0,0.00%,$0.00,0.00%,0,0.00%,$0.00,0.00%,0,0.00%,$0.00,0.00%,0,0.00%,$0.00,0.00%,$0.00,$0.20,$0.00,$0.00,$0.00,$0.00,0.00%,$0.00,0.00%,$0.00,0.00%,$0.20,0.00%,$-0.20,0.00%
"70 - zCLOSED_RM_70_QUANT_CBSL_SpecifiConLLC_4767_25K",1,"La-Z-Boy - Motorized Rocking Recliner Chair","DP1 V3",Mastercard,Friday,512992,1,0,0.00%,1,100.00%,1,0,0.00%,1,100.00%,1,1,$12.89,0,100.00%,0,0,$0.00,0,0.00%,1,1,1,$12.89,$0.00,$0.00,$12.89,$0.00,$0.00,$12.89,$0.00,$12.89,$0.00,0.00%,0,0.00%,$0.00,0.00%,0,0.00%,$0.00,0.00%,0,0.00%,$0.00,0.00%,0,0.00%,$0.00,0.00%,$12.89,$0.84,$0.00,$0.00,$0.00,$0.00,0.00%,$0.00,0.00%,$0.00,0.00%,$0.84,6.52%,$12.05,93.48%
"70 - zCLOSED_RM_70_QUANT_CBSL_SpecifiConLLC_4767_25K",1,"Miller Lite Tailgate Combo Pack","DP1 V3",Mastercard,Friday,522930,1,0,0.00%,1,100.00%,1,0,0.00%,1,100.00%,1,1,$12.89,0,100.00%,0,0,$0.00,0,0.00%,1,1,1,$12.89,$0.00,$0.00,$12.89,$0.00,$0.00,$12.89,$0.00,$12.89,$0.00,0.00%,0,0.00%,$0.00,0.00%,0,0.00%,$0.00,0.00%,0,0.00%,$0.00,0.00%,0,0.00%,$0.00,0.00%,$12.89,$0.84,$0.00,$0.00,$0.00,$0.00,0.00%,$0.00,0.00%,$0.00,0.00%,$0.84,6.52%,$12.05,93.48%
"70 - zCLOSED_RM_70_QUANT_CBSL_SpecifiConLLC_4767_25K",1,"Sol De Janeiro skincare set","DP1 V3",Mastercard,Friday,542418,1,0,0.00%,1,100.00%,1,0,0.00%,1,100.00%,1,1,$12.89,0,100.00%,0,0,$0.00,0,0.00%,1,1,1,$12.89,$0.00,$0.00,$12.89,$0.00,$0.00,$12.89,$0.00,$12.89,$12.89,100.00%,0,0.00%,$0.00,0.00%,0,0.00%,$0.00,0.00%,0,0.00%,$0.00,0.00%,1,100.00%,$12.89,100.00%,$0.00,$0.84,$0.00,$0.00,$0.00,$0.00,0.00%,$0.00,0.00%,$0.00,0.00%,$0.84,6.52%,$-0.84,-6.52%
"70 - zCLOSED_RM_70_QUANT_CBSL_SpecifiConLLC_4767_25K",1,"Sol De Janeiro skincare set","DP1 V3",Visa,Friday,474472,1,1,100.00%,0,0.00%,1,1,100.00%,0,0.00%,1,0,$0.00,1,0.00%,0,0,$0.00,0,0.00%,0,0,0,$0.00,$0.00,$0.00,$0.00,$0.00,$0.00,$0.00,$0.00,$0.00,$0.00,0.00%,0,0.00%,$0.00,0.00%,0,0.00%,$0.00,0.00%,0,0.00%,$0.00,0.00%,0,0.00%,$0.00,0.00%,$0.00,$0.20,$0.00,$0.00,$0.00,$0.00,0.00%,$0.00,0.00%,$0.00,0.00%,$0.20,0.00%,$-0.20,0.00%
"70 - zCLOSED_RM_70_QUANT_CBSL_SpecifiConLLC_4767_25K",1,"Stetson Cowboy Hat (Black)","DP1 V3",Visa,Friday,411395,1,0,0.00%,1,100.00%,1,0,0.00%,1,100.00%,1,1,$12.89,0,100.00%,0,0,$0.00,0,0.00%,1,1,1,$12.89,$0.00,$0.00,$12.89,$0.00,$0.00,$12.89,$0.00,$12.89,$0.00,0.00%,0,0.00%,$0.00,0.00%,0,0.00%,$0.00,0.00%,0,0.00%,$0.00,0.00%,0,0.00%,$0.00,0.00%,$12.89,$0.84,$0.00,$0.00,$0.00,$0.00,0.00%,$0.00,0.00%,$0.00,0.00%,$0.84,6.52%,$12.05,93.48%
"70 - zCLOSED_RM_70_QUANT_CBSL_SpecifiConLLC_4767_25K",1,"Stetson Cowboy Hat (Black)","DP1 V3",Visa,Friday,481583,1,1,100.00%,0,0.00%,1,1,100.00%,0,0.00%,1,0,$0.00,1,0.00%,0,0,$0.00,0,0.00%,0,0,0,$0.00,$0.00,$0.00,$0.00,$0.00,$0.00,$0.00,$0.00,$0.00,$0.00,0.00%,0,0.00%,$0.00,0.00%,0,0.00%,$0.00,0.00%,0,0.00%,$0.00,0.00%,0,0.00%,$0.00,0.00%,$0.00,$0.20,$0.00,$0.00,$0.00,$0.00,0.00%,$0.00,0.00%,$0.00,0.00%,$0.20,0.00%,$-0.20,0.00%
"70 - zCLOSED_RM_70_QUANT_CBSL_SpecifiConLLC_4767_25K",1,"TaylorMade SIM2 Max Driver","DP1 V3",Mastercard,Friday,530874,1,0,0.00%,1,100.00%,1,0,0.00%,1,100.00%,1,1,$12.89,0,100.00%,0,0,$0.00,0,0.00%,1,1,1,$12.89,$0.00,$0.00,$12.89,$0.00,$0.00,$12.89,$0.00,$12.89,$0.00,0.00%,0,0.00%,$0.00,0.00%,0,0.00%,$0.00,0.00%,0,0.00%,$0.00,0.00%,0,0.00%,$0.00,0.00%,$12.89,$0.84,$0.00,$0.00,$0.00,$0.00,0.00%,$0.00,0.00%,$0.00,0.00%,$0.84,6.52%,$12.05,93.48%
"70 - zCLOSED_RM_70_QUANT_CBSL_SpecifiConLLC_4767_25K",1,"TaylorMade SIM2 Max Driver","DP1 V3",Visa,Friday,414720,1,1,100.00%,0,0.00%,1,1,100.00%,0,0.00%,1,0,$0.00,1,0.00%,0,0,$0.00,0,0.00%,0,0,0,$0.00,$0.00,$0.00,$0.00,$0.00,$0.00,$0.00,$0.00,$0.00,$0.00,0.00%,0,0.00%,$0.00,0.00%,0,0.00%,$0.00,0.00%,0,0.00%,$0.00,0.00%,0,0.00%,$0.00,0.00%,$0.00,$0.20,$0.00,$0.00,$0.00,$0.00,0.00%,$0.00,0.00%,$0.00,0.00%,$0.20,0.00%,$-0.20,0.00%
"70 - zCLOSED_RM_70_QUANT_CBSL_SpecifiConLLC_4767_25K",1,"TaylorMade Spider ZT Golf Putter","DP1 V3",Mastercard,Friday,528149,1,1,100.00%,0,0.00%,1,1,100.00%,0,0.00%,1,0,$0.00,1,0.00%,0,0,$0.00,0,0.00%,0,0,0,$0.00,$0.00,$0.00,$0.00,$0.00,$0.00,$0.00,$0.00,$0.00,$0.00,0.00%,0,0.00%,$0.00,0.00%,0,0.00%,$0.00,0.00%,0,0.00%,$0.00,0.00%,0,0.00%,$0.00,0.00%,$0.00,$0.20,$0.00,$0.00,$0.00,$0.00,0.00%,$0.00,0.00%,$0.00,0.00%,$0.20,0.00%,$-0.20,0.00%
"73 - zCLOSED_N1_RM_73_PAYARC_EVO_SpecifiConLLC_3455_45K",1,"BUBBA Cordless Electric Fillet Knife","DP1 V3",Mastercard,Friday,517546,1,0,0.00%,1,100.00%,1,0,0.00%,1,100.00%,1,1,$12.89,0,100.00%,0,0,$0.00,0,0.00%,1,1,1,$12.89,$0.00,$0.00,$12.89,$0.00,$0.00,$12.89,$0.00,$12.89,$0.00,0.00%,0,0.00%,$0.00,0.00%,0,0.00%,$0.00,0.00%,0,0.00%,$0.00,0.00%,0,0.00%,$0.00,0.00%,$12.89,$0.84,$0.00,$0.00,$0.00,$0.00,0.00%,$0.00,0.00%,$0.00,0.00%,$0.84,6.52%,$12.05,93.48%
"73 - zCLOSED_N1_RM_73_PAYARC_EVO_SpecifiConLLC_3455_45K",1,"BUBBA Cordless Electric Fillet Knife","DP1 V3",Mastercard,Friday,551677,1,0,0.00%,1,100.00%,1,0,0.00%,1,100.00%,1,1,$12.89,0,100.00%,0,0,$0.00,0,0.00%,1,1,1,$12.89,$0.00,$0.00,$12.89,$0.00,$0.00,$12.89,$0.00,$12.89,$0.00,0.00%,0,0.00%,$0.00,0.00%,0,0.00%,$0.00,0.00%,0,0.00%,$0.00,0.00%,0,0.00%,$0.00,0.00%,$12.89,$0.84,$0.00,$0.00,$0.00,$0.00,0.00%,$0.00,0.00%,$0.00,0.00%,$0.84,6.52%,$12.05,93.48%
"73 - zCLOSED_N1_RM_73_PAYARC_EVO_SpecifiConLLC_3455_45K",1,"Coors Light Tailgate Bundle","DP1 V3",Mastercard,Friday,546325,1,1,100.00%,0,0.00%,1,1,100.00%,0,0.00%,1,0,$0.00,1,0.00%,0,0,$0.00,0,0.00%,0,0,0,$0.00,$0.00,$0.00,$0.00,$0.00,$0.00,$0.00,$0.00,$0.00,$0.00,0.00%,0,0.00%,$0.00,0.00%,0,0.00%,$0.00,0.00%,0,0.00%,$0.00,0.00%,0,0.00%,$0.00,0.00%,$0.00,$0.20,$0.00,$0.00,$0.00,$0.00,0.00%,$0.00,0.00%,$0.00,0.00%,$0.20,0.00%,$-0.20,0.00%
"73 - zCLOSED_N1_RM_73_PAYARC_EVO_SpecifiConLLC_3455_45K",1,"Coors Light Tailgate Bundle","DP1 V3",Mastercard,Friday,558111,1,1,100.00%,0,0.00%,1,1,100.00%,0,0.00%,1,0,$0.00,1,0.00%,0,0,$0.00,0,0.00%,0,0,0,$0.00,$0.00,$0.00,$0.00,$0.00,$0.00,$0.00,$0.00,$0.00,$0.00,0.00%,0,0.00%,$0.00,0.00%,0,0.00%,$0.00,0.00%,0,0.00%,$0.00,0.00%,0,0.00%,$0.00,0.00%,$0.00,$0.20,$0.00,$0.00,$0.00,$0.00,0.00%,$0.00,0.00%,$0.00,0.00%,$0.20,0.00%,$-0.20,0.00%
"73 - zCLOSED_N1_RM_73_PAYARC_EVO_SpecifiConLLC_3455_45K",1,"Coors Light Tailgate Bundle","DP1 V3",Visa,Friday,442338,1,1,100.00%,0,0.00%,1,1,100.00%,0,0.00%,1,0,$0.00,1,0.00%,0,0,$0.00,0,0.00%,0,0,0,$0.00,$0.00,$0.00,$0.00,$0.00,$0.00,$0.00,$0.00,$0.00,$0.00,0.00%,0,0.00%,$0.00,0.00%,0,0.00%,$0.00,0.00%,0,0.00%,$0.00,0.00%,0,0.00%,$0.00,0.00%,$0.00,$0.20,$0.00,$0.00,$0.00,$0.00,0.00%,$0.00,0.00%,$0.00,0.00%,$0.20,0.00%,$-0.20,0.00%
"73 - zCLOSED_N1_RM_73_PAYARC_EVO_SpecifiConLLC_3455_45K",1,"Coors Light Tailgate Bundle","DP1 V3",Visa,Friday,443044,1,1,100.00%,0,0.00%,1,1,100.00%,0,0.00%,1,0,$0.00,1,0.00%,0,0,$0.00,0,0.00%,0,0,0,$0.00,$0.00,$0.00,$0.00,$0.00,$0.00,$0.00,$0.00,$0.00,$0.00,0.00%,0,0.00%,$0.00,0.00%,0,0.00%,$0.00,0.00%,0,0.00%,$0.00,0.00%,0,0.00%,$0.00,0.00%,$0.00,$0.20,$0.00,$0.00,$0.00,$0.00,0.00%,$0.00,0.00%,$0.00,0.00%,$0.20,0.00%,$-0.20,0.00%
"73 - zCLOSED_N1_RM_73_PAYARC_EVO_SpecifiConLLC_3455_45K",1,"Garmin Fish Finder","DP1 V3",Mastercard,Friday,551771,1,0,0.00%,1,100.00%,1,0,0.00%,1,100.00%,1,1,$12.89,0,100.00%,0,0,$0.00,0,0.00%,1,1,1,$12.89,$0.00,$0.00,$12.89,$0.00,$0.00,$12.89,$0.00,$12.89,$0.00,0.00%,0,0.00%,$0.00,0.00%,0,0.00%,$0.00,0.00%,0,0.00%,$0.00,0.00%,0,0.00%,$0.00,0.00%,$12.89,$0.84,$0.00,$0.00,$0.00,$0.00,0.00%,$0.00,0.00%,$0.00,0.00%,$0.84,6.52%,$12.05,93.48%
"73 - zCLOSED_N1_RM_73_PAYARC_EVO_SpecifiConLLC_3455_45K",1,"Garmin Fish Finder","DP1 V3",Visa,Friday,415201,1,1,100.00%,0,0.00%,1,1,100.00%,0,0.00%,1,0,$0.00,1,0.00%,0,0,$0.00,0,0.00%,0,0,0,$0.00,$0.00,$0.00,$0.00,$0.00,$0.00,$0.00,$0.00,$0.00,$0.00,0.00%,0,0.00%,$0.00,0.00%,0,0.00%,$0.00,0.00%,0,0.00%,$0.00,0.00%,0,0.00%,$0.00,0.00%,$0.00,$0.20,$0.00,$0.00,$0.00,$0.00,0.00%,$0.00,0.00%,$0.00,0.00%,$0.20,0.00%,$-0.20,0.00%
"73 - zCLOSED_N1_RM_73_PAYARC_EVO_SpecifiConLLC_3455_45K",1,"Miller Lite Tailgate Combo Pack","DP1 V3",Mastercard,Friday,544927,1,0,0.00%,1,100.00%,1,0,0.00%,1,100.00%,1,1,$12.89,0,100.00%,0,0,$0.00,0,0.00%,1,1,1,$12.89,$0.00,$0.00,$12.89,$0.00,$0.00,$12.89,$0.00,$12.89,$0.00,0.00%,0,0.00%,$0.00,0.00%,0,0.00%,$0.00,0.00%,0,0.00%,$0.00,0.00%,0,0.00%,$0.00,0.00%,$12.89,$0.84,$0.00,$0.00,$0.00,$0.00,0.00%,$0.00,0.00%,$0.00,0.00%,$0.84,6.52%,$12.05,93.48%
"73 - zCLOSED_N1_RM_73_PAYARC_EVO_SpecifiConLLC_3455_45K",1,"Miller Lite Tailgate Combo Pack","DP1 V3",Visa,Friday,427122,1,1,100.00%,0,0.00%,1,1,100.00%,0,0.00%,1,0,$0.00,1,0.00%,0,0,$0.00,0,0.00%,0,0,0,$0.00,$0.00,$0.00,$0.00,$0.00,$0.00,$0.00,$0.00,$0.00,$0.00,0.00%,0,0.00%,$0.00,0.00%,0,0.00%,$0.00,0.00%,0,0.00%,$0.00,0.00%,0,0.00%,$0.00,0.00%,$0.00,$0.20,$0.00,$0.00,$0.00,$0.00,0.00%,$0.00,0.00%,$0.00,0.00%,$0.20,0.00%,$-0.20,0.00%
"73 - zCLOSED_N1_RM_73_PAYARC_EVO_SpecifiConLLC_3455_45K",1,"Sol De Janeiro skincare set","DP1 V3",Visa,Friday,473703,1,1,100.00%,0,0.00%,1,1,100.00%,0,0.00%,1,0,$0.00,1,0.00%,0,0,$0.00,0,0.00%,0,0,0,$0.00,$0.00,$0.00,$0.00,$0.00,$0.00,$0.00,$0.00,$0.00,$0.00,0.00%,0,0.00%,$0.00,0.00%,0,0.00%,$0.00,0.00%,0,0.00%,$0.00,0.00%,0,0.00%,$0.00,0.00%,$0.00,$0.20,$0.00,$0.00,$0.00,$0.00,0.00%,$0.00,0.00%,$0.00,0.00%,$0.20,0.00%,$-0.20,0.00%
"73 - zCLOSED_N1_RM_73_PAYARC_EVO_SpecifiConLLC_3455_45K",1,"Sol De Janeiro skincare set","DP1 V3",Visa,Friday,487917,1,1,100.00%,0,0.00%,1,1,100.00%,0,0.00%,1,0,$0.00,1,0.00%,0,0,$0.00,0,0.00%,0,0,0,$0.00,$0.00,$0.00,$0.00,$0.00,$0.00,$0.00,$0.00,$0.00,$0.00,0.00%,0,0.00%,$0.00,0.00%,0,0.00%,$0.00,0.00%,0,0.00%,$0.00,0.00%,0,0.00%,$0.00,0.00%,$0.00,$0.20,$0.00,$0.00,$0.00,$0.00,0.00%,$0.00,0.00%,$0.00,0.00%,$0.20,0.00%,$-0.20,0.00%
"73 - zCLOSED_N1_RM_73_PAYARC_EVO_SpecifiConLLC_3455_45K",1,"Stihl ZeroTurn Lawn Mower","DP1 V3",Visa,Friday,423909,1,1,100.00%,0,0.00%,1,1,100.00%,0,0.00%,1,0,$0.00,1,0.00%,0,0,$0.00,0,0.00%,0,0,0,$0.00,$0.00,$0.00,$0.00,$0.00,$0.00,$0.00,$0.00,$0.00,$0.00,0.00%,0,0.00%,$0.00,0.00%,0,0.00%,$0.00,0.00%,0,0.00%,$0.00,0.00%,0,0.00%,$0.00,0.00%,$0.00,$0.20,$0.00,$0.00,$0.00,$0.00,0.00%,$0.00,0.00%,$0.00,0.00%,$0.20,0.00%,$-0.20,0.00%
"73 - zCLOSED_N1_RM_73_PAYARC_EVO_SpecifiConLLC_3455_45K",1,"Stihl ZeroTurn Lawn Mower","DP1 V3",Visa,Friday,443238,1,1,100.00%,0,0.00%,1,1,100.00%,0,0.00%,1,0,$0.00,1,0.00%,0,0,$0.00,0,0.00%,0,0,0,$0.00,$0.00,$0.00,$0.00,$0.00,$0.00,$0.00,$0.00,$0.00,$0.00,0.00%,0,0.00%,$0.00,0.00%,0,0.00%,$0.00,0.00%,0,0.00%,$0.00,0.00%,0,0.00%,$0.00,0.00%,$0.00,$0.20,$0.00,$0.00,$0.00,$0.00,0.00%,$0.00,0.00%,$0.00,0.00%,$0.20,0.00%,$-0.20,0.00%
"73 - zCLOSED_N1_RM_73_PAYARC_EVO_SpecifiConLLC_3455_45K",1,"TaylorMade SIM2 Max Driver","DP1 V3",Visa,Friday,426684,1,0,0.00%,1,100.00%,1,0,0.00%,1,100.00%,1,1,$12.89,0,100.00%,0,0,$0.00,0,0.00%,1,1,1,$12.89,$0.00,$0.00,$12.89,$0.00,$0.00,$12.89,$0.00,$12.89,$0.00,0.00%,0,0.00%,$0.00,0.00%,0,0.00%,$0.00,0.00%,0,0.00%,$0.00,0.00%,0,0.00%,$0.00,0.00%,$12.89,$0.84,$0.00,$0.00,$0.00,$0.00,0.00%,$0.00,0.00%,$0.00,0.00%,$0.84,6.52%,$12.05,93.48%
"73 - zCLOSED_N1_RM_73_PAYARC_EVO_SpecifiConLLC_3455_45K",1,"TaylorMade Spider ZT Golf Putter","DP1 V3",Mastercard,Friday,514377,1,1,100.00%,0,0.00%,1,1,100.00%,0,0.00%,1,0,$0.00,1,0.00%,0,0,$0.00,0,0.00%,0,0,0,$0.00,$0.00,$0.00,$0.00,$0.00,$0.00,$0.00,$0.00,$0.00,$0.00,0.00%,0,0.00%,$0.00,0.00%,0,0.00%,$0.00,0.00%,0,0.00%,$0.00,0.00%,0,0.00%,$0.00,0.00%,$0.00,$0.20,$0.00,$0.00,$0.00,$0.00,0.00%,$0.00,0.00%,$0.00,0.00%,$0.20,0.00%,$-0.20,0.00%
"73 - zCLOSED_N1_RM_73_PAYARC_EVO_SpecifiConLLC_3455_45K",1,"TaylorMade Spider ZT Golf Putter","DP1 V3",Visa,Friday,406042,1,1,100.00%,0,0.00%,1,1,100.00%,0,0.00%,1,0,$0.00,1,0.00%,0,0,$0.00,0,0.00%,0,0,0,$0.00,$0.00,$0.00,$0.00,$0.00,$0.00,$0.00,$0.00,$0.00,$0.00,0.00%,0,0.00%,$0.00,0.00%,0,0.00%,$0.00,0.00%,0,0.00%,$0.00,0.00%,0,0.00%,$0.00,0.00%,$0.00,$0.20,$0.00,$0.00,$0.00,$0.00,0.00%,$0.00,0.00%,$0.00,0.00%,$0.20,0.00%,$-0.20,0.00%
"73 - zCLOSED_N1_RM_73_PAYARC_EVO_SpecifiConLLC_3455_45K",1,"TaylorMade Spider ZT Golf Putter","DP1 V3",Visa,Friday,414720,1,1,100.00%,0,0.00%,1,1,100.00%,0,0.00%,1,0,$0.00,1,0.00%,0,0,$0.00,0,0.00%,0,0,0,$0.00,$0.00,$0.00,$0.00,$0.00,$0.00,$0.00,$0.00,$0.00,$0.00,0.00%,0,0.00%,$0.00,0.00%,0,0.00%,$0.00,0.00%,0,0.00%,$0.00,0.00%,0,0.00%,$0.00,0.00%,$0.00,$0.20,$0.00,$0.00,$0.00,$0.00,0.00%,$0.00,0.00%,$0.00,0.00%,$0.20,0.00%,$-0.20,0.00%
"73 - zCLOSED_N1_RM_73_PAYARC_EVO_SpecifiConLLC_3455_45K",1,"TaylorMade Spider ZT Golf Putter","DP1 V3",Visa,Friday,434260,1,0,0.00%,1,100.00%,1,0,0.00%,1,100.00%,1,1,$12.89,0,100.00%,0,0,$0.00,0,0.00%,1,1,1,$12.89,$0.00,$0.00,$12.89,$0.00,$0.00,$12.89,$0.00,$12.89,$0.00,0.00%,0,0.00%,$0.00,0.00%,0,0.00%,$0.00,0.00%,0,0.00%,$0.00,0.00%,0,0.00%,$0.00,0.00%,$12.89,$0.84,$0.00,$0.00,$0.00,$0.00,0.00%,$0.00,0.00%,$0.00,0.00%,$0.84,6.52%,$12.05,93.48%
"75 - NR2_RM_75_QUANT_CBSL_DiamondsphereLLC_4874_25K",1,"Coors Light Tailgate Bundle","DP1 V3",Mastercard,Friday,549806,1,0,0.00%,1,100.00%,1,0,0.00%,1,100.00%,1,1,$12.89,0,100.00%,0,0,$0.00,0,0.00%,1,1,1,$12.89,$0.00,$0.00,$12.89,$0.00,$0.00,$12.89,$0.00,$12.89,$0.00,0.00%,0,0.00%,$0.00,0.00%,0,0.00%,$0.00,0.00%,0,0.00%,$0.00,0.00%,0,0.00%,$0.00,0.00%,$12.89,$0.84,$0.00,$0.00,$0.00,$0.00,0.00%,$0.00,0.00%,$0.00,0.00%,$0.84,6.52%,$12.05,93.48%
"75 - NR2_RM_75_QUANT_CBSL_DiamondsphereLLC_4874_25K",1,"Coors Light Tailgate Bundle","DP1 V3",Visa,Friday,431231,1,0,0.00%,1,100.00%,1,0,0.00%,1,100.00%,1,1,$12.89,0,100.00%,0,0,$0.00,0,0.00%,1,1,1,$12.89,$0.00,$0.00,$12.89,$0.00,$0.00,$12.89,$0.00,$12.89,$0.00,0.00%,0,0.00%,$0.00,0.00%,0,0.00%,$0.00,0.00%,0,0.00%,$0.00,0.00%,0,0.00%,$0.00,0.00%,$12.89,$0.84,$0.00,$0.00,$0.00,$0.00,0.00%,$0.00,0.00%,$0.00,0.00%,$0.84,6.52%,$12.05,93.48%
"75 - NR2_RM_75_QUANT_CBSL_DiamondsphereLLC_4874_25K",1,"Harley Davidson Evo Helmet","DP1 V3",Visa,Friday,455225,1,0,0.00%,1,100.00%,1,0,0.00%,1,100.00%,1,1,$12.89,0,100.00%,0,0,$0.00,0,0.00%,1,1,1,$12.89,$0.00,$0.00,$12.89,$0.00,$0.00,$12.89,$0.00,$12.89,$0.00,0.00%,0,0.00%,$0.00,0.00%,0,0.00%,$0.00,0.00%,0,0.00%,$0.00,0.00%,0,0.00%,$0.00,0.00%,$12.89,$0.84,$0.00,$0.00,$0.00,$0.00,0.00%,$0.00,0.00%,$0.00,0.00%,$0.84,6.52%,$12.05,93.48%
"75 - NR2_RM_75_QUANT_CBSL_DiamondsphereLLC_4874_25K",1,"Miller Lite Tailgate Combo Pack","DP1 V3",Visa,Friday,447979,1,0,0.00%,1,100.00%,1,0,0.00%,1,100.00%,1,1,$12.89,0,100.00%,0,0,$0.00,0,0.00%,1,1,1,$12.89,$0.00,$0.00,$12.89,$0.00,$0.00,$12.89,$0.00,$12.89,$0.00,0.00%,0,0.00%,$0.00,0.00%,0,0.00%,$0.00,0.00%,0,0.00%,$0.00,0.00%,0,0.00%,$0.00,0.00%,$12.89,$0.84,$0.00,$0.00,$0.00,$0.00,0.00%,$0.00,0.00%,$0.00,0.00%,$0.84,6.52%,$12.05,93.48%
"75 - NR2_RM_75_QUANT_CBSL_DiamondsphereLLC_4874_25K",1,"TaylorMade Spider ZT Golf Putter","DP1 V3",Mastercard,Friday,514377,1,0,0.00%,1,100.00%,1,0,0.00%,1,100.00%,1,1,$12.89,0,100.00%,0,0,$0.00,0,0.00%,1,1,1,$12.89,$0.00,$0.00,$12.89,$0.00,$0.00,$12.89,$0.00,$12.89,$0.00,0.00%,0,0.00%,$0.00,0.00%,0,0.00%,$0.00,0.00%,0,0.00%,$0.00,0.00%,0,0.00%,$0.00,0.00%,$12.89,$0.84,$0.00,$0.00,$0.00,$0.00,0.00%,$0.00,0.00%,$0.00,0.00%,$0.84,6.52%,$12.05,93.48%
"75 - NR2_RM_75_QUANT_CBSL_DiamondsphereLLC_4874_25K",1,"TaylorMade Spider ZT Golf Putter","DP1 V3",Visa,Friday,410040,1,1,100.00%,0,0.00%,1,1,100.00%,0,0.00%,1,0,$0.00,1,0.00%,0,0,$0.00,0,0.00%,0,0,0,$0.00,$0.00,$0.00,$0.00,$0.00,$0.00,$0.00,$0.00,$0.00,$0.00,0.00%,0,0.00%,$0.00,0.00%,0,0.00%,$0.00,0.00%,0,0.00%,$0.00,0.00%,0,0.00%,$0.00,0.00%,$0.00,$0.20,$0.00,$0.00,$0.00,$0.00,0.00%,$0.00,0.00%,$0.00,0.00%,$0.20,0.00%,$-0.20,0.00%
"76 - N1_RM_76_QUANT_CBSL_DiamondsphereLLC_4890_25K",1,"Coors Light Tailgate Bundle","DP1 V3",Visa,Friday,438750,1,0,0.00%,1,100.00%,1,0,0.00%,1,100.00%,1,1,$12.89,0,100.00%,0,0,$0.00,0,0.00%,1,1,1,$12.89,$0.00,$0.00,$12.89,$0.00,$0.00,$12.89,$0.00,$12.89,$0.00,0.00%,0,0.00%,$0.00,0.00%,0,0.00%,$0.00,0.00%,0,0.00%,$0.00,0.00%,0,0.00%,$0.00,0.00%,$12.89,$0.84,$0.00,$0.00,$0.00,$0.00,0.00%,$0.00,0.00%,$0.00,0.00%,$0.84,6.52%,$12.05,93.48%
"76 - N1_RM_76_QUANT_CBSL_DiamondsphereLLC_4890_25K",1,"Coors Light Tailgate Bundle","DP1 V3",Visa,Friday,486959,1,1,100.00%,0,0.00%,1,1,100.00%,0,0.00%,1,0,$0.00,1,0.00%,0,0,$0.00,0,0.00%,0,0,0,$0.00,$0.00,$0.00,$0.00,$0.00,$0.00,$0.00,$0.00,$0.00,$0.00,0.00%,0,0.00%,$0.00,0.00%,0,0.00%,$0.00,0.00%,0,0.00%,$0.00,0.00%,0,0.00%,$0.00,0.00%,$0.00,$0.20,$0.00,$0.00,$0.00,$0.00,0.00%,$0.00,0.00%,$0.00,0.00%,$0.20,0.00%,$-0.20,0.00%
"76 - N1_RM_76_QUANT_CBSL_DiamondsphereLLC_4890_25K",1,"Miller Lite Tailgate Combo Pack","DP1 V3",Visa,Friday,410881,1,1,100.00%,0,0.00%,1,1,100.00%,0,0.00%,1,0,$0.00,1,0.00%,0,0,$0.00,0,0.00%,0,0,0,$0.00,$0.00,$0.00,$0.00,$0.00,$0.00,$0.00,$0.00,$0.00,$0.00,0.00%,0,0.00%,$0.00,0.00%,0,0.00%,$0.00,0.00%,0,0.00%,$0.00,0.00%,0,0.00%,$0.00,0.00%,$0.00,$0.20,$0.00,$0.00,$0.00,$0.00,0.00%,$0.00,0.00%,$0.00,0.00%,$0.20,0.00%,$-0.20,0.00%
"76 - N1_RM_76_QUANT_CBSL_DiamondsphereLLC_4890_25K",1,"Sol De Janeiro skincare set","DP1 V3",Mastercard,Friday,519882,1,1,100.00%,0,0.00%,1,1,100.00%,0,0.00%,1,0,$0.00,1,0.00%,0,0,$0.00,0,0.00%,0,0,0,$0.00,$0.00,$0.00,$0.00,$0.00,$0.00,$0.00,$0.00,$0.00,$0.00,0.00%,0,0.00%,$0.00,0.00%,0,0.00%,$0.00,0.00%,0,0.00%,$0.00,0.00%,0,0.00%,$0.00,0.00%,$0.00,$0.20,$0.00,$0.00,$0.00,$0.00,0.00%,$0.00,0.00%,$0.00,0.00%,$0.20,0.00%,$-0.20,0.00%
"76 - N1_RM_76_QUANT_CBSL_DiamondsphereLLC_4890_25K",1,"TaylorMade Spider ZT Golf Putter","DP1 V3",Visa,Friday,414720,1,0,0.00%,1,100.00%,1,0,0.00%,1,100.00%,1,1,$12.89,0,100.00%,0,0,$0.00,0,0.00%,1,1,1,$12.89,$0.00,$0.00,$12.89,$0.00,$0.00,$12.89,$0.00,$12.89,$0.00,0.00%,0,0.00%,$0.00,0.00%,0,0.00%,$0.00,0.00%,0,0.00%,$0.00,0.00%,0,0.00%,$0.00,0.00%,$12.89,$0.84,$0.00,$0.00,$0.00,$0.00,0.00%,$0.00,0.00%,$0.00,0.00%,$0.84,6.52%,$12.05,93.48%
"77 - NR12_RM_77_QUANT_CBSL_DiamondsphereLLC_5293_25K",1,"Coors Light Tailgate Bundle","DP1 V3",Visa,Friday,473702,1,1,100.00%,0,0.00%,1,1,100.00%,0,0.00%,1,0,$0.00,1,0.00%,0,0,$0.00,0,0.00%,0,0,0,$0.00,$0.00,$0.00,$0.00,$0.00,$0.00,$0.00,$0.00,$0.00,$0.00,0.00%,0,0.00%,$0.00,0.00%,0,0.00%,$0.00,0.00%,0,0.00%,$0.00,0.00%,0,0.00%,$0.00,0.00%,$0.00,$0.20,$0.00,$0.00,$0.00,$0.00,0.00%,$0.00,0.00%,$0.00,0.00%,$0.20,0.00%,$-0.20,0.00%
"77 - NR12_RM_77_QUANT_CBSL_DiamondsphereLLC_5293_25K",1,"Miller Lite Tailgate Combo Pack","DP1 V3",Mastercard,Friday,546379,1,0,0.00%,1,100.00%,1,0,0.00%,1,100.00%,1,1,$12.89,0,100.00%,0,0,$0.00,0,0.00%,1,1,1,$12.89,$0.00,$0.00,$12.89,$0.00,$0.00,$12.89,$0.00,$12.89,$0.00,0.00%,0,0.00%,$0.00,0.00%,0,0.00%,$0.00,0.00%,0,0.00%,$0.00,0.00%,0,0.00%,$0.00,0.00%,$12.89,$0.84,$0.00,$0.00,$0.00,$0.00,0.00%,$0.00,0.00%,$0.00,0.00%,$0.84,6.52%,$12.05,93.48%
"77 - NR12_RM_77_QUANT_CBSL_DiamondsphereLLC_5293_25K",1,"Stihl ZeroTurn Lawn Mower","DP1 V3",Mastercard,Friday,559915,1,0,0.00%,1,100.00%,1,0,0.00%,1,100.00%,1,1,$12.89,0,100.00%,0,0,$0.00,0,0.00%,1,1,1,$12.89,$0.00,$0.00,$12.89,$0.00,$0.00,$12.89,$0.00,$12.89,$0.00,0.00%,0,0.00%,$0.00,0.00%,0,0.00%,$0.00,0.00%,0,0.00%,$0.00,0.00%,0,0.00%,$0.00,0.00%,$12.89,$0.84,$0.00,$0.00,$0.00,$0.00,0.00%,$0.00,0.00%,$0.00,0.00%,$0.84,6.52%,$12.05,93.48%
"77 - NR12_RM_77_QUANT_CBSL_DiamondsphereLLC_5293_25K",1,"TaylorMade SIM2 Max Driver","DP1 V3",Mastercard,Friday,530264,1,0,0.00%,1,100.00%,1,0,0.00%,1,100.00%,1,1,$12.89,0,100.00%,0,0,$0.00,0,0.00%,1,1,1,$12.89,$0.00,$0.00,$12.89,$0.00,$0.00,$12.89,$0.00,$12.89,$0.00,0.00%,0,0.00%,$0.00,0.00%,0,0.00%,$0.00,0.00%,0,0.00%,$0.00,0.00%,0,0.00%,$0.00,0.00%,$12.89,$0.84,$0.00,$0.00,$0.00,$0.00,0.00%,$0.00,0.00%,$0.00,0.00%,$0.84,6.52%,$12.05,93.48%
"77 - NR12_RM_77_QUANT_CBSL_DiamondsphereLLC_5293_25K",1,"TaylorMade SIM2 Max Driver","DP1 V3",Visa,Friday,426684,1,1,100.00%,0,0.00%,1,1,100.00%,0,0.00%,1,0,$0.00,1,0.00%,0,0,$0.00,0,0.00%,0,0,0,$0.00,$0.00,$0.00,$0.00,$0.00,$0.00,$0.00,$0.00,$0.00,$0.00,0.00%,0,0.00%,$0.00,0.00%,0,0.00%,$0.00,0.00%,0,0.00%,$0.00,0.00%,0,0.00%,$0.00,0.00%,$0.00,$0.20,$0.00,$0.00,$0.00,$0.00,0.00%,$0.00,0.00%,$0.00,0.00%,$0.20,0.00%,$-0.20,0.00%
"8 - NR12_RM_8_PAYARC_EVO_BrightAdvantagellc_4025_65K",1,"Coors Light Tailgate Bundle","DP1 V3",Mastercard,Friday,541685,1,0,0.00%,1,100.00%,1,0,0.00%,1,100.00%,1,1,$12.89,0,100.00%,0,0,$0.00,0,0.00%,1,1,1,$12.89,$0.00,$0.00,$12.89,$0.00,$0.00,$12.89,$0.00,$12.89,$0.00,0.00%,0,0.00%,$0.00,0.00%,0,0.00%,$0.00,0.00%,0,0.00%,$0.00,0.00%,0,0.00%,$0.00,0.00%,$12.89,$0.84,$0.00,$0.00,$0.00,$0.00,0.00%,$0.00,0.00%,$0.00,0.00%,$0.84,6.52%,$12.05,93.48%
"8 - NR12_RM_8_PAYARC_EVO_BrightAdvantagellc_4025_65K",1,"La-Z-Boy - Motorized Rocking Recliner Chair","DP1 V3",Visa,Friday,444796,1,1,100.00%,0,0.00%,1,1,100.00%,0,0.00%,1,0,$0.00,1,0.00%,0,0,$0.00,0,0.00%,0,0,0,$0.00,$0.00,$0.00,$0.00,$0.00,$0.00,$0.00,$0.00,$0.00,$0.00,0.00%,0,0.00%,$0.00,0.00%,0,0.00%,$0.00,0.00%,0,0.00%,$0.00,0.00%,0,0.00%,$0.00,0.00%,$0.00,$0.20,$0.00,$0.00,$0.00,$0.00,0.00%,$0.00,0.00%,$0.00,0.00%,$0.20,0.00%,$-0.20,0.00%
"8 - NR12_RM_8_PAYARC_EVO_BrightAdvantagellc_4025_65K",1,"Miller Lite Tailgate Combo Pack","DP1 V3",Mastercard,Friday,541665,1,1,100.00%,0,0.00%,1,1,100.00%,0,0.00%,1,0,$0.00,1,0.00%,0,0,$0.00,0,0.00%,0,0,0,$0.00,$0.00,$0.00,$0.00,$0.00,$0.00,$0.00,$0.00,$0.00,$0.00,0.00%,0,0.00%,$0.00,0.00%,0,0.00%,$0.00,0.00%,0,0.00%,$0.00,0.00%,0,0.00%,$0.00,0.00%,$0.00,$0.20,$0.00,$0.00,$0.00,$0.00,0.00%,$0.00,0.00%,$0.00,0.00%,$0.20,0.00%,$-0.20,0.00%
"8 - NR12_RM_8_PAYARC_EVO_BrightAdvantagellc_4025_65K",1,"Miller Lite Tailgate Combo Pack","DP1 V3",Visa,Friday,400226,1,0,0.00%,1,100.00%,1,0,0.00%,1,100.00%,1,1,$12.89,0,100.00%,0,0,$0.00,0,0.00%,1,1,1,$12.89,$0.00,$0.00,$12.89,$0.00,$0.00,$12.89,$0.00,$12.89,$0.00,0.00%,0,0.00%,$0.00,0.00%,0,0.00%,$0.00,0.00%,0,0.00%,$0.00,0.00%,0,0.00%,$0.00,0.00%,$12.89,$0.84,$0.00,$0.00,$0.00,$0.00,0.00%,$0.00,0.00%,$0.00,0.00%,$0.84,6.52%,$12.05,93.48%
"8 - NR12_RM_8_PAYARC_EVO_BrightAdvantagellc_4025_65K",1,"Miller Lite Tailgate Combo Pack","DP1 V3",Visa,Friday,473049,1,1,100.00%,0,0.00%,1,1,100.00%,0,0.00%,1,0,$0.00,1,0.00%,0,0,$0.00,0,0.00%,0,0,0,$0.00,$0.00,$0.00,$0.00,$0.00,$0.00,$0.00,$0.00,$0.00,$0.00,0.00%,0,0.00%,$0.00,0.00%,0,0.00%,$0.00,0.00%,0,0.00%,$0.00,0.00%,0,0.00%,$0.00,0.00%,$0.00,$0.20,$0.00,$0.00,$0.00,$0.00,0.00%,$0.00,0.00%,$0.00,0.00%,$0.20,0.00%,$-0.20,0.00%
"8 - NR12_RM_8_PAYARC_EVO_BrightAdvantagellc_4025_65K",1,"Miller Lite Tailgate Combo Pack","DP1 V3",Visa,Friday,478242,1,1,100.00%,0,0.00%,1,1,100.00%,0,0.00%,1,0,$0.00,1,0.00%,0,0,$0.00,0,0.00%,0,0,0,$0.00,$0.00,$0.00,$0.00,$0.00,$0.00,$0.00,$0.00,$0.00,$0.00,0.00%,0,0.00%,$0.00,0.00%,0,0.00%,$0.00,0.00%,0,0.00%,$0.00,0.00%,0,0.00%,$0.00,0.00%,$0.00,$0.20,$0.00,$0.00,$0.00,$0.00,0.00%,$0.00,0.00%,$0.00,0.00%,$0.20,0.00%,$-0.20,0.00%
"8 - NR12_RM_8_PAYARC_EVO_BrightAdvantagellc_4025_65K",1,"Sprint Ops Carbon Knife","DP1 V3",Mastercard,Friday,545313,1,0,0.00%,1,100.00%,1,0,0.00%,1,100.00%,1,1,$12.89,0,100.00%,0,0,$0.00,0,0.00%,1,1,1,$12.89,$0.00,$0.00,$12.89,$0.00,$0.00,$12.89,$0.00,$12.89,$0.00,0.00%,0,0.00%,$0.00,0.00%,0,0.00%,$0.00,0.00%,0,0.00%,$0.00,0.00%,0,0.00%,$0.00,0.00%,$12.89,$0.84,$0.00,$0.00,$0.00,$0.00,0.00%,$0.00,0.00%,$0.00,0.00%,$0.84,6.52%,$12.05,93.48%
"8 - NR12_RM_8_PAYARC_EVO_BrightAdvantagellc_4025_65K",1,"TaylorMade SIM2 Max Driver","DP1 V3",Mastercard,Friday,554012,1,1,100.00%,0,0.00%,1,1,100.00%,0,0.00%,1,0,$0.00,1,0.00%,0,0,$0.00,0,0.00%,0,0,0,$0.00,$0.00,$0.00,$0.00,$0.00,$0.00,$0.00,$0.00,$0.00,$0.00,0.00%,0,0.00%,$0.00,0.00%,0,0.00%,$0.00,0.00%,0,0.00%,$0.00,0.00%,0,0.00%,$0.00,0.00%,$0.00,$0.20,$0.00,$0.00,$0.00,$0.00,0.00%,$0.00,0.00%,$0.00,0.00%,$0.20,0.00%,$-0.20,0.00%
"8 - NR12_RM_8_PAYARC_EVO_BrightAdvantagellc_4025_65K",1,"TaylorMade SIM2 Max Driver","DP1 V3",Visa,Friday,444796,1,1,100.00%,0,0.00%,1,1,100.00%,0,0.00%,1,0,$0.00,1,0.00%,0,0,$0.00,0,0.00%,0,0,0,$0.00,$0.00,$0.00,$0.00,$0.00,$0.00,$0.00,$0.00,$0.00,$0.00,0.00%,0,0.00%,$0.00,0.00%,0,0.00%,$0.00,0.00%,0,0.00%,$0.00,0.00%,0,0.00%,$0.00,0.00%,$0.00,$0.20,$0.00,$0.00,$0.00,$0.00,0.00%,$0.00,0.00%,$0.00,0.00%,$0.20,0.00%,$-0.20,0.00%
"81 - NR12_RM_81_QUANT_CBSL_DiamondsphereLLC_4866_25K",1,"Coors Light Tailgate Bundle","DP1 V3",Visa,Friday,428989,1,0,0.00%,1,100.00%,1,0,0.00%,1,100.00%,1,1,$12.89,0,100.00%,0,0,$0.00,0,0.00%,1,1,1,$12.89,$0.00,$0.00,$12.89,$0.00,$0.00,$12.89,$0.00,$12.89,$0.00,0.00%,0,0.00%,$0.00,0.00%,0,0.00%,$0.00,0.00%,0,0.00%,$0.00,0.00%,0,0.00%,$0.00,0.00%,$12.89,$0.84,$0.00,$0.00,$0.00,$0.00,0.00%,$0.00,0.00%,$0.00,0.00%,$0.84,6.52%,$12.05,93.48%
"81 - NR12_RM_81_QUANT_CBSL_DiamondsphereLLC_4866_25K",1,"Garmin Fish Finder","DP1 V3",Visa,Friday,412125,1,1,100.00%,0,0.00%,1,1,100.00%,0,0.00%,1,0,$0.00,1,0.00%,0,0,$0.00,0,0.00%,0,0,0,$0.00,$0.00,$0.00,$0.00,$0.00,$0.00,$0.00,$0.00,$0.00,$0.00,0.00%,0,0.00%,$0.00,0.00%,0,0.00%,$0.00,0.00%,0,0.00%,$0.00,0.00%,0,0.00%,$0.00,0.00%,$0.00,$0.20,$0.00,$0.00,$0.00,$0.00,0.00%,$0.00,0.00%,$0.00,0.00%,$0.20,0.00%,$-0.20,0.00%
"81 - NR12_RM_81_QUANT_CBSL_DiamondsphereLLC_4866_25K",1,"Miller Lite Tailgate Combo Pack","DP1 V3",Mastercard,Friday,515241,1,0,0.00%,1,100.00%,1,0,0.00%,1,100.00%,1,1,$12.89,0,100.00%,0,0,$0.00,0,0.00%,1,1,1,$12.89,$0.00,$0.00,$12.89,$0.00,$0.00,$12.89,$0.00,$12.89,$0.00,0.00%,0,0.00%,$0.00,0.00%,0,0.00%,$0.00,0.00%,0,0.00%,$0.00,0.00%,0,0.00%,$0.00,0.00%,$12.89,$0.84,$0.00,$0.00,$0.00,$0.00,0.00%,$0.00,0.00%,$0.00,0.00%,$0.84,6.52%,$12.05,93.48%
"81 - NR12_RM_81_QUANT_CBSL_DiamondsphereLLC_4866_25K",1,"Miller Lite Tailgate Combo Pack","DP1 V3",Mastercard,Friday,521333,1,0,0.00%,1,100.00%,1,0,0.00%,1,100.00%,1,1,$12.89,0,100.00%,0,0,$0.00,0,0.00%,1,1,1,$12.89,$0.00,$0.00,$12.89,$0.00,$0.00,$12.89,$0.00,$12.89,$12.89,100.00%,1,100.00%,$12.89,100.00%,0,0.00%,$0.00,0.00%,0,0.00%,$0.00,0.00%,0,0.00%,$0.00,0.00%,$0.00,$0.84,$0.00,$0.00,$0.00,$0.00,0.00%,$0.00,0.00%,$0.00,0.00%,$0.84,6.52%,$-0.84,-6.52%
"86 - N12_RM_86_PSF_BBVA_PrimeSmartSolutionsLLC_2687_50K",1,"Miller Lite Tailgate Combo Pack","DP1 V3",Visa,Friday,464445,1,1,100.00%,0,0.00%,1,1,100.00%,0,0.00%,1,0,$0.00,1,0.00%,0,0,$0.00,0,0.00%,0,0,0,$0.00,$0.00,$0.00,$0.00,$0.00,$0.00,$0.00,$0.00,$0.00,$0.00,0.00%,0,0.00%,$0.00,0.00%,0,0.00%,$0.00,0.00%,0,0.00%,$0.00,0.00%,0,0.00%,$0.00,0.00%,$0.00,$0.20,$0.00,$0.00,$0.00,$0.00,0.00%,$0.00,0.00%,$0.00,0.00%,$0.20,0.00%,$-0.20,0.00%
"86 - N12_RM_86_PSF_BBVA_PrimeSmartSolutionsLLC_2687_50K",1,"Sol De Janeiro skincare set","DP1 V3",Visa,Friday,435544,1,0,0.00%,1,100.00%,1,0,0.00%,1,100.00%,1,1,$12.89,0,100.00%,0,0,$0.00,0,0.00%,1,1,1,$12.89,$0.00,$0.00,$12.89,$0.00,$0.00,$12.89,$0.00,$12.89,$0.00,0.00%,0,0.00%,$0.00,0.00%,0,0.00%,$0.00,0.00%,0,0.00%,$0.00,0.00%,0,0.00%,$0.00,0.00%,$12.89,$0.84,$0.00,$0.00,$0.00,$0.00,0.00%,$0.00,0.00%,$0.00,0.00%,$0.84,6.52%,$12.05,93.48%
"87 - N12_RM_87_PSF_BBVA_PrimeSmartSolutionsLLC_2679_50K",1,"Harley Davidson Evo Helmet","DP1 V3",Mastercard,Friday,521844,1,1,100.00%,0,0.00%,1,1,100.00%,0,0.00%,1,0,$0.00,1,0.00%,0,0,$0.00,0,0.00%,0,0,0,$0.00,$0.00,$0.00,$0.00,$0.00,$0.00,$0.00,$0.00,$0.00,$0.00,0.00%,0,0.00%,$0.00,0.00%,0,0.00%,$0.00,0.00%,0,0.00%,$0.00,0.00%,0,0.00%,$0.00,0.00%,$0.00,$0.20,$0.00,$0.00,$0.00,$0.00,0.00%,$0.00,0.00%,$0.00,0.00%,$0.20,0.00%,$-0.20,0.00%
"87 - N12_RM_87_PSF_BBVA_PrimeSmartSolutionsLLC_2679_50K",1,"Miller Lite Tailgate Combo Pack","DP1 V3",Mastercard,Friday,520602,1,1,100.00%,0,0.00%,1,1,100.00%,0,0.00%,1,0,$0.00,1,0.00%,0,0,$0.00,0,0.00%,0,0,0,$0.00,$0.00,$0.00,$0.00,$0.00,$0.00,$0.00,$0.00,$0.00,$0.00,0.00%,0,0.00%,$0.00,0.00%,0,0.00%,$0.00,0.00%,0,0.00%,$0.00,0.00%,0,0.00%,$0.00,0.00%,$0.00,$0.20,$0.00,$0.00,$0.00,$0.00,0.00%,$0.00,0.00%,$0.00,0.00%,$0.20,0.00%,$-0.20,0.00%
"87 - N12_RM_87_PSF_BBVA_PrimeSmartSolutionsLLC_2679_50K",1,"Miller Lite Tailgate Combo Pack","DP1 V3",Mastercard,Friday,550806,1,0,0.00%,1,100.00%,1,0,0.00%,1,100.00%,1,1,$12.89,0,100.00%,0,0,$0.00,0,0.00%,1,1,1,$12.89,$0.00,$0.00,$12.89,$0.00,$0.00,$12.89,$0.00,$12.89,$12.89,100.00%,0,0.00%,$0.00,0.00%,1,100.00%,$12.89,100.00%,0,0.00%,$0.00,0.00%,0,0.00%,$0.00,0.00%,$0.00,$0.84,$0.00,$0.00,$0.00,$0.00,0.00%,$0.00,0.00%,$0.00,0.00%,$0.84,6.52%,$-0.84,-6.52%
"87 - N12_RM_87_PSF_BBVA_PrimeSmartSolutionsLLC_2679_50K",1,"Miller Lite Tailgate Combo Pack","DP1 V3",Visa,Friday,431231,1,1,100.00%,0,0.00%,1,1,100.00%,0,0.00%,1,0,$0.00,1,0.00%,0,0,$0.00,0,0.00%,0,0,0,$0.00,$0.00,$0.00,$0.00,$0.00,$0.00,$0.00,$0.00,$0.00,$0.00,0.00%,0,0.00%,$0.00,0.00%,0,0.00%,$0.00,0.00%,0,0.00%,$0.00,0.00%,0,0.00%,$0.00,0.00%,$0.00,$0.20,$0.00,$0.00,$0.00,$0.00,0.00%,$0.00,0.00%,$0.00,0.00%,$0.20,0.00%,$-0.20,0.00%
"87 - N12_RM_87_PSF_BBVA_PrimeSmartSolutionsLLC_2679_50K",1,"TaylorMade SIM2 Max Driver","DP1 V3",Visa,Friday,400022,1,0,0.00%,1,100.00%,1,0,0.00%,1,100.00%,1,1,$12.89,0,100.00%,0,0,$0.00,0,0.00%,1,1,1,$12.89,$0.00,$0.00,$12.89,$0.00,$0.00,$12.89,$0.00,$12.89,$0.00,0.00%,0,0.00%,$0.00,0.00%,0,0.00%,$0.00,0.00%,0,0.00%,$0.00,0.00%,0,0.00%,$0.00,0.00%,$12.89,$0.84,$0.00,$0.00,$0.00,$0.00,0.00%,$0.00,0.00%,$0.00,0.00%,$0.84,6.52%,$12.05,93.48%
"87 - N12_RM_87_PSF_BBVA_PrimeSmartSolutionsLLC_2679_50K",1,"TaylorMade SIM2 Max Driver","DP1 V3",Visa,Friday,414720,1,0,0.00%,1,100.00%,1,0,0.00%,1,100.00%,1,1,$12.89,0,100.00%,0,0,$0.00,0,0.00%,1,1,1,$12.89,$0.00,$0.00,$12.89,$0.00,$0.00,$12.89,$0.00,$12.89,$0.00,0.00%,0,0.00%,$0.00,0.00%,0,0.00%,$0.00,0.00%,0,0.00%,$0.00,0.00%,0,0.00%,$0.00,0.00%,$12.89,$0.84,$0.00,$0.00,$0.00,$0.00,0.00%,$0.00,0.00%,$0.00,0.00%,$0.84,6.52%,$12.05,93.48%
"87 - N12_RM_87_PSF_BBVA_PrimeSmartSolutionsLLC_2679_50K",1,"TaylorMade SIM2 Max Driver","DP1 V3",Visa,Friday,469425,1,1,100.00%,0,0.00%,1,1,100.00%,0,0.00%,1,0,$0.00,1,0.00%,0,0,$0.00,0,0.00%,0,0,0,$0.00,$0.00,$0.00,$0.00,$0.00,$0.00,$0.00,$0.00,$0.00,$0.00,0.00%,0,0.00%,$0.00,0.00%,0,0.00%,$0.00,0.00%,0,0.00%,$0.00,0.00%,0,0.00%,$0.00,0.00%,$0.00,$0.20,$0.00,$0.00,$0.00,$0.00,0.00%,$0.00,0.00%,$0.00,0.00%,$0.20,0.00%,$-0.20,0.00%
"9 - zCLOSED_N2_RM_9_PRIOR_SYN_SpecifiConLLC_3238_75K",1,"Coors Light Tailgate Bundle","DP1 V3",Mastercard,Friday,511209,1,0,0.00%,1,100.00%,1,0,0.00%,1,100.00%,1,1,$12.89,0,100.00%,0,0,$0.00,0,0.00%,1,1,1,$12.89,$0.00,$0.00,$12.89,$0.00,$0.00,$12.89,$0.00,$12.89,$12.89,100.00%,0,0.00%,$0.00,0.00%,0,0.00%,$0.00,0.00%,0,0.00%,$0.00,0.00%,1,100.00%,$12.89,100.00%,$0.00,$0.84,$0.00,$0.00,$0.00,$0.00,0.00%,$0.00,0.00%,$0.00,0.00%,$0.84,6.52%,$-0.84,-6.52%
"9 - zCLOSED_N2_RM_9_PRIOR_SYN_SpecifiConLLC_3238_75K",1,"Coors Light Tailgate Bundle","DP1 V3",Mastercard,Friday,515676,1,0,0.00%,1,100.00%,1,0,0.00%,1,100.00%,1,1,$12.89,0,100.00%,0,0,$0.00,0,0.00%,1,1,1,$12.89,$0.00,$0.00,$12.89,$0.00,$0.00,$12.89,$0.00,$12.89,$12.89,100.00%,0,0.00%,$0.00,0.00%,0,0.00%,$0.00,0.00%,0,0.00%,$0.00,0.00%,1,100.00%,$12.89,100.00%,$0.00,$0.84,$0.00,$0.00,$0.00,$0.00,0.00%,$0.00,0.00%,$0.00,0.00%,$0.84,6.52%,$-0.84,-6.52%
"9 - zCLOSED_N2_RM_9_PRIOR_SYN_SpecifiConLLC_3238_75K",1,"Coors Light Tailgate Bundle","DP1 V3",Mastercard,Friday,515922,1,0,0.00%,1,100.00%,1,0,0.00%,1,100.00%,1,1,$12.89,0,100.00%,0,0,$0.00,0,0.00%,1,1,1,$12.89,$0.00,$0.00,$12.89,$0.00,$0.00,$12.89,$0.00,$12.89,$0.00,0.00%,0,0.00%,$0.00,0.00%,0,0.00%,$0.00,0.00%,0,0.00%,$0.00,0.00%,0,0.00%,$0.00,0.00%,$12.89,$0.84,$0.00,$0.00,$0.00,$0.00,0.00%,$0.00,0.00%,$0.00,0.00%,$0.84,6.52%,$12.05,93.48%
"9 - zCLOSED_N2_RM_9_PRIOR_SYN_SpecifiConLLC_3238_75K",1,"Coors Light Tailgate Bundle","DP1 V3",Mastercard,Friday,551128,1,0,0.00%,1,100.00%,1,0,0.00%,1,100.00%,1,1,$12.89,0,100.00%,0,0,$0.00,0,0.00%,1,1,1,$12.89,$0.00,$0.00,$12.89,$0.00,$0.00,$12.89,$0.00,$12.89,$0.00,0.00%,0,0.00%,$0.00,0.00%,0,0.00%,$0.00,0.00%,0,0.00%,$0.00,0.00%,0,0.00%,$0.00,0.00%,$12.89,$0.84,$0.00,$0.00,$0.00,$0.00,0.00%,$0.00,0.00%,$0.00,0.00%,$0.84,6.52%,$12.05,93.48%
"9 - zCLOSED_N2_RM_9_PRIOR_SYN_SpecifiConLLC_3238_75K",1,"Cub Cadet Lawn Tractor","DP1 V3",Visa,Friday,483950,1,1,100.00%,0,0.00%,1,1,100.00%,0,0.00%,1,0,$0.00,1,0.00%,0,0,$0.00,0,0.00%,0,0,0,$0.00,$0.00,$0.00,$0.00,$0.00,$0.00,$0.00,$0.00,$0.00,$0.00,0.00%,0,0.00%,$0.00,0.00%,0,0.00%,$0.00,0.00%,0,0.00%,$0.00,0.00%,0,0.00%,$0.00,0.00%,$0.00,$0.20,$0.00,$0.00,$0.00,$0.00,0.00%,$0.00,0.00%,$0.00,0.00%,$0.20,0.00%,$-0.20,0.00%
"9 - zCLOSED_N2_RM_9_PRIOR_SYN_SpecifiConLLC_3238_75K",1,"Garmin Fish Finder","DP1 V3",Visa,Friday,434257,1,0,0.00%,1,100.00%,1,0,0.00%,1,100.00%,1,1,$12.89,0,100.00%,0,0,$0.00,0,0.00%,1,1,1,$12.89,$0.00,$0.00,$12.89,$0.00,$0.00,$12.89,$0.00,$12.89,$0.00,0.00%,0,0.00%,$0.00,0.00%,0,0.00%,$0.00,0.00%,0,0.00%,$0.00,0.00%,0,0.00%,$0.00,0.00%,$12.89,$0.84,$0.00,$0.00,$0.00,$0.00,0.00%,$0.00,0.00%,$0.00,0.00%,$0.84,6.52%,$12.05,93.48%
"9 - zCLOSED_N2_RM_9_PRIOR_SYN_SpecifiConLLC_3238_75K",1,"Harley Davidson Evo Helmet","DP1 V3",Visa,Friday,459954,1,0,0.00%,1,100.00%,1,0,0.00%,1,100.00%,1,1,$12.89,0,100.00%,0,0,$0.00,0,0.00%,1,1,1,$12.89,$0.00,$0.00,$12.89,$0.00,$0.00,$12.89,$0.00,$12.89,$0.00,0.00%,0,0.00%,$0.00,0.00%,0,0.00%,$0.00,0.00%,0,0.00%,$0.00,0.00%,0,0.00%,$0.00,0.00%,$12.89,$0.84,$0.00,$0.00,$0.00,$0.00,0.00%,$0.00,0.00%,$0.00,0.00%,$0.84,6.52%,$12.05,93.48%
"9 - zCLOSED_N2_RM_9_PRIOR_SYN_SpecifiConLLC_3238_75K",1,"Miller Lite Tailgate Combo Pack","DP1 V3",Mastercard,Friday,545236,1,1,100.00%,0,0.00%,1,1,100.00%,0,0.00%,1,0,$0.00,1,0.00%,0,0,$0.00,0,0.00%,0,0,0,$0.00,$0.00,$0.00,$0.00,$0.00,$0.00,$0.00,$0.00,$0.00,$0.00,0.00%,0,0.00%,$0.00,0.00%,0,0.00%,$0.00,0.00%,0,0.00%,$0.00,0.00%,0,0.00%,$0.00,0.00%,$0.00,$0.20,$0.00,$0.00,$0.00,$0.00,0.00%,$0.00,0.00%,$0.00,0.00%,$0.20,0.00%,$-0.20,0.00%
"9 - zCLOSED_N2_RM_9_PRIOR_SYN_SpecifiConLLC_3238_75K",1,"Miller Lite Tailgate Combo Pack","DP1 V3",Visa,Friday,414740,1,1,100.00%,0,0.00%,1,1,100.00%,0,0.00%,1,0,$0.00,1,0.00%,0,0,$0.00,0,0.00%,0,0,0,$0.00,$0.00,$0.00,$0.00,$0.00,$0.00,$0.00,$0.00,$0.00,$0.00,0.00%,0,0.00%,$0.00,0.00%,0,0.00%,$0.00,0.00%,0,0.00%,$0.00,0.00%,0,0.00%,$0.00,0.00%,$0.00,$0.20,$0.00,$0.00,$0.00,$0.00,0.00%,$0.00,0.00%,$0.00,0.00%,$0.20,0.00%,$-0.20,0.00%
"9 - zCLOSED_N2_RM_9_PRIOR_SYN_SpecifiConLLC_3238_75K",1,"Miller Lite Tailgate Combo Pack","DP1 V3",Visa,Friday,436127,1,0,0.00%,1,100.00%,1,0,0.00%,1,100.00%,1,1,$12.89,0,100.00%,0,0,$0.00,0,0.00%,1,1,1,$12.89,$0.00,$0.00,$12.89,$0.00,$0.00,$12.89,$0.00,$12.89,$0.00,0.00%,0,0.00%,$0.00,0.00%,0,0.00%,$0.00,0.00%,0,0.00%,$0.00,0.00%,0,0.00%,$0.00,0.00%,$12.89,$0.84,$0.00,$0.00,$0.00,$0.00,0.00%,$0.00,0.00%,$0.00,0.00%,$0.84,6.52%,$12.05,93.48%
"9 - zCLOSED_N2_RM_9_PRIOR_SYN_SpecifiConLLC_3238_75K",1,"North Face Hedgehog 06 RVST Shoes","DP1 V3",Visa,Friday,473702,1,1,100.00%,0,0.00%,1,1,100.00%,0,0.00%,1,0,$0.00,1,0.00%,0,0,$0.00,0,0.00%,0,0,0,$0.00,$0.00,$0.00,$0.00,$0.00,$0.00,$0.00,$0.00,$0.00,$0.00,0.00%,0,0.00%,$0.00,0.00%,0,0.00%,$0.00,0.00%,0,0.00%,$0.00,0.00%,0,0.00%,$0.00,0.00%,$0.00,$0.20,$0.00,$0.00,$0.00,$0.00,0.00%,$0.00,0.00%,$0.00,0.00%,$0.20,0.00%,$-0.20,0.00%
"9 - zCLOSED_N2_RM_9_PRIOR_SYN_SpecifiConLLC_3238_75K",1,"Sol De Janeiro skincare set","DP1 V3",Mastercard,Friday,514377,1,0,0.00%,1,100.00%,1,0,0.00%,1,100.00%,1,1,$12.89,0,100.00%,0,0,$0.00,0,0.00%,1,1,1,$12.89,$0.00,$0.00,$12.89,$0.00,$0.00,$12.89,$0.00,$12.89,$0.00,0.00%,0,0.00%,$0.00,0.00%,0,0.00%,$0.00,0.00%,0,0.00%,$0.00,0.00%,0,0.00%,$0.00,0.00%,$12.89,$0.84,$0.00,$0.00,$0.00,$0.00,0.00%,$0.00,0.00%,$0.00,0.00%,$0.84,6.52%,$12.05,93.48%
"9 - zCLOSED_N2_RM_9_PRIOR_SYN_SpecifiConLLC_3238_75K",1,"Sol De Janeiro skincare set","DP1 V3",Mastercard,Friday,534348,1,1,100.00%,0,0.00%,1,1,100.00%,0,0.00%,1,0,$0.00,1,0.00%,0,0,$0.00,0,0.00%,0,0,0,$0.00,$0.00,$0.00,$0.00,$0.00,$0.00,$0.00,$0.00,$0.00,$0.00,0.00%,0,0.00%,$0.00,0.00%,0,0.00%,$0.00,0.00%,0,0.00%,$0.00,0.00%,0,0.00%,$0.00,0.00%,$0.00,$0.20,$0.00,$0.00,$0.00,$0.00,0.00%,$0.00,0.00%,$0.00,0.00%,$0.20,0.00%,$-0.20,0.00%
"9 - zCLOSED_N2_RM_9_PRIOR_SYN_SpecifiConLLC_3238_75K",1,"Sol De Janeiro skincare set","DP1 V3",Visa,Friday,464018,1,1,100.00%,0,0.00%,1,1,100.00%,0,0.00%,1,0,$0.00,1,0.00%,0,0,$0.00,0,0.00%,0,0,0,$0.00,$0.00,$0.00,$0.00,$0.00,$0.00,$0.00,$0.00,$0.00,$0.00,0.00%,0,0.00%,$0.00,0.00%,0,0.00%,$0.00,0.00%,0,0.00%,$0.00,0.00%,0,0.00%,$0.00,0.00%,$0.00,$0.20,$0.00,$0.00,$0.00,$0.00,0.00%,$0.00,0.00%,$0.00,0.00%,$0.20,0.00%,$-0.20,0.00%
"9 - zCLOSED_N2_RM_9_PRIOR_SYN_SpecifiConLLC_3238_75K",1,"Stihl ZeroTurn Lawn Mower","DP1 V3",Visa,Friday,447227,1,1,100.00%,0,0.00%,1,1,100.00%,0,0.00%,1,0,$0.00,1,0.00%,0,0,$0.00,0,0.00%,0,0,0,$0.00,$0.00,$0.00,$0.00,$0.00,$0.00,$0.00,$0.00,$0.00,$0.00,0.00%,0,0.00%,$0.00,0.00%,0,0.00%,$0.00,0.00%,0,0.00%,$0.00,0.00%,0,0.00%,$0.00,0.00%,$0.00,$0.20,$0.00,$0.00,$0.00,$0.00,0.00%,$0.00,0.00%,$0.00,0.00%,$0.20,0.00%,$-0.20,0.00%
"91 - RM_91_QUANT_CBSL_ClearPoulseLLC_9022_25K",1,"Garmin Fish Finder","DP1 V3",Visa,Friday,400022,1,1,100.00%,0,0.00%,1,1,100.00%,0,0.00%,1,0,$0.00,1,0.00%,0,0,$0.00,0,0.00%,0,0,0,$0.00,$0.00,$0.00,$0.00,$0.00,$0.00,$0.00,$0.00,$0.00,$0.00,0.00%,0,0.00%,$0.00,0.00%,0,0.00%,$0.00,0.00%,0,0.00%,$0.00,0.00%,0,0.00%,$0.00,0.00%,$0.00,$0.20,$0.00,$0.00,$0.00,$0.00,0.00%,$0.00,0.00%,$0.00,0.00%,$0.20,0.00%,$-0.20,0.00%
"91 - RM_91_QUANT_CBSL_ClearPoulseLLC_9022_25K",1,"Miller Lite Tailgate Combo Pack","DP1 V3",Visa,Friday,423829,1,0,0.00%,1,100.00%,1,0,0.00%,1,100.00%,1,1,$12.89,0,100.00%,0,0,$0.00,0,0.00%,1,1,1,$12.89,$0.00,$0.00,$12.89,$0.00,$0.00,$12.89,$0.00,$12.89,$0.00,0.00%,0,0.00%,$0.00,0.00%,0,0.00%,$0.00,0.00%,0,0.00%,$0.00,0.00%,0,0.00%,$0.00,0.00%,$12.89,$0.84,$0.00,$0.00,$0.00,$0.00,0.00%,$0.00,0.00%,$0.00,0.00%,$0.84,6.52%,$12.05,93.48%
"92 - RM_92_QUANT_CBSL_ClearPoulseLLC_9030_25K",1,"North Face Hedgehog 06 RVST Shoes","DP1 V3",Visa,Friday,434256,1,0,0.00%,1,100.00%,1,0,0.00%,1,100.00%,1,1,$12.89,0,100.00%,0,0,$0.00,0,0.00%,1,1,1,$12.89,$0.00,$0.00,$12.89,$0.00,$0.00,$12.89,$0.00,$12.89,$0.00,0.00%,0,0.00%,$0.00,0.00%,0,0.00%,$0.00,0.00%,0,0.00%,$0.00,0.00%,0,0.00%,$0.00,0.00%,$12.89,$0.84,$0.00,$0.00,$0.00,$0.00,0.00%,$0.00,0.00%,$0.00,0.00%,$0.84,6.52%,$12.05,93.48%
"92 - RM_92_QUANT_CBSL_ClearPoulseLLC_9030_25K",1,"Sol De Janeiro skincare set","DP1 V3",Mastercard,Friday,546533,1,0,0.00%,1,100.00%,1,0,0.00%,1,100.00%,1,1,$12.89,0,100.00%,0,0,$0.00,0,0.00%,1,1,1,$12.89,$0.00,$0.00,$12.89,$0.00,$0.00,$12.89,$0.00,$12.89,$0.00,0.00%,0,0.00%,$0.00,0.00%,0,0.00%,$0.00,0.00%,0,0.00%,$0.00,0.00%,0,0.00%,$0.00,0.00%,$12.89,$0.84,$0.00,$0.00,$0.00,$0.00,0.00%,$0.00,0.00%,$0.00,0.00%,$0.84,6.52%,$12.05,93.48%
"92 - RM_92_QUANT_CBSL_ClearPoulseLLC_9030_25K",1,"TaylorMade SIM2 Max Driver","DP1 V3",Visa,Friday,414720,1,0,0.00%,1,100.00%,1,0,0.00%,1,100.00%,1,1,$12.89,0,100.00%,0,0,$0.00,0,0.00%,1,1,1,$12.89,$0.00,$0.00,$12.89,$0.00,$0.00,$12.89,$0.00,$12.89,$0.00,0.00%,0,0.00%,$0.00,0.00%,0,0.00%,$0.00,0.00%,0,0.00%,$0.00,0.00%,0,0.00%,$0.00,0.00%,$12.89,$0.84,$0.00,$0.00,$0.00,$0.00,0.00%,$0.00,0.00%,$0.00,0.00%,$0.84,6.52%,$12.05,93.48%
"93 - RM_93_QUANT_CBSL_ClearPoulseLLC_9048_25K",1,"Coors Light Tailgate Bundle","DP1 V3",Mastercard,Friday,521860,1,0,0.00%,1,100.00%,1,0,0.00%,1,100.00%,1,1,$12.89,0,100.00%,0,0,$0.00,0,0.00%,1,1,1,$12.89,$0.00,$0.00,$12.89,$0.00,$0.00,$12.89,$0.00,$12.89,$0.00,0.00%,0,0.00%,$0.00,0.00%,0,0.00%,$0.00,0.00%,0,0.00%,$0.00,0.00%,0,0.00%,$0.00,0.00%,$12.89,$0.84,$0.00,$0.00,$0.00,$0.00,0.00%,$0.00,0.00%,$0.00,0.00%,$0.84,6.52%,$12.05,93.48%
"93 - RM_93_QUANT_CBSL_ClearPoulseLLC_9048_25K",1,"Coors Light Tailgate Bundle","DP1 V3",Mastercard,Friday,532569,1,0,0.00%,1,100.00%,1,0,0.00%,1,100.00%,1,1,$12.89,0,100.00%,0,0,$0.00,0,0.00%,1,1,1,$12.89,$0.00,$0.00,$12.89,$0.00,$0.00,$12.89,$0.00,$12.89,$0.00,0.00%,0,0.00%,$0.00,0.00%,0,0.00%,$0.00,0.00%,0,0.00%,$0.00,0.00%,0,0.00%,$0.00,0.00%,$12.89,$0.84,$0.00,$0.00,$0.00,$0.00,0.00%,$0.00,0.00%,$0.00,0.00%,$0.84,6.52%,$12.05,93.48%
"93 - RM_93_QUANT_CBSL_ClearPoulseLLC_9048_25K",1,"TaylorMade SIM2 Max Driver","DP1 V3",Visa,Friday,481583,1,0,0.00%,1,100.00%,1,0,0.00%,1,100.00%,1,1,$12.89,0,100.00%,0,0,$0.00,0,0.00%,1,1,1,$12.89,$0.00,$0.00,$12.89,$0.00,$0.00,$12.89,$0.00,$12.89,$0.00,0.00%,0,0.00%,$0.00,0.00%,0,0.00%,$0.00,0.00%,0,0.00%,$0.00,0.00%,0,0.00%,$0.00,0.00%,$12.89,$0.84,$0.00,$0.00,$0.00,$0.00,0.00%,$0.00,0.00%,$0.00,0.00%,$0.84,6.52%,$12.05,93.48%
"94 - RM_94_QUANT_CBSL_ClearPoulseLLC_9055_25K",1,"Coors Light Tailgate Bundle","DP1 V3",Visa,Friday,444796,1,0,0.00%,1,100.00%,1,0,0.00%,1,100.00%,1,1,$12.89,0,100.00%,0,0,$0.00,0,0.00%,1,1,1,$12.89,$0.00,$0.00,$12.89,$0.00,$0.00,$12.89,$0.00,$12.89,$12.89,100.00%,0,0.00%,$0.00,0.00%,0,0.00%,$0.00,0.00%,0,0.00%,$0.00,0.00%,1,100.00%,$12.89,100.00%,$0.00,$0.84,$0.00,$0.00,$0.00,$0.00,0.00%,$0.00,0.00%,$0.00,0.00%,$0.84,6.52%,$-0.84,-6.52%
"94 - RM_94_QUANT_CBSL_ClearPoulseLLC_9055_25K",1,"Sol De Janeiro skincare set","DP1 V3",Mastercard,Friday,517895,1,0,0.00%,1,100.00%,1,0,0.00%,1,100.00%,1,1,$12.89,0,100.00%,0,0,$0.00,0,0.00%,1,1,1,$12.89,$0.00,$0.00,$12.89,$0.00,$0.00,$12.89,$0.00,$12.89,$0.00,0.00%,0,0.00%,$0.00,0.00%,0,0.00%,$0.00,0.00%,0,0.00%,$0.00,0.00%,0,0.00%,$0.00,0.00%,$12.89,$0.84,$0.00,$0.00,$0.00,$0.00,0.00%,$0.00,0.00%,$0.00,0.00%,$0.84,6.52%,$12.05,93.48%
"94 - RM_94_QUANT_CBSL_ClearPoulseLLC_9055_25K",1,"Sol De Janeiro skincare set","DP1 V3",Visa,Friday,438854,1,0,0.00%,1,100.00%,1,0,0.00%,1,100.00%,1,1,$12.89,0,100.00%,0,0,$0.00,0,0.00%,1,1,1,$12.89,$0.00,$0.00,$12.89,$0.00,$0.00,$12.89,$0.00,$12.89,$0.00,0.00%,0,0.00%,$0.00,0.00%,0,0.00%,$0.00,0.00%,0,0.00%,$0.00,0.00%,0,0.00%,$0.00,0.00%,$12.89,$0.84,$0.00,$0.00,$0.00,$0.00,0.00%,$0.00,0.00%,$0.00,0.00%,$0.84,6.52%,$12.05,93.48%
"95 - RM_95_PRIOR_SYN_ClearPoulseLLC_9038_40K",1,"Miller Lite Tailgate Combo Pack","DP1 V3",Visa,Friday,432522,1,0,0.00%,1,100.00%,1,0,0.00%,1,100.00%,1,1,$12.89,0,100.00%,0,0,$0.00,0,0.00%,1,1,1,$12.89,$0.00,$0.00,$12.89,$0.00,$0.00,$12.89,$0.00,$12.89,$0.00,0.00%,0,0.00%,$0.00,0.00%,0,0.00%,$0.00,0.00%,0,0.00%,$0.00,0.00%,0,0.00%,$0.00,0.00%,$12.89,$0.84,$0.00,$0.00,$0.00,$0.00,0.00%,$0.00,0.00%,$0.00,0.00%,$0.84,6.52%,$12.05,93.48%
"96 - RM_96_PRIOR_SYN_ClearPoulseLLC_9678_40K",1,"Miller Lite Tailgate Combo Pack","DP1 V3",Visa,Friday,441105,1,0,0.00%,1,100.00%,1,0,0.00%,1,100.00%,1,1,$12.89,0,100.00%,0,0,$0.00,0,0.00%,1,1,1,$12.89,$0.00,$0.00,$12.89,$0.00,$0.00,$12.89,$0.00,$12.89,$0.00,0.00%,0,0.00%,$0.00,0.00%,0,0.00%,$0.00,0.00%,0,0.00%,$0.00,0.00%,0,0.00%,$0.00,0.00%,$12.89,$0.84,$0.00,$0.00,$0.00,$0.00,0.00%,$0.00,0.00%,$0.00,0.00%,$0.84,6.52%,$12.05,93.48%
