Merchant,"<track>Tracking 1</track>","<track>Tracking 2</track>",Item,"Card Type","Transaction Day Of Week","Card Bin Number","Attempted Charges","Declined Charges","Declined Charge Rate","Successful Charges","Success Charge Rate","Unique Cycle Attempts","Declined Unique Cycle Attempts","Declined Unique Cycle Attempt Rate","Successful Unique Cycle Attempts","Success Unique Cycle Attempt Rate","Cycle 1 Attempts","Cycle 1 Success","Cycle 1 Revenue","Cycle 1 Decline","Cycle 1 Success Rate","Renewal Attempts","Renewal Success","Renewal Revenue","Renewal Decline","Renewal Success Rate","Successful Offers","Item Quantity","Successful Customers","Gross Product Revenue",Discounts,Rewards,"Net Product Revenue",Shipping,"Gift Cards","Total Revenue",Tax,Processed,Adjustments,"Adjustment Rate",Refunds,"Refund Rate","Refunded Revenue","Refunded Revenue Rate",Voids,"Void Rate","Voided Revenue","Void Revenue Rate",Chargebacks,"Chargeback Rate","Chargeback Revenue","Chargeback Revenue Rate",Alerts,"Alert Rate","Alert Revenue","Alert Revenue Rate","Net Revenue","Cost of Revenue","Cost of Goods Sold","Cycle 1 Cost of Goods Sold","Recurring Cost of Goods Sold","Ad Spend","Ad Spend Rate","Chargeback Fees","Chargeback Fees Rate","Alert Fees","Alert Fees Rate","Processing Fees","Processing Fees Rate",Profit,"Profit Margin"
"100 - RM_100_NET_ESQ_ClearPoulseLLC_8341_75K",1,"Storm Phaze 2 Bowling Ball","DP1 V3",Visa,Friday,412777,1,1,100.00%,0,0.00%,1,1,100.00%,0,0.00%,1,0,$0.00,1,0.00%,0,0,$0.00,0,0.00%,0,0,0,$0.00,$0.00,$0.00,$0.00,$0.00,$0.00,$0.00,$0.00,$0.00,$0.00,0.00%,0,0.00%,$0.00,0.00%,0,0.00%,$0.00,0.00%,0,0.00%,$0.00,0.00%,0,0.00%,$0.00,0.00%,$0.00,$0.20,$0.00,$0.00,$0.00,$0.00,0.00%,$0.00,0.00%,$0.00,0.00%,$0.20,0.00%,$-0.20,0.00%
"100 - RM_100_NET_ESQ_ClearPoulseLLC_8341_75K",1,"Yellow Ford Mustang Electric Bike","DP1 V3",Mastercard,Friday,546325,1,1,100.00%,0,0.00%,1,1,100.00%,0,0.00%,1,0,$0.00,1,0.00%,0,0,$0.00,0,0.00%,0,0,0,$0.00,$0.00,$0.00,$0.00,$0.00,$0.00,$0.00,$0.00,$0.00,$0.00,0.00%,0,0.00%,$0.00,0.00%,0,0.00%,$0.00,0.00%,0,0.00%,$0.00,0.00%,0,0.00%,$0.00,0.00%,$0.00,$0.20,$0.00,$0.00,$0.00,$0.00,0.00%,$0.00,0.00%,$0.00,0.00%,$0.20,0.00%,$-0.20,0.00%
"100 - RM_100_NET_ESQ_ClearPoulseLLC_8341_75K",1,"Yellow Ford Mustang Electric Bike","DP1 V3",Visa,Friday,400022,1,1,100.00%,0,0.00%,1,1,100.00%,0,0.00%,1,0,$0.00,1,0.00%,0,0,$0.00,0,0.00%,0,0,0,$0.00,$0.00,$0.00,$0.00,$0.00,$0.00,$0.00,$0.00,$0.00,$0.00,0.00%,0,0.00%,$0.00,0.00%,0,0.00%,$0.00,0.00%,0,0.00%,$0.00,0.00%,0,0.00%,$0.00,0.00%,$0.00,$0.20,$0.00,$0.00,$0.00,$0.00,0.00%,$0.00,0.00%,$0.00,0.00%,$0.20,0.00%,$-0.20,0.00%
"100 - RM_100_NET_ESQ_ClearPoulseLLC_8341_75K",1,"Yellow Ford Mustang Electric Bike","DP1 V3",Visa,Friday,405731,1,0,0.00%,1,100.00%,1,0,0.00%,1,100.00%,1,1,$12.89,0,100.00%,0,0,$0.00,0,0.00%,1,1,1,$12.89,$0.00,$0.00,$12.89,$0.00,$0.00,$12.89,$0.00,$12.89,$0.00,0.00%,0,0.00%,$0.00,0.00%,0,0.00%,$0.00,0.00%,0,0.00%,$0.00,0.00%,0,0.00%,$0.00,0.00%,$12.89,$0.84,$0.00,$0.00,$0.00,$0.00,0.00%,$0.00,0.00%,$0.00,0.00%,$0.84,6.52%,$12.05,93.48%
"100 - RM_100_NET_ESQ_ClearPoulseLLC_8341_75K",1,"Yellow Ford Mustang Electric Bike","DP1 V3",Visa,Friday,413499,1,1,100.00%,0,0.00%,1,1,100.00%,0,0.00%,1,0,$0.00,1,0.00%,0,0,$0.00,0,0.00%,0,0,0,$0.00,$0.00,$0.00,$0.00,$0.00,$0.00,$0.00,$0.00,$0.00,$0.00,0.00%,0,0.00%,$0.00,0.00%,0,0.00%,$0.00,0.00%,0,0.00%,$0.00,0.00%,0,0.00%,$0.00,0.00%,$0.00,$0.20,$0.00,$0.00,$0.00,$0.00,0.00%,$0.00,0.00%,$0.00,0.00%,$0.20,0.00%,$-0.20,0.00%
"101 - RM_101_NET_ESQ_ClearPoulseLLC_8333_75K",1,"Predator 12.4mm Pool Cue","DP1 V3",Visa,Friday,479213,1,0,0.00%,1,100.00%,1,0,0.00%,1,100.00%,1,1,$12.89,0,100.00%,0,0,$0.00,0,0.00%,1,1,1,$12.89,$0.00,$0.00,$12.89,$0.00,$0.00,$12.89,$0.00,$12.89,$0.00,0.00%,0,0.00%,$0.00,0.00%,0,0.00%,$0.00,0.00%,0,0.00%,$0.00,0.00%,0,0.00%,$0.00,0.00%,$12.89,$0.84,$0.00,$0.00,$0.00,$0.00,0.00%,$0.00,0.00%,$0.00,0.00%,$0.84,6.52%,$12.05,93.48%
"101 - RM_101_NET_ESQ_ClearPoulseLLC_8333_75K",1,"Storm Phaze 2 Bowling Ball","DP1 V3",Visa,Friday,436618,1,0,0.00%,1,100.00%,1,0,0.00%,1,100.00%,1,1,$12.89,0,100.00%,0,0,$0.00,0,0.00%,1,1,1,$12.89,$0.00,$0.00,$12.89,$0.00,$0.00,$12.89,$0.00,$12.89,$0.00,0.00%,0,0.00%,$0.00,0.00%,0,0.00%,$0.00,0.00%,0,0.00%,$0.00,0.00%,0,0.00%,$0.00,0.00%,$12.89,$0.84,$0.00,$0.00,$0.00,$0.00,0.00%,$0.00,0.00%,$0.00,0.00%,$0.84,6.52%,$12.05,93.48%
"102 - RM_102_PAYARC_EVO_ClearPoulseLLC_4972_75K",1,"Predator 12.4mm Pool Cue","DP1 V3",Visa,Friday,431662,1,1,100.00%,0,0.00%,1,1,100.00%,0,0.00%,1,0,$0.00,1,0.00%,0,0,$0.00,0,0.00%,0,0,0,$0.00,$0.00,$0.00,$0.00,$0.00,$0.00,$0.00,$0.00,$0.00,$0.00,0.00%,0,0.00%,$0.00,0.00%,0,0.00%,$0.00,0.00%,0,0.00%,$0.00,0.00%,0,0.00%,$0.00,0.00%,$0.00,$0.20,$0.00,$0.00,$0.00,$0.00,0.00%,$0.00,0.00%,$0.00,0.00%,$0.20,0.00%,$-0.20,0.00%
"102 - RM_102_PAYARC_EVO_ClearPoulseLLC_4972_75K",1,"Yellow Ford Mustang Electric Bike","DP1 V3",Visa,Friday,453227,1,0,0.00%,1,100.00%,1,0,0.00%,1,100.00%,1,1,$12.89,0,100.00%,0,0,$0.00,0,0.00%,1,1,1,$12.89,$0.00,$0.00,$12.89,$0.00,$0.00,$12.89,$0.00,$12.89,$0.00,0.00%,0,0.00%,$0.00,0.00%,0,0.00%,$0.00,0.00%,0,0.00%,$0.00,0.00%,0,0.00%,$0.00,0.00%,$12.89,$0.84,$0.00,$0.00,$0.00,$0.00,0.00%,$0.00,0.00%,$0.00,0.00%,$0.84,6.52%,$12.05,93.48%
"103 - RM_103_PAYARC_EVO_ClearPoulseLLC_4964_75K",1,"Predator 12.4mm Pool Cue","DP1 V3",Mastercard,Friday,514377,1,0,0.00%,1,100.00%,1,0,0.00%,1,100.00%,1,1,$12.89,0,100.00%,0,0,$0.00,0,0.00%,1,1,1,$12.89,$0.00,$0.00,$12.89,$0.00,$0.00,$12.89,$0.00,$12.89,$0.00,0.00%,0,0.00%,$0.00,0.00%,0,0.00%,$0.00,0.00%,0,0.00%,$0.00,0.00%,0,0.00%,$0.00,0.00%,$12.89,$0.84,$0.00,$0.00,$0.00,$0.00,0.00%,$0.00,0.00%,$0.00,0.00%,$0.84,6.52%,$12.05,93.48%
"103 - RM_103_PAYARC_EVO_ClearPoulseLLC_4964_75K",1,"Storm Phaze 2 Bowling Ball","DP1 V3",Visa,Friday,441282,1,0,0.00%,1,100.00%,1,0,0.00%,1,100.00%,1,1,$12.89,0,100.00%,0,0,$0.00,0,0.00%,1,1,1,$12.89,$0.00,$0.00,$12.89,$0.00,$0.00,$12.89,$0.00,$12.89,$0.00,0.00%,0,0.00%,$0.00,0.00%,0,0.00%,$0.00,0.00%,0,0.00%,$0.00,0.00%,0,0.00%,$0.00,0.00%,$12.89,$0.84,$0.00,$0.00,$0.00,$0.00,0.00%,$0.00,0.00%,$0.00,0.00%,$0.84,6.52%,$12.05,93.48%
"104 - RM_104_NET_ESQ_ClearPoulseLLC_0966_75K",1,"Yellow Ford Mustang Electric Bike","DP1 V3",Visa,Friday,400022,1,1,100.00%,0,0.00%,1,1,100.00%,0,0.00%,1,0,$0.00,1,0.00%,0,0,$0.00,0,0.00%,0,0,0,$0.00,$0.00,$0.00,$0.00,$0.00,$0.00,$0.00,$0.00,$0.00,$0.00,0.00%,0,0.00%,$0.00,0.00%,0,0.00%,$0.00,0.00%,0,0.00%,$0.00,0.00%,0,0.00%,$0.00,0.00%,$0.00,$0.20,$0.00,$0.00,$0.00,$0.00,0.00%,$0.00,0.00%,$0.00,0.00%,$0.20,0.00%,$-0.20,0.00%
"104 - RM_104_NET_ESQ_ClearPoulseLLC_0966_75K",1,"Yellow Ford Mustang Electric Bike","DP1 V3",Visa,Friday,441767,1,0,0.00%,1,100.00%,1,0,0.00%,1,100.00%,1,1,$12.89,0,100.00%,0,0,$0.00,0,0.00%,1,1,1,$12.89,$0.00,$0.00,$12.89,$0.00,$0.00,$12.89,$0.00,$12.89,$0.00,0.00%,0,0.00%,$0.00,0.00%,0,0.00%,$0.00,0.00%,0,0.00%,$0.00,0.00%,0,0.00%,$0.00,0.00%,$12.89,$0.84,$0.00,$0.00,$0.00,$0.00,0.00%,$0.00,0.00%,$0.00,0.00%,$0.84,6.52%,$12.05,93.48%
"105 - RM_105_PRIOR_SYN_ClearPoulseLLC_9869_40K",1,"Predator 12.4mm Pool Cue","DP1 V3",Mastercard,Friday,521730,1,1,100.00%,0,0.00%,1,1,100.00%,0,0.00%,1,0,$0.00,1,0.00%,0,0,$0.00,0,0.00%,0,0,0,$0.00,$0.00,$0.00,$0.00,$0.00,$0.00,$0.00,$0.00,$0.00,$0.00,0.00%,0,0.00%,$0.00,0.00%,0,0.00%,$0.00,0.00%,0,0.00%,$0.00,0.00%,0,0.00%,$0.00,0.00%,$0.00,$0.20,$0.00,$0.00,$0.00,$0.00,0.00%,$0.00,0.00%,$0.00,0.00%,$0.20,0.00%,$-0.20,0.00%
"105 - RM_105_PRIOR_SYN_ClearPoulseLLC_9869_40K",1,"Predator 12.4mm Pool Cue","DP1 V3",Visa,Friday,435546,1,1,100.00%,0,0.00%,1,1,100.00%,0,0.00%,1,0,$0.00,1,0.00%,0,0,$0.00,0,0.00%,0,0,0,$0.00,$0.00,$0.00,$0.00,$0.00,$0.00,$0.00,$0.00,$0.00,$0.00,0.00%,0,0.00%,$0.00,0.00%,0,0.00%,$0.00,0.00%,0,0.00%,$0.00,0.00%,0,0.00%,$0.00,0.00%,$0.00,$0.20,$0.00,$0.00,$0.00,$0.00,0.00%,$0.00,0.00%,$0.00,0.00%,$0.20,0.00%,$-0.20,0.00%
"105 - RM_105_PRIOR_SYN_ClearPoulseLLC_9869_40K",1,"Storm Phaze 2 Bowling Ball","DP1 V3",Visa,Friday,411870,1,1,100.00%,0,0.00%,1,1,100.00%,0,0.00%,1,0,$0.00,1,0.00%,0,0,$0.00,0,0.00%,0,0,0,$0.00,$0.00,$0.00,$0.00,$0.00,$0.00,$0.00,$0.00,$0.00,$0.00,0.00%,0,0.00%,$0.00,0.00%,0,0.00%,$0.00,0.00%,0,0.00%,$0.00,0.00%,0,0.00%,$0.00,0.00%,$0.00,$0.20,$0.00,$0.00,$0.00,$0.00,0.00%,$0.00,0.00%,$0.00,0.00%,$0.20,0.00%,$-0.20,0.00%
"105 - RM_105_PRIOR_SYN_ClearPoulseLLC_9869_40K",1,"Storm Phaze 2 Bowling Ball","DP1 V3",Visa,Friday,424631,1,1,100.00%,0,0.00%,1,1,100.00%,0,0.00%,1,0,$0.00,1,0.00%,0,0,$0.00,0,0.00%,0,0,0,$0.00,$0.00,$0.00,$0.00,$0.00,$0.00,$0.00,$0.00,$0.00,$0.00,0.00%,0,0.00%,$0.00,0.00%,0,0.00%,$0.00,0.00%,0,0.00%,$0.00,0.00%,0,0.00%,$0.00,0.00%,$0.00,$0.20,$0.00,$0.00,$0.00,$0.00,0.00%,$0.00,0.00%,$0.00,0.00%,$0.20,0.00%,$-0.20,0.00%
"105 - RM_105_PRIOR_SYN_ClearPoulseLLC_9869_40K",1,"Storm Phaze 2 Bowling Ball","DP1 V3",Visa,Friday,443044,1,1,100.00%,0,0.00%,1,1,100.00%,0,0.00%,1,0,$0.00,1,0.00%,0,0,$0.00,0,0.00%,0,0,0,$0.00,$0.00,$0.00,$0.00,$0.00,$0.00,$0.00,$0.00,$0.00,$0.00,0.00%,0,0.00%,$0.00,0.00%,0,0.00%,$0.00,0.00%,0,0.00%,$0.00,0.00%,0,0.00%,$0.00,0.00%,$0.00,$0.20,$0.00,$0.00,$0.00,$0.00,0.00%,$0.00,0.00%,$0.00,0.00%,$0.20,0.00%,$-0.20,0.00%
"105 - RM_105_PRIOR_SYN_ClearPoulseLLC_9869_40K",1,"Yellow Ford Mustang Electric Bike","DP1 V3",Mastercard,Friday,544927,1,1,100.00%,0,0.00%,1,1,100.00%,0,0.00%,1,0,$0.00,1,0.00%,0,0,$0.00,0,0.00%,0,0,0,$0.00,$0.00,$0.00,$0.00,$0.00,$0.00,$0.00,$0.00,$0.00,$0.00,0.00%,0,0.00%,$0.00,0.00%,0,0.00%,$0.00,0.00%,0,0.00%,$0.00,0.00%,0,0.00%,$0.00,0.00%,$0.00,$0.20,$0.00,$0.00,$0.00,$0.00,0.00%,$0.00,0.00%,$0.00,0.00%,$0.20,0.00%,$-0.20,0.00%
"105 - RM_105_PRIOR_SYN_ClearPoulseLLC_9869_40K",1,"Yellow Ford Mustang Electric Bike","DP1 V3",Mastercard,Friday,558341,1,1,100.00%,0,0.00%,1,1,100.00%,0,0.00%,1,0,$0.00,1,0.00%,0,0,$0.00,0,0.00%,0,0,0,$0.00,$0.00,$0.00,$0.00,$0.00,$0.00,$0.00,$0.00,$0.00,$0.00,0.00%,0,0.00%,$0.00,0.00%,0,0.00%,$0.00,0.00%,0,0.00%,$0.00,0.00%,0,0.00%,$0.00,0.00%,$0.00,$0.20,$0.00,$0.00,$0.00,$0.00,0.00%,$0.00,0.00%,$0.00,0.00%,$0.20,0.00%,$-0.20,0.00%
"105 - RM_105_PRIOR_SYN_ClearPoulseLLC_9869_40K",1,"Yellow Ford Mustang Electric Bike","DP1 V3",Visa,Friday,444798,1,1,100.00%,0,0.00%,1,1,100.00%,0,0.00%,1,0,$0.00,1,0.00%,0,0,$0.00,0,0.00%,0,0,0,$0.00,$0.00,$0.00,$0.00,$0.00,$0.00,$0.00,$0.00,$0.00,$0.00,0.00%,0,0.00%,$0.00,0.00%,0,0.00%,$0.00,0.00%,0,0.00%,$0.00,0.00%,0,0.00%,$0.00,0.00%,$0.00,$0.20,$0.00,$0.00,$0.00,$0.00,0.00%,$0.00,0.00%,$0.00,0.00%,$0.20,0.00%,$-0.20,0.00%
"105 - RM_105_PRIOR_SYN_ClearPoulseLLC_9869_40K",1,"Yellow Ford Mustang Electric Bike","DP1 V3",Visa,Friday,482812,1,1,100.00%,0,0.00%,1,1,100.00%,0,0.00%,1,0,$0.00,1,0.00%,0,0,$0.00,0,0.00%,0,0,0,$0.00,$0.00,$0.00,$0.00,$0.00,$0.00,$0.00,$0.00,$0.00,$0.00,0.00%,0,0.00%,$0.00,0.00%,0,0.00%,$0.00,0.00%,0,0.00%,$0.00,0.00%,0,0.00%,$0.00,0.00%,$0.00,$0.20,$0.00,$0.00,$0.00,$0.00,0.00%,$0.00,0.00%,$0.00,0.00%,$0.20,0.00%,$-0.20,0.00%
"105 - RM_105_PRIOR_SYN_ClearPoulseLLC_9869_40K",1,"Yellow Ford Mustang Electric Bike","DP1 V3",Visa,Friday,486796,1,0,0.00%,1,100.00%,1,0,0.00%,1,100.00%,1,1,$12.89,0,100.00%,0,0,$0.00,0,0.00%,1,1,1,$12.89,$0.00,$0.00,$12.89,$0.00,$0.00,$12.89,$0.00,$12.89,$0.00,0.00%,0,0.00%,$0.00,0.00%,0,0.00%,$0.00,0.00%,0,0.00%,$0.00,0.00%,0,0.00%,$0.00,0.00%,$12.89,$0.84,$0.00,$0.00,$0.00,$0.00,0.00%,$0.00,0.00%,$0.00,0.00%,$0.84,6.52%,$12.05,93.48%
"111 - RM_111_LUQRA_EVO_ClearPoulseLLC_6221_50K",1,"Yellow Ford Mustang Electric Bike","DP1 V3",Visa,Friday,432857,1,1,100.00%,0,0.00%,1,1,100.00%,0,0.00%,1,0,$0.00,1,0.00%,0,0,$0.00,0,0.00%,0,0,0,$0.00,$0.00,$0.00,$0.00,$0.00,$0.00,$0.00,$0.00,$0.00,$0.00,0.00%,0,0.00%,$0.00,0.00%,0,0.00%,$0.00,0.00%,0,0.00%,$0.00,0.00%,0,0.00%,$0.00,0.00%,$0.00,$0.00,$0.00,$0.00,$0.00,$0.00,0.00%,$0.00,0.00%,$0.00,0.00%,$0.00,0.00%,$0.00,0.00%
"111 - RM_111_LUQRA_EVO_ClearPoulseLLC_6221_50K",1,"Yellow Ford Mustang Electric Bike","DP1 V3",Visa,Friday,435546,1,0,0.00%,1,100.00%,1,0,0.00%,1,100.00%,1,1,$12.89,0,100.00%,0,0,$0.00,0,0.00%,1,1,1,$12.89,$0.00,$0.00,$12.89,$0.00,$0.00,$12.89,$0.00,$12.89,$0.00,0.00%,0,0.00%,$0.00,0.00%,0,0.00%,$0.00,0.00%,0,0.00%,$0.00,0.00%,0,0.00%,$0.00,0.00%,$12.89,$0.00,$0.00,$0.00,$0.00,$0.00,0.00%,$0.00,0.00%,$0.00,0.00%,$0.00,0.00%,$12.89,100.00%
"111 - RM_111_LUQRA_EVO_ClearPoulseLLC_6221_50K",1,"Yellow Ford Mustang Electric Bike","DP1 V3",Visa,Friday,482812,1,1,100.00%,0,0.00%,1,1,100.00%,0,0.00%,1,0,$0.00,1,0.00%,0,0,$0.00,0,0.00%,0,0,0,$0.00,$0.00,$0.00,$0.00,$0.00,$0.00,$0.00,$0.00,$0.00,$0.00,0.00%,0,0.00%,$0.00,0.00%,0,0.00%,$0.00,0.00%,0,0.00%,$0.00,0.00%,0,0.00%,$0.00,0.00%,$0.00,$0.00,$0.00,$0.00,$0.00,$0.00,0.00%,$0.00,0.00%,$0.00,0.00%,$0.00,0.00%,$0.00,0.00%
"111 - RM_111_LUQRA_EVO_ClearPoulseLLC_6221_50K",1,"Yellow Ford Mustang Electric Bike","DP1 V3",Visa,Friday,483950,1,1,100.00%,0,0.00%,1,1,100.00%,0,0.00%,1,0,$0.00,1,0.00%,0,0,$0.00,0,0.00%,0,0,0,$0.00,$0.00,$0.00,$0.00,$0.00,$0.00,$0.00,$0.00,$0.00,$0.00,0.00%,0,0.00%,$0.00,0.00%,0,0.00%,$0.00,0.00%,0,0.00%,$0.00,0.00%,0,0.00%,$0.00,0.00%,$0.00,$0.00,$0.00,$0.00,$0.00,$0.00,0.00%,$0.00,0.00%,$0.00,0.00%,$0.00,0.00%,$0.00,0.00%
"112 - N2_RM_112_LUQRA_EVO_ClearPoulseLLC_5256_50K",1,"Predator 12.4mm Pool Cue","DP1 V3",Mastercard,Friday,532211,1,0,0.00%,1,100.00%,1,0,0.00%,1,100.00%,1,1,$12.89,0,100.00%,0,0,$0.00,0,0.00%,1,1,1,$12.89,$0.00,$0.00,$12.89,$0.00,$0.00,$12.89,$0.00,$12.89,$0.00,0.00%,0,0.00%,$0.00,0.00%,0,0.00%,$0.00,0.00%,0,0.00%,$0.00,0.00%,0,0.00%,$0.00,0.00%,$12.89,$0.00,$0.00,$0.00,$0.00,$0.00,0.00%,$0.00,0.00%,$0.00,0.00%,$0.00,0.00%,$12.89,100.00%
"112 - N2_RM_112_LUQRA_EVO_ClearPoulseLLC_5256_50K",1,"Storm Phaze 2 Bowling Ball","DP1 V3",Visa,Friday,426684,1,1,100.00%,0,0.00%,1,1,100.00%,0,0.00%,1,0,$0.00,1,0.00%,0,0,$0.00,0,0.00%,0,0,0,$0.00,$0.00,$0.00,$0.00,$0.00,$0.00,$0.00,$0.00,$0.00,$0.00,0.00%,0,0.00%,$0.00,0.00%,0,0.00%,$0.00,0.00%,0,0.00%,$0.00,0.00%,0,0.00%,$0.00,0.00%,$0.00,$0.00,$0.00,$0.00,$0.00,$0.00,0.00%,$0.00,0.00%,$0.00,0.00%,$0.00,0.00%,$0.00,0.00%
"112 - N2_RM_112_LUQRA_EVO_ClearPoulseLLC_5256_50K",1,"Yellow Ford Mustang Electric Bike","DP1 V3",Visa,Friday,420231,1,1,100.00%,0,0.00%,1,1,100.00%,0,0.00%,1,0,$0.00,1,0.00%,0,0,$0.00,0,0.00%,0,0,0,$0.00,$0.00,$0.00,$0.00,$0.00,$0.00,$0.00,$0.00,$0.00,$0.00,0.00%,0,0.00%,$0.00,0.00%,0,0.00%,$0.00,0.00%,0,0.00%,$0.00,0.00%,0,0.00%,$0.00,0.00%,$0.00,$0.00,$0.00,$0.00,$0.00,$0.00,0.00%,$0.00,0.00%,$0.00,0.00%,$0.00,0.00%,$0.00,0.00%
"112 - N2_RM_112_LUQRA_EVO_ClearPoulseLLC_5256_50K",1,"Yellow Ford Mustang Electric Bike","DP1 V3",Visa,Friday,426684,1,1,100.00%,0,0.00%,1,1,100.00%,0,0.00%,1,0,$0.00,1,0.00%,0,0,$0.00,0,0.00%,0,0,0,$0.00,$0.00,$0.00,$0.00,$0.00,$0.00,$0.00,$0.00,$0.00,$0.00,0.00%,0,0.00%,$0.00,0.00%,0,0.00%,$0.00,0.00%,0,0.00%,$0.00,0.00%,0,0.00%,$0.00,0.00%,$0.00,$0.00,$0.00,$0.00,$0.00,$0.00,0.00%,$0.00,0.00%,$0.00,0.00%,$0.00,0.00%,$0.00,0.00%
"116 - RM_SS_(116)_QUANT_CBSL_HeatwaveHorizonsLLC_2664_25K",1,"Hammer Black Widow 3.0 Bowling Ball (new line)","DP1 V3",Mastercard,Friday,527854,1,1,100.00%,0,0.00%,1,1,100.00%,0,0.00%,1,0,$0.00,1,0.00%,0,0,$0.00,0,0.00%,0,0,0,$0.00,$0.00,$0.00,$0.00,$0.00,$0.00,$0.00,$0.00,$0.00,$0.00,0.00%,0,0.00%,$0.00,0.00%,0,0.00%,$0.00,0.00%,0,0.00%,$0.00,0.00%,0,0.00%,$0.00,0.00%,$0.00,$0.00,$0.00,$0.00,$0.00,$0.00,0.00%,$0.00,0.00%,$0.00,0.00%,$0.00,0.00%,$0.00,0.00%
"116 - RM_SS_(116)_QUANT_CBSL_HeatwaveHorizonsLLC_2664_25K",1,"Hammer Black Widow 3.0 Bowling Ball (new line)","DP1 V3",Mastercard,Friday,533470,1,1,100.00%,0,0.00%,1,1,100.00%,0,0.00%,1,0,$0.00,1,0.00%,0,0,$0.00,0,0.00%,0,0,0,$0.00,$0.00,$0.00,$0.00,$0.00,$0.00,$0.00,$0.00,$0.00,$0.00,0.00%,0,0.00%,$0.00,0.00%,0,0.00%,$0.00,0.00%,0,0.00%,$0.00,0.00%,0,0.00%,$0.00,0.00%,$0.00,$0.00,$0.00,$0.00,$0.00,$0.00,0.00%,$0.00,0.00%,$0.00,0.00%,$0.00,0.00%,$0.00,0.00%
"116 - RM_SS_(116)_QUANT_CBSL_HeatwaveHorizonsLLC_2664_25K",1,"Hammer Black Widow 3.0 Bowling Ball (new line)","DP1 V3",Visa,Friday,400022,1,0,0.00%,1,100.00%,1,0,0.00%,1,100.00%,1,1,$12.89,0,100.00%,0,0,$0.00,0,0.00%,1,1,1,$12.89,$0.00,$0.00,$12.89,$0.00,$0.00,$12.89,$0.00,$12.89,$0.00,0.00%,0,0.00%,$0.00,0.00%,0,0.00%,$0.00,0.00%,0,0.00%,$0.00,0.00%,0,0.00%,$0.00,0.00%,$12.89,$0.00,$0.00,$0.00,$0.00,$0.00,0.00%,$0.00,0.00%,$0.00,0.00%,$0.00,0.00%,$12.89,100.00%
"116 - RM_SS_(116)_QUANT_CBSL_HeatwaveHorizonsLLC_2664_25K",1,"Hammer Black Widow 3.0 Bowling Ball (new line)","DP1 V3",Visa,Friday,457431,1,0,0.00%,1,100.00%,1,0,0.00%,1,100.00%,1,1,$12.89,0,100.00%,0,0,$0.00,0,0.00%,1,1,1,$12.89,$0.00,$0.00,$12.89,$0.00,$0.00,$12.89,$0.00,$12.89,$0.00,0.00%,0,0.00%,$0.00,0.00%,0,0.00%,$0.00,0.00%,0,0.00%,$0.00,0.00%,0,0.00%,$0.00,0.00%,$12.89,$0.00,$0.00,$0.00,$0.00,$0.00,0.00%,$0.00,0.00%,$0.00,0.00%,$0.00,0.00%,$12.89,100.00%
"116 - RM_SS_(116)_QUANT_CBSL_HeatwaveHorizonsLLC_2664_25K",1,"Hammer Black Widow 3.0 Bowling Ball (new line)","DP1 V3",Visa,Friday,461100,1,1,100.00%,0,0.00%,1,1,100.00%,0,0.00%,1,0,$0.00,1,0.00%,0,0,$0.00,0,0.00%,0,0,0,$0.00,$0.00,$0.00,$0.00,$0.00,$0.00,$0.00,$0.00,$0.00,$0.00,0.00%,0,0.00%,$0.00,0.00%,0,0.00%,$0.00,0.00%,0,0.00%,$0.00,0.00%,0,0.00%,$0.00,0.00%,$0.00,$0.00,$0.00,$0.00,$0.00,$0.00,0.00%,$0.00,0.00%,$0.00,0.00%,$0.00,0.00%,$0.00,0.00%
"116 - RM_SS_(116)_QUANT_CBSL_HeatwaveHorizonsLLC_2664_25K",1,"Predator 12.4mm Pool Cue","DP1 V3",Mastercard,Friday,514377,1,1,100.00%,0,0.00%,1,1,100.00%,0,0.00%,1,0,$0.00,1,0.00%,0,0,$0.00,0,0.00%,0,0,0,$0.00,$0.00,$0.00,$0.00,$0.00,$0.00,$0.00,$0.00,$0.00,$0.00,0.00%,0,0.00%,$0.00,0.00%,0,0.00%,$0.00,0.00%,0,0.00%,$0.00,0.00%,0,0.00%,$0.00,0.00%,$0.00,$0.00,$0.00,$0.00,$0.00,$0.00,0.00%,$0.00,0.00%,$0.00,0.00%,$0.00,0.00%,$0.00,0.00%
"116 - RM_SS_(116)_QUANT_CBSL_HeatwaveHorizonsLLC_2664_25K",1,"Predator 12.4mm Pool Cue","DP1 V3",Mastercard,Friday,515676,1,1,100.00%,0,0.00%,1,1,100.00%,0,0.00%,1,0,$0.00,1,0.00%,0,0,$0.00,0,0.00%,0,0,0,$0.00,$0.00,$0.00,$0.00,$0.00,$0.00,$0.00,$0.00,$0.00,$0.00,0.00%,0,0.00%,$0.00,0.00%,0,0.00%,$0.00,0.00%,0,0.00%,$0.00,0.00%,0,0.00%,$0.00,0.00%,$0.00,$0.00,$0.00,$0.00,$0.00,$0.00,0.00%,$0.00,0.00%,$0.00,0.00%,$0.00,0.00%,$0.00,0.00%
"116 - RM_SS_(116)_QUANT_CBSL_HeatwaveHorizonsLLC_2664_25K",1,"Predator 12.4mm Pool Cue","DP1 V3",Mastercard,Friday,518155,1,1,100.00%,0,0.00%,1,1,100.00%,0,0.00%,1,0,$0.00,1,0.00%,0,0,$0.00,0,0.00%,0,0,0,$0.00,$0.00,$0.00,$0.00,$0.00,$0.00,$0.00,$0.00,$0.00,$0.00,0.00%,0,0.00%,$0.00,0.00%,0,0.00%,$0.00,0.00%,0,0.00%,$0.00,0.00%,0,0.00%,$0.00,0.00%,$0.00,$0.00,$0.00,$0.00,$0.00,$0.00,0.00%,$0.00,0.00%,$0.00,0.00%,$0.00,0.00%,$0.00,0.00%
"116 - RM_SS_(116)_QUANT_CBSL_HeatwaveHorizonsLLC_2664_25K",1,"Predator 12.4mm Pool Cue","DP1 V3",Mastercard,Friday,550806,1,1,100.00%,0,0.00%,1,1,100.00%,0,0.00%,1,0,$0.00,1,0.00%,0,0,$0.00,0,0.00%,0,0,0,$0.00,$0.00,$0.00,$0.00,$0.00,$0.00,$0.00,$0.00,$0.00,$0.00,0.00%,0,0.00%,$0.00,0.00%,0,0.00%,$0.00,0.00%,0,0.00%,$0.00,0.00%,0,0.00%,$0.00,0.00%,$0.00,$0.00,$0.00,$0.00,$0.00,$0.00,0.00%,$0.00,0.00%,$0.00,0.00%,$0.00,0.00%,$0.00,0.00%
"116 - RM_SS_(116)_QUANT_CBSL_HeatwaveHorizonsLLC_2664_25K",1,"Predator 12.4mm Pool Cue","DP1 V3",Visa,Friday,414398,1,0,0.00%,1,100.00%,1,0,0.00%,1,100.00%,1,1,$12.89,0,100.00%,0,0,$0.00,0,0.00%,1,1,1,$12.89,$0.00,$0.00,$12.89,$0.00,$0.00,$12.89,$0.00,$12.89,$0.00,0.00%,0,0.00%,$0.00,0.00%,0,0.00%,$0.00,0.00%,0,0.00%,$0.00,0.00%,0,0.00%,$0.00,0.00%,$12.89,$0.00,$0.00,$0.00,$0.00,$0.00,0.00%,$0.00,0.00%,$0.00,0.00%,$0.00,0.00%,$12.89,100.00%
"116 - RM_SS_(116)_QUANT_CBSL_HeatwaveHorizonsLLC_2664_25K",1,"Predator 12.4mm Pool Cue","DP1 V3",Visa,Friday,461100,1,0,0.00%,1,100.00%,1,0,0.00%,1,100.00%,1,1,$12.89,0,100.00%,0,0,$0.00,0,0.00%,1,1,1,$12.89,$0.00,$0.00,$12.89,$0.00,$0.00,$12.89,$0.00,$12.89,$0.00,0.00%,0,0.00%,$0.00,0.00%,0,0.00%,$0.00,0.00%,0,0.00%,$0.00,0.00%,0,0.00%,$0.00,0.00%,$12.89,$0.00,$0.00,$0.00,$0.00,$0.00,0.00%,$0.00,0.00%,$0.00,0.00%,$0.00,0.00%,$12.89,100.00%
"116 - RM_SS_(116)_QUANT_CBSL_HeatwaveHorizonsLLC_2664_25K",1,"Predator 12.4mm Pool Cue","DP1 V3",Visa,Friday,468104,1,0,0.00%,1,100.00%,1,0,0.00%,1,100.00%,1,1,$12.89,0,100.00%,0,0,$0.00,0,0.00%,1,1,1,$12.89,$0.00,$0.00,$12.89,$0.00,$0.00,$12.89,$0.00,$12.89,$0.00,0.00%,0,0.00%,$0.00,0.00%,0,0.00%,$0.00,0.00%,0,0.00%,$0.00,0.00%,0,0.00%,$0.00,0.00%,$12.89,$0.00,$0.00,$0.00,$0.00,$0.00,0.00%,$0.00,0.00%,$0.00,0.00%,$0.00,0.00%,$12.89,100.00%
"116 - RM_SS_(116)_QUANT_CBSL_HeatwaveHorizonsLLC_2664_25K",1,"Predator 12.4mm Pool Cue","DP1 V3",Visa,Friday,482812,1,0,0.00%,1,100.00%,1,0,0.00%,1,100.00%,1,1,$12.89,0,100.00%,0,0,$0.00,0,0.00%,1,1,1,$12.89,$0.00,$0.00,$12.89,$0.00,$0.00,$12.89,$0.00,$12.89,$0.00,0.00%,0,0.00%,$0.00,0.00%,0,0.00%,$0.00,0.00%,0,0.00%,$0.00,0.00%,0,0.00%,$0.00,0.00%,$12.89,$0.00,$0.00,$0.00,$0.00,$0.00,0.00%,$0.00,0.00%,$0.00,0.00%,$0.00,0.00%,$12.89,100.00%
"116 - RM_SS_(116)_QUANT_CBSL_HeatwaveHorizonsLLC_2664_25K",1,"Storm Phaze 2 Bowling Ball","DP1 V3",Mastercard,Friday,511332,1,0,0.00%,1,100.00%,1,0,0.00%,1,100.00%,1,1,$12.89,0,100.00%,0,0,$0.00,0,0.00%,1,1,1,$12.89,$0.00,$0.00,$12.89,$0.00,$0.00,$12.89,$0.00,$12.89,$0.00,0.00%,0,0.00%,$0.00,0.00%,0,0.00%,$0.00,0.00%,0,0.00%,$0.00,0.00%,0,0.00%,$0.00,0.00%,$12.89,$0.00,$0.00,$0.00,$0.00,$0.00,0.00%,$0.00,0.00%,$0.00,0.00%,$0.00,0.00%,$12.89,100.00%
"116 - RM_SS_(116)_QUANT_CBSL_HeatwaveHorizonsLLC_2664_25K",1,"Storm Phaze 2 Bowling Ball","DP1 V3",Mastercard,Friday,514759,1,0,0.00%,1,100.00%,1,0,0.00%,1,100.00%,1,1,$12.89,0,100.00%,0,0,$0.00,0,0.00%,1,1,1,$12.89,$0.00,$0.00,$12.89,$0.00,$0.00,$12.89,$0.00,$12.89,$0.00,0.00%,0,0.00%,$0.00,0.00%,0,0.00%,$0.00,0.00%,0,0.00%,$0.00,0.00%,0,0.00%,$0.00,0.00%,$12.89,$0.00,$0.00,$0.00,$0.00,$0.00,0.00%,$0.00,0.00%,$0.00,0.00%,$0.00,0.00%,$12.89,100.00%
"116 - RM_SS_(116)_QUANT_CBSL_HeatwaveHorizonsLLC_2664_25K",1,"Storm Phaze 2 Bowling Ball","DP1 V3",Mastercard,Friday,518725,1,1,100.00%,0,0.00%,1,1,100.00%,0,0.00%,1,0,$0.00,1,0.00%,0,0,$0.00,0,0.00%,0,0,0,$0.00,$0.00,$0.00,$0.00,$0.00,$0.00,$0.00,$0.00,$0.00,$0.00,0.00%,0,0.00%,$0.00,0.00%,0,0.00%,$0.00,0.00%,0,0.00%,$0.00,0.00%,0,0.00%,$0.00,0.00%,$0.00,$0.00,$0.00,$0.00,$0.00,$0.00,0.00%,$0.00,0.00%,$0.00,0.00%,$0.00,0.00%,$0.00,0.00%
"116 - RM_SS_(116)_QUANT_CBSL_HeatwaveHorizonsLLC_2664_25K",1,"Storm Phaze 2 Bowling Ball","DP1 V3",Mastercard,Friday,527515,1,1,100.00%,0,0.00%,1,1,100.00%,0,0.00%,1,0,$0.00,1,0.00%,0,0,$0.00,0,0.00%,0,0,0,$0.00,$0.00,$0.00,$0.00,$0.00,$0.00,$0.00,$0.00,$0.00,$0.00,0.00%,0,0.00%,$0.00,0.00%,0,0.00%,$0.00,0.00%,0,0.00%,$0.00,0.00%,0,0.00%,$0.00,0.00%,$0.00,$0.00,$0.00,$0.00,$0.00,$0.00,0.00%,$0.00,0.00%,$0.00,0.00%,$0.00,0.00%,$0.00,0.00%
"116 - RM_SS_(116)_QUANT_CBSL_HeatwaveHorizonsLLC_2664_25K",1,"Storm Phaze 2 Bowling Ball","DP1 V3",Mastercard,Friday,542418,1,0,0.00%,1,100.00%,1,0,0.00%,1,100.00%,1,1,$12.89,0,100.00%,0,0,$0.00,0,0.00%,1,1,1,$12.89,$0.00,$0.00,$12.89,$0.00,$0.00,$12.89,$0.00,$12.89,$12.89,100.00%,0,0.00%,$0.00,0.00%,0,0.00%,$0.00,0.00%,0,0.00%,$0.00,0.00%,1,100.00%,$12.89,100.00%,$0.00,$0.00,$0.00,$0.00,$0.00,$0.00,0.00%,$0.00,0.00%,$0.00,0.00%,$0.00,0.00%,$0.00,0.00%
"116 - RM_SS_(116)_QUANT_CBSL_HeatwaveHorizonsLLC_2664_25K",1,"Storm Phaze 2 Bowling Ball","DP1 V3",Mastercard,Friday,542539,1,0,0.00%,1,100.00%,1,0,0.00%,1,100.00%,1,1,$12.89,0,100.00%,0,0,$0.00,0,0.00%,1,1,1,$12.89,$0.00,$0.00,$12.89,$0.00,$0.00,$12.89,$0.00,$12.89,$0.00,0.00%,0,0.00%,$0.00,0.00%,0,0.00%,$0.00,0.00%,0,0.00%,$0.00,0.00%,0,0.00%,$0.00,0.00%,$12.89,$0.00,$0.00,$0.00,$0.00,$0.00,0.00%,$0.00,0.00%,$0.00,0.00%,$0.00,0.00%,$12.89,100.00%
"116 - RM_SS_(116)_QUANT_CBSL_HeatwaveHorizonsLLC_2664_25K",1,"Storm Phaze 2 Bowling Ball","DP1 V3",Mastercard,Friday,550934,1,0,0.00%,1,100.00%,1,0,0.00%,1,100.00%,1,1,$12.89,0,100.00%,0,0,$0.00,0,0.00%,1,1,1,$12.89,$0.00,$0.00,$12.89,$0.00,$0.00,$12.89,$0.00,$12.89,$0.00,0.00%,0,0.00%,$0.00,0.00%,0,0.00%,$0.00,0.00%,0,0.00%,$0.00,0.00%,0,0.00%,$0.00,0.00%,$12.89,$0.00,$0.00,$0.00,$0.00,$0.00,0.00%,$0.00,0.00%,$0.00,0.00%,$0.00,0.00%,$12.89,100.00%
"116 - RM_SS_(116)_QUANT_CBSL_HeatwaveHorizonsLLC_2664_25K",1,"Storm Phaze 2 Bowling Ball","DP1 V3",Visa,Friday,400022,1,0,0.00%,1,100.00%,1,0,0.00%,1,100.00%,1,1,$12.89,0,100.00%,0,0,$0.00,0,0.00%,1,1,1,$12.89,$0.00,$0.00,$12.89,$0.00,$0.00,$12.89,$0.00,$12.89,$0.00,0.00%,0,0.00%,$0.00,0.00%,0,0.00%,$0.00,0.00%,0,0.00%,$0.00,0.00%,0,0.00%,$0.00,0.00%,$12.89,$0.00,$0.00,$0.00,$0.00,$0.00,0.00%,$0.00,0.00%,$0.00,0.00%,$0.00,0.00%,$12.89,100.00%
"116 - RM_SS_(116)_QUANT_CBSL_HeatwaveHorizonsLLC_2664_25K",1,"Storm Phaze 2 Bowling Ball","DP1 V3",Visa,Friday,400893,1,0,0.00%,1,100.00%,1,0,0.00%,1,100.00%,1,1,$12.89,0,100.00%,0,0,$0.00,0,0.00%,1,1,1,$12.89,$0.00,$0.00,$12.89,$0.00,$0.00,$12.89,$0.00,$12.89,$0.00,0.00%,0,0.00%,$0.00,0.00%,0,0.00%,$0.00,0.00%,0,0.00%,$0.00,0.00%,0,0.00%,$0.00,0.00%,$12.89,$0.00,$0.00,$0.00,$0.00,$0.00,0.00%,$0.00,0.00%,$0.00,0.00%,$0.00,0.00%,$12.89,100.00%
"116 - RM_SS_(116)_QUANT_CBSL_HeatwaveHorizonsLLC_2664_25K",1,"Storm Phaze 2 Bowling Ball","DP1 V3",Visa,Friday,403801,1,0,0.00%,1,100.00%,1,0,0.00%,1,100.00%,1,1,$12.89,0,100.00%,0,0,$0.00,0,0.00%,1,1,1,$12.89,$0.00,$0.00,$12.89,$0.00,$0.00,$12.89,$0.00,$12.89,$0.00,0.00%,0,0.00%,$0.00,0.00%,0,0.00%,$0.00,0.00%,0,0.00%,$0.00,0.00%,0,0.00%,$0.00,0.00%,$12.89,$0.00,$0.00,$0.00,$0.00,$0.00,0.00%,$0.00,0.00%,$0.00,0.00%,$0.00,0.00%,$12.89,100.00%
"116 - RM_SS_(116)_QUANT_CBSL_HeatwaveHorizonsLLC_2664_25K",1,"Storm Phaze 2 Bowling Ball","DP1 V3",Visa,Friday,406095,1,0,0.00%,1,100.00%,1,0,0.00%,1,100.00%,1,1,$12.89,0,100.00%,0,0,$0.00,0,0.00%,1,1,1,$12.89,$0.00,$0.00,$12.89,$0.00,$0.00,$12.89,$0.00,$12.89,$0.00,0.00%,0,0.00%,$0.00,0.00%,0,0.00%,$0.00,0.00%,0,0.00%,$0.00,0.00%,0,0.00%,$0.00,0.00%,$12.89,$0.00,$0.00,$0.00,$0.00,$0.00,0.00%,$0.00,0.00%,$0.00,0.00%,$0.00,0.00%,$12.89,100.00%
"116 - RM_SS_(116)_QUANT_CBSL_HeatwaveHorizonsLLC_2664_25K",1,"Storm Phaze 2 Bowling Ball","DP1 V3",Visa,Friday,410836,1,0,0.00%,1,100.00%,1,0,0.00%,1,100.00%,1,1,$12.89,0,100.00%,0,0,$0.00,0,0.00%,1,1,1,$12.89,$0.00,$0.00,$12.89,$0.00,$0.00,$12.89,$0.00,$12.89,$0.00,0.00%,0,0.00%,$0.00,0.00%,0,0.00%,$0.00,0.00%,0,0.00%,$0.00,0.00%,0,0.00%,$0.00,0.00%,$12.89,$0.00,$0.00,$0.00,$0.00,$0.00,0.00%,$0.00,0.00%,$0.00,0.00%,$0.00,0.00%,$12.89,100.00%
"116 - RM_SS_(116)_QUANT_CBSL_HeatwaveHorizonsLLC_2664_25K",1,"Storm Phaze 2 Bowling Ball","DP1 V3",Visa,Friday,414740,1,0,0.00%,1,100.00%,1,0,0.00%,1,100.00%,1,1,$12.89,0,100.00%,0,0,$0.00,0,0.00%,1,1,1,$12.89,$0.00,$0.00,$12.89,$0.00,$0.00,$12.89,$0.00,$12.89,$0.00,0.00%,0,0.00%,$0.00,0.00%,0,0.00%,$0.00,0.00%,0,0.00%,$0.00,0.00%,0,0.00%,$0.00,0.00%,$12.89,$0.00,$0.00,$0.00,$0.00,$0.00,0.00%,$0.00,0.00%,$0.00,0.00%,$0.00,0.00%,$12.89,100.00%
"116 - RM_SS_(116)_QUANT_CBSL_HeatwaveHorizonsLLC_2664_25K",1,"Storm Phaze 2 Bowling Ball","DP1 V3",Visa,Friday,416832,1,0,0.00%,1,100.00%,1,0,0.00%,1,100.00%,1,1,$12.89,0,100.00%,0,0,$0.00,0,0.00%,1,1,1,$12.89,$0.00,$0.00,$12.89,$0.00,$0.00,$12.89,$0.00,$12.89,$0.00,0.00%,0,0.00%,$0.00,0.00%,0,0.00%,$0.00,0.00%,0,0.00%,$0.00,0.00%,0,0.00%,$0.00,0.00%,$12.89,$0.00,$0.00,$0.00,$0.00,$0.00,0.00%,$0.00,0.00%,$0.00,0.00%,$0.00,0.00%,$12.89,100.00%
"116 - RM_SS_(116)_QUANT_CBSL_HeatwaveHorizonsLLC_2664_25K",1,"Storm Phaze 2 Bowling Ball","DP1 V3",Visa,Friday,417605,1,0,0.00%,1,100.00%,1,0,0.00%,1,100.00%,1,1,$12.89,0,100.00%,0,0,$0.00,0,0.00%,1,1,1,$12.89,$0.00,$0.00,$12.89,$0.00,$0.00,$12.89,$0.00,$12.89,$0.00,0.00%,0,0.00%,$0.00,0.00%,0,0.00%,$0.00,0.00%,0,0.00%,$0.00,0.00%,0,0.00%,$0.00,0.00%,$12.89,$0.00,$0.00,$0.00,$0.00,$0.00,0.00%,$0.00,0.00%,$0.00,0.00%,$0.00,0.00%,$12.89,100.00%
"116 - RM_SS_(116)_QUANT_CBSL_HeatwaveHorizonsLLC_2664_25K",1,"Storm Phaze 2 Bowling Ball","DP1 V3",Visa,Friday,419002,1,1,100.00%,0,0.00%,1,1,100.00%,0,0.00%,1,0,$0.00,1,0.00%,0,0,$0.00,0,0.00%,0,0,0,$0.00,$0.00,$0.00,$0.00,$0.00,$0.00,$0.00,$0.00,$0.00,$0.00,0.00%,0,0.00%,$0.00,0.00%,0,0.00%,$0.00,0.00%,0,0.00%,$0.00,0.00%,0,0.00%,$0.00,0.00%,$0.00,$0.00,$0.00,$0.00,$0.00,$0.00,0.00%,$0.00,0.00%,$0.00,0.00%,$0.00,0.00%,$0.00,0.00%
"116 - RM_SS_(116)_QUANT_CBSL_HeatwaveHorizonsLLC_2664_25K",1,"Storm Phaze 2 Bowling Ball","DP1 V3",Visa,Friday,423223,2,2,100.00%,0,0.00%,2,2,100.00%,0,0.00%,2,0,$0.00,2,0.00%,0,0,$0.00,0,0.00%,0,0,0,$0.00,$0.00,$0.00,$0.00,$0.00,$0.00,$0.00,$0.00,$0.00,$0.00,0.00%,0,0.00%,$0.00,0.00%,0,0.00%,$0.00,0.00%,0,0.00%,$0.00,0.00%,0,0.00%,$0.00,0.00%,$0.00,$0.00,$0.00,$0.00,$0.00,$0.00,0.00%,$0.00,0.00%,$0.00,0.00%,$0.00,0.00%,$0.00,0.00%
"116 - RM_SS_(116)_QUANT_CBSL_HeatwaveHorizonsLLC_2664_25K",1,"Storm Phaze 2 Bowling Ball","DP1 V3",Visa,Friday,429820,1,0,0.00%,1,100.00%,1,0,0.00%,1,100.00%,1,1,$12.89,0,100.00%,0,0,$0.00,0,0.00%,1,1,1,$12.89,$0.00,$0.00,$12.89,$0.00,$0.00,$12.89,$0.00,$12.89,$0.00,0.00%,0,0.00%,$0.00,0.00%,0,0.00%,$0.00,0.00%,0,0.00%,$0.00,0.00%,0,0.00%,$0.00,0.00%,$12.89,$0.00,$0.00,$0.00,$0.00,$0.00,0.00%,$0.00,0.00%,$0.00,0.00%,$0.00,0.00%,$12.89,100.00%
"116 - RM_SS_(116)_QUANT_CBSL_HeatwaveHorizonsLLC_2664_25K",1,"Storm Phaze 2 Bowling Ball","DP1 V3",Visa,Friday,431503,1,1,100.00%,0,0.00%,1,1,100.00%,0,0.00%,1,0,$0.00,1,0.00%,0,0,$0.00,0,0.00%,0,0,0,$0.00,$0.00,$0.00,$0.00,$0.00,$0.00,$0.00,$0.00,$0.00,$0.00,0.00%,0,0.00%,$0.00,0.00%,0,0.00%,$0.00,0.00%,0,0.00%,$0.00,0.00%,0,0.00%,$0.00,0.00%,$0.00,$0.00,$0.00,$0.00,$0.00,$0.00,0.00%,$0.00,0.00%,$0.00,0.00%,$0.00,0.00%,$0.00,0.00%
"116 - RM_SS_(116)_QUANT_CBSL_HeatwaveHorizonsLLC_2664_25K",1,"Storm Phaze 2 Bowling Ball","DP1 V3",Visa,Friday,483950,1,0,0.00%,1,100.00%,1,0,0.00%,1,100.00%,1,1,$12.89,0,100.00%,0,0,$0.00,0,0.00%,1,1,1,$12.89,$0.00,$0.00,$12.89,$0.00,$0.00,$12.89,$0.00,$12.89,$0.00,0.00%,0,0.00%,$0.00,0.00%,0,0.00%,$0.00,0.00%,0,0.00%,$0.00,0.00%,0,0.00%,$0.00,0.00%,$12.89,$0.00,$0.00,$0.00,$0.00,$0.00,0.00%,$0.00,0.00%,$0.00,0.00%,$0.00,0.00%,$12.89,100.00%
"116 - RM_SS_(116)_QUANT_CBSL_HeatwaveHorizonsLLC_2664_25K",1,"Storm Phaze 2 Bowling Ball","DP1 V3",Visa,Friday,486796,1,0,0.00%,1,100.00%,1,0,0.00%,1,100.00%,1,1,$12.89,0,100.00%,0,0,$0.00,0,0.00%,1,1,1,$12.89,$0.00,$0.00,$12.89,$0.00,$0.00,$12.89,$0.00,$12.89,$0.00,0.00%,0,0.00%,$0.00,0.00%,0,0.00%,$0.00,0.00%,0,0.00%,$0.00,0.00%,0,0.00%,$0.00,0.00%,$12.89,$0.00,$0.00,$0.00,$0.00,$0.00,0.00%,$0.00,0.00%,$0.00,0.00%,$0.00,0.00%,$12.89,100.00%
"116 - RM_SS_(116)_QUANT_CBSL_HeatwaveHorizonsLLC_2664_25K",1,"Yellow Ford Mustang Electric Bike","DP1 V3",Mastercard,Friday,511332,1,0,0.00%,1,100.00%,1,0,0.00%,1,100.00%,1,1,$12.89,0,100.00%,0,0,$0.00,0,0.00%,1,1,1,$12.89,$0.00,$0.00,$12.89,$0.00,$0.00,$12.89,$0.00,$12.89,$0.00,0.00%,0,0.00%,$0.00,0.00%,0,0.00%,$0.00,0.00%,0,0.00%,$0.00,0.00%,0,0.00%,$0.00,0.00%,$12.89,$0.00,$0.00,$0.00,$0.00,$0.00,0.00%,$0.00,0.00%,$0.00,0.00%,$0.00,0.00%,$12.89,100.00%
"116 - RM_SS_(116)_QUANT_CBSL_HeatwaveHorizonsLLC_2664_25K",1,"Yellow Ford Mustang Electric Bike","DP1 V3",Mastercard,Friday,515676,1,1,100.00%,0,0.00%,1,1,100.00%,0,0.00%,1,0,$0.00,1,0.00%,0,0,$0.00,0,0.00%,0,0,0,$0.00,$0.00,$0.00,$0.00,$0.00,$0.00,$0.00,$0.00,$0.00,$0.00,0.00%,0,0.00%,$0.00,0.00%,0,0.00%,$0.00,0.00%,0,0.00%,$0.00,0.00%,0,0.00%,$0.00,0.00%,$0.00,$0.00,$0.00,$0.00,$0.00,$0.00,0.00%,$0.00,0.00%,$0.00,0.00%,$0.00,0.00%,$0.00,0.00%
"116 - RM_SS_(116)_QUANT_CBSL_HeatwaveHorizonsLLC_2664_25K",1,"Yellow Ford Mustang Electric Bike","DP1 V3",Mastercard,Friday,521991,1,0,0.00%,1,100.00%,1,0,0.00%,1,100.00%,1,1,$12.89,0,100.00%,0,0,$0.00,0,0.00%,1,1,1,$12.89,$0.00,$0.00,$12.89,$0.00,$0.00,$12.89,$0.00,$12.89,$12.89,100.00%,0,0.00%,$0.00,0.00%,0,0.00%,$0.00,0.00%,0,0.00%,$0.00,0.00%,1,100.00%,$12.89,100.00%,$0.00,$0.00,$0.00,$0.00,$0.00,$0.00,0.00%,$0.00,0.00%,$0.00,0.00%,$0.00,0.00%,$0.00,0.00%
"116 - RM_SS_(116)_QUANT_CBSL_HeatwaveHorizonsLLC_2664_25K",1,"Yellow Ford Mustang Electric Bike","DP1 V3",Mastercard,Friday,528217,1,0,0.00%,1,100.00%,1,0,0.00%,1,100.00%,1,1,$12.89,0,100.00%,0,0,$0.00,0,0.00%,1,1,1,$12.89,$0.00,$0.00,$12.89,$0.00,$0.00,$12.89,$0.00,$12.89,$0.00,0.00%,0,0.00%,$0.00,0.00%,0,0.00%,$0.00,0.00%,0,0.00%,$0.00,0.00%,0,0.00%,$0.00,0.00%,$12.89,$0.00,$0.00,$0.00,$0.00,$0.00,0.00%,$0.00,0.00%,$0.00,0.00%,$0.00,0.00%,$12.89,100.00%
"116 - RM_SS_(116)_QUANT_CBSL_HeatwaveHorizonsLLC_2664_25K",1,"Yellow Ford Mustang Electric Bike","DP1 V3",Mastercard,Friday,544927,1,0,0.00%,1,100.00%,1,0,0.00%,1,100.00%,1,1,$12.89,0,100.00%,0,0,$0.00,0,0.00%,1,1,1,$12.89,$0.00,$0.00,$12.89,$0.00,$0.00,$12.89,$0.00,$12.89,$12.89,100.00%,0,0.00%,$0.00,0.00%,0,0.00%,$0.00,0.00%,0,0.00%,$0.00,0.00%,1,100.00%,$12.89,100.00%,$0.00,$0.00,$0.00,$0.00,$0.00,$0.00,0.00%,$0.00,0.00%,$0.00,0.00%,$0.00,0.00%,$0.00,0.00%
"116 - RM_SS_(116)_QUANT_CBSL_HeatwaveHorizonsLLC_2664_25K",1,"Yellow Ford Mustang Electric Bike","DP1 V3",Mastercard,Friday,552465,1,1,100.00%,0,0.00%,1,1,100.00%,0,0.00%,1,0,$0.00,1,0.00%,0,0,$0.00,0,0.00%,0,0,0,$0.00,$0.00,$0.00,$0.00,$0.00,$0.00,$0.00,$0.00,$0.00,$0.00,0.00%,0,0.00%,$0.00,0.00%,0,0.00%,$0.00,0.00%,0,0.00%,$0.00,0.00%,0,0.00%,$0.00,0.00%,$0.00,$0.00,$0.00,$0.00,$0.00,$0.00,0.00%,$0.00,0.00%,$0.00,0.00%,$0.00,0.00%,$0.00,0.00%
"116 - RM_SS_(116)_QUANT_CBSL_HeatwaveHorizonsLLC_2664_25K",1,"Yellow Ford Mustang Electric Bike","DP1 V3",Visa,Friday,421783,1,0,0.00%,1,100.00%,1,0,0.00%,1,100.00%,1,1,$12.89,0,100.00%,0,0,$0.00,0,0.00%,1,1,1,$12.89,$0.00,$0.00,$12.89,$0.00,$0.00,$12.89,$0.00,$12.89,$0.00,0.00%,0,0.00%,$0.00,0.00%,0,0.00%,$0.00,0.00%,0,0.00%,$0.00,0.00%,0,0.00%,$0.00,0.00%,$12.89,$0.00,$0.00,$0.00,$0.00,$0.00,0.00%,$0.00,0.00%,$0.00,0.00%,$0.00,0.00%,$12.89,100.00%
"116 - RM_SS_(116)_QUANT_CBSL_HeatwaveHorizonsLLC_2664_25K",1,"Yellow Ford Mustang Electric Bike","DP1 V3",Visa,Friday,434256,1,1,100.00%,0,0.00%,1,1,100.00%,0,0.00%,1,0,$0.00,1,0.00%,0,0,$0.00,0,0.00%,0,0,0,$0.00,$0.00,$0.00,$0.00,$0.00,$0.00,$0.00,$0.00,$0.00,$0.00,0.00%,0,0.00%,$0.00,0.00%,0,0.00%,$0.00,0.00%,0,0.00%,$0.00,0.00%,0,0.00%,$0.00,0.00%,$0.00,$0.00,$0.00,$0.00,$0.00,$0.00,0.00%,$0.00,0.00%,$0.00,0.00%,$0.00,0.00%,$0.00,0.00%
"116 - RM_SS_(116)_QUANT_CBSL_HeatwaveHorizonsLLC_2664_25K",1,"Yellow Ford Mustang Electric Bike","DP1 V3",Visa,Friday,435157,1,1,100.00%,0,0.00%,1,1,100.00%,0,0.00%,1,0,$0.00,1,0.00%,0,0,$0.00,0,0.00%,0,0,0,$0.00,$0.00,$0.00,$0.00,$0.00,$0.00,$0.00,$0.00,$0.00,$0.00,0.00%,0,0.00%,$0.00,0.00%,0,0.00%,$0.00,0.00%,0,0.00%,$0.00,0.00%,0,0.00%,$0.00,0.00%,$0.00,$0.00,$0.00,$0.00,$0.00,$0.00,0.00%,$0.00,0.00%,$0.00,0.00%,$0.00,0.00%,$0.00,0.00%
"116 - RM_SS_(116)_QUANT_CBSL_HeatwaveHorizonsLLC_2664_25K",1,"Yellow Ford Mustang Electric Bike","DP1 V3",Visa,Friday,435546,1,0,0.00%,1,100.00%,1,0,0.00%,1,100.00%,1,1,$12.89,0,100.00%,0,0,$0.00,0,0.00%,1,1,1,$12.89,$0.00,$0.00,$12.89,$0.00,$0.00,$12.89,$0.00,$12.89,$0.00,0.00%,0,0.00%,$0.00,0.00%,0,0.00%,$0.00,0.00%,0,0.00%,$0.00,0.00%,0,0.00%,$0.00,0.00%,$12.89,$0.00,$0.00,$0.00,$0.00,$0.00,0.00%,$0.00,0.00%,$0.00,0.00%,$0.00,0.00%,$12.89,100.00%
"116 - RM_SS_(116)_QUANT_CBSL_HeatwaveHorizonsLLC_2664_25K",1,"Yellow Ford Mustang Electric Bike","DP1 V3",Visa,Friday,473651,1,0,0.00%,1,100.00%,1,0,0.00%,1,100.00%,1,1,$12.89,0,100.00%,0,0,$0.00,0,0.00%,1,1,1,$12.89,$0.00,$0.00,$12.89,$0.00,$0.00,$12.89,$0.00,$12.89,$0.00,0.00%,0,0.00%,$0.00,0.00%,0,0.00%,$0.00,0.00%,0,0.00%,$0.00,0.00%,0,0.00%,$0.00,0.00%,$12.89,$0.00,$0.00,$0.00,$0.00,$0.00,0.00%,$0.00,0.00%,$0.00,0.00%,$0.00,0.00%,$12.89,100.00%
"116 - RM_SS_(116)_QUANT_CBSL_HeatwaveHorizonsLLC_2664_25K",1,"Yellow Ford Mustang Electric Bike","DP1 V3",Visa,Friday,483313,1,0,0.00%,1,100.00%,1,0,0.00%,1,100.00%,1,1,$12.89,0,100.00%,0,0,$0.00,0,0.00%,1,1,1,$12.89,$0.00,$0.00,$12.89,$0.00,$0.00,$12.89,$0.00,$12.89,$0.00,0.00%,0,0.00%,$0.00,0.00%,0,0.00%,$0.00,0.00%,0,0.00%,$0.00,0.00%,0,0.00%,$0.00,0.00%,$12.89,$0.00,$0.00,$0.00,$0.00,$0.00,0.00%,$0.00,0.00%,$0.00,0.00%,$0.00,0.00%,$12.89,100.00%
"117 - RM_SS_(117)_QUANT_CBSL_HeatwaveHorizonsLLC_2656_25K",1,"Aramith Tournament Black Pool Ball Set","DP1 V3",Mastercard,Friday,546616,1,0,0.00%,1,100.00%,1,0,0.00%,1,100.00%,1,1,$12.89,0,100.00%,0,0,$0.00,0,0.00%,1,1,1,$12.89,$0.00,$0.00,$12.89,$0.00,$0.00,$12.89,$0.00,$12.89,$0.00,0.00%,0,0.00%,$0.00,0.00%,0,0.00%,$0.00,0.00%,0,0.00%,$0.00,0.00%,0,0.00%,$0.00,0.00%,$12.89,$0.00,$0.00,$0.00,$0.00,$0.00,0.00%,$0.00,0.00%,$0.00,0.00%,$0.00,0.00%,$12.89,100.00%
"117 - RM_SS_(117)_QUANT_CBSL_HeatwaveHorizonsLLC_2656_25K",1,"Aramith Tournament Black Pool Ball Set","DP1 V3",Visa,Friday,403784,1,1,100.00%,0,0.00%,1,1,100.00%,0,0.00%,1,0,$0.00,1,0.00%,0,0,$0.00,0,0.00%,0,0,0,$0.00,$0.00,$0.00,$0.00,$0.00,$0.00,$0.00,$0.00,$0.00,$0.00,0.00%,0,0.00%,$0.00,0.00%,0,0.00%,$0.00,0.00%,0,0.00%,$0.00,0.00%,0,0.00%,$0.00,0.00%,$0.00,$0.00,$0.00,$0.00,$0.00,$0.00,0.00%,$0.00,0.00%,$0.00,0.00%,$0.00,0.00%,$0.00,0.00%
"117 - RM_SS_(117)_QUANT_CBSL_HeatwaveHorizonsLLC_2656_25K",1,"Aramith Tournament Black Pool Ball Set","DP1 V3",Visa,Friday,426684,1,0,0.00%,1,100.00%,1,0,0.00%,1,100.00%,1,1,$12.89,0,100.00%,0,0,$0.00,0,0.00%,1,1,1,$12.89,$0.00,$0.00,$12.89,$0.00,$0.00,$12.89,$0.00,$12.89,$0.00,0.00%,0,0.00%,$0.00,0.00%,0,0.00%,$0.00,0.00%,0,0.00%,$0.00,0.00%,0,0.00%,$0.00,0.00%,$12.89,$0.00,$0.00,$0.00,$0.00,$0.00,0.00%,$0.00,0.00%,$0.00,0.00%,$0.00,0.00%,$12.89,100.00%
"117 - RM_SS_(117)_QUANT_CBSL_HeatwaveHorizonsLLC_2656_25K",1,"Aramith Tournament Black Pool Ball Set","DP1 V3",Visa,Friday,442868,1,0,0.00%,1,100.00%,1,0,0.00%,1,100.00%,1,1,$12.89,0,100.00%,0,0,$0.00,0,0.00%,1,1,1,$12.89,$0.00,$0.00,$12.89,$0.00,$0.00,$12.89,$0.00,$12.89,$0.00,0.00%,0,0.00%,$0.00,0.00%,0,0.00%,$0.00,0.00%,0,0.00%,$0.00,0.00%,0,0.00%,$0.00,0.00%,$12.89,$0.00,$0.00,$0.00,$0.00,$0.00,0.00%,$0.00,0.00%,$0.00,0.00%,$0.00,0.00%,$12.89,100.00%
"117 - RM_SS_(117)_QUANT_CBSL_HeatwaveHorizonsLLC_2656_25K",1,"Aramith Tournament Black Pool Ball Set","DP1 V3",Visa,Friday,443264,1,0,0.00%,1,100.00%,1,0,0.00%,1,100.00%,1,1,$12.89,0,100.00%,0,0,$0.00,0,0.00%,1,1,1,$12.89,$0.00,$0.00,$12.89,$0.00,$0.00,$12.89,$0.00,$12.89,$0.00,0.00%,0,0.00%,$0.00,0.00%,0,0.00%,$0.00,0.00%,0,0.00%,$0.00,0.00%,0,0.00%,$0.00,0.00%,$12.89,$0.00,$0.00,$0.00,$0.00,$0.00,0.00%,$0.00,0.00%,$0.00,0.00%,$0.00,0.00%,$12.89,100.00%
"117 - RM_SS_(117)_QUANT_CBSL_HeatwaveHorizonsLLC_2656_25K",1,"Hammer Black Widow 3.0 Bowling Ball (new line)","DP1 V3",Mastercard,Friday,514377,1,1,100.00%,0,0.00%,1,1,100.00%,0,0.00%,1,0,$0.00,1,0.00%,0,0,$0.00,0,0.00%,0,0,0,$0.00,$0.00,$0.00,$0.00,$0.00,$0.00,$0.00,$0.00,$0.00,$0.00,0.00%,0,0.00%,$0.00,0.00%,0,0.00%,$0.00,0.00%,0,0.00%,$0.00,0.00%,0,0.00%,$0.00,0.00%,$0.00,$0.00,$0.00,$0.00,$0.00,$0.00,0.00%,$0.00,0.00%,$0.00,0.00%,$0.00,0.00%,$0.00,0.00%
"117 - RM_SS_(117)_QUANT_CBSL_HeatwaveHorizonsLLC_2656_25K",1,"Hammer Black Widow 3.0 Bowling Ball (new line)","DP1 V3",Mastercard,Friday,515676,1,1,100.00%,0,0.00%,1,1,100.00%,0,0.00%,1,0,$0.00,1,0.00%,0,0,$0.00,0,0.00%,0,0,0,$0.00,$0.00,$0.00,$0.00,$0.00,$0.00,$0.00,$0.00,$0.00,$0.00,0.00%,0,0.00%,$0.00,0.00%,0,0.00%,$0.00,0.00%,0,0.00%,$0.00,0.00%,0,0.00%,$0.00,0.00%,$0.00,$0.00,$0.00,$0.00,$0.00,$0.00,0.00%,$0.00,0.00%,$0.00,0.00%,$0.00,0.00%,$0.00,0.00%
"117 - RM_SS_(117)_QUANT_CBSL_HeatwaveHorizonsLLC_2656_25K",1,"Hammer Black Widow 3.0 Bowling Ball (new line)","DP1 V3",Visa,Friday,423980,1,0,0.00%,1,100.00%,1,0,0.00%,1,100.00%,1,1,$12.89,0,100.00%,0,0,$0.00,0,0.00%,1,1,1,$12.89,$0.00,$0.00,$12.89,$0.00,$0.00,$12.89,$0.00,$12.89,$0.00,0.00%,0,0.00%,$0.00,0.00%,0,0.00%,$0.00,0.00%,0,0.00%,$0.00,0.00%,0,0.00%,$0.00,0.00%,$12.89,$0.00,$0.00,$0.00,$0.00,$0.00,0.00%,$0.00,0.00%,$0.00,0.00%,$0.00,0.00%,$12.89,100.00%
"117 - RM_SS_(117)_QUANT_CBSL_HeatwaveHorizonsLLC_2656_25K",1,"Hammer Black Widow 3.0 Bowling Ball (new line)","DP1 V3",Visa,Friday,425216,1,0,0.00%,1,100.00%,1,0,0.00%,1,100.00%,1,1,$12.89,0,100.00%,0,0,$0.00,0,0.00%,1,1,1,$12.89,$0.00,$0.00,$12.89,$0.00,$0.00,$12.89,$0.00,$12.89,$0.00,0.00%,0,0.00%,$0.00,0.00%,0,0.00%,$0.00,0.00%,0,0.00%,$0.00,0.00%,0,0.00%,$0.00,0.00%,$12.89,$0.00,$0.00,$0.00,$0.00,$0.00,0.00%,$0.00,0.00%,$0.00,0.00%,$0.00,0.00%,$12.89,100.00%
"117 - RM_SS_(117)_QUANT_CBSL_HeatwaveHorizonsLLC_2656_25K",1,"Hammer Black Widow 3.0 Bowling Ball (new line)","DP1 V3",Visa,Friday,438857,1,0,0.00%,1,100.00%,1,0,0.00%,1,100.00%,1,1,$12.89,0,100.00%,0,0,$0.00,0,0.00%,1,1,1,$12.89,$0.00,$0.00,$12.89,$0.00,$0.00,$12.89,$0.00,$12.89,$0.00,0.00%,0,0.00%,$0.00,0.00%,0,0.00%,$0.00,0.00%,0,0.00%,$0.00,0.00%,0,0.00%,$0.00,0.00%,$12.89,$0.00,$0.00,$0.00,$0.00,$0.00,0.00%,$0.00,0.00%,$0.00,0.00%,$0.00,0.00%,$12.89,100.00%
"117 - RM_SS_(117)_QUANT_CBSL_HeatwaveHorizonsLLC_2656_25K",1,"Predator 12.4mm Pool Cue","DP1 V3",Mastercard,Friday,520737,1,0,0.00%,1,100.00%,1,0,0.00%,1,100.00%,1,1,$12.89,0,100.00%,0,0,$0.00,0,0.00%,1,1,1,$12.89,$0.00,$0.00,$12.89,$0.00,$0.00,$12.89,$0.00,$12.89,$0.00,0.00%,0,0.00%,$0.00,0.00%,0,0.00%,$0.00,0.00%,0,0.00%,$0.00,0.00%,0,0.00%,$0.00,0.00%,$12.89,$0.00,$0.00,$0.00,$0.00,$0.00,0.00%,$0.00,0.00%,$0.00,0.00%,$0.00,0.00%,$12.89,100.00%
"117 - RM_SS_(117)_QUANT_CBSL_HeatwaveHorizonsLLC_2656_25K",1,"Predator 12.4mm Pool Cue","DP1 V3",Mastercard,Friday,542418,1,0,0.00%,1,100.00%,1,0,0.00%,1,100.00%,1,1,$12.89,0,100.00%,0,0,$0.00,0,0.00%,1,1,1,$12.89,$0.00,$0.00,$12.89,$0.00,$0.00,$12.89,$0.00,$12.89,$0.00,0.00%,0,0.00%,$0.00,0.00%,0,0.00%,$0.00,0.00%,0,0.00%,$0.00,0.00%,0,0.00%,$0.00,0.00%,$12.89,$0.00,$0.00,$0.00,$0.00,$0.00,0.00%,$0.00,0.00%,$0.00,0.00%,$0.00,0.00%,$12.89,100.00%
"117 - RM_SS_(117)_QUANT_CBSL_HeatwaveHorizonsLLC_2656_25K",1,"Predator 12.4mm Pool Cue","DP1 V3",Mastercard,Friday,542784,1,0,0.00%,1,100.00%,1,0,0.00%,1,100.00%,1,1,$12.89,0,100.00%,0,0,$0.00,0,0.00%,1,1,1,$12.89,$0.00,$0.00,$12.89,$0.00,$0.00,$12.89,$0.00,$12.89,$0.00,0.00%,0,0.00%,$0.00,0.00%,0,0.00%,$0.00,0.00%,0,0.00%,$0.00,0.00%,0,0.00%,$0.00,0.00%,$12.89,$0.00,$0.00,$0.00,$0.00,$0.00,0.00%,$0.00,0.00%,$0.00,0.00%,$0.00,0.00%,$12.89,100.00%
"117 - RM_SS_(117)_QUANT_CBSL_HeatwaveHorizonsLLC_2656_25K",1,"Predator 12.4mm Pool Cue","DP1 V3",Mastercard,Friday,545958,1,0,0.00%,1,100.00%,1,0,0.00%,1,100.00%,1,1,$12.89,0,100.00%,0,0,$0.00,0,0.00%,1,1,1,$12.89,$0.00,$0.00,$12.89,$0.00,$0.00,$12.89,$0.00,$12.89,$0.00,0.00%,0,0.00%,$0.00,0.00%,0,0.00%,$0.00,0.00%,0,0.00%,$0.00,0.00%,0,0.00%,$0.00,0.00%,$12.89,$0.00,$0.00,$0.00,$0.00,$0.00,0.00%,$0.00,0.00%,$0.00,0.00%,$0.00,0.00%,$12.89,100.00%
"117 - RM_SS_(117)_QUANT_CBSL_HeatwaveHorizonsLLC_2656_25K",1,"Predator 12.4mm Pool Cue","DP1 V3",Visa,Friday,434256,1,0,0.00%,1,100.00%,1,0,0.00%,1,100.00%,1,1,$12.89,0,100.00%,0,0,$0.00,0,0.00%,1,1,1,$12.89,$0.00,$0.00,$12.89,$0.00,$0.00,$12.89,$0.00,$12.89,$0.00,0.00%,0,0.00%,$0.00,0.00%,0,0.00%,$0.00,0.00%,0,0.00%,$0.00,0.00%,0,0.00%,$0.00,0.00%,$12.89,$0.00,$0.00,$0.00,$0.00,$0.00,0.00%,$0.00,0.00%,$0.00,0.00%,$0.00,0.00%,$12.89,100.00%
"117 - RM_SS_(117)_QUANT_CBSL_HeatwaveHorizonsLLC_2656_25K",1,"Predator 12.4mm Pool Cue","DP1 V3",Visa,Friday,435703,1,0,0.00%,1,100.00%,1,0,0.00%,1,100.00%,1,1,$12.89,0,100.00%,0,0,$0.00,0,0.00%,1,1,1,$12.89,$0.00,$0.00,$12.89,$0.00,$0.00,$12.89,$0.00,$12.89,$0.00,0.00%,0,0.00%,$0.00,0.00%,0,0.00%,$0.00,0.00%,0,0.00%,$0.00,0.00%,0,0.00%,$0.00,0.00%,$12.89,$0.00,$0.00,$0.00,$0.00,$0.00,0.00%,$0.00,0.00%,$0.00,0.00%,$0.00,0.00%,$12.89,100.00%
"117 - RM_SS_(117)_QUANT_CBSL_HeatwaveHorizonsLLC_2656_25K",1,"Predator 12.4mm Pool Cue","DP1 V3",Visa,Friday,458453,1,0,0.00%,1,100.00%,1,0,0.00%,1,100.00%,1,1,$12.89,0,100.00%,0,0,$0.00,0,0.00%,1,1,1,$12.89,$0.00,$0.00,$12.89,$0.00,$0.00,$12.89,$0.00,$12.89,$0.00,0.00%,0,0.00%,$0.00,0.00%,0,0.00%,$0.00,0.00%,0,0.00%,$0.00,0.00%,0,0.00%,$0.00,0.00%,$12.89,$0.00,$0.00,$0.00,$0.00,$0.00,0.00%,$0.00,0.00%,$0.00,0.00%,$0.00,0.00%,$12.89,100.00%
"117 - RM_SS_(117)_QUANT_CBSL_HeatwaveHorizonsLLC_2656_25K",1,"Predator 12.4mm Pool Cue","DP1 V3",Visa,Friday,462652,1,0,0.00%,1,100.00%,1,0,0.00%,1,100.00%,1,1,$12.89,0,100.00%,0,0,$0.00,0,0.00%,1,1,1,$12.89,$0.00,$0.00,$12.89,$0.00,$0.00,$12.89,$0.00,$12.89,$0.00,0.00%,0,0.00%,$0.00,0.00%,0,0.00%,$0.00,0.00%,0,0.00%,$0.00,0.00%,0,0.00%,$0.00,0.00%,$12.89,$0.00,$0.00,$0.00,$0.00,$0.00,0.00%,$0.00,0.00%,$0.00,0.00%,$0.00,0.00%,$12.89,100.00%
"117 - RM_SS_(117)_QUANT_CBSL_HeatwaveHorizonsLLC_2656_25K",1,"Predator 12.4mm Pool Cue","DP1 V3",Visa,Friday,463576,1,1,100.00%,0,0.00%,1,1,100.00%,0,0.00%,1,0,$0.00,1,0.00%,0,0,$0.00,0,0.00%,0,0,0,$0.00,$0.00,$0.00,$0.00,$0.00,$0.00,$0.00,$0.00,$0.00,$0.00,0.00%,0,0.00%,$0.00,0.00%,0,0.00%,$0.00,0.00%,0,0.00%,$0.00,0.00%,0,0.00%,$0.00,0.00%,$0.00,$0.00,$0.00,$0.00,$0.00,$0.00,0.00%,$0.00,0.00%,$0.00,0.00%,$0.00,0.00%,$0.00,0.00%
"117 - RM_SS_(117)_QUANT_CBSL_HeatwaveHorizonsLLC_2656_25K",1,"Predator 12.4mm Pool Cue","DP1 V3",Visa,Friday,465345,1,0,0.00%,1,100.00%,1,0,0.00%,1,100.00%,1,1,$12.89,0,100.00%,0,0,$0.00,0,0.00%,1,1,1,$12.89,$0.00,$0.00,$12.89,$0.00,$0.00,$12.89,$0.00,$12.89,$0.00,0.00%,0,0.00%,$0.00,0.00%,0,0.00%,$0.00,0.00%,0,0.00%,$0.00,0.00%,0,0.00%,$0.00,0.00%,$12.89,$0.00,$0.00,$0.00,$0.00,$0.00,0.00%,$0.00,0.00%,$0.00,0.00%,$0.00,0.00%,$12.89,100.00%
"117 - RM_SS_(117)_QUANT_CBSL_HeatwaveHorizonsLLC_2656_25K",1,"Predator 12.4mm Pool Cue","DP1 V3",Visa,Friday,473482,1,0,0.00%,1,100.00%,1,0,0.00%,1,100.00%,1,1,$12.89,0,100.00%,0,0,$0.00,0,0.00%,1,1,1,$12.89,$0.00,$0.00,$12.89,$0.00,$0.00,$12.89,$0.00,$12.89,$0.00,0.00%,0,0.00%,$0.00,0.00%,0,0.00%,$0.00,0.00%,0,0.00%,$0.00,0.00%,0,0.00%,$0.00,0.00%,$12.89,$0.00,$0.00,$0.00,$0.00,$0.00,0.00%,$0.00,0.00%,$0.00,0.00%,$0.00,0.00%,$12.89,100.00%
"117 - RM_SS_(117)_QUANT_CBSL_HeatwaveHorizonsLLC_2656_25K",1,"Predator 12.4mm Pool Cue","DP1 V3",Visa,Friday,483316,1,1,100.00%,0,0.00%,1,1,100.00%,0,0.00%,1,0,$0.00,1,0.00%,0,0,$0.00,0,0.00%,0,0,0,$0.00,$0.00,$0.00,$0.00,$0.00,$0.00,$0.00,$0.00,$0.00,$0.00,0.00%,0,0.00%,$0.00,0.00%,0,0.00%,$0.00,0.00%,0,0.00%,$0.00,0.00%,0,0.00%,$0.00,0.00%,$0.00,$0.00,$0.00,$0.00,$0.00,$0.00,0.00%,$0.00,0.00%,$0.00,0.00%,$0.00,0.00%,$0.00,0.00%
"117 - RM_SS_(117)_QUANT_CBSL_HeatwaveHorizonsLLC_2656_25K",1,"Storm Phaze 2 Bowling Ball","DP1 V3",Mastercard,Friday,521333,2,0,0.00%,2,100.00%,2,0,0.00%,2,100.00%,2,2,$25.78,0,100.00%,0,0,$0.00,0,0.00%,2,2,2,$25.78,$0.00,$0.00,$25.78,$0.00,$0.00,$25.78,$0.00,$25.78,$12.89,50.00%,0,0.00%,$0.00,0.00%,0,0.00%,$0.00,0.00%,0,0.00%,$0.00,0.00%,1,50.00%,$12.89,50.00%,$12.89,$0.00,$0.00,$0.00,$0.00,$0.00,0.00%,$0.00,0.00%,$0.00,0.00%,$0.00,0.00%,$12.89,50.00%
"117 - RM_SS_(117)_QUANT_CBSL_HeatwaveHorizonsLLC_2656_25K",1,"Storm Phaze 2 Bowling Ball","DP1 V3",Mastercard,Friday,542418,1,0,0.00%,1,100.00%,1,0,0.00%,1,100.00%,1,1,$12.89,0,100.00%,0,0,$0.00,0,0.00%,1,1,1,$12.89,$0.00,$0.00,$12.89,$0.00,$0.00,$12.89,$0.00,$12.89,$0.00,0.00%,0,0.00%,$0.00,0.00%,0,0.00%,$0.00,0.00%,0,0.00%,$0.00,0.00%,0,0.00%,$0.00,0.00%,$12.89,$0.00,$0.00,$0.00,$0.00,$0.00,0.00%,$0.00,0.00%,$0.00,0.00%,$0.00,0.00%,$12.89,100.00%
"117 - RM_SS_(117)_QUANT_CBSL_HeatwaveHorizonsLLC_2656_25K",1,"Storm Phaze 2 Bowling Ball","DP1 V3",Mastercard,Friday,542966,1,0,0.00%,1,100.00%,1,0,0.00%,1,100.00%,1,1,$12.89,0,100.00%,0,0,$0.00,0,0.00%,1,1,1,$12.89,$0.00,$0.00,$12.89,$0.00,$0.00,$12.89,$0.00,$12.89,$0.00,0.00%,0,0.00%,$0.00,0.00%,0,0.00%,$0.00,0.00%,0,0.00%,$0.00,0.00%,0,0.00%,$0.00,0.00%,$12.89,$0.00,$0.00,$0.00,$0.00,$0.00,0.00%,$0.00,0.00%,$0.00,0.00%,$0.00,0.00%,$12.89,100.00%
"117 - RM_SS_(117)_QUANT_CBSL_HeatwaveHorizonsLLC_2656_25K",1,"Storm Phaze 2 Bowling Ball","DP1 V3",Visa,Friday,400022,1,0,0.00%,1,100.00%,1,0,0.00%,1,100.00%,1,1,$12.89,0,100.00%,0,0,$0.00,0,0.00%,1,1,1,$12.89,$0.00,$0.00,$12.89,$0.00,$0.00,$12.89,$0.00,$12.89,$0.00,0.00%,0,0.00%,$0.00,0.00%,0,0.00%,$0.00,0.00%,0,0.00%,$0.00,0.00%,0,0.00%,$0.00,0.00%,$12.89,$0.00,$0.00,$0.00,$0.00,$0.00,0.00%,$0.00,0.00%,$0.00,0.00%,$0.00,0.00%,$12.89,100.00%
"117 - RM_SS_(117)_QUANT_CBSL_HeatwaveHorizonsLLC_2656_25K",1,"Storm Phaze 2 Bowling Ball","DP1 V3",Visa,Friday,441839,1,0,0.00%,1,100.00%,1,0,0.00%,1,100.00%,1,1,$12.89,0,100.00%,0,0,$0.00,0,0.00%,1,1,1,$12.89,$0.00,$0.00,$12.89,$0.00,$0.00,$12.89,$0.00,$12.89,$0.00,0.00%,0,0.00%,$0.00,0.00%,0,0.00%,$0.00,0.00%,0,0.00%,$0.00,0.00%,0,0.00%,$0.00,0.00%,$12.89,$0.00,$0.00,$0.00,$0.00,$0.00,0.00%,$0.00,0.00%,$0.00,0.00%,$0.00,0.00%,$12.89,100.00%
"117 - RM_SS_(117)_QUANT_CBSL_HeatwaveHorizonsLLC_2656_25K",1,"Storm Phaze 2 Bowling Ball","DP1 V3",Visa,Friday,474472,1,0,0.00%,1,100.00%,1,0,0.00%,1,100.00%,1,1,$12.89,0,100.00%,0,0,$0.00,0,0.00%,1,1,1,$12.89,$0.00,$0.00,$12.89,$0.00,$0.00,$12.89,$0.00,$12.89,$0.00,0.00%,0,0.00%,$0.00,0.00%,0,0.00%,$0.00,0.00%,0,0.00%,$0.00,0.00%,0,0.00%,$0.00,0.00%,$12.89,$0.00,$0.00,$0.00,$0.00,$0.00,0.00%,$0.00,0.00%,$0.00,0.00%,$0.00,0.00%,$12.89,100.00%
"117 - RM_SS_(117)_QUANT_CBSL_HeatwaveHorizonsLLC_2656_25K",1,"Storm Phaze 2 Bowling Ball","DP1 V3",Visa,Friday,486796,1,0,0.00%,1,100.00%,1,0,0.00%,1,100.00%,1,1,$12.89,0,100.00%,0,0,$0.00,0,0.00%,1,1,1,$12.89,$0.00,$0.00,$12.89,$0.00,$0.00,$12.89,$0.00,$12.89,$0.00,0.00%,0,0.00%,$0.00,0.00%,0,0.00%,$0.00,0.00%,0,0.00%,$0.00,0.00%,0,0.00%,$0.00,0.00%,$12.89,$0.00,$0.00,$0.00,$0.00,$0.00,0.00%,$0.00,0.00%,$0.00,0.00%,$0.00,0.00%,$12.89,100.00%
"117 - RM_SS_(117)_QUANT_CBSL_HeatwaveHorizonsLLC_2656_25K",1,"Yellow Ford Mustang Electric Bike","DP1 V3",Mastercard,Friday,514309,1,0,0.00%,1,100.00%,1,0,0.00%,1,100.00%,1,1,$12.89,0,100.00%,0,0,$0.00,0,0.00%,1,1,1,$12.89,$0.00,$0.00,$12.89,$0.00,$0.00,$12.89,$0.00,$12.89,$0.00,0.00%,0,0.00%,$0.00,0.00%,0,0.00%,$0.00,0.00%,0,0.00%,$0.00,0.00%,0,0.00%,$0.00,0.00%,$12.89,$0.00,$0.00,$0.00,$0.00,$0.00,0.00%,$0.00,0.00%,$0.00,0.00%,$0.00,0.00%,$12.89,100.00%
"117 - RM_SS_(117)_QUANT_CBSL_HeatwaveHorizonsLLC_2656_25K",1,"Yellow Ford Mustang Electric Bike","DP1 V3",Mastercard,Friday,526188,1,1,100.00%,0,0.00%,1,1,100.00%,0,0.00%,1,0,$0.00,1,0.00%,0,0,$0.00,0,0.00%,0,0,0,$0.00,$0.00,$0.00,$0.00,$0.00,$0.00,$0.00,$0.00,$0.00,$0.00,0.00%,0,0.00%,$0.00,0.00%,0,0.00%,$0.00,0.00%,0,0.00%,$0.00,0.00%,0,0.00%,$0.00,0.00%,$0.00,$0.00,$0.00,$0.00,$0.00,$0.00,0.00%,$0.00,0.00%,$0.00,0.00%,$0.00,0.00%,$0.00,0.00%
"117 - RM_SS_(117)_QUANT_CBSL_HeatwaveHorizonsLLC_2656_25K",1,"Yellow Ford Mustang Electric Bike","DP1 V3",Mastercard,Friday,542784,1,0,0.00%,1,100.00%,1,0,0.00%,1,100.00%,1,1,$12.89,0,100.00%,0,0,$0.00,0,0.00%,1,1,1,$12.89,$0.00,$0.00,$12.89,$0.00,$0.00,$12.89,$0.00,$12.89,$0.00,0.00%,0,0.00%,$0.00,0.00%,0,0.00%,$0.00,0.00%,0,0.00%,$0.00,0.00%,0,0.00%,$0.00,0.00%,$12.89,$0.00,$0.00,$0.00,$0.00,$0.00,0.00%,$0.00,0.00%,$0.00,0.00%,$0.00,0.00%,$12.89,100.00%
"117 - RM_SS_(117)_QUANT_CBSL_HeatwaveHorizonsLLC_2656_25K",1,"Yellow Ford Mustang Electric Bike","DP1 V3",Mastercard,Friday,544928,1,0,0.00%,1,100.00%,1,0,0.00%,1,100.00%,1,1,$12.89,0,100.00%,0,0,$0.00,0,0.00%,1,1,1,$12.89,$0.00,$0.00,$12.89,$0.00,$0.00,$12.89,$0.00,$12.89,$0.00,0.00%,0,0.00%,$0.00,0.00%,0,0.00%,$0.00,0.00%,0,0.00%,$0.00,0.00%,0,0.00%,$0.00,0.00%,$12.89,$0.00,$0.00,$0.00,$0.00,$0.00,0.00%,$0.00,0.00%,$0.00,0.00%,$0.00,0.00%,$12.89,100.00%
"117 - RM_SS_(117)_QUANT_CBSL_HeatwaveHorizonsLLC_2656_25K",1,"Yellow Ford Mustang Electric Bike","DP1 V3",Visa,Friday,414709,1,1,100.00%,0,0.00%,1,1,100.00%,0,0.00%,1,0,$0.00,1,0.00%,0,0,$0.00,0,0.00%,0,0,0,$0.00,$0.00,$0.00,$0.00,$0.00,$0.00,$0.00,$0.00,$0.00,$0.00,0.00%,0,0.00%,$0.00,0.00%,0,0.00%,$0.00,0.00%,0,0.00%,$0.00,0.00%,0,0.00%,$0.00,0.00%,$0.00,$0.00,$0.00,$0.00,$0.00,$0.00,0.00%,$0.00,0.00%,$0.00,0.00%,$0.00,0.00%,$0.00,0.00%
"117 - RM_SS_(117)_QUANT_CBSL_HeatwaveHorizonsLLC_2656_25K",1,"Yellow Ford Mustang Electric Bike","DP1 V3",Visa,Friday,434256,1,0,0.00%,1,100.00%,1,0,0.00%,1,100.00%,1,1,$12.89,0,100.00%,0,0,$0.00,0,0.00%,1,1,1,$12.89,$0.00,$0.00,$12.89,$0.00,$0.00,$12.89,$0.00,$12.89,$12.89,100.00%,1,100.00%,$12.89,100.00%,0,0.00%,$0.00,0.00%,0,0.00%,$0.00,0.00%,0,0.00%,$0.00,0.00%,$0.00,$0.00,$0.00,$0.00,$0.00,$0.00,0.00%,$0.00,0.00%,$0.00,0.00%,$0.00,0.00%,$0.00,0.00%
"117 - RM_SS_(117)_QUANT_CBSL_HeatwaveHorizonsLLC_2656_25K",1,"Yellow Ford Mustang Electric Bike","DP1 V3",Visa,Friday,466304,1,1,100.00%,0,0.00%,1,1,100.00%,0,0.00%,1,0,$0.00,1,0.00%,0,0,$0.00,0,0.00%,0,0,0,$0.00,$0.00,$0.00,$0.00,$0.00,$0.00,$0.00,$0.00,$0.00,$0.00,0.00%,0,0.00%,$0.00,0.00%,0,0.00%,$0.00,0.00%,0,0.00%,$0.00,0.00%,0,0.00%,$0.00,0.00%,$0.00,$0.00,$0.00,$0.00,$0.00,$0.00,0.00%,$0.00,0.00%,$0.00,0.00%,$0.00,0.00%,$0.00,0.00%
"117 - RM_SS_(117)_QUANT_CBSL_HeatwaveHorizonsLLC_2656_25K",1,"Yellow Ford Mustang Electric Bike","DP1 V3",Visa,Friday,469077,1,0,0.00%,1,100.00%,1,0,0.00%,1,100.00%,1,1,$12.89,0,100.00%,0,0,$0.00,0,0.00%,1,1,1,$12.89,$0.00,$0.00,$12.89,$0.00,$0.00,$12.89,$0.00,$12.89,$0.00,0.00%,0,0.00%,$0.00,0.00%,0,0.00%,$0.00,0.00%,0,0.00%,$0.00,0.00%,0,0.00%,$0.00,0.00%,$12.89,$0.00,$0.00,$0.00,$0.00,$0.00,0.00%,$0.00,0.00%,$0.00,0.00%,$0.00,0.00%,$12.89,100.00%
"118 - RM_SS_(118)_QUANT_CBSL_HeatwaveHorizonsLLC_2631_25K",1,"Aramith Tournament Black Pool Ball Set","DP1 V3",Mastercard,Friday,550968,1,0,0.00%,1,100.00%,1,0,0.00%,1,100.00%,1,1,$12.89,0,100.00%,0,0,$0.00,0,0.00%,1,1,1,$12.89,$0.00,$0.00,$12.89,$0.00,$0.00,$12.89,$0.00,$12.89,$0.00,0.00%,0,0.00%,$0.00,0.00%,0,0.00%,$0.00,0.00%,0,0.00%,$0.00,0.00%,0,0.00%,$0.00,0.00%,$12.89,$0.00,$0.00,$0.00,$0.00,$0.00,0.00%,$0.00,0.00%,$0.00,0.00%,$0.00,0.00%,$12.89,100.00%
"118 - RM_SS_(118)_QUANT_CBSL_HeatwaveHorizonsLLC_2631_25K",1,"Aramith Tournament Black Pool Ball Set","DP1 V3",Visa,Friday,423223,1,1,100.00%,0,0.00%,1,1,100.00%,0,0.00%,1,0,$0.00,1,0.00%,0,0,$0.00,0,0.00%,0,0,0,$0.00,$0.00,$0.00,$0.00,$0.00,$0.00,$0.00,$0.00,$0.00,$0.00,0.00%,0,0.00%,$0.00,0.00%,0,0.00%,$0.00,0.00%,0,0.00%,$0.00,0.00%,0,0.00%,$0.00,0.00%,$0.00,$0.00,$0.00,$0.00,$0.00,$0.00,0.00%,$0.00,0.00%,$0.00,0.00%,$0.00,0.00%,$0.00,0.00%
"118 - RM_SS_(118)_QUANT_CBSL_HeatwaveHorizonsLLC_2631_25K",1,"Aramith Tournament Black Pool Ball Set","DP1 V3",Visa,Friday,431196,1,0,0.00%,1,100.00%,1,0,0.00%,1,100.00%,1,1,$12.89,0,100.00%,0,0,$0.00,0,0.00%,1,1,1,$12.89,$0.00,$0.00,$12.89,$0.00,$0.00,$12.89,$0.00,$12.89,$0.00,0.00%,0,0.00%,$0.00,0.00%,0,0.00%,$0.00,0.00%,0,0.00%,$0.00,0.00%,0,0.00%,$0.00,0.00%,$12.89,$0.00,$0.00,$0.00,$0.00,$0.00,0.00%,$0.00,0.00%,$0.00,0.00%,$0.00,0.00%,$12.89,100.00%
"118 - RM_SS_(118)_QUANT_CBSL_HeatwaveHorizonsLLC_2631_25K",1,"Aramith Tournament Black Pool Ball Set","DP1 V3",Visa,Friday,434257,1,1,100.00%,0,0.00%,1,1,100.00%,0,0.00%,1,0,$0.00,1,0.00%,0,0,$0.00,0,0.00%,0,0,0,$0.00,$0.00,$0.00,$0.00,$0.00,$0.00,$0.00,$0.00,$0.00,$0.00,0.00%,0,0.00%,$0.00,0.00%,0,0.00%,$0.00,0.00%,0,0.00%,$0.00,0.00%,0,0.00%,$0.00,0.00%,$0.00,$0.00,$0.00,$0.00,$0.00,$0.00,0.00%,$0.00,0.00%,$0.00,0.00%,$0.00,0.00%,$0.00,0.00%
"118 - RM_SS_(118)_QUANT_CBSL_HeatwaveHorizonsLLC_2631_25K",1,"Hammer Black Widow 3.0 Bowling Ball (new line)","DP1 V3",Mastercard,Friday,515676,1,1,100.00%,0,0.00%,1,1,100.00%,0,0.00%,1,0,$0.00,1,0.00%,0,0,$0.00,0,0.00%,0,0,0,$0.00,$0.00,$0.00,$0.00,$0.00,$0.00,$0.00,$0.00,$0.00,$0.00,0.00%,0,0.00%,$0.00,0.00%,0,0.00%,$0.00,0.00%,0,0.00%,$0.00,0.00%,0,0.00%,$0.00,0.00%,$0.00,$0.00,$0.00,$0.00,$0.00,$0.00,0.00%,$0.00,0.00%,$0.00,0.00%,$0.00,0.00%,$0.00,0.00%
"118 - RM_SS_(118)_QUANT_CBSL_HeatwaveHorizonsLLC_2631_25K",1,"Hammer Black Widow 3.0 Bowling Ball (new line)","DP1 V3",Visa,Friday,448900,1,0,0.00%,1,100.00%,1,0,0.00%,1,100.00%,1,1,$12.89,0,100.00%,0,0,$0.00,0,0.00%,1,1,1,$12.89,$0.00,$0.00,$12.89,$0.00,$0.00,$12.89,$0.00,$12.89,$0.00,0.00%,0,0.00%,$0.00,0.00%,0,0.00%,$0.00,0.00%,0,0.00%,$0.00,0.00%,0,0.00%,$0.00,0.00%,$12.89,$0.00,$0.00,$0.00,$0.00,$0.00,0.00%,$0.00,0.00%,$0.00,0.00%,$0.00,0.00%,$12.89,100.00%
"118 - RM_SS_(118)_QUANT_CBSL_HeatwaveHorizonsLLC_2631_25K",1,"Predator 12.4mm Pool Cue","DP1 V3",Mastercard,Friday,514377,1,1,100.00%,0,0.00%,1,1,100.00%,0,0.00%,1,0,$0.00,1,0.00%,0,0,$0.00,0,0.00%,0,0,0,$0.00,$0.00,$0.00,$0.00,$0.00,$0.00,$0.00,$0.00,$0.00,$0.00,0.00%,0,0.00%,$0.00,0.00%,0,0.00%,$0.00,0.00%,0,0.00%,$0.00,0.00%,0,0.00%,$0.00,0.00%,$0.00,$0.00,$0.00,$0.00,$0.00,$0.00,0.00%,$0.00,0.00%,$0.00,0.00%,$0.00,0.00%,$0.00,0.00%
"118 - RM_SS_(118)_QUANT_CBSL_HeatwaveHorizonsLLC_2631_25K",1,"Predator 12.4mm Pool Cue","DP1 V3",Mastercard,Friday,521853,1,0,0.00%,1,100.00%,1,0,0.00%,1,100.00%,1,1,$12.89,0,100.00%,0,0,$0.00,0,0.00%,1,1,1,$12.89,$0.00,$0.00,$12.89,$0.00,$0.00,$12.89,$0.00,$12.89,$12.89,100.00%,0,0.00%,$0.00,0.00%,1,100.00%,$12.89,100.00%,0,0.00%,$0.00,0.00%,0,0.00%,$0.00,0.00%,$0.00,$0.00,$0.00,$0.00,$0.00,$0.00,0.00%,$0.00,0.00%,$0.00,0.00%,$0.00,0.00%,$0.00,0.00%
"118 - RM_SS_(118)_QUANT_CBSL_HeatwaveHorizonsLLC_2631_25K",1,"Predator 12.4mm Pool Cue","DP1 V3",Mastercard,Friday,534348,1,0,0.00%,1,100.00%,1,0,0.00%,1,100.00%,1,1,$12.89,0,100.00%,0,0,$0.00,0,0.00%,1,1,1,$12.89,$0.00,$0.00,$12.89,$0.00,$0.00,$12.89,$0.00,$12.89,$0.00,0.00%,0,0.00%,$0.00,0.00%,0,0.00%,$0.00,0.00%,0,0.00%,$0.00,0.00%,0,0.00%,$0.00,0.00%,$12.89,$0.00,$0.00,$0.00,$0.00,$0.00,0.00%,$0.00,0.00%,$0.00,0.00%,$0.00,0.00%,$12.89,100.00%
"118 - RM_SS_(118)_QUANT_CBSL_HeatwaveHorizonsLLC_2631_25K",1,"Predator 12.4mm Pool Cue","DP1 V3",Mastercard,Friday,541071,1,1,100.00%,0,0.00%,1,1,100.00%,0,0.00%,1,0,$0.00,1,0.00%,0,0,$0.00,0,0.00%,0,0,0,$0.00,$0.00,$0.00,$0.00,$0.00,$0.00,$0.00,$0.00,$0.00,$0.00,0.00%,0,0.00%,$0.00,0.00%,0,0.00%,$0.00,0.00%,0,0.00%,$0.00,0.00%,0,0.00%,$0.00,0.00%,$0.00,$0.00,$0.00,$0.00,$0.00,$0.00,0.00%,$0.00,0.00%,$0.00,0.00%,$0.00,0.00%,$0.00,0.00%
"118 - RM_SS_(118)_QUANT_CBSL_HeatwaveHorizonsLLC_2631_25K",1,"Predator 12.4mm Pool Cue","DP1 V3",Visa,Friday,412780,1,0,0.00%,1,100.00%,1,0,0.00%,1,100.00%,1,1,$12.89,0,100.00%,0,0,$0.00,0,0.00%,1,1,1,$12.89,$0.00,$0.00,$12.89,$0.00,$0.00,$12.89,$0.00,$12.89,$0.00,0.00%,0,0.00%,$0.00,0.00%,0,0.00%,$0.00,0.00%,0,0.00%,$0.00,0.00%,0,0.00%,$0.00,0.00%,$12.89,$0.00,$0.00,$0.00,$0.00,$0.00,0.00%,$0.00,0.00%,$0.00,0.00%,$0.00,0.00%,$12.89,100.00%
"118 - RM_SS_(118)_QUANT_CBSL_HeatwaveHorizonsLLC_2631_25K",1,"Predator 12.4mm Pool Cue","DP1 V3",Visa,Friday,429400,1,1,100.00%,0,0.00%,1,1,100.00%,0,0.00%,1,0,$0.00,1,0.00%,0,0,$0.00,0,0.00%,0,0,0,$0.00,$0.00,$0.00,$0.00,$0.00,$0.00,$0.00,$0.00,$0.00,$0.00,0.00%,0,0.00%,$0.00,0.00%,0,0.00%,$0.00,0.00%,0,0.00%,$0.00,0.00%,0,0.00%,$0.00,0.00%,$0.00,$0.00,$0.00,$0.00,$0.00,$0.00,0.00%,$0.00,0.00%,$0.00,0.00%,$0.00,0.00%,$0.00,0.00%
"118 - RM_SS_(118)_QUANT_CBSL_HeatwaveHorizonsLLC_2631_25K",1,"Predator 12.4mm Pool Cue","DP1 V3",Visa,Friday,434258,1,1,100.00%,0,0.00%,1,1,100.00%,0,0.00%,1,0,$0.00,1,0.00%,0,0,$0.00,0,0.00%,0,0,0,$0.00,$0.00,$0.00,$0.00,$0.00,$0.00,$0.00,$0.00,$0.00,$0.00,0.00%,0,0.00%,$0.00,0.00%,0,0.00%,$0.00,0.00%,0,0.00%,$0.00,0.00%,0,0.00%,$0.00,0.00%,$0.00,$0.00,$0.00,$0.00,$0.00,$0.00,0.00%,$0.00,0.00%,$0.00,0.00%,$0.00,0.00%,$0.00,0.00%
"118 - RM_SS_(118)_QUANT_CBSL_HeatwaveHorizonsLLC_2631_25K",1,"Predator 12.4mm Pool Cue","DP1 V3",Visa,Friday,435976,1,0,0.00%,1,100.00%,1,0,0.00%,1,100.00%,1,1,$12.89,0,100.00%,0,0,$0.00,0,0.00%,1,1,1,$12.89,$0.00,$0.00,$12.89,$0.00,$0.00,$12.89,$0.00,$12.89,$0.00,0.00%,0,0.00%,$0.00,0.00%,0,0.00%,$0.00,0.00%,0,0.00%,$0.00,0.00%,0,0.00%,$0.00,0.00%,$12.89,$0.00,$0.00,$0.00,$0.00,$0.00,0.00%,$0.00,0.00%,$0.00,0.00%,$0.00,0.00%,$12.89,100.00%
"118 - RM_SS_(118)_QUANT_CBSL_HeatwaveHorizonsLLC_2631_25K",1,"Predator 12.4mm Pool Cue","DP1 V3",Visa,Friday,447183,1,0,0.00%,1,100.00%,1,0,0.00%,1,100.00%,1,1,$12.89,0,100.00%,0,0,$0.00,0,0.00%,1,1,1,$12.89,$0.00,$0.00,$12.89,$0.00,$0.00,$12.89,$0.00,$12.89,$0.00,0.00%,0,0.00%,$0.00,0.00%,0,0.00%,$0.00,0.00%,0,0.00%,$0.00,0.00%,0,0.00%,$0.00,0.00%,$12.89,$0.00,$0.00,$0.00,$0.00,$0.00,0.00%,$0.00,0.00%,$0.00,0.00%,$0.00,0.00%,$12.89,100.00%
"118 - RM_SS_(118)_QUANT_CBSL_HeatwaveHorizonsLLC_2631_25K",1,"Predator 12.4mm Pool Cue","DP1 V3",Visa,Friday,448261,1,1,100.00%,0,0.00%,1,1,100.00%,0,0.00%,1,0,$0.00,1,0.00%,0,0,$0.00,0,0.00%,0,0,0,$0.00,$0.00,$0.00,$0.00,$0.00,$0.00,$0.00,$0.00,$0.00,$0.00,0.00%,0,0.00%,$0.00,0.00%,0,0.00%,$0.00,0.00%,0,0.00%,$0.00,0.00%,0,0.00%,$0.00,0.00%,$0.00,$0.00,$0.00,$0.00,$0.00,$0.00,0.00%,$0.00,0.00%,$0.00,0.00%,$0.00,0.00%,$0.00,0.00%
"118 - RM_SS_(118)_QUANT_CBSL_HeatwaveHorizonsLLC_2631_25K",1,"Predator 12.4mm Pool Cue","DP1 V3",Visa,Friday,483312,1,0,0.00%,1,100.00%,1,0,0.00%,1,100.00%,1,1,$12.89,0,100.00%,0,0,$0.00,0,0.00%,1,1,1,$12.89,$0.00,$0.00,$12.89,$0.00,$0.00,$12.89,$0.00,$12.89,$0.00,0.00%,0,0.00%,$0.00,0.00%,0,0.00%,$0.00,0.00%,0,0.00%,$0.00,0.00%,0,0.00%,$0.00,0.00%,$12.89,$0.00,$0.00,$0.00,$0.00,$0.00,0.00%,$0.00,0.00%,$0.00,0.00%,$0.00,0.00%,$12.89,100.00%
"118 - RM_SS_(118)_QUANT_CBSL_HeatwaveHorizonsLLC_2631_25K",1,"Rapala Fishing Tackle Bag","DP1 V3",Mastercard,Friday,517148,1,1,100.00%,0,0.00%,1,1,100.00%,0,0.00%,1,0,$0.00,1,0.00%,0,0,$0.00,0,0.00%,0,0,0,$0.00,$0.00,$0.00,$0.00,$0.00,$0.00,$0.00,$0.00,$0.00,$0.00,0.00%,0,0.00%,$0.00,0.00%,0,0.00%,$0.00,0.00%,0,0.00%,$0.00,0.00%,0,0.00%,$0.00,0.00%,$0.00,$0.00,$0.00,$0.00,$0.00,$0.00,0.00%,$0.00,0.00%,$0.00,0.00%,$0.00,0.00%,$0.00,0.00%
"118 - RM_SS_(118)_QUANT_CBSL_HeatwaveHorizonsLLC_2631_25K",1,"Rapala Fishing Tackle Bag","DP1 V3",Mastercard,Friday,546221,1,0,0.00%,1,100.00%,1,0,0.00%,1,100.00%,1,1,$12.89,0,100.00%,0,0,$0.00,0,0.00%,1,1,1,$12.89,$0.00,$0.00,$12.89,$0.00,$0.00,$12.89,$0.00,$12.89,$0.00,0.00%,0,0.00%,$0.00,0.00%,0,0.00%,$0.00,0.00%,0,0.00%,$0.00,0.00%,0,0.00%,$0.00,0.00%,$12.89,$0.00,$0.00,$0.00,$0.00,$0.00,0.00%,$0.00,0.00%,$0.00,0.00%,$0.00,0.00%,$12.89,100.00%
"118 - RM_SS_(118)_QUANT_CBSL_HeatwaveHorizonsLLC_2631_25K",1,"Rapala Fishing Tackle Bag","DP1 V3",Visa,Friday,414740,1,0,0.00%,1,100.00%,1,0,0.00%,1,100.00%,1,1,$12.89,0,100.00%,0,0,$0.00,0,0.00%,1,1,1,$12.89,$0.00,$0.00,$12.89,$0.00,$0.00,$12.89,$0.00,$12.89,$0.00,0.00%,0,0.00%,$0.00,0.00%,0,0.00%,$0.00,0.00%,0,0.00%,$0.00,0.00%,0,0.00%,$0.00,0.00%,$12.89,$0.00,$0.00,$0.00,$0.00,$0.00,0.00%,$0.00,0.00%,$0.00,0.00%,$0.00,0.00%,$12.89,100.00%
"118 - RM_SS_(118)_QUANT_CBSL_HeatwaveHorizonsLLC_2631_25K",1,"Rapala Fishing Tackle Bag","DP1 V3",Visa,Friday,426684,1,0,0.00%,1,100.00%,1,0,0.00%,1,100.00%,1,1,$12.89,0,100.00%,0,0,$0.00,0,0.00%,1,1,1,$12.89,$0.00,$0.00,$12.89,$0.00,$0.00,$12.89,$0.00,$12.89,$0.00,0.00%,0,0.00%,$0.00,0.00%,0,0.00%,$0.00,0.00%,0,0.00%,$0.00,0.00%,0,0.00%,$0.00,0.00%,$12.89,$0.00,$0.00,$0.00,$0.00,$0.00,0.00%,$0.00,0.00%,$0.00,0.00%,$0.00,0.00%,$12.89,100.00%
"118 - RM_SS_(118)_QUANT_CBSL_HeatwaveHorizonsLLC_2631_25K",1,"Rapala Fishing Tackle Bag","DP1 V3",Visa,Friday,434258,1,0,0.00%,1,100.00%,1,0,0.00%,1,100.00%,1,1,$12.89,0,100.00%,0,0,$0.00,0,0.00%,1,1,1,$12.89,$0.00,$0.00,$12.89,$0.00,$0.00,$12.89,$0.00,$12.89,$0.00,0.00%,0,0.00%,$0.00,0.00%,0,0.00%,$0.00,0.00%,0,0.00%,$0.00,0.00%,0,0.00%,$0.00,0.00%,$12.89,$0.00,$0.00,$0.00,$0.00,$0.00,0.00%,$0.00,0.00%,$0.00,0.00%,$0.00,0.00%,$12.89,100.00%
"118 - RM_SS_(118)_QUANT_CBSL_HeatwaveHorizonsLLC_2631_25K",1,"Rapala Fishing Tackle Bag","DP1 V3",Visa,Friday,434769,1,0,0.00%,1,100.00%,1,0,0.00%,1,100.00%,1,1,$12.89,0,100.00%,0,0,$0.00,0,0.00%,1,1,1,$12.89,$0.00,$0.00,$12.89,$0.00,$0.00,$12.89,$0.00,$12.89,$0.00,0.00%,0,0.00%,$0.00,0.00%,0,0.00%,$0.00,0.00%,0,0.00%,$0.00,0.00%,0,0.00%,$0.00,0.00%,$12.89,$0.00,$0.00,$0.00,$0.00,$0.00,0.00%,$0.00,0.00%,$0.00,0.00%,$0.00,0.00%,$12.89,100.00%
"118 - RM_SS_(118)_QUANT_CBSL_HeatwaveHorizonsLLC_2631_25K",1,"Rapala Fishing Tackle Bag","DP1 V3",Visa,Friday,447005,1,1,100.00%,0,0.00%,1,1,100.00%,0,0.00%,1,0,$0.00,1,0.00%,0,0,$0.00,0,0.00%,0,0,0,$0.00,$0.00,$0.00,$0.00,$0.00,$0.00,$0.00,$0.00,$0.00,$0.00,0.00%,0,0.00%,$0.00,0.00%,0,0.00%,$0.00,0.00%,0,0.00%,$0.00,0.00%,0,0.00%,$0.00,0.00%,$0.00,$0.00,$0.00,$0.00,$0.00,$0.00,0.00%,$0.00,0.00%,$0.00,0.00%,$0.00,0.00%,$0.00,0.00%
"118 - RM_SS_(118)_QUANT_CBSL_HeatwaveHorizonsLLC_2631_25K",1,"Rapala Fishing Tackle Bag","DP1 V3",Visa,Friday,473517,1,0,0.00%,1,100.00%,1,0,0.00%,1,100.00%,1,1,$12.89,0,100.00%,0,0,$0.00,0,0.00%,1,1,1,$12.89,$0.00,$0.00,$12.89,$0.00,$0.00,$12.89,$0.00,$12.89,$0.00,0.00%,0,0.00%,$0.00,0.00%,0,0.00%,$0.00,0.00%,0,0.00%,$0.00,0.00%,0,0.00%,$0.00,0.00%,$12.89,$0.00,$0.00,$0.00,$0.00,$0.00,0.00%,$0.00,0.00%,$0.00,0.00%,$0.00,0.00%,$12.89,100.00%
"118 - RM_SS_(118)_QUANT_CBSL_HeatwaveHorizonsLLC_2631_25K",1,"Storm Phaze 2 Bowling Ball","DP1 V3",Mastercard,Friday,514377,1,1,100.00%,0,0.00%,1,1,100.00%,0,0.00%,1,0,$0.00,1,0.00%,0,0,$0.00,0,0.00%,0,0,0,$0.00,$0.00,$0.00,$0.00,$0.00,$0.00,$0.00,$0.00,$0.00,$0.00,0.00%,0,0.00%,$0.00,0.00%,0,0.00%,$0.00,0.00%,0,0.00%,$0.00,0.00%,0,0.00%,$0.00,0.00%,$0.00,$0.00,$0.00,$0.00,$0.00,$0.00,0.00%,$0.00,0.00%,$0.00,0.00%,$0.00,0.00%,$0.00,0.00%
"118 - RM_SS_(118)_QUANT_CBSL_HeatwaveHorizonsLLC_2631_25K",1,"Storm Phaze 2 Bowling Ball","DP1 V3",Mastercard,Friday,515678,1,0,0.00%,1,100.00%,1,0,0.00%,1,100.00%,1,1,$12.89,0,100.00%,0,0,$0.00,0,0.00%,1,1,1,$12.89,$0.00,$0.00,$12.89,$0.00,$0.00,$12.89,$0.00,$12.89,$12.89,100.00%,0,0.00%,$0.00,0.00%,0,0.00%,$0.00,0.00%,0,0.00%,$0.00,0.00%,1,100.00%,$12.89,100.00%,$0.00,$0.00,$0.00,$0.00,$0.00,$0.00,0.00%,$0.00,0.00%,$0.00,0.00%,$0.00,0.00%,$0.00,0.00%
"118 - RM_SS_(118)_QUANT_CBSL_HeatwaveHorizonsLLC_2631_25K",1,"Storm Phaze 2 Bowling Ball","DP1 V3",Mastercard,Friday,518941,1,0,0.00%,1,100.00%,1,0,0.00%,1,100.00%,1,1,$12.89,0,100.00%,0,0,$0.00,0,0.00%,1,1,1,$12.89,$0.00,$0.00,$12.89,$0.00,$0.00,$12.89,$0.00,$12.89,$0.00,0.00%,0,0.00%,$0.00,0.00%,0,0.00%,$0.00,0.00%,0,0.00%,$0.00,0.00%,0,0.00%,$0.00,0.00%,$12.89,$0.00,$0.00,$0.00,$0.00,$0.00,0.00%,$0.00,0.00%,$0.00,0.00%,$0.00,0.00%,$12.89,100.00%
"118 - RM_SS_(118)_QUANT_CBSL_HeatwaveHorizonsLLC_2631_25K",1,"Storm Phaze 2 Bowling Ball","DP1 V3",Mastercard,Friday,536690,1,1,100.00%,0,0.00%,1,1,100.00%,0,0.00%,1,0,$0.00,1,0.00%,0,0,$0.00,0,0.00%,0,0,0,$0.00,$0.00,$0.00,$0.00,$0.00,$0.00,$0.00,$0.00,$0.00,$0.00,0.00%,0,0.00%,$0.00,0.00%,0,0.00%,$0.00,0.00%,0,0.00%,$0.00,0.00%,0,0.00%,$0.00,0.00%,$0.00,$0.00,$0.00,$0.00,$0.00,$0.00,0.00%,$0.00,0.00%,$0.00,0.00%,$0.00,0.00%,$0.00,0.00%
"118 - RM_SS_(118)_QUANT_CBSL_HeatwaveHorizonsLLC_2631_25K",1,"Storm Phaze 2 Bowling Ball","DP1 V3",Visa,Friday,404657,1,0,0.00%,1,100.00%,1,0,0.00%,1,100.00%,1,1,$12.89,0,100.00%,0,0,$0.00,0,0.00%,1,1,1,$12.89,$0.00,$0.00,$12.89,$0.00,$0.00,$12.89,$0.00,$12.89,$0.00,0.00%,0,0.00%,$0.00,0.00%,0,0.00%,$0.00,0.00%,0,0.00%,$0.00,0.00%,0,0.00%,$0.00,0.00%,$12.89,$0.00,$0.00,$0.00,$0.00,$0.00,0.00%,$0.00,0.00%,$0.00,0.00%,$0.00,0.00%,$12.89,100.00%
"118 - RM_SS_(118)_QUANT_CBSL_HeatwaveHorizonsLLC_2631_25K",1,"Storm Phaze 2 Bowling Ball","DP1 V3",Visa,Friday,409970,1,0,0.00%,1,100.00%,1,0,0.00%,1,100.00%,1,1,$12.89,0,100.00%,0,0,$0.00,0,0.00%,1,1,1,$12.89,$0.00,$0.00,$12.89,$0.00,$0.00,$12.89,$0.00,$12.89,$0.00,0.00%,0,0.00%,$0.00,0.00%,0,0.00%,$0.00,0.00%,0,0.00%,$0.00,0.00%,0,0.00%,$0.00,0.00%,$12.89,$0.00,$0.00,$0.00,$0.00,$0.00,0.00%,$0.00,0.00%,$0.00,0.00%,$0.00,0.00%,$12.89,100.00%
"118 - RM_SS_(118)_QUANT_CBSL_HeatwaveHorizonsLLC_2631_25K",1,"Storm Phaze 2 Bowling Ball","DP1 V3",Visa,Friday,426684,1,0,0.00%,1,100.00%,1,0,0.00%,1,100.00%,1,1,$12.89,0,100.00%,0,0,$0.00,0,0.00%,1,1,1,$12.89,$0.00,$0.00,$12.89,$0.00,$0.00,$12.89,$0.00,$12.89,$0.00,0.00%,0,0.00%,$0.00,0.00%,0,0.00%,$0.00,0.00%,0,0.00%,$0.00,0.00%,0,0.00%,$0.00,0.00%,$12.89,$0.00,$0.00,$0.00,$0.00,$0.00,0.00%,$0.00,0.00%,$0.00,0.00%,$0.00,0.00%,$12.89,100.00%
"118 - RM_SS_(118)_QUANT_CBSL_HeatwaveHorizonsLLC_2631_25K",1,"Storm Phaze 2 Bowling Ball","DP1 V3",Visa,Friday,443051,1,0,0.00%,1,100.00%,1,0,0.00%,1,100.00%,1,1,$12.89,0,100.00%,0,0,$0.00,0,0.00%,1,1,1,$12.89,$0.00,$0.00,$12.89,$0.00,$0.00,$12.89,$0.00,$12.89,$0.00,0.00%,0,0.00%,$0.00,0.00%,0,0.00%,$0.00,0.00%,0,0.00%,$0.00,0.00%,0,0.00%,$0.00,0.00%,$12.89,$0.00,$0.00,$0.00,$0.00,$0.00,0.00%,$0.00,0.00%,$0.00,0.00%,$0.00,0.00%,$12.89,100.00%
"118 - RM_SS_(118)_QUANT_CBSL_HeatwaveHorizonsLLC_2631_25K",1,"Storm Phaze 2 Bowling Ball","DP1 V3",Visa,Friday,473702,1,0,0.00%,1,100.00%,1,0,0.00%,1,100.00%,1,1,$12.89,0,100.00%,0,0,$0.00,0,0.00%,1,1,1,$12.89,$0.00,$0.00,$12.89,$0.00,$0.00,$12.89,$0.00,$12.89,$0.00,0.00%,0,0.00%,$0.00,0.00%,0,0.00%,$0.00,0.00%,0,0.00%,$0.00,0.00%,0,0.00%,$0.00,0.00%,$12.89,$0.00,$0.00,$0.00,$0.00,$0.00,0.00%,$0.00,0.00%,$0.00,0.00%,$0.00,0.00%,$12.89,100.00%
"118 - RM_SS_(118)_QUANT_CBSL_HeatwaveHorizonsLLC_2631_25K",1,"Yellow Ford Mustang Electric Bike","DP1 V3",Mastercard,Friday,514377,2,0,0.00%,2,100.00%,2,0,0.00%,2,100.00%,2,2,$25.78,0,100.00%,0,0,$0.00,0,0.00%,2,2,2,$25.78,$0.00,$0.00,$25.78,$0.00,$0.00,$25.78,$0.00,$25.78,$0.00,0.00%,0,0.00%,$0.00,0.00%,0,0.00%,$0.00,0.00%,0,0.00%,$0.00,0.00%,0,0.00%,$0.00,0.00%,$25.78,$0.00,$0.00,$0.00,$0.00,$0.00,0.00%,$0.00,0.00%,$0.00,0.00%,$0.00,0.00%,$25.78,100.00%
"118 - RM_SS_(118)_QUANT_CBSL_HeatwaveHorizonsLLC_2631_25K",1,"Yellow Ford Mustang Electric Bike","DP1 V3",Mastercard,Friday,526264,1,0,0.00%,1,100.00%,1,0,0.00%,1,100.00%,1,1,$12.89,0,100.00%,0,0,$0.00,0,0.00%,1,1,1,$12.89,$0.00,$0.00,$12.89,$0.00,$0.00,$12.89,$0.00,$12.89,$0.00,0.00%,0,0.00%,$0.00,0.00%,0,0.00%,$0.00,0.00%,0,0.00%,$0.00,0.00%,0,0.00%,$0.00,0.00%,$12.89,$0.00,$0.00,$0.00,$0.00,$0.00,0.00%,$0.00,0.00%,$0.00,0.00%,$0.00,0.00%,$12.89,100.00%
"118 - RM_SS_(118)_QUANT_CBSL_HeatwaveHorizonsLLC_2631_25K",1,"Yellow Ford Mustang Electric Bike","DP1 V3",Mastercard,Friday,542543,1,1,100.00%,0,0.00%,1,1,100.00%,0,0.00%,1,0,$0.00,1,0.00%,0,0,$0.00,0,0.00%,0,0,0,$0.00,$0.00,$0.00,$0.00,$0.00,$0.00,$0.00,$0.00,$0.00,$0.00,0.00%,0,0.00%,$0.00,0.00%,0,0.00%,$0.00,0.00%,0,0.00%,$0.00,0.00%,0,0.00%,$0.00,0.00%,$0.00,$0.00,$0.00,$0.00,$0.00,$0.00,0.00%,$0.00,0.00%,$0.00,0.00%,$0.00,0.00%,$0.00,0.00%
"118 - RM_SS_(118)_QUANT_CBSL_HeatwaveHorizonsLLC_2631_25K",1,"Yellow Ford Mustang Electric Bike","DP1 V3",Mastercard,Friday,544347,1,1,100.00%,0,0.00%,1,1,100.00%,0,0.00%,1,0,$0.00,1,0.00%,0,0,$0.00,0,0.00%,0,0,0,$0.00,$0.00,$0.00,$0.00,$0.00,$0.00,$0.00,$0.00,$0.00,$0.00,0.00%,0,0.00%,$0.00,0.00%,0,0.00%,$0.00,0.00%,0,0.00%,$0.00,0.00%,0,0.00%,$0.00,0.00%,$0.00,$0.00,$0.00,$0.00,$0.00,$0.00,0.00%,$0.00,0.00%,$0.00,0.00%,$0.00,0.00%,$0.00,0.00%
"118 - RM_SS_(118)_QUANT_CBSL_HeatwaveHorizonsLLC_2631_25K",1,"Yellow Ford Mustang Electric Bike","DP1 V3",Visa,Friday,403784,1,1,100.00%,0,0.00%,1,1,100.00%,0,0.00%,1,0,$0.00,1,0.00%,0,0,$0.00,0,0.00%,0,0,0,$0.00,$0.00,$0.00,$0.00,$0.00,$0.00,$0.00,$0.00,$0.00,$0.00,0.00%,0,0.00%,$0.00,0.00%,0,0.00%,$0.00,0.00%,0,0.00%,$0.00,0.00%,0,0.00%,$0.00,0.00%,$0.00,$0.00,$0.00,$0.00,$0.00,$0.00,0.00%,$0.00,0.00%,$0.00,0.00%,$0.00,0.00%,$0.00,0.00%
"118 - RM_SS_(118)_QUANT_CBSL_HeatwaveHorizonsLLC_2631_25K",1,"Yellow Ford Mustang Electric Bike","DP1 V3",Visa,Friday,413090,1,1,100.00%,0,0.00%,1,1,100.00%,0,0.00%,1,0,$0.00,1,0.00%,0,0,$0.00,0,0.00%,0,0,0,$0.00,$0.00,$0.00,$0.00,$0.00,$0.00,$0.00,$0.00,$0.00,$0.00,0.00%,0,0.00%,$0.00,0.00%,0,0.00%,$0.00,0.00%,0,0.00%,$0.00,0.00%,0,0.00%,$0.00,0.00%,$0.00,$0.00,$0.00,$0.00,$0.00,$0.00,0.00%,$0.00,0.00%,$0.00,0.00%,$0.00,0.00%,$0.00,0.00%
"118 - RM_SS_(118)_QUANT_CBSL_HeatwaveHorizonsLLC_2631_25K",1,"Yellow Ford Mustang Electric Bike","DP1 V3",Visa,Friday,414512,1,0,0.00%,1,100.00%,1,0,0.00%,1,100.00%,1,1,$12.89,0,100.00%,0,0,$0.00,0,0.00%,1,1,1,$12.89,$0.00,$0.00,$12.89,$0.00,$0.00,$12.89,$0.00,$12.89,$0.00,0.00%,0,0.00%,$0.00,0.00%,0,0.00%,$0.00,0.00%,0,0.00%,$0.00,0.00%,0,0.00%,$0.00,0.00%,$12.89,$0.00,$0.00,$0.00,$0.00,$0.00,0.00%,$0.00,0.00%,$0.00,0.00%,$0.00,0.00%,$12.89,100.00%
"118 - RM_SS_(118)_QUANT_CBSL_HeatwaveHorizonsLLC_2631_25K",1,"Yellow Ford Mustang Electric Bike","DP1 V3",Visa,Friday,421783,1,1,100.00%,0,0.00%,1,1,100.00%,0,0.00%,1,0,$0.00,1,0.00%,0,0,$0.00,0,0.00%,0,0,0,$0.00,$0.00,$0.00,$0.00,$0.00,$0.00,$0.00,$0.00,$0.00,$0.00,0.00%,0,0.00%,$0.00,0.00%,0,0.00%,$0.00,0.00%,0,0.00%,$0.00,0.00%,0,0.00%,$0.00,0.00%,$0.00,$0.00,$0.00,$0.00,$0.00,$0.00,0.00%,$0.00,0.00%,$0.00,0.00%,$0.00,0.00%,$0.00,0.00%
"118 - RM_SS_(118)_QUANT_CBSL_HeatwaveHorizonsLLC_2631_25K",1,"Yellow Ford Mustang Electric Bike","DP1 V3",Visa,Friday,423223,1,1,100.00%,0,0.00%,1,1,100.00%,0,0.00%,1,0,$0.00,1,0.00%,0,0,$0.00,0,0.00%,0,0,0,$0.00,$0.00,$0.00,$0.00,$0.00,$0.00,$0.00,$0.00,$0.00,$0.00,0.00%,0,0.00%,$0.00,0.00%,0,0.00%,$0.00,0.00%,0,0.00%,$0.00,0.00%,0,0.00%,$0.00,0.00%,$0.00,$0.00,$0.00,$0.00,$0.00,$0.00,0.00%,$0.00,0.00%,$0.00,0.00%,$0.00,0.00%,$0.00,0.00%
"118 - RM_SS_(118)_QUANT_CBSL_HeatwaveHorizonsLLC_2631_25K",1,"Yellow Ford Mustang Electric Bike","DP1 V3",Visa,Friday,434257,1,0,0.00%,1,100.00%,1,0,0.00%,1,100.00%,1,1,$12.89,0,100.00%,0,0,$0.00,0,0.00%,1,1,1,$12.89,$0.00,$0.00,$12.89,$0.00,$0.00,$12.89,$0.00,$12.89,$0.00,0.00%,0,0.00%,$0.00,0.00%,0,0.00%,$0.00,0.00%,0,0.00%,$0.00,0.00%,0,0.00%,$0.00,0.00%,$12.89,$0.00,$0.00,$0.00,$0.00,$0.00,0.00%,$0.00,0.00%,$0.00,0.00%,$0.00,0.00%,$12.89,100.00%
"118 - RM_SS_(118)_QUANT_CBSL_HeatwaveHorizonsLLC_2631_25K",1,"Yellow Ford Mustang Electric Bike","DP1 V3",Visa,Friday,434258,1,0,0.00%,1,100.00%,1,0,0.00%,1,100.00%,1,1,$12.89,0,100.00%,0,0,$0.00,0,0.00%,1,1,1,$12.89,$0.00,$0.00,$12.89,$0.00,$0.00,$12.89,$0.00,$12.89,$0.00,0.00%,0,0.00%,$0.00,0.00%,0,0.00%,$0.00,0.00%,0,0.00%,$0.00,0.00%,0,0.00%,$0.00,0.00%,$12.89,$0.00,$0.00,$0.00,$0.00,$0.00,0.00%,$0.00,0.00%,$0.00,0.00%,$0.00,0.00%,$12.89,100.00%
"118 - RM_SS_(118)_QUANT_CBSL_HeatwaveHorizonsLLC_2631_25K",1,"Yellow Ford Mustang Electric Bike","DP1 V3",Visa,Friday,446602,1,0,0.00%,1,100.00%,1,0,0.00%,1,100.00%,1,1,$12.89,0,100.00%,0,0,$0.00,0,0.00%,1,1,1,$12.89,$0.00,$0.00,$12.89,$0.00,$0.00,$12.89,$0.00,$12.89,$0.00,0.00%,0,0.00%,$0.00,0.00%,0,0.00%,$0.00,0.00%,0,0.00%,$0.00,0.00%,0,0.00%,$0.00,0.00%,$12.89,$0.00,$0.00,$0.00,$0.00,$0.00,0.00%,$0.00,0.00%,$0.00,0.00%,$0.00,0.00%,$12.89,100.00%
"118 - RM_SS_(118)_QUANT_CBSL_HeatwaveHorizonsLLC_2631_25K",1,"Yellow Ford Mustang Electric Bike","DP1 V3",Visa,Friday,448251,1,0,0.00%,1,100.00%,1,0,0.00%,1,100.00%,1,1,$12.89,0,100.00%,0,0,$0.00,0,0.00%,1,1,1,$12.89,$0.00,$0.00,$12.89,$0.00,$0.00,$12.89,$0.00,$12.89,$0.00,0.00%,0,0.00%,$0.00,0.00%,0,0.00%,$0.00,0.00%,0,0.00%,$0.00,0.00%,0,0.00%,$0.00,0.00%,$12.89,$0.00,$0.00,$0.00,$0.00,$0.00,0.00%,$0.00,0.00%,$0.00,0.00%,$0.00,0.00%,$12.89,100.00%
"118 - RM_SS_(118)_QUANT_CBSL_HeatwaveHorizonsLLC_2631_25K",1,"Yellow Ford Mustang Electric Bike","DP1 V3",Visa,Friday,448915,1,1,100.00%,0,0.00%,1,1,100.00%,0,0.00%,1,0,$0.00,1,0.00%,0,0,$0.00,0,0.00%,0,0,0,$0.00,$0.00,$0.00,$0.00,$0.00,$0.00,$0.00,$0.00,$0.00,$0.00,0.00%,0,0.00%,$0.00,0.00%,0,0.00%,$0.00,0.00%,0,0.00%,$0.00,0.00%,0,0.00%,$0.00,0.00%,$0.00,$0.00,$0.00,$0.00,$0.00,$0.00,0.00%,$0.00,0.00%,$0.00,0.00%,$0.00,0.00%,$0.00,0.00%
"118 - RM_SS_(118)_QUANT_CBSL_HeatwaveHorizonsLLC_2631_25K",1,"Yellow Ford Mustang Electric Bike","DP1 V3",Visa,Friday,453598,1,1,100.00%,0,0.00%,1,1,100.00%,0,0.00%,1,0,$0.00,1,0.00%,0,0,$0.00,0,0.00%,0,0,0,$0.00,$0.00,$0.00,$0.00,$0.00,$0.00,$0.00,$0.00,$0.00,$0.00,0.00%,0,0.00%,$0.00,0.00%,0,0.00%,$0.00,0.00%,0,0.00%,$0.00,0.00%,0,0.00%,$0.00,0.00%,$0.00,$0.00,$0.00,$0.00,$0.00,$0.00,0.00%,$0.00,0.00%,$0.00,0.00%,$0.00,0.00%,$0.00,0.00%
"118 - RM_SS_(118)_QUANT_CBSL_HeatwaveHorizonsLLC_2631_25K",1,"Yellow Ford Mustang Electric Bike","DP1 V3",Visa,Friday,486236,1,1,100.00%,0,0.00%,1,1,100.00%,0,0.00%,1,0,$0.00,1,0.00%,0,0,$0.00,0,0.00%,0,0,0,$0.00,$0.00,$0.00,$0.00,$0.00,$0.00,$0.00,$0.00,$0.00,$0.00,0.00%,0,0.00%,$0.00,0.00%,0,0.00%,$0.00,0.00%,0,0.00%,$0.00,0.00%,0,0.00%,$0.00,0.00%,$0.00,$0.00,$0.00,$0.00,$0.00,$0.00,0.00%,$0.00,0.00%,$0.00,0.00%,$0.00,0.00%,$0.00,0.00%
"119 - RM_SS_(119)_QUANT_CBSL_HeatwaveHorizonsLLC_2649_25K",1,"Predator 12.4mm Pool Cue","DP1 V3",Mastercard,Friday,514377,1,1,100.00%,0,0.00%,1,1,100.00%,0,0.00%,1,0,$0.00,1,0.00%,0,0,$0.00,0,0.00%,0,0,0,$0.00,$0.00,$0.00,$0.00,$0.00,$0.00,$0.00,$0.00,$0.00,$0.00,0.00%,0,0.00%,$0.00,0.00%,0,0.00%,$0.00,0.00%,0,0.00%,$0.00,0.00%,0,0.00%,$0.00,0.00%,$0.00,$0.00,$0.00,$0.00,$0.00,$0.00,0.00%,$0.00,0.00%,$0.00,0.00%,$0.00,0.00%,$0.00,0.00%
"119 - RM_SS_(119)_QUANT_CBSL_HeatwaveHorizonsLLC_2649_25K",1,"Predator 12.4mm Pool Cue","DP1 V3",Mastercard,Friday,515676,1,1,100.00%,0,0.00%,1,1,100.00%,0,0.00%,1,0,$0.00,1,0.00%,0,0,$0.00,0,0.00%,0,0,0,$0.00,$0.00,$0.00,$0.00,$0.00,$0.00,$0.00,$0.00,$0.00,$0.00,0.00%,0,0.00%,$0.00,0.00%,0,0.00%,$0.00,0.00%,0,0.00%,$0.00,0.00%,0,0.00%,$0.00,0.00%,$0.00,$0.00,$0.00,$0.00,$0.00,$0.00,0.00%,$0.00,0.00%,$0.00,0.00%,$0.00,0.00%,$0.00,0.00%
"119 - RM_SS_(119)_QUANT_CBSL_HeatwaveHorizonsLLC_2649_25K",1,"Predator 12.4mm Pool Cue","DP1 V3",Mastercard,Friday,517546,1,0,0.00%,1,100.00%,1,0,0.00%,1,100.00%,1,1,$12.89,0,100.00%,0,0,$0.00,0,0.00%,1,1,1,$12.89,$0.00,$0.00,$12.89,$0.00,$0.00,$12.89,$0.00,$12.89,$0.00,0.00%,0,0.00%,$0.00,0.00%,0,0.00%,$0.00,0.00%,0,0.00%,$0.00,0.00%,0,0.00%,$0.00,0.00%,$12.89,$0.00,$0.00,$0.00,$0.00,$0.00,0.00%,$0.00,0.00%,$0.00,0.00%,$0.00,0.00%,$12.89,100.00%
"119 - RM_SS_(119)_QUANT_CBSL_HeatwaveHorizonsLLC_2649_25K",1,"Predator 12.4mm Pool Cue","DP1 V3",Mastercard,Friday,518725,1,0,0.00%,1,100.00%,1,0,0.00%,1,100.00%,1,1,$12.89,0,100.00%,0,0,$0.00,0,0.00%,1,1,1,$12.89,$0.00,$0.00,$12.89,$0.00,$0.00,$12.89,$0.00,$12.89,$0.00,0.00%,0,0.00%,$0.00,0.00%,0,0.00%,$0.00,0.00%,0,0.00%,$0.00,0.00%,0,0.00%,$0.00,0.00%,$12.89,$0.00,$0.00,$0.00,$0.00,$0.00,0.00%,$0.00,0.00%,$0.00,0.00%,$0.00,0.00%,$12.89,100.00%
"119 - RM_SS_(119)_QUANT_CBSL_HeatwaveHorizonsLLC_2649_25K",1,"Predator 12.4mm Pool Cue","DP1 V3",Mastercard,Friday,541111,1,0,0.00%,1,100.00%,1,0,0.00%,1,100.00%,1,1,$12.89,0,100.00%,0,0,$0.00,0,0.00%,1,1,1,$12.89,$0.00,$0.00,$12.89,$0.00,$0.00,$12.89,$0.00,$12.89,$0.00,0.00%,0,0.00%,$0.00,0.00%,0,0.00%,$0.00,0.00%,0,0.00%,$0.00,0.00%,0,0.00%,$0.00,0.00%,$12.89,$0.00,$0.00,$0.00,$0.00,$0.00,0.00%,$0.00,0.00%,$0.00,0.00%,$0.00,0.00%,$12.89,100.00%
"119 - RM_SS_(119)_QUANT_CBSL_HeatwaveHorizonsLLC_2649_25K",1,"Predator 12.4mm Pool Cue","DP1 V3",Mastercard,Friday,542418,1,0,0.00%,1,100.00%,1,0,0.00%,1,100.00%,1,1,$12.89,0,100.00%,0,0,$0.00,0,0.00%,1,1,1,$12.89,$0.00,$0.00,$12.89,$0.00,$0.00,$12.89,$0.00,$12.89,$0.00,0.00%,0,0.00%,$0.00,0.00%,0,0.00%,$0.00,0.00%,0,0.00%,$0.00,0.00%,0,0.00%,$0.00,0.00%,$12.89,$0.00,$0.00,$0.00,$0.00,$0.00,0.00%,$0.00,0.00%,$0.00,0.00%,$0.00,0.00%,$12.89,100.00%
"119 - RM_SS_(119)_QUANT_CBSL_HeatwaveHorizonsLLC_2649_25K",1,"Predator 12.4mm Pool Cue","DP1 V3",Mastercard,Friday,546213,1,0,0.00%,1,100.00%,1,0,0.00%,1,100.00%,1,1,$12.89,0,100.00%,0,0,$0.00,0,0.00%,1,1,1,$12.89,$0.00,$0.00,$12.89,$0.00,$0.00,$12.89,$0.00,$12.89,$0.00,0.00%,0,0.00%,$0.00,0.00%,0,0.00%,$0.00,0.00%,0,0.00%,$0.00,0.00%,0,0.00%,$0.00,0.00%,$12.89,$0.00,$0.00,$0.00,$0.00,$0.00,0.00%,$0.00,0.00%,$0.00,0.00%,$0.00,0.00%,$12.89,100.00%
"119 - RM_SS_(119)_QUANT_CBSL_HeatwaveHorizonsLLC_2649_25K",1,"Predator 12.4mm Pool Cue","DP1 V3",Mastercard,Friday,548042,2,1,50.00%,1,50.00%,2,1,50.00%,1,50.00%,2,1,$12.89,1,50.00%,0,0,$0.00,0,0.00%,1,1,1,$12.89,$0.00,$0.00,$12.89,$0.00,$0.00,$12.89,$0.00,$12.89,$0.00,0.00%,0,0.00%,$0.00,0.00%,0,0.00%,$0.00,0.00%,0,0.00%,$0.00,0.00%,0,0.00%,$0.00,0.00%,$12.89,$0.00,$0.00,$0.00,$0.00,$0.00,0.00%,$0.00,0.00%,$0.00,0.00%,$0.00,0.00%,$12.89,100.00%
"119 - RM_SS_(119)_QUANT_CBSL_HeatwaveHorizonsLLC_2649_25K",1,"Predator 12.4mm Pool Cue","DP1 V3",Mastercard,Friday,552330,1,1,100.00%,0,0.00%,1,1,100.00%,0,0.00%,1,0,$0.00,1,0.00%,0,0,$0.00,0,0.00%,0,0,0,$0.00,$0.00,$0.00,$0.00,$0.00,$0.00,$0.00,$0.00,$0.00,$0.00,0.00%,0,0.00%,$0.00,0.00%,0,0.00%,$0.00,0.00%,0,0.00%,$0.00,0.00%,0,0.00%,$0.00,0.00%,$0.00,$0.00,$0.00,$0.00,$0.00,$0.00,0.00%,$0.00,0.00%,$0.00,0.00%,$0.00,0.00%,$0.00,0.00%
"119 - RM_SS_(119)_QUANT_CBSL_HeatwaveHorizonsLLC_2649_25K",1,"Predator 12.4mm Pool Cue","DP1 V3",Mastercard,Friday,555524,1,1,100.00%,0,0.00%,1,1,100.00%,0,0.00%,1,0,$0.00,1,0.00%,0,0,$0.00,0,0.00%,0,0,0,$0.00,$0.00,$0.00,$0.00,$0.00,$0.00,$0.00,$0.00,$0.00,$0.00,0.00%,0,0.00%,$0.00,0.00%,0,0.00%,$0.00,0.00%,0,0.00%,$0.00,0.00%,0,0.00%,$0.00,0.00%,$0.00,$0.00,$0.00,$0.00,$0.00,$0.00,0.00%,$0.00,0.00%,$0.00,0.00%,$0.00,0.00%,$0.00,0.00%
"119 - RM_SS_(119)_QUANT_CBSL_HeatwaveHorizonsLLC_2649_25K",1,"Predator 12.4mm Pool Cue","DP1 V3",Visa,Friday,400022,1,1,100.00%,0,0.00%,1,1,100.00%,0,0.00%,1,0,$0.00,1,0.00%,0,0,$0.00,0,0.00%,0,0,0,$0.00,$0.00,$0.00,$0.00,$0.00,$0.00,$0.00,$0.00,$0.00,$0.00,0.00%,0,0.00%,$0.00,0.00%,0,0.00%,$0.00,0.00%,0,0.00%,$0.00,0.00%,0,0.00%,$0.00,0.00%,$0.00,$0.00,$0.00,$0.00,$0.00,$0.00,0.00%,$0.00,0.00%,$0.00,0.00%,$0.00,0.00%,$0.00,0.00%
"119 - RM_SS_(119)_QUANT_CBSL_HeatwaveHorizonsLLC_2649_25K",1,"Predator 12.4mm Pool Cue","DP1 V3",Visa,Friday,403784,1,1,100.00%,0,0.00%,1,1,100.00%,0,0.00%,1,0,$0.00,1,0.00%,0,0,$0.00,0,0.00%,0,0,0,$0.00,$0.00,$0.00,$0.00,$0.00,$0.00,$0.00,$0.00,$0.00,$0.00,0.00%,0,0.00%,$0.00,0.00%,0,0.00%,$0.00,0.00%,0,0.00%,$0.00,0.00%,0,0.00%,$0.00,0.00%,$0.00,$0.00,$0.00,$0.00,$0.00,$0.00,0.00%,$0.00,0.00%,$0.00,0.00%,$0.00,0.00%,$0.00,0.00%
"119 - RM_SS_(119)_QUANT_CBSL_HeatwaveHorizonsLLC_2649_25K",1,"Predator 12.4mm Pool Cue","DP1 V3",Visa,Friday,413037,1,0,0.00%,1,100.00%,1,0,0.00%,1,100.00%,1,1,$12.89,0,100.00%,0,0,$0.00,0,0.00%,1,1,1,$12.89,$0.00,$0.00,$12.89,$0.00,$0.00,$12.89,$0.00,$12.89,$12.89,100.00%,0,0.00%,$0.00,0.00%,1,100.00%,$12.89,100.00%,0,0.00%,$0.00,0.00%,0,0.00%,$0.00,0.00%,$0.00,$0.00,$0.00,$0.00,$0.00,$0.00,0.00%,$0.00,0.00%,$0.00,0.00%,$0.00,0.00%,$0.00,0.00%
"119 - RM_SS_(119)_QUANT_CBSL_HeatwaveHorizonsLLC_2649_25K",1,"Predator 12.4mm Pool Cue","DP1 V3",Visa,Friday,414740,1,1,100.00%,0,0.00%,1,1,100.00%,0,0.00%,1,0,$0.00,1,0.00%,0,0,$0.00,0,0.00%,0,0,0,$0.00,$0.00,$0.00,$0.00,$0.00,$0.00,$0.00,$0.00,$0.00,$0.00,0.00%,0,0.00%,$0.00,0.00%,0,0.00%,$0.00,0.00%,0,0.00%,$0.00,0.00%,0,0.00%,$0.00,0.00%,$0.00,$0.00,$0.00,$0.00,$0.00,$0.00,0.00%,$0.00,0.00%,$0.00,0.00%,$0.00,0.00%,$0.00,0.00%
"119 - RM_SS_(119)_QUANT_CBSL_HeatwaveHorizonsLLC_2649_25K",1,"Predator 12.4mm Pool Cue","DP1 V3",Visa,Friday,421156,1,1,100.00%,0,0.00%,1,1,100.00%,0,0.00%,1,0,$0.00,1,0.00%,0,0,$0.00,0,0.00%,0,0,0,$0.00,$0.00,$0.00,$0.00,$0.00,$0.00,$0.00,$0.00,$0.00,$0.00,0.00%,0,0.00%,$0.00,0.00%,0,0.00%,$0.00,0.00%,0,0.00%,$0.00,0.00%,0,0.00%,$0.00,0.00%,$0.00,$0.00,$0.00,$0.00,$0.00,$0.00,0.00%,$0.00,0.00%,$0.00,0.00%,$0.00,0.00%,$0.00,0.00%
"119 - RM_SS_(119)_QUANT_CBSL_HeatwaveHorizonsLLC_2649_25K",1,"Predator 12.4mm Pool Cue","DP1 V3",Visa,Friday,422473,1,0,0.00%,1,100.00%,1,0,0.00%,1,100.00%,1,1,$12.89,0,100.00%,0,0,$0.00,0,0.00%,1,1,1,$12.89,$0.00,$0.00,$12.89,$0.00,$0.00,$12.89,$0.00,$12.89,$0.00,0.00%,0,0.00%,$0.00,0.00%,0,0.00%,$0.00,0.00%,0,0.00%,$0.00,0.00%,0,0.00%,$0.00,0.00%,$12.89,$0.00,$0.00,$0.00,$0.00,$0.00,0.00%,$0.00,0.00%,$0.00,0.00%,$0.00,0.00%,$12.89,100.00%
"119 - RM_SS_(119)_QUANT_CBSL_HeatwaveHorizonsLLC_2649_25K",1,"Predator 12.4mm Pool Cue","DP1 V3",Visa,Friday,423223,3,3,100.00%,0,0.00%,3,3,100.00%,0,0.00%,3,0,$0.00,3,0.00%,0,0,$0.00,0,0.00%,0,0,0,$0.00,$0.00,$0.00,$0.00,$0.00,$0.00,$0.00,$0.00,$0.00,$0.00,0.00%,0,0.00%,$0.00,0.00%,0,0.00%,$0.00,0.00%,0,0.00%,$0.00,0.00%,0,0.00%,$0.00,0.00%,$0.00,$0.00,$0.00,$0.00,$0.00,$0.00,0.00%,$0.00,0.00%,$0.00,0.00%,$0.00,0.00%,$0.00,0.00%
"119 - RM_SS_(119)_QUANT_CBSL_HeatwaveHorizonsLLC_2649_25K",1,"Predator 12.4mm Pool Cue","DP1 V3",Visa,Friday,434257,1,1,100.00%,0,0.00%,1,1,100.00%,0,0.00%,1,0,$0.00,1,0.00%,0,0,$0.00,0,0.00%,0,0,0,$0.00,$0.00,$0.00,$0.00,$0.00,$0.00,$0.00,$0.00,$0.00,$0.00,0.00%,0,0.00%,$0.00,0.00%,0,0.00%,$0.00,0.00%,0,0.00%,$0.00,0.00%,0,0.00%,$0.00,0.00%,$0.00,$0.00,$0.00,$0.00,$0.00,$0.00,0.00%,$0.00,0.00%,$0.00,0.00%,$0.00,0.00%,$0.00,0.00%
"119 - RM_SS_(119)_QUANT_CBSL_HeatwaveHorizonsLLC_2649_25K",1,"Predator 12.4mm Pool Cue","DP1 V3",Visa,Friday,434769,1,1,100.00%,0,0.00%,1,1,100.00%,0,0.00%,1,0,$0.00,1,0.00%,0,0,$0.00,0,0.00%,0,0,0,$0.00,$0.00,$0.00,$0.00,$0.00,$0.00,$0.00,$0.00,$0.00,$0.00,0.00%,0,0.00%,$0.00,0.00%,0,0.00%,$0.00,0.00%,0,0.00%,$0.00,0.00%,0,0.00%,$0.00,0.00%,$0.00,$0.00,$0.00,$0.00,$0.00,$0.00,0.00%,$0.00,0.00%,$0.00,0.00%,$0.00,0.00%,$0.00,0.00%
"119 - RM_SS_(119)_QUANT_CBSL_HeatwaveHorizonsLLC_2649_25K",1,"Predator 12.4mm Pool Cue","DP1 V3",Visa,Friday,436618,1,0,0.00%,1,100.00%,1,0,0.00%,1,100.00%,1,1,$12.89,0,100.00%,0,0,$0.00,0,0.00%,1,1,1,$12.89,$0.00,$0.00,$12.89,$0.00,$0.00,$12.89,$0.00,$12.89,$0.00,0.00%,0,0.00%,$0.00,0.00%,0,0.00%,$0.00,0.00%,0,0.00%,$0.00,0.00%,0,0.00%,$0.00,0.00%,$12.89,$0.00,$0.00,$0.00,$0.00,$0.00,0.00%,$0.00,0.00%,$0.00,0.00%,$0.00,0.00%,$12.89,100.00%
"119 - RM_SS_(119)_QUANT_CBSL_HeatwaveHorizonsLLC_2649_25K",1,"Predator 12.4mm Pool Cue","DP1 V3",Visa,Friday,438766,1,0,0.00%,1,100.00%,1,0,0.00%,1,100.00%,1,1,$12.89,0,100.00%,0,0,$0.00,0,0.00%,1,1,1,$12.89,$0.00,$0.00,$12.89,$0.00,$0.00,$12.89,$0.00,$12.89,$0.00,0.00%,0,0.00%,$0.00,0.00%,0,0.00%,$0.00,0.00%,0,0.00%,$0.00,0.00%,0,0.00%,$0.00,0.00%,$12.89,$0.00,$0.00,$0.00,$0.00,$0.00,0.00%,$0.00,0.00%,$0.00,0.00%,$0.00,0.00%,$12.89,100.00%
"119 - RM_SS_(119)_QUANT_CBSL_HeatwaveHorizonsLLC_2649_25K",1,"Predator 12.4mm Pool Cue","DP1 V3",Visa,Friday,443041,1,1,100.00%,0,0.00%,1,1,100.00%,0,0.00%,1,0,$0.00,1,0.00%,0,0,$0.00,0,0.00%,0,0,0,$0.00,$0.00,$0.00,$0.00,$0.00,$0.00,$0.00,$0.00,$0.00,$0.00,0.00%,0,0.00%,$0.00,0.00%,0,0.00%,$0.00,0.00%,0,0.00%,$0.00,0.00%,0,0.00%,$0.00,0.00%,$0.00,$0.00,$0.00,$0.00,$0.00,$0.00,0.00%,$0.00,0.00%,$0.00,0.00%,$0.00,0.00%,$0.00,0.00%
"119 - RM_SS_(119)_QUANT_CBSL_HeatwaveHorizonsLLC_2649_25K",1,"Predator 12.4mm Pool Cue","DP1 V3",Visa,Friday,444796,2,2,100.00%,0,0.00%,2,2,100.00%,0,0.00%,2,0,$0.00,2,0.00%,0,0,$0.00,0,0.00%,0,0,0,$0.00,$0.00,$0.00,$0.00,$0.00,$0.00,$0.00,$0.00,$0.00,$0.00,0.00%,0,0.00%,$0.00,0.00%,0,0.00%,$0.00,0.00%,0,0.00%,$0.00,0.00%,0,0.00%,$0.00,0.00%,$0.00,$0.00,$0.00,$0.00,$0.00,$0.00,0.00%,$0.00,0.00%,$0.00,0.00%,$0.00,0.00%,$0.00,0.00%
"119 - RM_SS_(119)_QUANT_CBSL_HeatwaveHorizonsLLC_2649_25K",1,"Predator 12.4mm Pool Cue","DP1 V3",Visa,Friday,446613,1,0,0.00%,1,100.00%,1,0,0.00%,1,100.00%,1,1,$12.89,0,100.00%,0,0,$0.00,0,0.00%,1,1,1,$12.89,$0.00,$0.00,$12.89,$0.00,$0.00,$12.89,$0.00,$12.89,$12.89,100.00%,1,100.00%,$12.89,100.00%,0,0.00%,$0.00,0.00%,0,0.00%,$0.00,0.00%,0,0.00%,$0.00,0.00%,$0.00,$0.00,$0.00,$0.00,$0.00,$0.00,0.00%,$0.00,0.00%,$0.00,0.00%,$0.00,0.00%,$0.00,0.00%
"119 - RM_SS_(119)_QUANT_CBSL_HeatwaveHorizonsLLC_2649_25K",1,"Predator 12.4mm Pool Cue","DP1 V3",Visa,Friday,447404,1,1,100.00%,0,0.00%,1,1,100.00%,0,0.00%,1,0,$0.00,1,0.00%,0,0,$0.00,0,0.00%,0,0,0,$0.00,$0.00,$0.00,$0.00,$0.00,$0.00,$0.00,$0.00,$0.00,$0.00,0.00%,0,0.00%,$0.00,0.00%,0,0.00%,$0.00,0.00%,0,0.00%,$0.00,0.00%,0,0.00%,$0.00,0.00%,$0.00,$0.00,$0.00,$0.00,$0.00,$0.00,0.00%,$0.00,0.00%,$0.00,0.00%,$0.00,0.00%,$0.00,0.00%
"119 - RM_SS_(119)_QUANT_CBSL_HeatwaveHorizonsLLC_2649_25K",1,"Predator 12.4mm Pool Cue","DP1 V3",Visa,Friday,449370,1,1,100.00%,0,0.00%,1,1,100.00%,0,0.00%,1,0,$0.00,1,0.00%,0,0,$0.00,0,0.00%,0,0,0,$0.00,$0.00,$0.00,$0.00,$0.00,$0.00,$0.00,$0.00,$0.00,$0.00,0.00%,0,0.00%,$0.00,0.00%,0,0.00%,$0.00,0.00%,0,0.00%,$0.00,0.00%,0,0.00%,$0.00,0.00%,$0.00,$0.00,$0.00,$0.00,$0.00,$0.00,0.00%,$0.00,0.00%,$0.00,0.00%,$0.00,0.00%,$0.00,0.00%
"119 - RM_SS_(119)_QUANT_CBSL_HeatwaveHorizonsLLC_2649_25K",1,"Predator 12.4mm Pool Cue","DP1 V3",Visa,Friday,459954,1,1,100.00%,0,0.00%,1,1,100.00%,0,0.00%,1,0,$0.00,1,0.00%,0,0,$0.00,0,0.00%,0,0,0,$0.00,$0.00,$0.00,$0.00,$0.00,$0.00,$0.00,$0.00,$0.00,$0.00,0.00%,0,0.00%,$0.00,0.00%,0,0.00%,$0.00,0.00%,0,0.00%,$0.00,0.00%,0,0.00%,$0.00,0.00%,$0.00,$0.00,$0.00,$0.00,$0.00,$0.00,0.00%,$0.00,0.00%,$0.00,0.00%,$0.00,0.00%,$0.00,0.00%
"119 - RM_SS_(119)_QUANT_CBSL_HeatwaveHorizonsLLC_2649_25K",1,"Predator 12.4mm Pool Cue","DP1 V3",Visa,Friday,474473,1,1,100.00%,0,0.00%,1,1,100.00%,0,0.00%,1,0,$0.00,1,0.00%,0,0,$0.00,0,0.00%,0,0,0,$0.00,$0.00,$0.00,$0.00,$0.00,$0.00,$0.00,$0.00,$0.00,$0.00,0.00%,0,0.00%,$0.00,0.00%,0,0.00%,$0.00,0.00%,0,0.00%,$0.00,0.00%,0,0.00%,$0.00,0.00%,$0.00,$0.00,$0.00,$0.00,$0.00,$0.00,0.00%,$0.00,0.00%,$0.00,0.00%,$0.00,0.00%,$0.00,0.00%
"119 - RM_SS_(119)_QUANT_CBSL_HeatwaveHorizonsLLC_2649_25K",1,"Predator 12.4mm Pool Cue","DP1 V3",Visa,Friday,481110,1,1,100.00%,0,0.00%,1,1,100.00%,0,0.00%,1,0,$0.00,1,0.00%,0,0,$0.00,0,0.00%,0,0,0,$0.00,$0.00,$0.00,$0.00,$0.00,$0.00,$0.00,$0.00,$0.00,$0.00,0.00%,0,0.00%,$0.00,0.00%,0,0.00%,$0.00,0.00%,0,0.00%,$0.00,0.00%,0,0.00%,$0.00,0.00%,$0.00,$0.00,$0.00,$0.00,$0.00,$0.00,0.00%,$0.00,0.00%,$0.00,0.00%,$0.00,0.00%,$0.00,0.00%
"119 - RM_SS_(119)_QUANT_CBSL_HeatwaveHorizonsLLC_2649_25K",1,"Predator 12.4mm Pool Cue","DP1 V3",Visa,Friday,498503,1,0,0.00%,1,100.00%,1,0,0.00%,1,100.00%,1,1,$12.89,0,100.00%,0,0,$0.00,0,0.00%,1,1,1,$12.89,$0.00,$0.00,$12.89,$0.00,$0.00,$12.89,$0.00,$12.89,$0.00,0.00%,0,0.00%,$0.00,0.00%,0,0.00%,$0.00,0.00%,0,0.00%,$0.00,0.00%,0,0.00%,$0.00,0.00%,$12.89,$0.00,$0.00,$0.00,$0.00,$0.00,0.00%,$0.00,0.00%,$0.00,0.00%,$0.00,0.00%,$12.89,100.00%
"119 - RM_SS_(119)_QUANT_CBSL_HeatwaveHorizonsLLC_2649_25K",1,"Storm Phaze 2 Bowling Ball","DP1 V3",Mastercard,Friday,511211,1,0,0.00%,1,100.00%,1,0,0.00%,1,100.00%,1,1,$12.89,0,100.00%,0,0,$0.00,0,0.00%,1,1,1,$12.89,$0.00,$0.00,$12.89,$0.00,$0.00,$12.89,$0.00,$12.89,$0.00,0.00%,0,0.00%,$0.00,0.00%,0,0.00%,$0.00,0.00%,0,0.00%,$0.00,0.00%,0,0.00%,$0.00,0.00%,$12.89,$0.00,$0.00,$0.00,$0.00,$0.00,0.00%,$0.00,0.00%,$0.00,0.00%,$0.00,0.00%,$12.89,100.00%
"119 - RM_SS_(119)_QUANT_CBSL_HeatwaveHorizonsLLC_2649_25K",1,"Storm Phaze 2 Bowling Ball","DP1 V3",Mastercard,Friday,514616,1,0,0.00%,1,100.00%,1,0,0.00%,1,100.00%,1,1,$12.89,0,100.00%,0,0,$0.00,0,0.00%,1,1,1,$12.89,$0.00,$0.00,$12.89,$0.00,$0.00,$12.89,$0.00,$12.89,$0.00,0.00%,0,0.00%,$0.00,0.00%,0,0.00%,$0.00,0.00%,0,0.00%,$0.00,0.00%,0,0.00%,$0.00,0.00%,$12.89,$0.00,$0.00,$0.00,$0.00,$0.00,0.00%,$0.00,0.00%,$0.00,0.00%,$0.00,0.00%,$12.89,100.00%
"119 - RM_SS_(119)_QUANT_CBSL_HeatwaveHorizonsLLC_2649_25K",1,"Storm Phaze 2 Bowling Ball","DP1 V3",Mastercard,Friday,515942,1,1,100.00%,0,0.00%,1,1,100.00%,0,0.00%,1,0,$0.00,1,0.00%,0,0,$0.00,0,0.00%,0,0,0,$0.00,$0.00,$0.00,$0.00,$0.00,$0.00,$0.00,$0.00,$0.00,$0.00,0.00%,0,0.00%,$0.00,0.00%,0,0.00%,$0.00,0.00%,0,0.00%,$0.00,0.00%,0,0.00%,$0.00,0.00%,$0.00,$0.00,$0.00,$0.00,$0.00,$0.00,0.00%,$0.00,0.00%,$0.00,0.00%,$0.00,0.00%,$0.00,0.00%
"119 - RM_SS_(119)_QUANT_CBSL_HeatwaveHorizonsLLC_2649_25K",1,"Storm Phaze 2 Bowling Ball","DP1 V3",Mastercard,Friday,518155,1,0,0.00%,1,100.00%,1,0,0.00%,1,100.00%,1,1,$12.89,0,100.00%,0,0,$0.00,0,0.00%,1,1,1,$12.89,$0.00,$0.00,$12.89,$0.00,$0.00,$12.89,$0.00,$12.89,$0.00,0.00%,0,0.00%,$0.00,0.00%,0,0.00%,$0.00,0.00%,0,0.00%,$0.00,0.00%,0,0.00%,$0.00,0.00%,$12.89,$0.00,$0.00,$0.00,$0.00,$0.00,0.00%,$0.00,0.00%,$0.00,0.00%,$0.00,0.00%,$12.89,100.00%
"119 - RM_SS_(119)_QUANT_CBSL_HeatwaveHorizonsLLC_2649_25K",1,"Storm Phaze 2 Bowling Ball","DP1 V3",Mastercard,Friday,521853,1,0,0.00%,1,100.00%,1,0,0.00%,1,100.00%,1,1,$12.89,0,100.00%,0,0,$0.00,0,0.00%,1,1,1,$12.89,$0.00,$0.00,$12.89,$0.00,$0.00,$12.89,$0.00,$12.89,$0.00,0.00%,0,0.00%,$0.00,0.00%,0,0.00%,$0.00,0.00%,0,0.00%,$0.00,0.00%,0,0.00%,$0.00,0.00%,$12.89,$0.00,$0.00,$0.00,$0.00,$0.00,0.00%,$0.00,0.00%,$0.00,0.00%,$0.00,0.00%,$12.89,100.00%
"119 - RM_SS_(119)_QUANT_CBSL_HeatwaveHorizonsLLC_2649_25K",1,"Storm Phaze 2 Bowling Ball","DP1 V3",Mastercard,Friday,534348,1,0,0.00%,1,100.00%,1,0,0.00%,1,100.00%,1,1,$12.89,0,100.00%,0,0,$0.00,0,0.00%,1,1,1,$12.89,$0.00,$0.00,$12.89,$0.00,$0.00,$12.89,$0.00,$12.89,$0.00,0.00%,0,0.00%,$0.00,0.00%,0,0.00%,$0.00,0.00%,0,0.00%,$0.00,0.00%,0,0.00%,$0.00,0.00%,$12.89,$0.00,$0.00,$0.00,$0.00,$0.00,0.00%,$0.00,0.00%,$0.00,0.00%,$0.00,0.00%,$12.89,100.00%
"119 - RM_SS_(119)_QUANT_CBSL_HeatwaveHorizonsLLC_2649_25K",1,"Storm Phaze 2 Bowling Ball","DP1 V3",Mastercard,Friday,542543,1,0,0.00%,1,100.00%,1,0,0.00%,1,100.00%,1,1,$12.89,0,100.00%,0,0,$0.00,0,0.00%,1,1,1,$12.89,$0.00,$0.00,$12.89,$0.00,$0.00,$12.89,$0.00,$12.89,$0.00,0.00%,0,0.00%,$0.00,0.00%,0,0.00%,$0.00,0.00%,0,0.00%,$0.00,0.00%,0,0.00%,$0.00,0.00%,$12.89,$0.00,$0.00,$0.00,$0.00,$0.00,0.00%,$0.00,0.00%,$0.00,0.00%,$0.00,0.00%,$12.89,100.00%
"119 - RM_SS_(119)_QUANT_CBSL_HeatwaveHorizonsLLC_2649_25K",1,"Storm Phaze 2 Bowling Ball","DP1 V3",Visa,Friday,414720,1,0,0.00%,1,100.00%,1,0,0.00%,1,100.00%,1,1,$12.89,0,100.00%,0,0,$0.00,0,0.00%,1,1,1,$12.89,$0.00,$0.00,$12.89,$0.00,$0.00,$12.89,$0.00,$12.89,$0.00,0.00%,0,0.00%,$0.00,0.00%,0,0.00%,$0.00,0.00%,0,0.00%,$0.00,0.00%,0,0.00%,$0.00,0.00%,$12.89,$0.00,$0.00,$0.00,$0.00,$0.00,0.00%,$0.00,0.00%,$0.00,0.00%,$0.00,0.00%,$12.89,100.00%
"119 - RM_SS_(119)_QUANT_CBSL_HeatwaveHorizonsLLC_2649_25K",1,"Storm Phaze 2 Bowling Ball","DP1 V3",Visa,Friday,414740,1,0,0.00%,1,100.00%,1,0,0.00%,1,100.00%,1,1,$12.89,0,100.00%,0,0,$0.00,0,0.00%,1,1,1,$12.89,$0.00,$0.00,$12.89,$0.00,$0.00,$12.89,$0.00,$12.89,$12.89,100.00%,0,0.00%,$0.00,0.00%,0,0.00%,$0.00,0.00%,0,0.00%,$0.00,0.00%,1,100.00%,$12.89,100.00%,$0.00,$0.00,$0.00,$0.00,$0.00,$0.00,0.00%,$0.00,0.00%,$0.00,0.00%,$0.00,0.00%,$0.00,0.00%
"119 - RM_SS_(119)_QUANT_CBSL_HeatwaveHorizonsLLC_2649_25K",1,"Storm Phaze 2 Bowling Ball","DP1 V3",Visa,Friday,423223,1,1,100.00%,0,0.00%,1,1,100.00%,0,0.00%,1,0,$0.00,1,0.00%,0,0,$0.00,0,0.00%,0,0,0,$0.00,$0.00,$0.00,$0.00,$0.00,$0.00,$0.00,$0.00,$0.00,$0.00,0.00%,0,0.00%,$0.00,0.00%,0,0.00%,$0.00,0.00%,0,0.00%,$0.00,0.00%,0,0.00%,$0.00,0.00%,$0.00,$0.00,$0.00,$0.00,$0.00,$0.00,0.00%,$0.00,0.00%,$0.00,0.00%,$0.00,0.00%,$0.00,0.00%
"119 - RM_SS_(119)_QUANT_CBSL_HeatwaveHorizonsLLC_2649_25K",1,"Storm Phaze 2 Bowling Ball","DP1 V3",Visa,Friday,426684,1,0,0.00%,1,100.00%,1,0,0.00%,1,100.00%,1,1,$12.89,0,100.00%,0,0,$0.00,0,0.00%,1,1,1,$12.89,$0.00,$0.00,$12.89,$0.00,$0.00,$12.89,$0.00,$12.89,$0.00,0.00%,0,0.00%,$0.00,0.00%,0,0.00%,$0.00,0.00%,0,0.00%,$0.00,0.00%,0,0.00%,$0.00,0.00%,$12.89,$0.00,$0.00,$0.00,$0.00,$0.00,0.00%,$0.00,0.00%,$0.00,0.00%,$0.00,0.00%,$12.89,100.00%
"119 - RM_SS_(119)_QUANT_CBSL_HeatwaveHorizonsLLC_2649_25K",1,"Storm Phaze 2 Bowling Ball","DP1 V3",Visa,Friday,438117,1,1,100.00%,0,0.00%,1,1,100.00%,0,0.00%,1,0,$0.00,1,0.00%,0,0,$0.00,0,0.00%,0,0,0,$0.00,$0.00,$0.00,$0.00,$0.00,$0.00,$0.00,$0.00,$0.00,$0.00,0.00%,0,0.00%,$0.00,0.00%,0,0.00%,$0.00,0.00%,0,0.00%,$0.00,0.00%,0,0.00%,$0.00,0.00%,$0.00,$0.00,$0.00,$0.00,$0.00,$0.00,0.00%,$0.00,0.00%,$0.00,0.00%,$0.00,0.00%,$0.00,0.00%
"119 - RM_SS_(119)_QUANT_CBSL_HeatwaveHorizonsLLC_2649_25K",1,"Storm Phaze 2 Bowling Ball","DP1 V3",Visa,Friday,443264,1,0,0.00%,1,100.00%,1,0,0.00%,1,100.00%,1,1,$12.89,0,100.00%,0,0,$0.00,0,0.00%,1,1,1,$12.89,$0.00,$0.00,$12.89,$0.00,$0.00,$12.89,$0.00,$12.89,$0.00,0.00%,0,0.00%,$0.00,0.00%,0,0.00%,$0.00,0.00%,0,0.00%,$0.00,0.00%,0,0.00%,$0.00,0.00%,$12.89,$0.00,$0.00,$0.00,$0.00,$0.00,0.00%,$0.00,0.00%,$0.00,0.00%,$0.00,0.00%,$12.89,100.00%
"119 - RM_SS_(119)_QUANT_CBSL_HeatwaveHorizonsLLC_2649_25K",1,"Storm Phaze 2 Bowling Ball","DP1 V3",Visa,Friday,444796,1,0,0.00%,1,100.00%,1,0,0.00%,1,100.00%,1,1,$12.89,0,100.00%,0,0,$0.00,0,0.00%,1,1,1,$12.89,$0.00,$0.00,$12.89,$0.00,$0.00,$12.89,$0.00,$12.89,$0.00,0.00%,0,0.00%,$0.00,0.00%,0,0.00%,$0.00,0.00%,0,0.00%,$0.00,0.00%,0,0.00%,$0.00,0.00%,$12.89,$0.00,$0.00,$0.00,$0.00,$0.00,0.00%,$0.00,0.00%,$0.00,0.00%,$0.00,0.00%,$12.89,100.00%
"119 - RM_SS_(119)_QUANT_CBSL_HeatwaveHorizonsLLC_2649_25K",1,"Storm Phaze 2 Bowling Ball","DP1 V3",Visa,Friday,446542,1,1,100.00%,0,0.00%,1,1,100.00%,0,0.00%,1,0,$0.00,1,0.00%,0,0,$0.00,0,0.00%,0,0,0,$0.00,$0.00,$0.00,$0.00,$0.00,$0.00,$0.00,$0.00,$0.00,$0.00,0.00%,0,0.00%,$0.00,0.00%,0,0.00%,$0.00,0.00%,0,0.00%,$0.00,0.00%,0,0.00%,$0.00,0.00%,$0.00,$0.00,$0.00,$0.00,$0.00,$0.00,0.00%,$0.00,0.00%,$0.00,0.00%,$0.00,0.00%,$0.00,0.00%
"119 - RM_SS_(119)_QUANT_CBSL_HeatwaveHorizonsLLC_2649_25K",1,"Storm Phaze 2 Bowling Ball","DP1 V3",Visa,Friday,453506,1,1,100.00%,0,0.00%,1,1,100.00%,0,0.00%,1,0,$0.00,1,0.00%,0,0,$0.00,0,0.00%,0,0,0,$0.00,$0.00,$0.00,$0.00,$0.00,$0.00,$0.00,$0.00,$0.00,$0.00,0.00%,0,0.00%,$0.00,0.00%,0,0.00%,$0.00,0.00%,0,0.00%,$0.00,0.00%,0,0.00%,$0.00,0.00%,$0.00,$0.00,$0.00,$0.00,$0.00,$0.00,0.00%,$0.00,0.00%,$0.00,0.00%,$0.00,0.00%,$0.00,0.00%
"119 - RM_SS_(119)_QUANT_CBSL_HeatwaveHorizonsLLC_2649_25K",1,"Storm Phaze 2 Bowling Ball","DP1 V3",Visa,Friday,459954,1,0,0.00%,1,100.00%,1,0,0.00%,1,100.00%,1,1,$12.89,0,100.00%,0,0,$0.00,0,0.00%,1,1,1,$12.89,$0.00,$0.00,$12.89,$0.00,$0.00,$12.89,$0.00,$12.89,$0.00,0.00%,0,0.00%,$0.00,0.00%,0,0.00%,$0.00,0.00%,0,0.00%,$0.00,0.00%,0,0.00%,$0.00,0.00%,$12.89,$0.00,$0.00,$0.00,$0.00,$0.00,0.00%,$0.00,0.00%,$0.00,0.00%,$0.00,0.00%,$12.89,100.00%
"119 - RM_SS_(119)_QUANT_CBSL_HeatwaveHorizonsLLC_2649_25K",1,"Storm Phaze 2 Bowling Ball","DP1 V3",Visa,Friday,464018,1,0,0.00%,1,100.00%,1,0,0.00%,1,100.00%,1,1,$12.89,0,100.00%,0,0,$0.00,0,0.00%,1,1,1,$12.89,$0.00,$0.00,$12.89,$0.00,$0.00,$12.89,$0.00,$12.89,$0.00,0.00%,0,0.00%,$0.00,0.00%,0,0.00%,$0.00,0.00%,0,0.00%,$0.00,0.00%,0,0.00%,$0.00,0.00%,$12.89,$0.00,$0.00,$0.00,$0.00,$0.00,0.00%,$0.00,0.00%,$0.00,0.00%,$0.00,0.00%,$12.89,100.00%
"119 - RM_SS_(119)_QUANT_CBSL_HeatwaveHorizonsLLC_2649_25K",1,"Storm Phaze 2 Bowling Ball","DP1 V3",Visa,Friday,473336,1,1,100.00%,0,0.00%,1,1,100.00%,0,0.00%,1,0,$0.00,1,0.00%,0,0,$0.00,0,0.00%,0,0,0,$0.00,$0.00,$0.00,$0.00,$0.00,$0.00,$0.00,$0.00,$0.00,$0.00,0.00%,0,0.00%,$0.00,0.00%,0,0.00%,$0.00,0.00%,0,0.00%,$0.00,0.00%,0,0.00%,$0.00,0.00%,$0.00,$0.00,$0.00,$0.00,$0.00,$0.00,0.00%,$0.00,0.00%,$0.00,0.00%,$0.00,0.00%,$0.00,0.00%
"119 - RM_SS_(119)_QUANT_CBSL_HeatwaveHorizonsLLC_2649_25K",1,"Yellow Ford Mustang Electric Bike","DP1 V3",Mastercard,Friday,514377,1,0,0.00%,1,100.00%,1,0,0.00%,1,100.00%,1,1,$12.89,0,100.00%,0,0,$0.00,0,0.00%,1,1,1,$12.89,$0.00,$0.00,$12.89,$0.00,$0.00,$12.89,$0.00,$12.89,$0.00,0.00%,0,0.00%,$0.00,0.00%,0,0.00%,$0.00,0.00%,0,0.00%,$0.00,0.00%,0,0.00%,$0.00,0.00%,$12.89,$0.00,$0.00,$0.00,$0.00,$0.00,0.00%,$0.00,0.00%,$0.00,0.00%,$0.00,0.00%,$12.89,100.00%
"119 - RM_SS_(119)_QUANT_CBSL_HeatwaveHorizonsLLC_2649_25K",1,"Yellow Ford Mustang Electric Bike","DP1 V3",Visa,Friday,424631,1,0,0.00%,1,100.00%,1,0,0.00%,1,100.00%,1,1,$12.89,0,100.00%,0,0,$0.00,0,0.00%,1,1,1,$12.89,$0.00,$0.00,$12.89,$0.00,$0.00,$12.89,$0.00,$12.89,$0.00,0.00%,0,0.00%,$0.00,0.00%,0,0.00%,$0.00,0.00%,0,0.00%,$0.00,0.00%,0,0.00%,$0.00,0.00%,$12.89,$0.00,$0.00,$0.00,$0.00,$0.00,0.00%,$0.00,0.00%,$0.00,0.00%,$0.00,0.00%,$12.89,100.00%
"119 - RM_SS_(119)_QUANT_CBSL_HeatwaveHorizonsLLC_2649_25K",1,"Yellow Ford Mustang Electric Bike","DP1 V3",Visa,Friday,425704,1,1,100.00%,0,0.00%,1,1,100.00%,0,0.00%,1,0,$0.00,1,0.00%,0,0,$0.00,0,0.00%,0,0,0,$0.00,$0.00,$0.00,$0.00,$0.00,$0.00,$0.00,$0.00,$0.00,$0.00,0.00%,0,0.00%,$0.00,0.00%,0,0.00%,$0.00,0.00%,0,0.00%,$0.00,0.00%,0,0.00%,$0.00,0.00%,$0.00,$0.00,$0.00,$0.00,$0.00,$0.00,0.00%,$0.00,0.00%,$0.00,0.00%,$0.00,0.00%,$0.00,0.00%
"119 - RM_SS_(119)_QUANT_CBSL_HeatwaveHorizonsLLC_2649_25K",1,"Yellow Ford Mustang Electric Bike","DP1 V3",Visa,Friday,427146,1,1,100.00%,0,0.00%,1,1,100.00%,0,0.00%,1,0,$0.00,1,0.00%,0,0,$0.00,0,0.00%,0,0,0,$0.00,$0.00,$0.00,$0.00,$0.00,$0.00,$0.00,$0.00,$0.00,$0.00,0.00%,0,0.00%,$0.00,0.00%,0,0.00%,$0.00,0.00%,0,0.00%,$0.00,0.00%,0,0.00%,$0.00,0.00%,$0.00,$0.00,$0.00,$0.00,$0.00,$0.00,0.00%,$0.00,0.00%,$0.00,0.00%,$0.00,0.00%,$0.00,0.00%
"12 - N2_RM_12_PRIOR_SYN_BrightAdvantageLLC_9068_75K",1,"Predator 12.4mm Pool Cue","DP1 V3",Mastercard,Friday,514459,1,0,0.00%,1,100.00%,1,0,0.00%,1,100.00%,1,1,$12.89,0,100.00%,0,0,$0.00,0,0.00%,1,1,1,$12.89,$0.00,$0.00,$12.89,$0.00,$0.00,$12.89,$0.00,$12.89,$0.00,0.00%,0,0.00%,$0.00,0.00%,0,0.00%,$0.00,0.00%,0,0.00%,$0.00,0.00%,0,0.00%,$0.00,0.00%,$12.89,$0.84,$0.00,$0.00,$0.00,$0.00,0.00%,$0.00,0.00%,$0.00,0.00%,$0.84,6.52%,$12.05,93.48%
"12 - N2_RM_12_PRIOR_SYN_BrightAdvantageLLC_9068_75K",1,"Predator 12.4mm Pool Cue","DP1 V3",Visa,Friday,423223,1,1,100.00%,0,0.00%,1,1,100.00%,0,0.00%,1,0,$0.00,1,0.00%,0,0,$0.00,0,0.00%,0,0,0,$0.00,$0.00,$0.00,$0.00,$0.00,$0.00,$0.00,$0.00,$0.00,$0.00,0.00%,0,0.00%,$0.00,0.00%,0,0.00%,$0.00,0.00%,0,0.00%,$0.00,0.00%,0,0.00%,$0.00,0.00%,$0.00,$0.20,$0.00,$0.00,$0.00,$0.00,0.00%,$0.00,0.00%,$0.00,0.00%,$0.20,0.00%,$-0.20,0.00%
"12 - N2_RM_12_PRIOR_SYN_BrightAdvantageLLC_9068_75K",1,"Predator 12.4mm Pool Cue","DP1 V3",Visa,Friday,451311,1,1,100.00%,0,0.00%,1,1,100.00%,0,0.00%,1,0,$0.00,1,0.00%,0,0,$0.00,0,0.00%,0,0,0,$0.00,$0.00,$0.00,$0.00,$0.00,$0.00,$0.00,$0.00,$0.00,$0.00,0.00%,0,0.00%,$0.00,0.00%,0,0.00%,$0.00,0.00%,0,0.00%,$0.00,0.00%,0,0.00%,$0.00,0.00%,$0.00,$0.20,$0.00,$0.00,$0.00,$0.00,0.00%,$0.00,0.00%,$0.00,0.00%,$0.20,0.00%,$-0.20,0.00%
"12 - N2_RM_12_PRIOR_SYN_BrightAdvantageLLC_9068_75K",1,"Storm Phaze 2 Bowling Ball","DP1 V3",Mastercard,Friday,542539,1,1,100.00%,0,0.00%,1,1,100.00%,0,0.00%,1,0,$0.00,1,0.00%,0,0,$0.00,0,0.00%,0,0,0,$0.00,$0.00,$0.00,$0.00,$0.00,$0.00,$0.00,$0.00,$0.00,$0.00,0.00%,0,0.00%,$0.00,0.00%,0,0.00%,$0.00,0.00%,0,0.00%,$0.00,0.00%,0,0.00%,$0.00,0.00%,$0.00,$0.20,$0.00,$0.00,$0.00,$0.00,0.00%,$0.00,0.00%,$0.00,0.00%,$0.20,0.00%,$-0.20,0.00%
"12 - N2_RM_12_PRIOR_SYN_BrightAdvantageLLC_9068_75K",1,"Yellow Ford Mustang Electric Bike","DP1 V3",Mastercard,Friday,520524,1,0,0.00%,1,100.00%,1,0,0.00%,1,100.00%,1,1,$12.89,0,100.00%,0,0,$0.00,0,0.00%,1,1,1,$12.89,$0.00,$0.00,$12.89,$0.00,$0.00,$12.89,$0.00,$12.89,$0.00,0.00%,0,0.00%,$0.00,0.00%,0,0.00%,$0.00,0.00%,0,0.00%,$0.00,0.00%,0,0.00%,$0.00,0.00%,$12.89,$0.84,$0.00,$0.00,$0.00,$0.00,0.00%,$0.00,0.00%,$0.00,0.00%,$0.84,6.52%,$12.05,93.48%
"12 - N2_RM_12_PRIOR_SYN_BrightAdvantageLLC_9068_75K",1,"Yellow Ford Mustang Electric Bike","DP1 V3",Mastercard,Friday,529580,1,1,100.00%,0,0.00%,1,1,100.00%,0,0.00%,1,0,$0.00,1,0.00%,0,0,$0.00,0,0.00%,0,0,0,$0.00,$0.00,$0.00,$0.00,$0.00,$0.00,$0.00,$0.00,$0.00,$0.00,0.00%,0,0.00%,$0.00,0.00%,0,0.00%,$0.00,0.00%,0,0.00%,$0.00,0.00%,0,0.00%,$0.00,0.00%,$0.00,$0.20,$0.00,$0.00,$0.00,$0.00,0.00%,$0.00,0.00%,$0.00,0.00%,$0.20,0.00%,$-0.20,0.00%
"12 - N2_RM_12_PRIOR_SYN_BrightAdvantageLLC_9068_75K",1,"Yellow Ford Mustang Electric Bike","DP1 V3",Visa,Friday,411774,1,1,100.00%,0,0.00%,1,1,100.00%,0,0.00%,1,0,$0.00,1,0.00%,0,0,$0.00,0,0.00%,0,0,0,$0.00,$0.00,$0.00,$0.00,$0.00,$0.00,$0.00,$0.00,$0.00,$0.00,0.00%,0,0.00%,$0.00,0.00%,0,0.00%,$0.00,0.00%,0,0.00%,$0.00,0.00%,0,0.00%,$0.00,0.00%,$0.00,$0.20,$0.00,$0.00,$0.00,$0.00,0.00%,$0.00,0.00%,$0.00,0.00%,$0.20,0.00%,$-0.20,0.00%
"12 - N2_RM_12_PRIOR_SYN_BrightAdvantageLLC_9068_75K",1,"Yellow Ford Mustang Electric Bike","DP1 V3",Visa,Friday,447227,1,1,100.00%,0,0.00%,1,1,100.00%,0,0.00%,1,0,$0.00,1,0.00%,0,0,$0.00,0,0.00%,0,0,0,$0.00,$0.00,$0.00,$0.00,$0.00,$0.00,$0.00,$0.00,$0.00,$0.00,0.00%,0,0.00%,$0.00,0.00%,0,0.00%,$0.00,0.00%,0,0.00%,$0.00,0.00%,0,0.00%,$0.00,0.00%,$0.00,$0.20,$0.00,$0.00,$0.00,$0.00,0.00%,$0.00,0.00%,$0.00,0.00%,$0.20,0.00%,$-0.20,0.00%
"12 - N2_RM_12_PRIOR_SYN_BrightAdvantageLLC_9068_75K",1,"Yellow Ford Mustang Electric Bike","DP1 V3",Visa,Friday,473703,1,1,100.00%,0,0.00%,1,1,100.00%,0,0.00%,1,0,$0.00,1,0.00%,0,0,$0.00,0,0.00%,0,0,0,$0.00,$0.00,$0.00,$0.00,$0.00,$0.00,$0.00,$0.00,$0.00,$0.00,0.00%,0,0.00%,$0.00,0.00%,0,0.00%,$0.00,0.00%,0,0.00%,$0.00,0.00%,0,0.00%,$0.00,0.00%,$0.00,$0.20,$0.00,$0.00,$0.00,$0.00,0.00%,$0.00,0.00%,$0.00,0.00%,$0.20,0.00%,$-0.20,0.00%
"120 - RM_SS_(120)_QUANT_CBSL_CobaltRulesLLC_2698_25K",1,"Predator 12.4mm Pool Cue","DP1 V3",Mastercard,Friday,514377,1,0,0.00%,1,100.00%,1,0,0.00%,1,100.00%,1,1,$12.89,0,100.00%,0,0,$0.00,0,0.00%,1,1,1,$12.89,$0.00,$0.00,$12.89,$0.00,$0.00,$12.89,$0.00,$12.89,$0.00,0.00%,0,0.00%,$0.00,0.00%,0,0.00%,$0.00,0.00%,0,0.00%,$0.00,0.00%,0,0.00%,$0.00,0.00%,$12.89,$0.00,$0.00,$0.00,$0.00,$0.00,0.00%,$0.00,0.00%,$0.00,0.00%,$0.00,0.00%,$12.89,100.00%
"120 - RM_SS_(120)_QUANT_CBSL_CobaltRulesLLC_2698_25K",1,"Predator 12.4mm Pool Cue","DP1 V3",Mastercard,Friday,517545,1,0,0.00%,1,100.00%,1,0,0.00%,1,100.00%,1,1,$12.89,0,100.00%,0,0,$0.00,0,0.00%,1,1,1,$12.89,$0.00,$0.00,$12.89,$0.00,$0.00,$12.89,$0.00,$12.89,$0.00,0.00%,0,0.00%,$0.00,0.00%,0,0.00%,$0.00,0.00%,0,0.00%,$0.00,0.00%,0,0.00%,$0.00,0.00%,$12.89,$0.00,$0.00,$0.00,$0.00,$0.00,0.00%,$0.00,0.00%,$0.00,0.00%,$0.00,0.00%,$12.89,100.00%
"120 - RM_SS_(120)_QUANT_CBSL_CobaltRulesLLC_2698_25K",1,"Predator 12.4mm Pool Cue","DP1 V3",Mastercard,Friday,517800,1,1,100.00%,0,0.00%,1,1,100.00%,0,0.00%,1,0,$0.00,1,0.00%,0,0,$0.00,0,0.00%,0,0,0,$0.00,$0.00,$0.00,$0.00,$0.00,$0.00,$0.00,$0.00,$0.00,$0.00,0.00%,0,0.00%,$0.00,0.00%,0,0.00%,$0.00,0.00%,0,0.00%,$0.00,0.00%,0,0.00%,$0.00,0.00%,$0.00,$0.00,$0.00,$0.00,$0.00,$0.00,0.00%,$0.00,0.00%,$0.00,0.00%,$0.00,0.00%,$0.00,0.00%
"120 - RM_SS_(120)_QUANT_CBSL_CobaltRulesLLC_2698_25K",1,"Predator 12.4mm Pool Cue","DP1 V3",Mastercard,Friday,521333,1,1,100.00%,0,0.00%,1,1,100.00%,0,0.00%,1,0,$0.00,1,0.00%,0,0,$0.00,0,0.00%,0,0,0,$0.00,$0.00,$0.00,$0.00,$0.00,$0.00,$0.00,$0.00,$0.00,$0.00,0.00%,0,0.00%,$0.00,0.00%,0,0.00%,$0.00,0.00%,0,0.00%,$0.00,0.00%,0,0.00%,$0.00,0.00%,$0.00,$0.00,$0.00,$0.00,$0.00,$0.00,0.00%,$0.00,0.00%,$0.00,0.00%,$0.00,0.00%,$0.00,0.00%
"120 - RM_SS_(120)_QUANT_CBSL_CobaltRulesLLC_2698_25K",1,"Predator 12.4mm Pool Cue","DP1 V3",Mastercard,Friday,540724,1,0,0.00%,1,100.00%,1,0,0.00%,1,100.00%,1,1,$12.89,0,100.00%,0,0,$0.00,0,0.00%,1,1,1,$12.89,$0.00,$0.00,$12.89,$0.00,$0.00,$12.89,$0.00,$12.89,$0.00,0.00%,0,0.00%,$0.00,0.00%,0,0.00%,$0.00,0.00%,0,0.00%,$0.00,0.00%,0,0.00%,$0.00,0.00%,$12.89,$0.00,$0.00,$0.00,$0.00,$0.00,0.00%,$0.00,0.00%,$0.00,0.00%,$0.00,0.00%,$12.89,100.00%
"120 - RM_SS_(120)_QUANT_CBSL_CobaltRulesLLC_2698_25K",1,"Predator 12.4mm Pool Cue","DP1 V3",Mastercard,Friday,545867,1,0,0.00%,1,100.00%,1,0,0.00%,1,100.00%,1,1,$12.89,0,100.00%,0,0,$0.00,0,0.00%,1,1,1,$12.89,$0.00,$0.00,$12.89,$0.00,$0.00,$12.89,$0.00,$12.89,$0.00,0.00%,0,0.00%,$0.00,0.00%,0,0.00%,$0.00,0.00%,0,0.00%,$0.00,0.00%,0,0.00%,$0.00,0.00%,$12.89,$0.00,$0.00,$0.00,$0.00,$0.00,0.00%,$0.00,0.00%,$0.00,0.00%,$0.00,0.00%,$12.89,100.00%
"120 - RM_SS_(120)_QUANT_CBSL_CobaltRulesLLC_2698_25K",1,"Predator 12.4mm Pool Cue","DP1 V3",Mastercard,Friday,546137,1,0,0.00%,1,100.00%,1,0,0.00%,1,100.00%,1,1,$12.89,0,100.00%,0,0,$0.00,0,0.00%,1,1,1,$12.89,$0.00,$0.00,$12.89,$0.00,$0.00,$12.89,$0.00,$12.89,$0.00,0.00%,0,0.00%,$0.00,0.00%,0,0.00%,$0.00,0.00%,0,0.00%,$0.00,0.00%,0,0.00%,$0.00,0.00%,$12.89,$0.00,$0.00,$0.00,$0.00,$0.00,0.00%,$0.00,0.00%,$0.00,0.00%,$0.00,0.00%,$12.89,100.00%
"120 - RM_SS_(120)_QUANT_CBSL_CobaltRulesLLC_2698_25K",1,"Predator 12.4mm Pool Cue","DP1 V3",Mastercard,Friday,551841,1,1,100.00%,0,0.00%,1,1,100.00%,0,0.00%,1,0,$0.00,1,0.00%,0,0,$0.00,0,0.00%,0,0,0,$0.00,$0.00,$0.00,$0.00,$0.00,$0.00,$0.00,$0.00,$0.00,$0.00,0.00%,0,0.00%,$0.00,0.00%,0,0.00%,$0.00,0.00%,0,0.00%,$0.00,0.00%,0,0.00%,$0.00,0.00%,$0.00,$0.00,$0.00,$0.00,$0.00,$0.00,0.00%,$0.00,0.00%,$0.00,0.00%,$0.00,0.00%,$0.00,0.00%
"120 - RM_SS_(120)_QUANT_CBSL_CobaltRulesLLC_2698_25K",1,"Predator 12.4mm Pool Cue","DP1 V3",Mastercard,Friday,553743,1,0,0.00%,1,100.00%,1,0,0.00%,1,100.00%,1,1,$12.89,0,100.00%,0,0,$0.00,0,0.00%,1,1,1,$12.89,$0.00,$0.00,$12.89,$0.00,$0.00,$12.89,$0.00,$12.89,$0.00,0.00%,0,0.00%,$0.00,0.00%,0,0.00%,$0.00,0.00%,0,0.00%,$0.00,0.00%,0,0.00%,$0.00,0.00%,$12.89,$0.00,$0.00,$0.00,$0.00,$0.00,0.00%,$0.00,0.00%,$0.00,0.00%,$0.00,0.00%,$12.89,100.00%
"120 - RM_SS_(120)_QUANT_CBSL_CobaltRulesLLC_2698_25K",1,"Predator 12.4mm Pool Cue","DP1 V3",Mastercard,Friday,553981,1,0,0.00%,1,100.00%,1,0,0.00%,1,100.00%,1,1,$12.89,0,100.00%,0,0,$0.00,0,0.00%,1,1,1,$12.89,$0.00,$0.00,$12.89,$0.00,$0.00,$12.89,$0.00,$12.89,$0.00,0.00%,0,0.00%,$0.00,0.00%,0,0.00%,$0.00,0.00%,0,0.00%,$0.00,0.00%,0,0.00%,$0.00,0.00%,$12.89,$0.00,$0.00,$0.00,$0.00,$0.00,0.00%,$0.00,0.00%,$0.00,0.00%,$0.00,0.00%,$12.89,100.00%
"120 - RM_SS_(120)_QUANT_CBSL_CobaltRulesLLC_2698_25K",1,"Predator 12.4mm Pool Cue","DP1 V3",Visa,Friday,400895,1,1,100.00%,0,0.00%,1,1,100.00%,0,0.00%,1,0,$0.00,1,0.00%,0,0,$0.00,0,0.00%,0,0,0,$0.00,$0.00,$0.00,$0.00,$0.00,$0.00,$0.00,$0.00,$0.00,$0.00,0.00%,0,0.00%,$0.00,0.00%,0,0.00%,$0.00,0.00%,0,0.00%,$0.00,0.00%,0,0.00%,$0.00,0.00%,$0.00,$0.00,$0.00,$0.00,$0.00,$0.00,0.00%,$0.00,0.00%,$0.00,0.00%,$0.00,0.00%,$0.00,0.00%
"120 - RM_SS_(120)_QUANT_CBSL_CobaltRulesLLC_2698_25K",1,"Predator 12.4mm Pool Cue","DP1 V3",Visa,Friday,403766,1,1,100.00%,0,0.00%,1,1,100.00%,0,0.00%,1,0,$0.00,1,0.00%,0,0,$0.00,0,0.00%,0,0,0,$0.00,$0.00,$0.00,$0.00,$0.00,$0.00,$0.00,$0.00,$0.00,$0.00,0.00%,0,0.00%,$0.00,0.00%,0,0.00%,$0.00,0.00%,0,0.00%,$0.00,0.00%,0,0.00%,$0.00,0.00%,$0.00,$0.00,$0.00,$0.00,$0.00,$0.00,0.00%,$0.00,0.00%,$0.00,0.00%,$0.00,0.00%,$0.00,0.00%
"120 - RM_SS_(120)_QUANT_CBSL_CobaltRulesLLC_2698_25K",1,"Predator 12.4mm Pool Cue","DP1 V3",Visa,Friday,414398,1,0,0.00%,1,100.00%,1,0,0.00%,1,100.00%,1,1,$12.89,0,100.00%,0,0,$0.00,0,0.00%,1,1,1,$12.89,$0.00,$0.00,$12.89,$0.00,$0.00,$12.89,$0.00,$12.89,$0.00,0.00%,0,0.00%,$0.00,0.00%,0,0.00%,$0.00,0.00%,0,0.00%,$0.00,0.00%,0,0.00%,$0.00,0.00%,$12.89,$0.00,$0.00,$0.00,$0.00,$0.00,0.00%,$0.00,0.00%,$0.00,0.00%,$0.00,0.00%,$12.89,100.00%
"120 - RM_SS_(120)_QUANT_CBSL_CobaltRulesLLC_2698_25K",1,"Predator 12.4mm Pool Cue","DP1 V3",Visa,Friday,419002,1,0,0.00%,1,100.00%,1,0,0.00%,1,100.00%,1,1,$12.89,0,100.00%,0,0,$0.00,0,0.00%,1,1,1,$12.89,$0.00,$0.00,$12.89,$0.00,$0.00,$12.89,$0.00,$12.89,$0.00,0.00%,0,0.00%,$0.00,0.00%,0,0.00%,$0.00,0.00%,0,0.00%,$0.00,0.00%,0,0.00%,$0.00,0.00%,$12.89,$0.00,$0.00,$0.00,$0.00,$0.00,0.00%,$0.00,0.00%,$0.00,0.00%,$0.00,0.00%,$12.89,100.00%
"120 - RM_SS_(120)_QUANT_CBSL_CobaltRulesLLC_2698_25K",1,"Predator 12.4mm Pool Cue","DP1 V3",Visa,Friday,425908,1,0,0.00%,1,100.00%,1,0,0.00%,1,100.00%,1,1,$12.89,0,100.00%,0,0,$0.00,0,0.00%,1,1,1,$12.89,$0.00,$0.00,$12.89,$0.00,$0.00,$12.89,$0.00,$12.89,$0.00,0.00%,0,0.00%,$0.00,0.00%,0,0.00%,$0.00,0.00%,0,0.00%,$0.00,0.00%,0,0.00%,$0.00,0.00%,$12.89,$0.00,$0.00,$0.00,$0.00,$0.00,0.00%,$0.00,0.00%,$0.00,0.00%,$0.00,0.00%,$12.89,100.00%
"120 - RM_SS_(120)_QUANT_CBSL_CobaltRulesLLC_2698_25K",1,"Predator 12.4mm Pool Cue","DP1 V3",Visa,Friday,426684,1,0,0.00%,1,100.00%,1,0,0.00%,1,100.00%,1,1,$12.89,0,100.00%,0,0,$0.00,0,0.00%,1,1,1,$12.89,$0.00,$0.00,$12.89,$0.00,$0.00,$12.89,$0.00,$12.89,$0.00,0.00%,0,0.00%,$0.00,0.00%,0,0.00%,$0.00,0.00%,0,0.00%,$0.00,0.00%,0,0.00%,$0.00,0.00%,$12.89,$0.00,$0.00,$0.00,$0.00,$0.00,0.00%,$0.00,0.00%,$0.00,0.00%,$0.00,0.00%,$12.89,100.00%
"120 - RM_SS_(120)_QUANT_CBSL_CobaltRulesLLC_2698_25K",1,"Predator 12.4mm Pool Cue","DP1 V3",Visa,Friday,434256,1,0,0.00%,1,100.00%,1,0,0.00%,1,100.00%,1,1,$12.89,0,100.00%,0,0,$0.00,0,0.00%,1,1,1,$12.89,$0.00,$0.00,$12.89,$0.00,$0.00,$12.89,$0.00,$12.89,$0.00,0.00%,0,0.00%,$0.00,0.00%,0,0.00%,$0.00,0.00%,0,0.00%,$0.00,0.00%,0,0.00%,$0.00,0.00%,$12.89,$0.00,$0.00,$0.00,$0.00,$0.00,0.00%,$0.00,0.00%,$0.00,0.00%,$0.00,0.00%,$12.89,100.00%
"120 - RM_SS_(120)_QUANT_CBSL_CobaltRulesLLC_2698_25K",1,"Predator 12.4mm Pool Cue","DP1 V3",Visa,Friday,436618,1,1,100.00%,0,0.00%,1,1,100.00%,0,0.00%,1,0,$0.00,1,0.00%,0,0,$0.00,0,0.00%,0,0,0,$0.00,$0.00,$0.00,$0.00,$0.00,$0.00,$0.00,$0.00,$0.00,$0.00,0.00%,0,0.00%,$0.00,0.00%,0,0.00%,$0.00,0.00%,0,0.00%,$0.00,0.00%,0,0.00%,$0.00,0.00%,$0.00,$0.00,$0.00,$0.00,$0.00,$0.00,0.00%,$0.00,0.00%,$0.00,0.00%,$0.00,0.00%,$0.00,0.00%
"120 - RM_SS_(120)_QUANT_CBSL_CobaltRulesLLC_2698_25K",1,"Predator 12.4mm Pool Cue","DP1 V3",Visa,Friday,443044,1,0,0.00%,1,100.00%,1,0,0.00%,1,100.00%,1,1,$12.89,0,100.00%,0,0,$0.00,0,0.00%,1,1,1,$12.89,$0.00,$0.00,$12.89,$0.00,$0.00,$12.89,$0.00,$12.89,$12.89,100.00%,1,100.00%,$12.89,100.00%,0,0.00%,$0.00,0.00%,0,0.00%,$0.00,0.00%,0,0.00%,$0.00,0.00%,$0.00,$0.00,$0.00,$0.00,$0.00,$0.00,0.00%,$0.00,0.00%,$0.00,0.00%,$0.00,0.00%,$0.00,0.00%
"120 - RM_SS_(120)_QUANT_CBSL_CobaltRulesLLC_2698_25K",1,"Predator 12.4mm Pool Cue","DP1 V3",Visa,Friday,443045,1,1,100.00%,0,0.00%,1,1,100.00%,0,0.00%,1,0,$0.00,1,0.00%,0,0,$0.00,0,0.00%,0,0,0,$0.00,$0.00,$0.00,$0.00,$0.00,$0.00,$0.00,$0.00,$0.00,$0.00,0.00%,0,0.00%,$0.00,0.00%,0,0.00%,$0.00,0.00%,0,0.00%,$0.00,0.00%,0,0.00%,$0.00,0.00%,$0.00,$0.00,$0.00,$0.00,$0.00,$0.00,0.00%,$0.00,0.00%,$0.00,0.00%,$0.00,0.00%,$0.00,0.00%
"120 - RM_SS_(120)_QUANT_CBSL_CobaltRulesLLC_2698_25K",1,"Predator 12.4mm Pool Cue","DP1 V3",Visa,Friday,446542,1,0,0.00%,1,100.00%,1,0,0.00%,1,100.00%,1,1,$12.89,0,100.00%,0,0,$0.00,0,0.00%,1,1,1,$12.89,$0.00,$0.00,$12.89,$0.00,$0.00,$12.89,$0.00,$12.89,$0.00,0.00%,0,0.00%,$0.00,0.00%,0,0.00%,$0.00,0.00%,0,0.00%,$0.00,0.00%,0,0.00%,$0.00,0.00%,$12.89,$0.00,$0.00,$0.00,$0.00,$0.00,0.00%,$0.00,0.00%,$0.00,0.00%,$0.00,0.00%,$12.89,100.00%
"120 - RM_SS_(120)_QUANT_CBSL_CobaltRulesLLC_2698_25K",1,"Predator 12.4mm Pool Cue","DP1 V3",Visa,Friday,447572,1,0,0.00%,1,100.00%,1,0,0.00%,1,100.00%,1,1,$12.89,0,100.00%,0,0,$0.00,0,0.00%,1,1,1,$12.89,$0.00,$0.00,$12.89,$0.00,$0.00,$12.89,$0.00,$12.89,$12.89,100.00%,1,100.00%,$12.89,100.00%,0,0.00%,$0.00,0.00%,0,0.00%,$0.00,0.00%,0,0.00%,$0.00,0.00%,$0.00,$0.00,$0.00,$0.00,$0.00,$0.00,0.00%,$0.00,0.00%,$0.00,0.00%,$0.00,0.00%,$0.00,0.00%
"120 - RM_SS_(120)_QUANT_CBSL_CobaltRulesLLC_2698_25K",1,"Predator 12.4mm Pool Cue","DP1 V3",Visa,Friday,448261,1,1,100.00%,0,0.00%,1,1,100.00%,0,0.00%,1,0,$0.00,1,0.00%,0,0,$0.00,0,0.00%,0,0,0,$0.00,$0.00,$0.00,$0.00,$0.00,$0.00,$0.00,$0.00,$0.00,$0.00,0.00%,0,0.00%,$0.00,0.00%,0,0.00%,$0.00,0.00%,0,0.00%,$0.00,0.00%,0,0.00%,$0.00,0.00%,$0.00,$0.00,$0.00,$0.00,$0.00,$0.00,0.00%,$0.00,0.00%,$0.00,0.00%,$0.00,0.00%,$0.00,0.00%
"120 - RM_SS_(120)_QUANT_CBSL_CobaltRulesLLC_2698_25K",1,"Predator 12.4mm Pool Cue","DP1 V3",Visa,Friday,466309,1,1,100.00%,0,0.00%,1,1,100.00%,0,0.00%,1,0,$0.00,1,0.00%,0,0,$0.00,0,0.00%,0,0,0,$0.00,$0.00,$0.00,$0.00,$0.00,$0.00,$0.00,$0.00,$0.00,$0.00,0.00%,0,0.00%,$0.00,0.00%,0,0.00%,$0.00,0.00%,0,0.00%,$0.00,0.00%,0,0.00%,$0.00,0.00%,$0.00,$0.00,$0.00,$0.00,$0.00,$0.00,0.00%,$0.00,0.00%,$0.00,0.00%,$0.00,0.00%,$0.00,0.00%
"120 - RM_SS_(120)_QUANT_CBSL_CobaltRulesLLC_2698_25K",1,"Predator 12.4mm Pool Cue","DP1 V3",Visa,Friday,474478,1,1,100.00%,0,0.00%,1,1,100.00%,0,0.00%,1,0,$0.00,1,0.00%,0,0,$0.00,0,0.00%,0,0,0,$0.00,$0.00,$0.00,$0.00,$0.00,$0.00,$0.00,$0.00,$0.00,$0.00,0.00%,0,0.00%,$0.00,0.00%,0,0.00%,$0.00,0.00%,0,0.00%,$0.00,0.00%,0,0.00%,$0.00,0.00%,$0.00,$0.00,$0.00,$0.00,$0.00,$0.00,0.00%,$0.00,0.00%,$0.00,0.00%,$0.00,0.00%,$0.00,0.00%
"120 - RM_SS_(120)_QUANT_CBSL_CobaltRulesLLC_2698_25K",1,"Predator 12.4mm Pool Cue","DP1 V3",Visa,Friday,489276,1,0,0.00%,1,100.00%,1,0,0.00%,1,100.00%,1,1,$12.89,0,100.00%,0,0,$0.00,0,0.00%,1,1,1,$12.89,$0.00,$0.00,$12.89,$0.00,$0.00,$12.89,$0.00,$12.89,$0.00,0.00%,0,0.00%,$0.00,0.00%,0,0.00%,$0.00,0.00%,0,0.00%,$0.00,0.00%,0,0.00%,$0.00,0.00%,$12.89,$0.00,$0.00,$0.00,$0.00,$0.00,0.00%,$0.00,0.00%,$0.00,0.00%,$0.00,0.00%,$12.89,100.00%
"120 - RM_SS_(120)_QUANT_CBSL_CobaltRulesLLC_2698_25K",1,"Predator 12.4mm Pool Cue","DP1 V3",Visa,Friday,499943,1,1,100.00%,0,0.00%,1,1,100.00%,0,0.00%,1,0,$0.00,1,0.00%,0,0,$0.00,0,0.00%,0,0,0,$0.00,$0.00,$0.00,$0.00,$0.00,$0.00,$0.00,$0.00,$0.00,$0.00,0.00%,0,0.00%,$0.00,0.00%,0,0.00%,$0.00,0.00%,0,0.00%,$0.00,0.00%,0,0.00%,$0.00,0.00%,$0.00,$0.00,$0.00,$0.00,$0.00,$0.00,0.00%,$0.00,0.00%,$0.00,0.00%,$0.00,0.00%,$0.00,0.00%
"120 - RM_SS_(120)_QUANT_CBSL_CobaltRulesLLC_2698_25K",1,"Storm Phaze 2 Bowling Ball","DP1 V3",Mastercard,Friday,514377,1,1,100.00%,0,0.00%,1,1,100.00%,0,0.00%,1,0,$0.00,1,0.00%,0,0,$0.00,0,0.00%,0,0,0,$0.00,$0.00,$0.00,$0.00,$0.00,$0.00,$0.00,$0.00,$0.00,$0.00,0.00%,0,0.00%,$0.00,0.00%,0,0.00%,$0.00,0.00%,0,0.00%,$0.00,0.00%,0,0.00%,$0.00,0.00%,$0.00,$0.00,$0.00,$0.00,$0.00,$0.00,0.00%,$0.00,0.00%,$0.00,0.00%,$0.00,0.00%,$0.00,0.00%
"120 - RM_SS_(120)_QUANT_CBSL_CobaltRulesLLC_2698_25K",1,"Storm Phaze 2 Bowling Ball","DP1 V3",Mastercard,Friday,524038,1,1,100.00%,0,0.00%,1,1,100.00%,0,0.00%,1,0,$0.00,1,0.00%,0,0,$0.00,0,0.00%,0,0,0,$0.00,$0.00,$0.00,$0.00,$0.00,$0.00,$0.00,$0.00,$0.00,$0.00,0.00%,0,0.00%,$0.00,0.00%,0,0.00%,$0.00,0.00%,0,0.00%,$0.00,0.00%,0,0.00%,$0.00,0.00%,$0.00,$0.00,$0.00,$0.00,$0.00,$0.00,0.00%,$0.00,0.00%,$0.00,0.00%,$0.00,0.00%,$0.00,0.00%
"120 - RM_SS_(120)_QUANT_CBSL_CobaltRulesLLC_2698_25K",1,"Storm Phaze 2 Bowling Ball","DP1 V3",Mastercard,Friday,524369,1,0,0.00%,1,100.00%,1,0,0.00%,1,100.00%,1,1,$12.89,0,100.00%,0,0,$0.00,0,0.00%,1,1,1,$12.89,$0.00,$0.00,$12.89,$0.00,$0.00,$12.89,$0.00,$12.89,$0.00,0.00%,0,0.00%,$0.00,0.00%,0,0.00%,$0.00,0.00%,0,0.00%,$0.00,0.00%,0,0.00%,$0.00,0.00%,$12.89,$0.00,$0.00,$0.00,$0.00,$0.00,0.00%,$0.00,0.00%,$0.00,0.00%,$0.00,0.00%,$12.89,100.00%
"120 - RM_SS_(120)_QUANT_CBSL_CobaltRulesLLC_2698_25K",1,"Storm Phaze 2 Bowling Ball","DP1 V3",Mastercard,Friday,534348,1,0,0.00%,1,100.00%,1,0,0.00%,1,100.00%,1,1,$12.89,0,100.00%,0,0,$0.00,0,0.00%,1,1,1,$12.89,$0.00,$0.00,$12.89,$0.00,$0.00,$12.89,$0.00,$12.89,$0.00,0.00%,0,0.00%,$0.00,0.00%,0,0.00%,$0.00,0.00%,0,0.00%,$0.00,0.00%,0,0.00%,$0.00,0.00%,$12.89,$0.00,$0.00,$0.00,$0.00,$0.00,0.00%,$0.00,0.00%,$0.00,0.00%,$0.00,0.00%,$12.89,100.00%
"120 - RM_SS_(120)_QUANT_CBSL_CobaltRulesLLC_2698_25K",1,"Storm Phaze 2 Bowling Ball","DP1 V3",Mastercard,Friday,539805,1,0,0.00%,1,100.00%,1,0,0.00%,1,100.00%,1,1,$12.89,0,100.00%,0,0,$0.00,0,0.00%,1,1,1,$12.89,$0.00,$0.00,$12.89,$0.00,$0.00,$12.89,$0.00,$12.89,$0.00,0.00%,0,0.00%,$0.00,0.00%,0,0.00%,$0.00,0.00%,0,0.00%,$0.00,0.00%,0,0.00%,$0.00,0.00%,$12.89,$0.00,$0.00,$0.00,$0.00,$0.00,0.00%,$0.00,0.00%,$0.00,0.00%,$0.00,0.00%,$12.89,100.00%
"120 - RM_SS_(120)_QUANT_CBSL_CobaltRulesLLC_2698_25K",1,"Storm Phaze 2 Bowling Ball","DP1 V3",Mastercard,Friday,544282,1,1,100.00%,0,0.00%,1,1,100.00%,0,0.00%,1,0,$0.00,1,0.00%,0,0,$0.00,0,0.00%,0,0,0,$0.00,$0.00,$0.00,$0.00,$0.00,$0.00,$0.00,$0.00,$0.00,$0.00,0.00%,0,0.00%,$0.00,0.00%,0,0.00%,$0.00,0.00%,0,0.00%,$0.00,0.00%,0,0.00%,$0.00,0.00%,$0.00,$0.00,$0.00,$0.00,$0.00,$0.00,0.00%,$0.00,0.00%,$0.00,0.00%,$0.00,0.00%,$0.00,0.00%
"120 - RM_SS_(120)_QUANT_CBSL_CobaltRulesLLC_2698_25K",1,"Storm Phaze 2 Bowling Ball","DP1 V3",Mastercard,Friday,546213,1,0,0.00%,1,100.00%,1,0,0.00%,1,100.00%,1,1,$12.89,0,100.00%,0,0,$0.00,0,0.00%,1,1,1,$12.89,$0.00,$0.00,$12.89,$0.00,$0.00,$12.89,$0.00,$12.89,$0.00,0.00%,0,0.00%,$0.00,0.00%,0,0.00%,$0.00,0.00%,0,0.00%,$0.00,0.00%,0,0.00%,$0.00,0.00%,$12.89,$0.00,$0.00,$0.00,$0.00,$0.00,0.00%,$0.00,0.00%,$0.00,0.00%,$0.00,0.00%,$12.89,100.00%
"120 - RM_SS_(120)_QUANT_CBSL_CobaltRulesLLC_2698_25K",1,"Storm Phaze 2 Bowling Ball","DP1 V3",Visa,Friday,403216,1,1,100.00%,0,0.00%,1,1,100.00%,0,0.00%,1,0,$0.00,1,0.00%,0,0,$0.00,0,0.00%,0,0,0,$0.00,$0.00,$0.00,$0.00,$0.00,$0.00,$0.00,$0.00,$0.00,$0.00,0.00%,0,0.00%,$0.00,0.00%,0,0.00%,$0.00,0.00%,0,0.00%,$0.00,0.00%,0,0.00%,$0.00,0.00%,$0.00,$0.00,$0.00,$0.00,$0.00,$0.00,0.00%,$0.00,0.00%,$0.00,0.00%,$0.00,0.00%,$0.00,0.00%
"120 - RM_SS_(120)_QUANT_CBSL_CobaltRulesLLC_2698_25K",1,"Storm Phaze 2 Bowling Ball","DP1 V3",Visa,Friday,407993,1,1,100.00%,0,0.00%,1,1,100.00%,0,0.00%,1,0,$0.00,1,0.00%,0,0,$0.00,0,0.00%,0,0,0,$0.00,$0.00,$0.00,$0.00,$0.00,$0.00,$0.00,$0.00,$0.00,$0.00,0.00%,0,0.00%,$0.00,0.00%,0,0.00%,$0.00,0.00%,0,0.00%,$0.00,0.00%,0,0.00%,$0.00,0.00%,$0.00,$0.00,$0.00,$0.00,$0.00,$0.00,0.00%,$0.00,0.00%,$0.00,0.00%,$0.00,0.00%,$0.00,0.00%
"120 - RM_SS_(120)_QUANT_CBSL_CobaltRulesLLC_2698_25K",1,"Storm Phaze 2 Bowling Ball","DP1 V3",Visa,Friday,410793,1,1,100.00%,0,0.00%,1,1,100.00%,0,0.00%,1,0,$0.00,1,0.00%,0,0,$0.00,0,0.00%,0,0,0,$0.00,$0.00,$0.00,$0.00,$0.00,$0.00,$0.00,$0.00,$0.00,$0.00,0.00%,0,0.00%,$0.00,0.00%,0,0.00%,$0.00,0.00%,0,0.00%,$0.00,0.00%,0,0.00%,$0.00,0.00%,$0.00,$0.00,$0.00,$0.00,$0.00,$0.00,0.00%,$0.00,0.00%,$0.00,0.00%,$0.00,0.00%,$0.00,0.00%
"120 - RM_SS_(120)_QUANT_CBSL_CobaltRulesLLC_2698_25K",1,"Storm Phaze 2 Bowling Ball","DP1 V3",Visa,Friday,414720,1,0,0.00%,1,100.00%,1,0,0.00%,1,100.00%,1,1,$12.89,0,100.00%,0,0,$0.00,0,0.00%,1,1,1,$12.89,$0.00,$0.00,$12.89,$0.00,$0.00,$12.89,$0.00,$12.89,$0.00,0.00%,0,0.00%,$0.00,0.00%,0,0.00%,$0.00,0.00%,0,0.00%,$0.00,0.00%,0,0.00%,$0.00,0.00%,$12.89,$0.00,$0.00,$0.00,$0.00,$0.00,0.00%,$0.00,0.00%,$0.00,0.00%,$0.00,0.00%,$12.89,100.00%
"120 - RM_SS_(120)_QUANT_CBSL_CobaltRulesLLC_2698_25K",1,"Storm Phaze 2 Bowling Ball","DP1 V3",Visa,Friday,414740,1,0,0.00%,1,100.00%,1,0,0.00%,1,100.00%,1,1,$12.89,0,100.00%,0,0,$0.00,0,0.00%,1,1,1,$12.89,$0.00,$0.00,$12.89,$0.00,$0.00,$12.89,$0.00,$12.89,$0.00,0.00%,0,0.00%,$0.00,0.00%,0,0.00%,$0.00,0.00%,0,0.00%,$0.00,0.00%,0,0.00%,$0.00,0.00%,$12.89,$0.00,$0.00,$0.00,$0.00,$0.00,0.00%,$0.00,0.00%,$0.00,0.00%,$0.00,0.00%,$12.89,100.00%
"120 - RM_SS_(120)_QUANT_CBSL_CobaltRulesLLC_2698_25K",1,"Storm Phaze 2 Bowling Ball","DP1 V3",Visa,Friday,414870,1,0,0.00%,1,100.00%,1,0,0.00%,1,100.00%,1,1,$12.89,0,100.00%,0,0,$0.00,0,0.00%,1,1,1,$12.89,$0.00,$0.00,$12.89,$0.00,$0.00,$12.89,$0.00,$12.89,$0.00,0.00%,0,0.00%,$0.00,0.00%,0,0.00%,$0.00,0.00%,0,0.00%,$0.00,0.00%,0,0.00%,$0.00,0.00%,$12.89,$0.00,$0.00,$0.00,$0.00,$0.00,0.00%,$0.00,0.00%,$0.00,0.00%,$0.00,0.00%,$12.89,100.00%
"120 - RM_SS_(120)_QUANT_CBSL_CobaltRulesLLC_2698_25K",1,"Storm Phaze 2 Bowling Ball","DP1 V3",Visa,Friday,420291,1,1,100.00%,0,0.00%,1,1,100.00%,0,0.00%,1,0,$0.00,1,0.00%,0,0,$0.00,0,0.00%,0,0,0,$0.00,$0.00,$0.00,$0.00,$0.00,$0.00,$0.00,$0.00,$0.00,$0.00,0.00%,0,0.00%,$0.00,0.00%,0,0.00%,$0.00,0.00%,0,0.00%,$0.00,0.00%,0,0.00%,$0.00,0.00%,$0.00,$0.00,$0.00,$0.00,$0.00,$0.00,0.00%,$0.00,0.00%,$0.00,0.00%,$0.00,0.00%,$0.00,0.00%
"120 - RM_SS_(120)_QUANT_CBSL_CobaltRulesLLC_2698_25K",1,"Storm Phaze 2 Bowling Ball","DP1 V3",Visa,Friday,431503,1,0,0.00%,1,100.00%,1,0,0.00%,1,100.00%,1,1,$12.89,0,100.00%,0,0,$0.00,0,0.00%,1,1,1,$12.89,$0.00,$0.00,$12.89,$0.00,$0.00,$12.89,$0.00,$12.89,$12.89,100.00%,0,0.00%,$0.00,0.00%,0,0.00%,$0.00,0.00%,0,0.00%,$0.00,0.00%,1,100.00%,$12.89,100.00%,$0.00,$0.00,$0.00,$0.00,$0.00,$0.00,0.00%,$0.00,0.00%,$0.00,0.00%,$0.00,0.00%,$0.00,0.00%
"120 - RM_SS_(120)_QUANT_CBSL_CobaltRulesLLC_2698_25K",1,"Storm Phaze 2 Bowling Ball","DP1 V3",Visa,Friday,434256,1,1,100.00%,0,0.00%,1,1,100.00%,0,0.00%,1,0,$0.00,1,0.00%,0,0,$0.00,0,0.00%,0,0,0,$0.00,$0.00,$0.00,$0.00,$0.00,$0.00,$0.00,$0.00,$0.00,$0.00,0.00%,0,0.00%,$0.00,0.00%,0,0.00%,$0.00,0.00%,0,0.00%,$0.00,0.00%,0,0.00%,$0.00,0.00%,$0.00,$0.00,$0.00,$0.00,$0.00,$0.00,0.00%,$0.00,0.00%,$0.00,0.00%,$0.00,0.00%,$0.00,0.00%
"120 - RM_SS_(120)_QUANT_CBSL_CobaltRulesLLC_2698_25K",1,"Storm Phaze 2 Bowling Ball","DP1 V3",Visa,Friday,434769,1,0,0.00%,1,100.00%,1,0,0.00%,1,100.00%,1,1,$12.89,0,100.00%,0,0,$0.00,0,0.00%,1,1,1,$12.89,$0.00,$0.00,$12.89,$0.00,$0.00,$12.89,$0.00,$12.89,$0.00,0.00%,0,0.00%,$0.00,0.00%,0,0.00%,$0.00,0.00%,0,0.00%,$0.00,0.00%,0,0.00%,$0.00,0.00%,$12.89,$0.00,$0.00,$0.00,$0.00,$0.00,0.00%,$0.00,0.00%,$0.00,0.00%,$0.00,0.00%,$12.89,100.00%
"120 - RM_SS_(120)_QUANT_CBSL_CobaltRulesLLC_2698_25K",1,"Storm Phaze 2 Bowling Ball","DP1 V3",Visa,Friday,447227,1,1,100.00%,0,0.00%,1,1,100.00%,0,0.00%,1,0,$0.00,1,0.00%,0,0,$0.00,0,0.00%,0,0,0,$0.00,$0.00,$0.00,$0.00,$0.00,$0.00,$0.00,$0.00,$0.00,$0.00,0.00%,0,0.00%,$0.00,0.00%,0,0.00%,$0.00,0.00%,0,0.00%,$0.00,0.00%,0,0.00%,$0.00,0.00%,$0.00,$0.00,$0.00,$0.00,$0.00,$0.00,0.00%,$0.00,0.00%,$0.00,0.00%,$0.00,0.00%,$0.00,0.00%
"120 - RM_SS_(120)_QUANT_CBSL_CobaltRulesLLC_2698_25K",1,"Storm Phaze 2 Bowling Ball","DP1 V3",Visa,Friday,449787,1,0,0.00%,1,100.00%,1,0,0.00%,1,100.00%,1,1,$12.89,0,100.00%,0,0,$0.00,0,0.00%,1,1,1,$12.89,$0.00,$0.00,$12.89,$0.00,$0.00,$12.89,$0.00,$12.89,$12.89,100.00%,0,0.00%,$0.00,0.00%,1,100.00%,$12.89,100.00%,0,0.00%,$0.00,0.00%,0,0.00%,$0.00,0.00%,$0.00,$0.00,$0.00,$0.00,$0.00,$0.00,0.00%,$0.00,0.00%,$0.00,0.00%,$0.00,0.00%,$0.00,0.00%
"120 - RM_SS_(120)_QUANT_CBSL_CobaltRulesLLC_2698_25K",1,"Storm Phaze 2 Bowling Ball","DP1 V3",Visa,Friday,473702,1,1,100.00%,0,0.00%,1,1,100.00%,0,0.00%,1,0,$0.00,1,0.00%,0,0,$0.00,0,0.00%,0,0,0,$0.00,$0.00,$0.00,$0.00,$0.00,$0.00,$0.00,$0.00,$0.00,$0.00,0.00%,0,0.00%,$0.00,0.00%,0,0.00%,$0.00,0.00%,0,0.00%,$0.00,0.00%,0,0.00%,$0.00,0.00%,$0.00,$0.00,$0.00,$0.00,$0.00,$0.00,0.00%,$0.00,0.00%,$0.00,0.00%,$0.00,0.00%,$0.00,0.00%
"120 - RM_SS_(120)_QUANT_CBSL_CobaltRulesLLC_2698_25K",1,"Storm Phaze 2 Bowling Ball","DP1 V3",Visa,Friday,482099,1,1,100.00%,0,0.00%,1,1,100.00%,0,0.00%,1,0,$0.00,1,0.00%,0,0,$0.00,0,0.00%,0,0,0,$0.00,$0.00,$0.00,$0.00,$0.00,$0.00,$0.00,$0.00,$0.00,$0.00,0.00%,0,0.00%,$0.00,0.00%,0,0.00%,$0.00,0.00%,0,0.00%,$0.00,0.00%,0,0.00%,$0.00,0.00%,$0.00,$0.00,$0.00,$0.00,$0.00,$0.00,0.00%,$0.00,0.00%,$0.00,0.00%,$0.00,0.00%,$0.00,0.00%
"120 - RM_SS_(120)_QUANT_CBSL_CobaltRulesLLC_2698_25K",1,"Storm Phaze 2 Bowling Ball","DP1 V3",Visa,Friday,483316,1,0,0.00%,1,100.00%,1,0,0.00%,1,100.00%,1,1,$12.89,0,100.00%,0,0,$0.00,0,0.00%,1,1,1,$12.89,$0.00,$0.00,$12.89,$0.00,$0.00,$12.89,$0.00,$12.89,$0.00,0.00%,0,0.00%,$0.00,0.00%,0,0.00%,$0.00,0.00%,0,0.00%,$0.00,0.00%,0,0.00%,$0.00,0.00%,$12.89,$0.00,$0.00,$0.00,$0.00,$0.00,0.00%,$0.00,0.00%,$0.00,0.00%,$0.00,0.00%,$12.89,100.00%
"120 - RM_SS_(120)_QUANT_CBSL_CobaltRulesLLC_2698_25K",1,"Storm Phaze 2 Bowling Ball","DP1 V3",Visa,Friday,485413,1,0,0.00%,1,100.00%,1,0,0.00%,1,100.00%,1,1,$12.89,0,100.00%,0,0,$0.00,0,0.00%,1,1,1,$12.89,$0.00,$0.00,$12.89,$0.00,$0.00,$12.89,$0.00,$12.89,$0.00,0.00%,0,0.00%,$0.00,0.00%,0,0.00%,$0.00,0.00%,0,0.00%,$0.00,0.00%,0,0.00%,$0.00,0.00%,$12.89,$0.00,$0.00,$0.00,$0.00,$0.00,0.00%,$0.00,0.00%,$0.00,0.00%,$0.00,0.00%,$12.89,100.00%
"120 - RM_SS_(120)_QUANT_CBSL_CobaltRulesLLC_2698_25K",1,"Storm Phaze 2 Bowling Ball","DP1 V3",Visa,Friday,498503,1,1,100.00%,0,0.00%,1,1,100.00%,0,0.00%,1,0,$0.00,1,0.00%,0,0,$0.00,0,0.00%,0,0,0,$0.00,$0.00,$0.00,$0.00,$0.00,$0.00,$0.00,$0.00,$0.00,$0.00,0.00%,0,0.00%,$0.00,0.00%,0,0.00%,$0.00,0.00%,0,0.00%,$0.00,0.00%,0,0.00%,$0.00,0.00%,$0.00,$0.00,$0.00,$0.00,$0.00,$0.00,0.00%,$0.00,0.00%,$0.00,0.00%,$0.00,0.00%,$0.00,0.00%
"120 - RM_SS_(120)_QUANT_CBSL_CobaltRulesLLC_2698_25K",1,"Yellow Ford Mustang Electric Bike","DP1 V3",Mastercard,Friday,514377,1,0,0.00%,1,100.00%,1,0,0.00%,1,100.00%,1,1,$12.89,0,100.00%,0,0,$0.00,0,0.00%,1,1,1,$12.89,$0.00,$0.00,$12.89,$0.00,$0.00,$12.89,$0.00,$12.89,$0.00,0.00%,0,0.00%,$0.00,0.00%,0,0.00%,$0.00,0.00%,0,0.00%,$0.00,0.00%,0,0.00%,$0.00,0.00%,$12.89,$0.00,$0.00,$0.00,$0.00,$0.00,0.00%,$0.00,0.00%,$0.00,0.00%,$0.00,0.00%,$12.89,100.00%
"120 - RM_SS_(120)_QUANT_CBSL_CobaltRulesLLC_2698_25K",1,"Yellow Ford Mustang Electric Bike","DP1 V3",Mastercard,Friday,519234,1,1,100.00%,0,0.00%,1,1,100.00%,0,0.00%,1,0,$0.00,1,0.00%,0,0,$0.00,0,0.00%,0,0,0,$0.00,$0.00,$0.00,$0.00,$0.00,$0.00,$0.00,$0.00,$0.00,$0.00,0.00%,0,0.00%,$0.00,0.00%,0,0.00%,$0.00,0.00%,0,0.00%,$0.00,0.00%,0,0.00%,$0.00,0.00%,$0.00,$0.00,$0.00,$0.00,$0.00,$0.00,0.00%,$0.00,0.00%,$0.00,0.00%,$0.00,0.00%,$0.00,0.00%
"14 - GY_RM_14_PRIOR_SYN_BrightAdvantageLLC_2051_75K",1,"Predator 12.4mm Pool Cue","DP1 V3",Mastercard,Friday,514021,1,1,100.00%,0,0.00%,1,1,100.00%,0,0.00%,1,0,$0.00,1,0.00%,0,0,$0.00,0,0.00%,0,0,0,$0.00,$0.00,$0.00,$0.00,$0.00,$0.00,$0.00,$0.00,$0.00,$0.00,0.00%,0,0.00%,$0.00,0.00%,0,0.00%,$0.00,0.00%,0,0.00%,$0.00,0.00%,0,0.00%,$0.00,0.00%,$0.00,$0.20,$0.00,$0.00,$0.00,$0.00,0.00%,$0.00,0.00%,$0.00,0.00%,$0.20,0.00%,$-0.20,0.00%
"14 - GY_RM_14_PRIOR_SYN_BrightAdvantageLLC_2051_75K",1,"Predator 12.4mm Pool Cue","DP1 V3",Mastercard,Friday,515676,1,1,100.00%,0,0.00%,1,1,100.00%,0,0.00%,1,0,$0.00,1,0.00%,0,0,$0.00,0,0.00%,0,0,0,$0.00,$0.00,$0.00,$0.00,$0.00,$0.00,$0.00,$0.00,$0.00,$0.00,0.00%,0,0.00%,$0.00,0.00%,0,0.00%,$0.00,0.00%,0,0.00%,$0.00,0.00%,0,0.00%,$0.00,0.00%,$0.00,$0.20,$0.00,$0.00,$0.00,$0.00,0.00%,$0.00,0.00%,$0.00,0.00%,$0.20,0.00%,$-0.20,0.00%
"14 - GY_RM_14_PRIOR_SYN_BrightAdvantageLLC_2051_75K",1,"Predator 12.4mm Pool Cue","DP1 V3",Visa,Friday,427557,1,1,100.00%,0,0.00%,1,1,100.00%,0,0.00%,1,0,$0.00,1,0.00%,0,0,$0.00,0,0.00%,0,0,0,$0.00,$0.00,$0.00,$0.00,$0.00,$0.00,$0.00,$0.00,$0.00,$0.00,0.00%,0,0.00%,$0.00,0.00%,0,0.00%,$0.00,0.00%,0,0.00%,$0.00,0.00%,0,0.00%,$0.00,0.00%,$0.00,$0.20,$0.00,$0.00,$0.00,$0.00,0.00%,$0.00,0.00%,$0.00,0.00%,$0.20,0.00%,$-0.20,0.00%
"14 - GY_RM_14_PRIOR_SYN_BrightAdvantageLLC_2051_75K",1,"Storm Phaze 2 Bowling Ball","DP1 V3",Visa,Friday,412777,1,1,100.00%,0,0.00%,1,1,100.00%,0,0.00%,1,0,$0.00,1,0.00%,0,0,$0.00,0,0.00%,0,0,0,$0.00,$0.00,$0.00,$0.00,$0.00,$0.00,$0.00,$0.00,$0.00,$0.00,0.00%,0,0.00%,$0.00,0.00%,0,0.00%,$0.00,0.00%,0,0.00%,$0.00,0.00%,0,0.00%,$0.00,0.00%,$0.00,$0.20,$0.00,$0.00,$0.00,$0.00,0.00%,$0.00,0.00%,$0.00,0.00%,$0.20,0.00%,$-0.20,0.00%
"14 - GY_RM_14_PRIOR_SYN_BrightAdvantageLLC_2051_75K",1,"Storm Phaze 2 Bowling Ball","DP1 V3",Visa,Friday,414720,1,1,100.00%,0,0.00%,1,1,100.00%,0,0.00%,1,0,$0.00,1,0.00%,0,0,$0.00,0,0.00%,0,0,0,$0.00,$0.00,$0.00,$0.00,$0.00,$0.00,$0.00,$0.00,$0.00,$0.00,0.00%,0,0.00%,$0.00,0.00%,0,0.00%,$0.00,0.00%,0,0.00%,$0.00,0.00%,0,0.00%,$0.00,0.00%,$0.00,$0.20,$0.00,$0.00,$0.00,$0.00,0.00%,$0.00,0.00%,$0.00,0.00%,$0.20,0.00%,$-0.20,0.00%
"14 - GY_RM_14_PRIOR_SYN_BrightAdvantageLLC_2051_75K",1,"Storm Phaze 2 Bowling Ball","DP1 V3",Visa,Friday,430587,1,1,100.00%,0,0.00%,1,1,100.00%,0,0.00%,1,0,$0.00,1,0.00%,0,0,$0.00,0,0.00%,0,0,0,$0.00,$0.00,$0.00,$0.00,$0.00,$0.00,$0.00,$0.00,$0.00,$0.00,0.00%,0,0.00%,$0.00,0.00%,0,0.00%,$0.00,0.00%,0,0.00%,$0.00,0.00%,0,0.00%,$0.00,0.00%,$0.00,$0.20,$0.00,$0.00,$0.00,$0.00,0.00%,$0.00,0.00%,$0.00,0.00%,$0.20,0.00%,$-0.20,0.00%
"14 - GY_RM_14_PRIOR_SYN_BrightAdvantageLLC_2051_75K",1,"Yellow Ford Mustang Electric Bike","DP1 V3",Mastercard,Friday,517546,1,0,0.00%,1,100.00%,1,0,0.00%,1,100.00%,1,1,$12.89,0,100.00%,0,0,$0.00,0,0.00%,1,1,1,$12.89,$0.00,$0.00,$12.89,$0.00,$0.00,$12.89,$0.00,$12.89,$0.00,0.00%,0,0.00%,$0.00,0.00%,0,0.00%,$0.00,0.00%,0,0.00%,$0.00,0.00%,0,0.00%,$0.00,0.00%,$12.89,$0.84,$0.00,$0.00,$0.00,$0.00,0.00%,$0.00,0.00%,$0.00,0.00%,$0.84,6.52%,$12.05,93.48%
"14 - GY_RM_14_PRIOR_SYN_BrightAdvantageLLC_2051_75K",1,"Yellow Ford Mustang Electric Bike","DP1 V3",Mastercard,Friday,528749,1,0,0.00%,1,100.00%,1,0,0.00%,1,100.00%,1,1,$12.89,0,100.00%,0,0,$0.00,0,0.00%,1,1,1,$12.89,$0.00,$0.00,$12.89,$0.00,$0.00,$12.89,$0.00,$12.89,$0.00,0.00%,0,0.00%,$0.00,0.00%,0,0.00%,$0.00,0.00%,0,0.00%,$0.00,0.00%,0,0.00%,$0.00,0.00%,$12.89,$0.84,$0.00,$0.00,$0.00,$0.00,0.00%,$0.00,0.00%,$0.00,0.00%,$0.84,6.52%,$12.05,93.48%
"14 - GY_RM_14_PRIOR_SYN_BrightAdvantageLLC_2051_75K",1,"Yellow Ford Mustang Electric Bike","DP1 V3",Mastercard,Friday,529149,1,1,100.00%,0,0.00%,1,1,100.00%,0,0.00%,1,0,$0.00,1,0.00%,0,0,$0.00,0,0.00%,0,0,0,$0.00,$0.00,$0.00,$0.00,$0.00,$0.00,$0.00,$0.00,$0.00,$0.00,0.00%,0,0.00%,$0.00,0.00%,0,0.00%,$0.00,0.00%,0,0.00%,$0.00,0.00%,0,0.00%,$0.00,0.00%,$0.00,$0.20,$0.00,$0.00,$0.00,$0.00,0.00%,$0.00,0.00%,$0.00,0.00%,$0.20,0.00%,$-0.20,0.00%
"14 - GY_RM_14_PRIOR_SYN_BrightAdvantageLLC_2051_75K",1,"Yellow Ford Mustang Electric Bike","DP1 V3",Visa,Friday,409908,1,1,100.00%,0,0.00%,1,1,100.00%,0,0.00%,1,0,$0.00,1,0.00%,0,0,$0.00,0,0.00%,0,0,0,$0.00,$0.00,$0.00,$0.00,$0.00,$0.00,$0.00,$0.00,$0.00,$0.00,0.00%,0,0.00%,$0.00,0.00%,0,0.00%,$0.00,0.00%,0,0.00%,$0.00,0.00%,0,0.00%,$0.00,0.00%,$0.00,$0.20,$0.00,$0.00,$0.00,$0.00,0.00%,$0.00,0.00%,$0.00,0.00%,$0.20,0.00%,$-0.20,0.00%
"14 - GY_RM_14_PRIOR_SYN_BrightAdvantageLLC_2051_75K",1,"Yellow Ford Mustang Electric Bike","DP1 V3",Visa,Friday,457431,1,1,100.00%,0,0.00%,1,1,100.00%,0,0.00%,1,0,$0.00,1,0.00%,0,0,$0.00,0,0.00%,0,0,0,$0.00,$0.00,$0.00,$0.00,$0.00,$0.00,$0.00,$0.00,$0.00,$0.00,0.00%,0,0.00%,$0.00,0.00%,0,0.00%,$0.00,0.00%,0,0.00%,$0.00,0.00%,0,0.00%,$0.00,0.00%,$0.00,$0.20,$0.00,$0.00,$0.00,$0.00,0.00%,$0.00,0.00%,$0.00,0.00%,$0.20,0.00%,$-0.20,0.00%
"21 - RM_21_QUANT_CBSL_BrightAdvantageLLC_3462_25K",1,"Predator 12.4mm Pool Cue","DP1 V3",Mastercard,Friday,546325,1,1,100.00%,0,0.00%,1,1,100.00%,0,0.00%,1,0,$0.00,1,0.00%,0,0,$0.00,0,0.00%,0,0,0,$0.00,$0.00,$0.00,$0.00,$0.00,$0.00,$0.00,$0.00,$0.00,$0.00,0.00%,0,0.00%,$0.00,0.00%,0,0.00%,$0.00,0.00%,0,0.00%,$0.00,0.00%,0,0.00%,$0.00,0.00%,$0.00,$0.20,$0.00,$0.00,$0.00,$0.00,0.00%,$0.00,0.00%,$0.00,0.00%,$0.20,0.00%,$-0.20,0.00%
"21 - RM_21_QUANT_CBSL_BrightAdvantageLLC_3462_25K",1,"Predator 12.4mm Pool Cue","DP1 V3",Mastercard,Friday,550703,1,1,100.00%,0,0.00%,1,1,100.00%,0,0.00%,1,0,$0.00,1,0.00%,0,0,$0.00,0,0.00%,0,0,0,$0.00,$0.00,$0.00,$0.00,$0.00,$0.00,$0.00,$0.00,$0.00,$0.00,0.00%,0,0.00%,$0.00,0.00%,0,0.00%,$0.00,0.00%,0,0.00%,$0.00,0.00%,0,0.00%,$0.00,0.00%,$0.00,$0.20,$0.00,$0.00,$0.00,$0.00,0.00%,$0.00,0.00%,$0.00,0.00%,$0.20,0.00%,$-0.20,0.00%
"21 - RM_21_QUANT_CBSL_BrightAdvantageLLC_3462_25K",1,"Predator 12.4mm Pool Cue","DP1 V3",Visa,Friday,451311,1,1,100.00%,0,0.00%,1,1,100.00%,0,0.00%,1,0,$0.00,1,0.00%,0,0,$0.00,0,0.00%,0,0,0,$0.00,$0.00,$0.00,$0.00,$0.00,$0.00,$0.00,$0.00,$0.00,$0.00,0.00%,0,0.00%,$0.00,0.00%,0,0.00%,$0.00,0.00%,0,0.00%,$0.00,0.00%,0,0.00%,$0.00,0.00%,$0.00,$0.20,$0.00,$0.00,$0.00,$0.00,0.00%,$0.00,0.00%,$0.00,0.00%,$0.20,0.00%,$-0.20,0.00%
"21 - RM_21_QUANT_CBSL_BrightAdvantageLLC_3462_25K",1,"Storm Phaze 2 Bowling Ball","DP1 V3",Mastercard,Friday,515676,1,0,0.00%,1,100.00%,1,0,0.00%,1,100.00%,1,1,$12.89,0,100.00%,0,0,$0.00,0,0.00%,1,1,1,$12.89,$0.00,$0.00,$12.89,$0.00,$0.00,$12.89,$0.00,$12.89,$0.00,0.00%,0,0.00%,$0.00,0.00%,0,0.00%,$0.00,0.00%,0,0.00%,$0.00,0.00%,0,0.00%,$0.00,0.00%,$12.89,$0.84,$0.00,$0.00,$0.00,$0.00,0.00%,$0.00,0.00%,$0.00,0.00%,$0.84,6.52%,$12.05,93.48%
"21 - RM_21_QUANT_CBSL_BrightAdvantageLLC_3462_25K",1,"Storm Phaze 2 Bowling Ball","DP1 V3",Mastercard,Friday,553680,1,1,100.00%,0,0.00%,1,1,100.00%,0,0.00%,1,0,$0.00,1,0.00%,0,0,$0.00,0,0.00%,0,0,0,$0.00,$0.00,$0.00,$0.00,$0.00,$0.00,$0.00,$0.00,$0.00,$0.00,0.00%,0,0.00%,$0.00,0.00%,0,0.00%,$0.00,0.00%,0,0.00%,$0.00,0.00%,0,0.00%,$0.00,0.00%,$0.00,$0.20,$0.00,$0.00,$0.00,$0.00,0.00%,$0.00,0.00%,$0.00,0.00%,$0.20,0.00%,$-0.20,0.00%
"21 - RM_21_QUANT_CBSL_BrightAdvantageLLC_3462_25K",1,"Storm Phaze 2 Bowling Ball","DP1 V3",Visa,Friday,415384,1,0,0.00%,1,100.00%,1,0,0.00%,1,100.00%,1,1,$12.89,0,100.00%,0,0,$0.00,0,0.00%,1,1,1,$12.89,$0.00,$0.00,$12.89,$0.00,$0.00,$12.89,$0.00,$12.89,$0.00,0.00%,0,0.00%,$0.00,0.00%,0,0.00%,$0.00,0.00%,0,0.00%,$0.00,0.00%,0,0.00%,$0.00,0.00%,$12.89,$0.84,$0.00,$0.00,$0.00,$0.00,0.00%,$0.00,0.00%,$0.00,0.00%,$0.84,6.52%,$12.05,93.48%
"21 - RM_21_QUANT_CBSL_BrightAdvantageLLC_3462_25K",1,"Storm Phaze 2 Bowling Ball","DP1 V3",Visa,Friday,457431,1,0,0.00%,1,100.00%,1,0,0.00%,1,100.00%,1,1,$12.89,0,100.00%,0,0,$0.00,0,0.00%,1,1,1,$12.89,$0.00,$0.00,$12.89,$0.00,$0.00,$12.89,$0.00,$12.89,$0.00,0.00%,0,0.00%,$0.00,0.00%,0,0.00%,$0.00,0.00%,0,0.00%,$0.00,0.00%,0,0.00%,$0.00,0.00%,$12.89,$0.84,$0.00,$0.00,$0.00,$0.00,0.00%,$0.00,0.00%,$0.00,0.00%,$0.84,6.52%,$12.05,93.48%
"21 - RM_21_QUANT_CBSL_BrightAdvantageLLC_3462_25K",1,"Yellow Ford Mustang Electric Bike","DP1 V3",Visa,Friday,409589,1,1,100.00%,0,0.00%,1,1,100.00%,0,0.00%,1,0,$0.00,1,0.00%,0,0,$0.00,0,0.00%,0,0,0,$0.00,$0.00,$0.00,$0.00,$0.00,$0.00,$0.00,$0.00,$0.00,$0.00,0.00%,0,0.00%,$0.00,0.00%,0,0.00%,$0.00,0.00%,0,0.00%,$0.00,0.00%,0,0.00%,$0.00,0.00%,$0.00,$0.20,$0.00,$0.00,$0.00,$0.00,0.00%,$0.00,0.00%,$0.00,0.00%,$0.20,0.00%,$-0.20,0.00%
"21 - RM_21_QUANT_CBSL_BrightAdvantageLLC_3462_25K",1,"Yellow Ford Mustang Electric Bike","DP1 V3",Visa,Friday,414709,1,1,100.00%,0,0.00%,1,1,100.00%,0,0.00%,1,0,$0.00,1,0.00%,0,0,$0.00,0,0.00%,0,0,0,$0.00,$0.00,$0.00,$0.00,$0.00,$0.00,$0.00,$0.00,$0.00,$0.00,0.00%,0,0.00%,$0.00,0.00%,0,0.00%,$0.00,0.00%,0,0.00%,$0.00,0.00%,0,0.00%,$0.00,0.00%,$0.00,$0.20,$0.00,$0.00,$0.00,$0.00,0.00%,$0.00,0.00%,$0.00,0.00%,$0.20,0.00%,$-0.20,0.00%
"21 - RM_21_QUANT_CBSL_BrightAdvantageLLC_3462_25K",1,"Yellow Ford Mustang Electric Bike","DP1 V3",Visa,Friday,414740,1,1,100.00%,0,0.00%,1,1,100.00%,0,0.00%,1,0,$0.00,1,0.00%,0,0,$0.00,0,0.00%,0,0,0,$0.00,$0.00,$0.00,$0.00,$0.00,$0.00,$0.00,$0.00,$0.00,$0.00,0.00%,0,0.00%,$0.00,0.00%,0,0.00%,$0.00,0.00%,0,0.00%,$0.00,0.00%,0,0.00%,$0.00,0.00%,$0.00,$0.20,$0.00,$0.00,$0.00,$0.00,0.00%,$0.00,0.00%,$0.00,0.00%,$0.20,0.00%,$-0.20,0.00%
"21 - RM_21_QUANT_CBSL_BrightAdvantageLLC_3462_25K",1,"Yellow Ford Mustang Electric Bike","DP1 V3",Visa,Friday,426684,1,1,100.00%,0,0.00%,1,1,100.00%,0,0.00%,1,0,$0.00,1,0.00%,0,0,$0.00,0,0.00%,0,0,0,$0.00,$0.00,$0.00,$0.00,$0.00,$0.00,$0.00,$0.00,$0.00,$0.00,0.00%,0,0.00%,$0.00,0.00%,0,0.00%,$0.00,0.00%,0,0.00%,$0.00,0.00%,0,0.00%,$0.00,0.00%,$0.00,$0.20,$0.00,$0.00,$0.00,$0.00,0.00%,$0.00,0.00%,$0.00,0.00%,$0.20,0.00%,$-0.20,0.00%
"21 - RM_21_QUANT_CBSL_BrightAdvantageLLC_3462_25K",1,"Yellow Ford Mustang Electric Bike","DP1 V3",Visa,Friday,427146,1,1,100.00%,0,0.00%,1,1,100.00%,0,0.00%,1,0,$0.00,1,0.00%,0,0,$0.00,0,0.00%,0,0,0,$0.00,$0.00,$0.00,$0.00,$0.00,$0.00,$0.00,$0.00,$0.00,$0.00,0.00%,0,0.00%,$0.00,0.00%,0,0.00%,$0.00,0.00%,0,0.00%,$0.00,0.00%,0,0.00%,$0.00,0.00%,$0.00,$0.20,$0.00,$0.00,$0.00,$0.00,0.00%,$0.00,0.00%,$0.00,0.00%,$0.20,0.00%,$-0.20,0.00%
"21 - RM_21_QUANT_CBSL_BrightAdvantageLLC_3462_25K",1,"Yellow Ford Mustang Electric Bike","DP1 V3",Visa,Friday,447227,1,1,100.00%,0,0.00%,1,1,100.00%,0,0.00%,1,0,$0.00,1,0.00%,0,0,$0.00,0,0.00%,0,0,0,$0.00,$0.00,$0.00,$0.00,$0.00,$0.00,$0.00,$0.00,$0.00,$0.00,0.00%,0,0.00%,$0.00,0.00%,0,0.00%,$0.00,0.00%,0,0.00%,$0.00,0.00%,0,0.00%,$0.00,0.00%,$0.00,$0.20,$0.00,$0.00,$0.00,$0.00,0.00%,$0.00,0.00%,$0.00,0.00%,$0.20,0.00%,$-0.20,0.00%
"21 - RM_21_QUANT_CBSL_BrightAdvantageLLC_3462_25K",1,"Yellow Ford Mustang Electric Bike","DP1 V3",Visa,Friday,481583,1,1,100.00%,0,0.00%,1,1,100.00%,0,0.00%,1,0,$0.00,1,0.00%,0,0,$0.00,0,0.00%,0,0,0,$0.00,$0.00,$0.00,$0.00,$0.00,$0.00,$0.00,$0.00,$0.00,$0.00,0.00%,0,0.00%,$0.00,0.00%,0,0.00%,$0.00,0.00%,0,0.00%,$0.00,0.00%,0,0.00%,$0.00,0.00%,$0.00,$0.20,$0.00,$0.00,$0.00,$0.00,0.00%,$0.00,0.00%,$0.00,0.00%,$0.20,0.00%,$-0.20,0.00%
"22 - RM_22_QUANT_CBSL_BrightAdvantageLLC_3454_25K",1,"Predator 12.4mm Pool Cue","DP1 V3",Mastercard,Friday,557615,1,1,100.00%,0,0.00%,1,1,100.00%,0,0.00%,1,0,$0.00,1,0.00%,0,0,$0.00,0,0.00%,0,0,0,$0.00,$0.00,$0.00,$0.00,$0.00,$0.00,$0.00,$0.00,$0.00,$0.00,0.00%,0,0.00%,$0.00,0.00%,0,0.00%,$0.00,0.00%,0,0.00%,$0.00,0.00%,0,0.00%,$0.00,0.00%,$0.00,$0.20,$0.00,$0.00,$0.00,$0.00,0.00%,$0.00,0.00%,$0.00,0.00%,$0.20,0.00%,$-0.20,0.00%
"22 - RM_22_QUANT_CBSL_BrightAdvantageLLC_3454_25K",1,"Predator 12.4mm Pool Cue","DP1 V3",Visa,Friday,457131,1,1,100.00%,0,0.00%,1,1,100.00%,0,0.00%,1,0,$0.00,1,0.00%,0,0,$0.00,0,0.00%,0,0,0,$0.00,$0.00,$0.00,$0.00,$0.00,$0.00,$0.00,$0.00,$0.00,$0.00,0.00%,0,0.00%,$0.00,0.00%,0,0.00%,$0.00,0.00%,0,0.00%,$0.00,0.00%,0,0.00%,$0.00,0.00%,$0.00,$0.20,$0.00,$0.00,$0.00,$0.00,0.00%,$0.00,0.00%,$0.00,0.00%,$0.20,0.00%,$-0.20,0.00%
"22 - RM_22_QUANT_CBSL_BrightAdvantageLLC_3454_25K",1,"Storm Phaze 2 Bowling Ball","DP1 V3",Mastercard,Friday,532569,1,1,100.00%,0,0.00%,1,1,100.00%,0,0.00%,1,0,$0.00,1,0.00%,0,0,$0.00,0,0.00%,0,0,0,$0.00,$0.00,$0.00,$0.00,$0.00,$0.00,$0.00,$0.00,$0.00,$0.00,0.00%,0,0.00%,$0.00,0.00%,0,0.00%,$0.00,0.00%,0,0.00%,$0.00,0.00%,0,0.00%,$0.00,0.00%,$0.00,$0.20,$0.00,$0.00,$0.00,$0.00,0.00%,$0.00,0.00%,$0.00,0.00%,$0.20,0.00%,$-0.20,0.00%
"22 - RM_22_QUANT_CBSL_BrightAdvantageLLC_3454_25K",1,"Storm Phaze 2 Bowling Ball","DP1 V3",Mastercard,Friday,557267,1,1,100.00%,0,0.00%,1,1,100.00%,0,0.00%,1,0,$0.00,1,0.00%,0,0,$0.00,0,0.00%,0,0,0,$0.00,$0.00,$0.00,$0.00,$0.00,$0.00,$0.00,$0.00,$0.00,$0.00,0.00%,0,0.00%,$0.00,0.00%,0,0.00%,$0.00,0.00%,0,0.00%,$0.00,0.00%,0,0.00%,$0.00,0.00%,$0.00,$0.20,$0.00,$0.00,$0.00,$0.00,0.00%,$0.00,0.00%,$0.00,0.00%,$0.20,0.00%,$-0.20,0.00%
"22 - RM_22_QUANT_CBSL_BrightAdvantageLLC_3454_25K",1,"Storm Phaze 2 Bowling Ball","DP1 V3",Visa,Friday,414740,1,1,100.00%,0,0.00%,1,1,100.00%,0,0.00%,1,0,$0.00,1,0.00%,0,0,$0.00,0,0.00%,0,0,0,$0.00,$0.00,$0.00,$0.00,$0.00,$0.00,$0.00,$0.00,$0.00,$0.00,0.00%,0,0.00%,$0.00,0.00%,0,0.00%,$0.00,0.00%,0,0.00%,$0.00,0.00%,0,0.00%,$0.00,0.00%,$0.00,$0.20,$0.00,$0.00,$0.00,$0.00,0.00%,$0.00,0.00%,$0.00,0.00%,$0.20,0.00%,$-0.20,0.00%
"22 - RM_22_QUANT_CBSL_BrightAdvantageLLC_3454_25K",1,"Storm Phaze 2 Bowling Ball","DP1 V3",Visa,Friday,424668,1,0,0.00%,1,100.00%,1,0,0.00%,1,100.00%,1,1,$12.89,0,100.00%,0,0,$0.00,0,0.00%,1,1,1,$12.89,$0.00,$0.00,$12.89,$0.00,$0.00,$12.89,$0.00,$12.89,$0.00,0.00%,0,0.00%,$0.00,0.00%,0,0.00%,$0.00,0.00%,0,0.00%,$0.00,0.00%,0,0.00%,$0.00,0.00%,$12.89,$0.84,$0.00,$0.00,$0.00,$0.00,0.00%,$0.00,0.00%,$0.00,0.00%,$0.84,6.52%,$12.05,93.48%
"22 - RM_22_QUANT_CBSL_BrightAdvantageLLC_3454_25K",1,"Storm Phaze 2 Bowling Ball","DP1 V3",Visa,Friday,446542,1,1,100.00%,0,0.00%,1,1,100.00%,0,0.00%,1,0,$0.00,1,0.00%,0,0,$0.00,0,0.00%,0,0,0,$0.00,$0.00,$0.00,$0.00,$0.00,$0.00,$0.00,$0.00,$0.00,$0.00,0.00%,0,0.00%,$0.00,0.00%,0,0.00%,$0.00,0.00%,0,0.00%,$0.00,0.00%,0,0.00%,$0.00,0.00%,$0.00,$0.20,$0.00,$0.00,$0.00,$0.00,0.00%,$0.00,0.00%,$0.00,0.00%,$0.20,0.00%,$-0.20,0.00%
"22 - RM_22_QUANT_CBSL_BrightAdvantageLLC_3454_25K",1,"Yellow Ford Mustang Electric Bike","DP1 V3",Mastercard,Friday,517148,1,1,100.00%,0,0.00%,1,1,100.00%,0,0.00%,1,0,$0.00,1,0.00%,0,0,$0.00,0,0.00%,0,0,0,$0.00,$0.00,$0.00,$0.00,$0.00,$0.00,$0.00,$0.00,$0.00,$0.00,0.00%,0,0.00%,$0.00,0.00%,0,0.00%,$0.00,0.00%,0,0.00%,$0.00,0.00%,0,0.00%,$0.00,0.00%,$0.00,$0.20,$0.00,$0.00,$0.00,$0.00,0.00%,$0.00,0.00%,$0.00,0.00%,$0.20,0.00%,$-0.20,0.00%
"22 - RM_22_QUANT_CBSL_BrightAdvantageLLC_3454_25K",1,"Yellow Ford Mustang Electric Bike","DP1 V3",Visa,Friday,434256,1,0,0.00%,1,100.00%,1,0,0.00%,1,100.00%,1,1,$12.89,0,100.00%,0,0,$0.00,0,0.00%,1,1,1,$12.89,$0.00,$0.00,$12.89,$0.00,$0.00,$12.89,$0.00,$12.89,$0.00,0.00%,0,0.00%,$0.00,0.00%,0,0.00%,$0.00,0.00%,0,0.00%,$0.00,0.00%,0,0.00%,$0.00,0.00%,$12.89,$0.84,$0.00,$0.00,$0.00,$0.00,0.00%,$0.00,0.00%,$0.00,0.00%,$0.84,6.52%,$12.05,93.48%
"22 - RM_22_QUANT_CBSL_BrightAdvantageLLC_3454_25K",1,"Yellow Ford Mustang Electric Bike","DP1 V3",Visa,Friday,490483,1,1,100.00%,0,0.00%,1,1,100.00%,0,0.00%,1,0,$0.00,1,0.00%,0,0,$0.00,0,0.00%,0,0,0,$0.00,$0.00,$0.00,$0.00,$0.00,$0.00,$0.00,$0.00,$0.00,$0.00,0.00%,0,0.00%,$0.00,0.00%,0,0.00%,$0.00,0.00%,0,0.00%,$0.00,0.00%,0,0.00%,$0.00,0.00%,$0.00,$0.20,$0.00,$0.00,$0.00,$0.00,0.00%,$0.00,0.00%,$0.00,0.00%,$0.20,0.00%,$-0.20,0.00%
"24 - GY_RM_24_QUANT_CBSL_BrightAdvantageLLC_3488_25K",1,"Predator 12.4mm Pool Cue","DP1 V3",Mastercard,Friday,512106,1,0,0.00%,1,100.00%,1,0,0.00%,1,100.00%,1,1,$12.89,0,100.00%,0,0,$0.00,0,0.00%,1,1,1,$12.89,$0.00,$0.00,$12.89,$0.00,$0.00,$12.89,$0.00,$12.89,$0.00,0.00%,0,0.00%,$0.00,0.00%,0,0.00%,$0.00,0.00%,0,0.00%,$0.00,0.00%,0,0.00%,$0.00,0.00%,$12.89,$0.84,$0.00,$0.00,$0.00,$0.00,0.00%,$0.00,0.00%,$0.00,0.00%,$0.84,6.52%,$12.05,93.48%
"25 - GY_NR1_RM_25_QUANT_CBSL_UniquePlusLLC_3389_25K",1,"Predator 12.4mm Pool Cue","DP1 V3",Visa,Friday,414398,1,0,0.00%,1,100.00%,1,0,0.00%,1,100.00%,1,1,$12.89,0,100.00%,0,0,$0.00,0,0.00%,1,1,1,$12.89,$0.00,$0.00,$12.89,$0.00,$0.00,$12.89,$0.00,$12.89,$12.89,100.00%,1,100.00%,$12.89,100.00%,0,0.00%,$0.00,0.00%,0,0.00%,$0.00,0.00%,0,0.00%,$0.00,0.00%,$0.00,$0.84,$0.00,$0.00,$0.00,$0.00,0.00%,$0.00,0.00%,$0.00,0.00%,$0.84,6.52%,$-0.84,-6.52%
"27 - GY_RM_27_QUANT_CBSL_UniquePlusLLC_3363_25K",1,"Yellow Ford Mustang Electric Bike","DP1 V3",Mastercard,Friday,525362,1,0,0.00%,1,100.00%,1,0,0.00%,1,100.00%,1,1,$12.89,0,100.00%,0,0,$0.00,0,0.00%,1,1,1,$12.89,$0.00,$0.00,$12.89,$0.00,$0.00,$12.89,$0.00,$12.89,$0.00,0.00%,0,0.00%,$0.00,0.00%,0,0.00%,$0.00,0.00%,0,0.00%,$0.00,0.00%,0,0.00%,$0.00,0.00%,$12.89,$0.84,$0.00,$0.00,$0.00,$0.00,0.00%,$0.00,0.00%,$0.00,0.00%,$0.84,6.52%,$12.05,93.48%
"28 - NR12_RM_28_QUANT_CBSL_UniquePlusLLC_3355_25K",1,"Storm Phaze 2 Bowling Ball","DP1 V3",Visa,Friday,406095,1,1,100.00%,0,0.00%,1,1,100.00%,0,0.00%,1,0,$0.00,1,0.00%,0,0,$0.00,0,0.00%,0,0,0,$0.00,$0.00,$0.00,$0.00,$0.00,$0.00,$0.00,$0.00,$0.00,$0.00,0.00%,0,0.00%,$0.00,0.00%,0,0.00%,$0.00,0.00%,0,0.00%,$0.00,0.00%,0,0.00%,$0.00,0.00%,$0.00,$0.20,$0.00,$0.00,$0.00,$0.00,0.00%,$0.00,0.00%,$0.00,0.00%,$0.20,0.00%,$-0.20,0.00%
"28 - NR12_RM_28_QUANT_CBSL_UniquePlusLLC_3355_25K",1,"Storm Phaze 2 Bowling Ball","DP1 V3",Visa,Friday,415975,1,0,0.00%,1,100.00%,1,0,0.00%,1,100.00%,1,1,$12.89,0,100.00%,0,0,$0.00,0,0.00%,1,1,1,$12.89,$0.00,$0.00,$12.89,$0.00,$0.00,$12.89,$0.00,$12.89,$0.00,0.00%,0,0.00%,$0.00,0.00%,0,0.00%,$0.00,0.00%,0,0.00%,$0.00,0.00%,0,0.00%,$0.00,0.00%,$12.89,$0.84,$0.00,$0.00,$0.00,$0.00,0.00%,$0.00,0.00%,$0.00,0.00%,$0.84,6.52%,$12.05,93.48%
"28 - NR12_RM_28_QUANT_CBSL_UniquePlusLLC_3355_25K",1,"Yellow Ford Mustang Electric Bike","DP1 V3",Visa,Friday,441211,1,1,100.00%,0,0.00%,1,1,100.00%,0,0.00%,1,0,$0.00,1,0.00%,0,0,$0.00,0,0.00%,0,0,0,$0.00,$0.00,$0.00,$0.00,$0.00,$0.00,$0.00,$0.00,$0.00,$0.00,0.00%,0,0.00%,$0.00,0.00%,0,0.00%,$0.00,0.00%,0,0.00%,$0.00,0.00%,0,0.00%,$0.00,0.00%,$0.00,$0.20,$0.00,$0.00,$0.00,$0.00,0.00%,$0.00,0.00%,$0.00,0.00%,$0.20,0.00%,$-0.20,0.00%
"29 - N2_RM_29_PRIOR_SYN_UniquePlusLLC_7645_75K",1,"Predator 12.4mm Pool Cue","DP1 V3",Mastercard,Friday,517148,1,0,0.00%,1,100.00%,1,0,0.00%,1,100.00%,1,1,$12.89,0,100.00%,0,0,$0.00,0,0.00%,1,1,1,$12.89,$0.00,$0.00,$12.89,$0.00,$0.00,$12.89,$0.00,$12.89,$0.00,0.00%,0,0.00%,$0.00,0.00%,0,0.00%,$0.00,0.00%,0,0.00%,$0.00,0.00%,0,0.00%,$0.00,0.00%,$12.89,$0.84,$0.00,$0.00,$0.00,$0.00,0.00%,$0.00,0.00%,$0.00,0.00%,$0.84,6.52%,$12.05,93.48%
"29 - N2_RM_29_PRIOR_SYN_UniquePlusLLC_7645_75K",1,"Storm Phaze 2 Bowling Ball","DP1 V3",Mastercard,Friday,548042,1,1,100.00%,0,0.00%,1,1,100.00%,0,0.00%,1,0,$0.00,1,0.00%,0,0,$0.00,0,0.00%,0,0,0,$0.00,$0.00,$0.00,$0.00,$0.00,$0.00,$0.00,$0.00,$0.00,$0.00,0.00%,0,0.00%,$0.00,0.00%,0,0.00%,$0.00,0.00%,0,0.00%,$0.00,0.00%,0,0.00%,$0.00,0.00%,$0.00,$0.20,$0.00,$0.00,$0.00,$0.00,0.00%,$0.00,0.00%,$0.00,0.00%,$0.20,0.00%,$-0.20,0.00%
"29 - N2_RM_29_PRIOR_SYN_UniquePlusLLC_7645_75K",1,"Storm Phaze 2 Bowling Ball","DP1 V3",Visa,Friday,426684,1,1,100.00%,0,0.00%,1,1,100.00%,0,0.00%,1,0,$0.00,1,0.00%,0,0,$0.00,0,0.00%,0,0,0,$0.00,$0.00,$0.00,$0.00,$0.00,$0.00,$0.00,$0.00,$0.00,$0.00,0.00%,0,0.00%,$0.00,0.00%,0,0.00%,$0.00,0.00%,0,0.00%,$0.00,0.00%,0,0.00%,$0.00,0.00%,$0.00,$0.20,$0.00,$0.00,$0.00,$0.00,0.00%,$0.00,0.00%,$0.00,0.00%,$0.20,0.00%,$-0.20,0.00%
"29 - N2_RM_29_PRIOR_SYN_UniquePlusLLC_7645_75K",1,"Yellow Ford Mustang Electric Bike","DP1 V3",Visa,Friday,416046,1,1,100.00%,0,0.00%,1,1,100.00%,0,0.00%,1,0,$0.00,1,0.00%,0,0,$0.00,0,0.00%,0,0,0,$0.00,$0.00,$0.00,$0.00,$0.00,$0.00,$0.00,$0.00,$0.00,$0.00,0.00%,0,0.00%,$0.00,0.00%,0,0.00%,$0.00,0.00%,0,0.00%,$0.00,0.00%,0,0.00%,$0.00,0.00%,$0.00,$0.20,$0.00,$0.00,$0.00,$0.00,0.00%,$0.00,0.00%,$0.00,0.00%,$0.20,0.00%,$-0.20,0.00%
"30 - N2R2_RM_30_PRIOR_SYN_UniquePlusLLC_0277_75K",1,"Predator 12.4mm Pool Cue","DP1 V3",Mastercard,Friday,517542,1,0,0.00%,1,100.00%,1,0,0.00%,1,100.00%,1,1,$12.89,0,100.00%,0,0,$0.00,0,0.00%,1,1,1,$12.89,$0.00,$0.00,$12.89,$0.00,$0.00,$12.89,$0.00,$12.89,$0.00,0.00%,0,0.00%,$0.00,0.00%,0,0.00%,$0.00,0.00%,0,0.00%,$0.00,0.00%,0,0.00%,$0.00,0.00%,$12.89,$0.84,$0.00,$0.00,$0.00,$0.00,0.00%,$0.00,0.00%,$0.00,0.00%,$0.84,6.52%,$12.05,93.48%
"30 - N2R2_RM_30_PRIOR_SYN_UniquePlusLLC_0277_75K",1,"Storm Phaze 2 Bowling Ball","DP1 V3",Visa,Friday,461100,1,1,100.00%,0,0.00%,1,1,100.00%,0,0.00%,1,0,$0.00,1,0.00%,0,0,$0.00,0,0.00%,0,0,0,$0.00,$0.00,$0.00,$0.00,$0.00,$0.00,$0.00,$0.00,$0.00,$0.00,0.00%,0,0.00%,$0.00,0.00%,0,0.00%,$0.00,0.00%,0,0.00%,$0.00,0.00%,0,0.00%,$0.00,0.00%,$0.00,$0.20,$0.00,$0.00,$0.00,$0.00,0.00%,$0.00,0.00%,$0.00,0.00%,$0.20,0.00%,$-0.20,0.00%
"30 - N2R2_RM_30_PRIOR_SYN_UniquePlusLLC_0277_75K",1,"Yellow Ford Mustang Electric Bike","DP1 V3",Visa,Friday,444796,1,1,100.00%,0,0.00%,1,1,100.00%,0,0.00%,1,0,$0.00,1,0.00%,0,0,$0.00,0,0.00%,0,0,0,$0.00,$0.00,$0.00,$0.00,$0.00,$0.00,$0.00,$0.00,$0.00,$0.00,0.00%,0,0.00%,$0.00,0.00%,0,0.00%,$0.00,0.00%,0,0.00%,$0.00,0.00%,0,0.00%,$0.00,0.00%,$0.00,$0.20,$0.00,$0.00,$0.00,$0.00,0.00%,$0.00,0.00%,$0.00,0.00%,$0.20,0.00%,$-0.20,0.00%
"34 - N2R2_RM_34_NET_ESQ_BrightAdvantageLLC_5798_55K",1,"Predator 12.4mm Pool Cue","DP1 V3",Visa,Friday,446542,1,1,100.00%,0,0.00%,1,1,100.00%,0,0.00%,1,0,$0.00,1,0.00%,0,0,$0.00,0,0.00%,0,0,0,$0.00,$0.00,$0.00,$0.00,$0.00,$0.00,$0.00,$0.00,$0.00,$0.00,0.00%,0,0.00%,$0.00,0.00%,0,0.00%,$0.00,0.00%,0,0.00%,$0.00,0.00%,0,0.00%,$0.00,0.00%,$0.00,$0.20,$0.00,$0.00,$0.00,$0.00,0.00%,$0.00,0.00%,$0.00,0.00%,$0.20,0.00%,$-0.20,0.00%
"34 - N2R2_RM_34_NET_ESQ_BrightAdvantageLLC_5798_55K",1,"Storm Phaze 2 Bowling Ball","DP1 V3",Mastercard,Friday,512838,1,1,100.00%,0,0.00%,1,1,100.00%,0,0.00%,1,0,$0.00,1,0.00%,0,0,$0.00,0,0.00%,0,0,0,$0.00,$0.00,$0.00,$0.00,$0.00,$0.00,$0.00,$0.00,$0.00,$0.00,0.00%,0,0.00%,$0.00,0.00%,0,0.00%,$0.00,0.00%,0,0.00%,$0.00,0.00%,0,0.00%,$0.00,0.00%,$0.00,$0.20,$0.00,$0.00,$0.00,$0.00,0.00%,$0.00,0.00%,$0.00,0.00%,$0.20,0.00%,$-0.20,0.00%
"34 - N2R2_RM_34_NET_ESQ_BrightAdvantageLLC_5798_55K",1,"Storm Phaze 2 Bowling Ball","DP1 V3",Mastercard,Friday,523362,1,1,100.00%,0,0.00%,1,1,100.00%,0,0.00%,1,0,$0.00,1,0.00%,0,0,$0.00,0,0.00%,0,0,0,$0.00,$0.00,$0.00,$0.00,$0.00,$0.00,$0.00,$0.00,$0.00,$0.00,0.00%,0,0.00%,$0.00,0.00%,0,0.00%,$0.00,0.00%,0,0.00%,$0.00,0.00%,0,0.00%,$0.00,0.00%,$0.00,$0.20,$0.00,$0.00,$0.00,$0.00,0.00%,$0.00,0.00%,$0.00,0.00%,$0.20,0.00%,$-0.20,0.00%
"34 - N2R2_RM_34_NET_ESQ_BrightAdvantageLLC_5798_55K",1,"Storm Phaze 2 Bowling Ball","DP1 V3",Visa,Friday,419002,1,0,0.00%,1,100.00%,1,0,0.00%,1,100.00%,1,1,$12.89,0,100.00%,0,0,$0.00,0,0.00%,1,1,1,$12.89,$0.00,$0.00,$12.89,$0.00,$0.00,$12.89,$0.00,$12.89,$0.00,0.00%,0,0.00%,$0.00,0.00%,0,0.00%,$0.00,0.00%,0,0.00%,$0.00,0.00%,0,0.00%,$0.00,0.00%,$12.89,$0.84,$0.00,$0.00,$0.00,$0.00,0.00%,$0.00,0.00%,$0.00,0.00%,$0.84,6.52%,$12.05,93.48%
"34 - N2R2_RM_34_NET_ESQ_BrightAdvantageLLC_5798_55K",1,"Storm Phaze 2 Bowling Ball","DP1 V3",Visa,Friday,426690,1,1,100.00%,0,0.00%,1,1,100.00%,0,0.00%,1,0,$0.00,1,0.00%,0,0,$0.00,0,0.00%,0,0,0,$0.00,$0.00,$0.00,$0.00,$0.00,$0.00,$0.00,$0.00,$0.00,$0.00,0.00%,0,0.00%,$0.00,0.00%,0,0.00%,$0.00,0.00%,0,0.00%,$0.00,0.00%,0,0.00%,$0.00,0.00%,$0.00,$0.20,$0.00,$0.00,$0.00,$0.00,0.00%,$0.00,0.00%,$0.00,0.00%,$0.20,0.00%,$-0.20,0.00%
"34 - N2R2_RM_34_NET_ESQ_BrightAdvantageLLC_5798_55K",1,"Storm Phaze 2 Bowling Ball","DP1 V3",Visa,Friday,434258,1,0,0.00%,1,100.00%,1,0,0.00%,1,100.00%,1,1,$12.89,0,100.00%,0,0,$0.00,0,0.00%,1,1,1,$12.89,$0.00,$0.00,$12.89,$0.00,$0.00,$12.89,$0.00,$12.89,$0.00,0.00%,0,0.00%,$0.00,0.00%,0,0.00%,$0.00,0.00%,0,0.00%,$0.00,0.00%,0,0.00%,$0.00,0.00%,$12.89,$0.84,$0.00,$0.00,$0.00,$0.00,0.00%,$0.00,0.00%,$0.00,0.00%,$0.84,6.52%,$12.05,93.48%
"34 - N2R2_RM_34_NET_ESQ_BrightAdvantageLLC_5798_55K",1,"Storm Phaze 2 Bowling Ball","DP1 V3",Visa,Friday,443042,1,1,100.00%,0,0.00%,1,1,100.00%,0,0.00%,1,0,$0.00,1,0.00%,0,0,$0.00,0,0.00%,0,0,0,$0.00,$0.00,$0.00,$0.00,$0.00,$0.00,$0.00,$0.00,$0.00,$0.00,0.00%,0,0.00%,$0.00,0.00%,0,0.00%,$0.00,0.00%,0,0.00%,$0.00,0.00%,0,0.00%,$0.00,0.00%,$0.00,$0.20,$0.00,$0.00,$0.00,$0.00,0.00%,$0.00,0.00%,$0.00,0.00%,$0.20,0.00%,$-0.20,0.00%
"34 - N2R2_RM_34_NET_ESQ_BrightAdvantageLLC_5798_55K",1,"Storm Phaze 2 Bowling Ball","DP1 V3",Visa,Friday,443048,1,0,0.00%,1,100.00%,1,0,0.00%,1,100.00%,1,1,$12.89,0,100.00%,0,0,$0.00,0,0.00%,1,1,1,$12.89,$0.00,$0.00,$12.89,$0.00,$0.00,$12.89,$0.00,$12.89,$0.00,0.00%,0,0.00%,$0.00,0.00%,0,0.00%,$0.00,0.00%,0,0.00%,$0.00,0.00%,0,0.00%,$0.00,0.00%,$12.89,$0.84,$0.00,$0.00,$0.00,$0.00,0.00%,$0.00,0.00%,$0.00,0.00%,$0.84,6.52%,$12.05,93.48%
"34 - N2R2_RM_34_NET_ESQ_BrightAdvantageLLC_5798_55K",1,"Yellow Ford Mustang Electric Bike","DP1 V3",Mastercard,Friday,538082,1,0,0.00%,1,100.00%,1,0,0.00%,1,100.00%,1,1,$12.89,0,100.00%,0,0,$0.00,0,0.00%,1,1,1,$12.89,$0.00,$0.00,$12.89,$0.00,$0.00,$12.89,$0.00,$12.89,$0.00,0.00%,0,0.00%,$0.00,0.00%,0,0.00%,$0.00,0.00%,0,0.00%,$0.00,0.00%,0,0.00%,$0.00,0.00%,$12.89,$0.84,$0.00,$0.00,$0.00,$0.00,0.00%,$0.00,0.00%,$0.00,0.00%,$0.84,6.52%,$12.05,93.48%
"34 - N2R2_RM_34_NET_ESQ_BrightAdvantageLLC_5798_55K",1,"Yellow Ford Mustang Electric Bike","DP1 V3",Mastercard,Friday,553743,1,1,100.00%,0,0.00%,1,1,100.00%,0,0.00%,1,0,$0.00,1,0.00%,0,0,$0.00,0,0.00%,0,0,0,$0.00,$0.00,$0.00,$0.00,$0.00,$0.00,$0.00,$0.00,$0.00,$0.00,0.00%,0,0.00%,$0.00,0.00%,0,0.00%,$0.00,0.00%,0,0.00%,$0.00,0.00%,0,0.00%,$0.00,0.00%,$0.00,$0.20,$0.00,$0.00,$0.00,$0.00,0.00%,$0.00,0.00%,$0.00,0.00%,$0.20,0.00%,$-0.20,0.00%
"34 - N2R2_RM_34_NET_ESQ_BrightAdvantageLLC_5798_55K",1,"Yellow Ford Mustang Electric Bike","DP1 V3",Visa,Friday,400167,1,1,100.00%,0,0.00%,1,1,100.00%,0,0.00%,1,0,$0.00,1,0.00%,0,0,$0.00,0,0.00%,0,0,0,$0.00,$0.00,$0.00,$0.00,$0.00,$0.00,$0.00,$0.00,$0.00,$0.00,0.00%,0,0.00%,$0.00,0.00%,0,0.00%,$0.00,0.00%,0,0.00%,$0.00,0.00%,0,0.00%,$0.00,0.00%,$0.00,$0.20,$0.00,$0.00,$0.00,$0.00,0.00%,$0.00,0.00%,$0.00,0.00%,$0.20,0.00%,$-0.20,0.00%
"34 - N2R2_RM_34_NET_ESQ_BrightAdvantageLLC_5798_55K",1,"Yellow Ford Mustang Electric Bike","DP1 V3",Visa,Friday,400231,1,0,0.00%,1,100.00%,1,0,0.00%,1,100.00%,1,1,$12.89,0,100.00%,0,0,$0.00,0,0.00%,1,1,1,$12.89,$0.00,$0.00,$12.89,$0.00,$0.00,$12.89,$0.00,$12.89,$0.00,0.00%,0,0.00%,$0.00,0.00%,0,0.00%,$0.00,0.00%,0,0.00%,$0.00,0.00%,0,0.00%,$0.00,0.00%,$12.89,$0.84,$0.00,$0.00,$0.00,$0.00,0.00%,$0.00,0.00%,$0.00,0.00%,$0.84,6.52%,$12.05,93.48%
"34 - N2R2_RM_34_NET_ESQ_BrightAdvantageLLC_5798_55K",1,"Yellow Ford Mustang Electric Bike","DP1 V3",Visa,Friday,403159,1,1,100.00%,0,0.00%,1,1,100.00%,0,0.00%,1,0,$0.00,1,0.00%,0,0,$0.00,0,0.00%,0,0,0,$0.00,$0.00,$0.00,$0.00,$0.00,$0.00,$0.00,$0.00,$0.00,$0.00,0.00%,0,0.00%,$0.00,0.00%,0,0.00%,$0.00,0.00%,0,0.00%,$0.00,0.00%,0,0.00%,$0.00,0.00%,$0.00,$0.20,$0.00,$0.00,$0.00,$0.00,0.00%,$0.00,0.00%,$0.00,0.00%,$0.20,0.00%,$-0.20,0.00%
"34 - N2R2_RM_34_NET_ESQ_BrightAdvantageLLC_5798_55K",1,"Yellow Ford Mustang Electric Bike","DP1 V3",Visa,Friday,414709,1,1,100.00%,0,0.00%,1,1,100.00%,0,0.00%,1,0,$0.00,1,0.00%,0,0,$0.00,0,0.00%,0,0,0,$0.00,$0.00,$0.00,$0.00,$0.00,$0.00,$0.00,$0.00,$0.00,$0.00,0.00%,0,0.00%,$0.00,0.00%,0,0.00%,$0.00,0.00%,0,0.00%,$0.00,0.00%,0,0.00%,$0.00,0.00%,$0.00,$0.20,$0.00,$0.00,$0.00,$0.00,0.00%,$0.00,0.00%,$0.00,0.00%,$0.20,0.00%,$-0.20,0.00%
"34 - N2R2_RM_34_NET_ESQ_BrightAdvantageLLC_5798_55K",1,"Yellow Ford Mustang Electric Bike","DP1 V3",Visa,Friday,419002,1,1,100.00%,0,0.00%,1,1,100.00%,0,0.00%,1,0,$0.00,1,0.00%,0,0,$0.00,0,0.00%,0,0,0,$0.00,$0.00,$0.00,$0.00,$0.00,$0.00,$0.00,$0.00,$0.00,$0.00,0.00%,0,0.00%,$0.00,0.00%,0,0.00%,$0.00,0.00%,0,0.00%,$0.00,0.00%,0,0.00%,$0.00,0.00%,$0.00,$0.20,$0.00,$0.00,$0.00,$0.00,0.00%,$0.00,0.00%,$0.00,0.00%,$0.20,0.00%,$-0.20,0.00%
"34 - N2R2_RM_34_NET_ESQ_BrightAdvantageLLC_5798_55K",1,"Yellow Ford Mustang Electric Bike","DP1 V3",Visa,Friday,483312,1,1,100.00%,0,0.00%,1,1,100.00%,0,0.00%,1,0,$0.00,1,0.00%,0,0,$0.00,0,0.00%,0,0,0,$0.00,$0.00,$0.00,$0.00,$0.00,$0.00,$0.00,$0.00,$0.00,$0.00,0.00%,0,0.00%,$0.00,0.00%,0,0.00%,$0.00,0.00%,0,0.00%,$0.00,0.00%,0,0.00%,$0.00,0.00%,$0.00,$0.20,$0.00,$0.00,$0.00,$0.00,0.00%,$0.00,0.00%,$0.00,0.00%,$0.20,0.00%,$-0.20,0.00%
"35 - NR1_RM_35_NET_ESQ_BrightAdvantageLLC_7570_75K",1,"Storm Phaze 2 Bowling Ball","DP1 V3",Visa,Friday,400022,1,1,100.00%,0,0.00%,1,1,100.00%,0,0.00%,1,0,$0.00,1,0.00%,0,0,$0.00,0,0.00%,0,0,0,$0.00,$0.00,$0.00,$0.00,$0.00,$0.00,$0.00,$0.00,$0.00,$0.00,0.00%,0,0.00%,$0.00,0.00%,0,0.00%,$0.00,0.00%,0,0.00%,$0.00,0.00%,0,0.00%,$0.00,0.00%,$0.00,$0.20,$0.00,$0.00,$0.00,$0.00,0.00%,$0.00,0.00%,$0.00,0.00%,$0.20,0.00%,$-0.20,0.00%
"35 - NR1_RM_35_NET_ESQ_BrightAdvantageLLC_7570_75K",1,"Storm Phaze 2 Bowling Ball","DP1 V3",Visa,Friday,426684,1,1,100.00%,0,0.00%,1,1,100.00%,0,0.00%,1,0,$0.00,1,0.00%,0,0,$0.00,0,0.00%,0,0,0,$0.00,$0.00,$0.00,$0.00,$0.00,$0.00,$0.00,$0.00,$0.00,$0.00,0.00%,0,0.00%,$0.00,0.00%,0,0.00%,$0.00,0.00%,0,0.00%,$0.00,0.00%,0,0.00%,$0.00,0.00%,$0.00,$0.20,$0.00,$0.00,$0.00,$0.00,0.00%,$0.00,0.00%,$0.00,0.00%,$0.20,0.00%,$-0.20,0.00%
"35 - NR1_RM_35_NET_ESQ_BrightAdvantageLLC_7570_75K",1,"Storm Phaze 2 Bowling Ball","DP1 V3",Visa,Friday,430587,1,1,100.00%,0,0.00%,1,1,100.00%,0,0.00%,1,0,$0.00,1,0.00%,0,0,$0.00,0,0.00%,0,0,0,$0.00,$0.00,$0.00,$0.00,$0.00,$0.00,$0.00,$0.00,$0.00,$0.00,0.00%,0,0.00%,$0.00,0.00%,0,0.00%,$0.00,0.00%,0,0.00%,$0.00,0.00%,0,0.00%,$0.00,0.00%,$0.00,$0.20,$0.00,$0.00,$0.00,$0.00,0.00%,$0.00,0.00%,$0.00,0.00%,$0.20,0.00%,$-0.20,0.00%
"35 - NR1_RM_35_NET_ESQ_BrightAdvantageLLC_7570_75K",1,"Storm Phaze 2 Bowling Ball","DP1 V3",Visa,Friday,435544,1,1,100.00%,0,0.00%,1,1,100.00%,0,0.00%,1,0,$0.00,1,0.00%,0,0,$0.00,0,0.00%,0,0,0,$0.00,$0.00,$0.00,$0.00,$0.00,$0.00,$0.00,$0.00,$0.00,$0.00,0.00%,0,0.00%,$0.00,0.00%,0,0.00%,$0.00,0.00%,0,0.00%,$0.00,0.00%,0,0.00%,$0.00,0.00%,$0.00,$0.20,$0.00,$0.00,$0.00,$0.00,0.00%,$0.00,0.00%,$0.00,0.00%,$0.20,0.00%,$-0.20,0.00%
"35 - NR1_RM_35_NET_ESQ_BrightAdvantageLLC_7570_75K",1,"Yellow Ford Mustang Electric Bike","DP1 V3",Mastercard,Friday,511067,1,0,0.00%,1,100.00%,1,0,0.00%,1,100.00%,1,1,$12.89,0,100.00%,0,0,$0.00,0,0.00%,1,1,1,$12.89,$0.00,$0.00,$12.89,$0.00,$0.00,$12.89,$0.00,$12.89,$0.00,0.00%,0,0.00%,$0.00,0.00%,0,0.00%,$0.00,0.00%,0,0.00%,$0.00,0.00%,0,0.00%,$0.00,0.00%,$12.89,$0.84,$0.00,$0.00,$0.00,$0.00,0.00%,$0.00,0.00%,$0.00,0.00%,$0.84,6.52%,$12.05,93.48%
"35 - NR1_RM_35_NET_ESQ_BrightAdvantageLLC_7570_75K",1,"Yellow Ford Mustang Electric Bike","DP1 V3",Mastercard,Friday,511332,1,1,100.00%,0,0.00%,1,1,100.00%,0,0.00%,1,0,$0.00,1,0.00%,0,0,$0.00,0,0.00%,0,0,0,$0.00,$0.00,$0.00,$0.00,$0.00,$0.00,$0.00,$0.00,$0.00,$0.00,0.00%,0,0.00%,$0.00,0.00%,0,0.00%,$0.00,0.00%,0,0.00%,$0.00,0.00%,0,0.00%,$0.00,0.00%,$0.00,$0.20,$0.00,$0.00,$0.00,$0.00,0.00%,$0.00,0.00%,$0.00,0.00%,$0.20,0.00%,$-0.20,0.00%
"35 - NR1_RM_35_NET_ESQ_BrightAdvantageLLC_7570_75K",1,"Yellow Ford Mustang Electric Bike","DP1 V3",Mastercard,Friday,514377,1,0,0.00%,1,100.00%,1,0,0.00%,1,100.00%,1,1,$12.89,0,100.00%,0,0,$0.00,0,0.00%,1,1,1,$12.89,$0.00,$0.00,$12.89,$0.00,$0.00,$12.89,$0.00,$12.89,$0.00,0.00%,0,0.00%,$0.00,0.00%,0,0.00%,$0.00,0.00%,0,0.00%,$0.00,0.00%,0,0.00%,$0.00,0.00%,$12.89,$0.84,$0.00,$0.00,$0.00,$0.00,0.00%,$0.00,0.00%,$0.00,0.00%,$0.84,6.52%,$12.05,93.48%
"35 - NR1_RM_35_NET_ESQ_BrightAdvantageLLC_7570_75K",1,"Yellow Ford Mustang Electric Bike","DP1 V3",Mastercard,Friday,546162,1,1,100.00%,0,0.00%,1,1,100.00%,0,0.00%,1,0,$0.00,1,0.00%,0,0,$0.00,0,0.00%,0,0,0,$0.00,$0.00,$0.00,$0.00,$0.00,$0.00,$0.00,$0.00,$0.00,$0.00,0.00%,0,0.00%,$0.00,0.00%,0,0.00%,$0.00,0.00%,0,0.00%,$0.00,0.00%,0,0.00%,$0.00,0.00%,$0.00,$0.20,$0.00,$0.00,$0.00,$0.00,0.00%,$0.00,0.00%,$0.00,0.00%,$0.20,0.00%,$-0.20,0.00%
"35 - NR1_RM_35_NET_ESQ_BrightAdvantageLLC_7570_75K",1,"Yellow Ford Mustang Electric Bike","DP1 V3",Visa,Friday,420238,1,1,100.00%,0,0.00%,1,1,100.00%,0,0.00%,1,0,$0.00,1,0.00%,0,0,$0.00,0,0.00%,0,0,0,$0.00,$0.00,$0.00,$0.00,$0.00,$0.00,$0.00,$0.00,$0.00,$0.00,0.00%,0,0.00%,$0.00,0.00%,0,0.00%,$0.00,0.00%,0,0.00%,$0.00,0.00%,0,0.00%,$0.00,0.00%,$0.00,$0.20,$0.00,$0.00,$0.00,$0.00,0.00%,$0.00,0.00%,$0.00,0.00%,$0.20,0.00%,$-0.20,0.00%
"35 - NR1_RM_35_NET_ESQ_BrightAdvantageLLC_7570_75K",1,"Yellow Ford Mustang Electric Bike","DP1 V3",Visa,Friday,426446,1,0,0.00%,1,100.00%,1,0,0.00%,1,100.00%,1,1,$12.89,0,100.00%,0,0,$0.00,0,0.00%,1,1,1,$12.89,$0.00,$0.00,$12.89,$0.00,$0.00,$12.89,$0.00,$12.89,$0.00,0.00%,0,0.00%,$0.00,0.00%,0,0.00%,$0.00,0.00%,0,0.00%,$0.00,0.00%,0,0.00%,$0.00,0.00%,$12.89,$0.84,$0.00,$0.00,$0.00,$0.00,0.00%,$0.00,0.00%,$0.00,0.00%,$0.84,6.52%,$12.05,93.48%
"35 - NR1_RM_35_NET_ESQ_BrightAdvantageLLC_7570_75K",1,"Yellow Ford Mustang Electric Bike","DP1 V3",Visa,Friday,468839,1,1,100.00%,0,0.00%,1,1,100.00%,0,0.00%,1,0,$0.00,1,0.00%,0,0,$0.00,0,0.00%,0,0,0,$0.00,$0.00,$0.00,$0.00,$0.00,$0.00,$0.00,$0.00,$0.00,$0.00,0.00%,0,0.00%,$0.00,0.00%,0,0.00%,$0.00,0.00%,0,0.00%,$0.00,0.00%,0,0.00%,$0.00,0.00%,$0.00,$0.20,$0.00,$0.00,$0.00,$0.00,0.00%,$0.00,0.00%,$0.00,0.00%,$0.20,0.00%,$-0.20,0.00%
"35 - NR1_RM_35_NET_ESQ_BrightAdvantageLLC_7570_75K",1,"Yellow Ford Mustang Electric Bike","DP1 V3",Visa,Friday,483312,2,0,0.00%,2,100.00%,2,0,0.00%,2,100.00%,2,2,$25.78,0,100.00%,0,0,$0.00,0,0.00%,2,2,2,$25.78,$0.00,$0.00,$25.78,$0.00,$0.00,$25.78,$0.00,$25.78,$0.00,0.00%,0,0.00%,$0.00,0.00%,0,0.00%,$0.00,0.00%,0,0.00%,$0.00,0.00%,0,0.00%,$0.00,0.00%,$25.78,$1.68,$0.00,$0.00,$0.00,$0.00,0.00%,$0.00,0.00%,$0.00,0.00%,$1.68,6.52%,$24.10,93.48%
"39 - N2R12_RM_39_NET_ESQ_BrightAdvantageLLC_0499_65K",1,"Storm Phaze 2 Bowling Ball","DP1 V3",Visa,Friday,419423,1,0,0.00%,1,100.00%,1,0,0.00%,1,100.00%,1,1,$12.89,0,100.00%,0,0,$0.00,0,0.00%,1,1,1,$12.89,$0.00,$0.00,$12.89,$0.00,$0.00,$12.89,$0.00,$12.89,$0.00,0.00%,0,0.00%,$0.00,0.00%,0,0.00%,$0.00,0.00%,0,0.00%,$0.00,0.00%,0,0.00%,$0.00,0.00%,$12.89,$0.84,$0.00,$0.00,$0.00,$0.00,0.00%,$0.00,0.00%,$0.00,0.00%,$0.84,6.52%,$12.05,93.48%
"40 - NR1_RM_40_PAYARC_EVO_DiamondSphereLLC_7606_55K",1,"Predator 12.4mm Pool Cue","DP1 V3",Mastercard,Friday,517800,1,1,100.00%,0,0.00%,1,1,100.00%,0,0.00%,1,0,$0.00,1,0.00%,0,0,$0.00,0,0.00%,0,0,0,$0.00,$0.00,$0.00,$0.00,$0.00,$0.00,$0.00,$0.00,$0.00,$0.00,0.00%,0,0.00%,$0.00,0.00%,0,0.00%,$0.00,0.00%,0,0.00%,$0.00,0.00%,0,0.00%,$0.00,0.00%,$0.00,$0.20,$0.00,$0.00,$0.00,$0.00,0.00%,$0.00,0.00%,$0.00,0.00%,$0.20,0.00%,$-0.20,0.00%
"40 - NR1_RM_40_PAYARC_EVO_DiamondSphereLLC_7606_55K",1,"Storm Phaze 2 Bowling Ball","DP1 V3",Mastercard,Friday,521333,1,1,100.00%,0,0.00%,1,1,100.00%,0,0.00%,1,0,$0.00,1,0.00%,0,0,$0.00,0,0.00%,0,0,0,$0.00,$0.00,$0.00,$0.00,$0.00,$0.00,$0.00,$0.00,$0.00,$0.00,0.00%,0,0.00%,$0.00,0.00%,0,0.00%,$0.00,0.00%,0,0.00%,$0.00,0.00%,0,0.00%,$0.00,0.00%,$0.00,$0.20,$0.00,$0.00,$0.00,$0.00,0.00%,$0.00,0.00%,$0.00,0.00%,$0.20,0.00%,$-0.20,0.00%
"40 - NR1_RM_40_PAYARC_EVO_DiamondSphereLLC_7606_55K",1,"Storm Phaze 2 Bowling Ball","DP1 V3",Mastercard,Friday,544927,1,0,0.00%,1,100.00%,1,0,0.00%,1,100.00%,1,1,$12.89,0,100.00%,0,0,$0.00,0,0.00%,1,1,1,$12.89,$0.00,$0.00,$12.89,$0.00,$0.00,$12.89,$0.00,$12.89,$0.00,0.00%,0,0.00%,$0.00,0.00%,0,0.00%,$0.00,0.00%,0,0.00%,$0.00,0.00%,0,0.00%,$0.00,0.00%,$12.89,$0.84,$0.00,$0.00,$0.00,$0.00,0.00%,$0.00,0.00%,$0.00,0.00%,$0.84,6.52%,$12.05,93.48%
"40 - NR1_RM_40_PAYARC_EVO_DiamondSphereLLC_7606_55K",1,"Storm Phaze 2 Bowling Ball","DP1 V3",Visa,Friday,400022,1,0,0.00%,1,100.00%,1,0,0.00%,1,100.00%,1,1,$12.89,0,100.00%,0,0,$0.00,0,0.00%,1,1,1,$12.89,$0.00,$0.00,$12.89,$0.00,$0.00,$12.89,$0.00,$12.89,$0.00,0.00%,0,0.00%,$0.00,0.00%,0,0.00%,$0.00,0.00%,0,0.00%,$0.00,0.00%,0,0.00%,$0.00,0.00%,$12.89,$0.84,$0.00,$0.00,$0.00,$0.00,0.00%,$0.00,0.00%,$0.00,0.00%,$0.84,6.52%,$12.05,93.48%
"40 - NR1_RM_40_PAYARC_EVO_DiamondSphereLLC_7606_55K",1,"Storm Phaze 2 Bowling Ball","DP1 V3",Visa,Friday,414740,1,0,0.00%,1,100.00%,1,0,0.00%,1,100.00%,1,1,$12.89,0,100.00%,0,0,$0.00,0,0.00%,1,1,1,$12.89,$0.00,$0.00,$12.89,$0.00,$0.00,$12.89,$0.00,$12.89,$0.00,0.00%,0,0.00%,$0.00,0.00%,0,0.00%,$0.00,0.00%,0,0.00%,$0.00,0.00%,0,0.00%,$0.00,0.00%,$12.89,$0.84,$0.00,$0.00,$0.00,$0.00,0.00%,$0.00,0.00%,$0.00,0.00%,$0.84,6.52%,$12.05,93.48%
"40 - NR1_RM_40_PAYARC_EVO_DiamondSphereLLC_7606_55K",1,"Storm Phaze 2 Bowling Ball","DP1 V3",Visa,Friday,468013,1,1,100.00%,0,0.00%,1,1,100.00%,0,0.00%,1,0,$0.00,1,0.00%,0,0,$0.00,0,0.00%,0,0,0,$0.00,$0.00,$0.00,$0.00,$0.00,$0.00,$0.00,$0.00,$0.00,$0.00,0.00%,0,0.00%,$0.00,0.00%,0,0.00%,$0.00,0.00%,0,0.00%,$0.00,0.00%,0,0.00%,$0.00,0.00%,$0.00,$0.20,$0.00,$0.00,$0.00,$0.00,0.00%,$0.00,0.00%,$0.00,0.00%,$0.20,0.00%,$-0.20,0.00%
"40 - NR1_RM_40_PAYARC_EVO_DiamondSphereLLC_7606_55K",1,"Yellow Ford Mustang Electric Bike","DP1 V3",Mastercard,Friday,514759,1,0,0.00%,1,100.00%,1,0,0.00%,1,100.00%,1,1,$12.89,0,100.00%,0,0,$0.00,0,0.00%,1,1,1,$12.89,$0.00,$0.00,$12.89,$0.00,$0.00,$12.89,$0.00,$12.89,$12.89,100.00%,0,0.00%,$0.00,0.00%,0,0.00%,$0.00,0.00%,0,0.00%,$0.00,0.00%,1,100.00%,$12.89,100.00%,$0.00,$0.84,$0.00,$0.00,$0.00,$0.00,0.00%,$0.00,0.00%,$0.00,0.00%,$0.84,6.52%,$-0.84,-6.52%
"40 - NR1_RM_40_PAYARC_EVO_DiamondSphereLLC_7606_55K",1,"Yellow Ford Mustang Electric Bike","DP1 V3",Mastercard,Friday,527375,1,1,100.00%,0,0.00%,1,1,100.00%,0,0.00%,1,0,$0.00,1,0.00%,0,0,$0.00,0,0.00%,0,0,0,$0.00,$0.00,$0.00,$0.00,$0.00,$0.00,$0.00,$0.00,$0.00,$0.00,0.00%,0,0.00%,$0.00,0.00%,0,0.00%,$0.00,0.00%,0,0.00%,$0.00,0.00%,0,0.00%,$0.00,0.00%,$0.00,$0.20,$0.00,$0.00,$0.00,$0.00,0.00%,$0.00,0.00%,$0.00,0.00%,$0.20,0.00%,$-0.20,0.00%
"43 - N2R1_RM_43_NET_ESQ_UniquePlusLLC_9162_65K",1,"Aramith Tournament Black Pool Ball Set","DP1 V3",Visa,Friday,403784,1,1,100.00%,0,0.00%,1,1,100.00%,0,0.00%,1,0,$0.00,1,0.00%,0,0,$0.00,0,0.00%,0,0,0,$0.00,$0.00,$0.00,$0.00,$0.00,$0.00,$0.00,$0.00,$0.00,$0.00,0.00%,0,0.00%,$0.00,0.00%,0,0.00%,$0.00,0.00%,0,0.00%,$0.00,0.00%,0,0.00%,$0.00,0.00%,$0.00,$0.20,$0.00,$0.00,$0.00,$0.00,0.00%,$0.00,0.00%,$0.00,0.00%,$0.20,0.00%,$-0.20,0.00%
"43 - N2R1_RM_43_NET_ESQ_UniquePlusLLC_9162_65K",1,"Predator 12.4mm Pool Cue","DP1 V3",Mastercard,Friday,534941,1,0,0.00%,1,100.00%,1,0,0.00%,1,100.00%,1,1,$12.89,0,100.00%,0,0,$0.00,0,0.00%,1,1,1,$12.89,$0.00,$0.00,$12.89,$0.00,$0.00,$12.89,$0.00,$12.89,$12.89,100.00%,0,0.00%,$0.00,0.00%,0,0.00%,$0.00,0.00%,0,0.00%,$0.00,0.00%,1,100.00%,$12.89,100.00%,$0.00,$0.84,$0.00,$0.00,$0.00,$0.00,0.00%,$0.00,0.00%,$0.00,0.00%,$0.84,6.52%,$-0.84,-6.52%
"43 - N2R1_RM_43_NET_ESQ_UniquePlusLLC_9162_65K",1,"Predator 12.4mm Pool Cue","DP1 V3",Mastercard,Friday,549806,1,1,100.00%,0,0.00%,1,1,100.00%,0,0.00%,1,0,$0.00,1,0.00%,0,0,$0.00,0,0.00%,0,0,0,$0.00,$0.00,$0.00,$0.00,$0.00,$0.00,$0.00,$0.00,$0.00,$0.00,0.00%,0,0.00%,$0.00,0.00%,0,0.00%,$0.00,0.00%,0,0.00%,$0.00,0.00%,0,0.00%,$0.00,0.00%,$0.00,$0.20,$0.00,$0.00,$0.00,$0.00,0.00%,$0.00,0.00%,$0.00,0.00%,$0.20,0.00%,$-0.20,0.00%
"43 - N2R1_RM_43_NET_ESQ_UniquePlusLLC_9162_65K",1,"Predator 12.4mm Pool Cue","DP1 V3",Mastercard,Friday,551841,1,1,100.00%,0,0.00%,1,1,100.00%,0,0.00%,1,0,$0.00,1,0.00%,0,0,$0.00,0,0.00%,0,0,0,$0.00,$0.00,$0.00,$0.00,$0.00,$0.00,$0.00,$0.00,$0.00,$0.00,0.00%,0,0.00%,$0.00,0.00%,0,0.00%,$0.00,0.00%,0,0.00%,$0.00,0.00%,0,0.00%,$0.00,0.00%,$0.00,$0.20,$0.00,$0.00,$0.00,$0.00,0.00%,$0.00,0.00%,$0.00,0.00%,$0.20,0.00%,$-0.20,0.00%
"43 - N2R1_RM_43_NET_ESQ_UniquePlusLLC_9162_65K",1,"Predator 12.4mm Pool Cue","DP1 V3",Visa,Friday,405960,1,1,100.00%,0,0.00%,1,1,100.00%,0,0.00%,1,0,$0.00,1,0.00%,0,0,$0.00,0,0.00%,0,0,0,$0.00,$0.00,$0.00,$0.00,$0.00,$0.00,$0.00,$0.00,$0.00,$0.00,0.00%,0,0.00%,$0.00,0.00%,0,0.00%,$0.00,0.00%,0,0.00%,$0.00,0.00%,0,0.00%,$0.00,0.00%,$0.00,$0.20,$0.00,$0.00,$0.00,$0.00,0.00%,$0.00,0.00%,$0.00,0.00%,$0.20,0.00%,$-0.20,0.00%
"43 - N2R1_RM_43_NET_ESQ_UniquePlusLLC_9162_65K",1,"Predator 12.4mm Pool Cue","DP1 V3",Visa,Friday,414720,1,1,100.00%,0,0.00%,1,1,100.00%,0,0.00%,1,0,$0.00,1,0.00%,0,0,$0.00,0,0.00%,0,0,0,$0.00,$0.00,$0.00,$0.00,$0.00,$0.00,$0.00,$0.00,$0.00,$0.00,0.00%,0,0.00%,$0.00,0.00%,0,0.00%,$0.00,0.00%,0,0.00%,$0.00,0.00%,0,0.00%,$0.00,0.00%,$0.00,$0.20,$0.00,$0.00,$0.00,$0.00,0.00%,$0.00,0.00%,$0.00,0.00%,$0.20,0.00%,$-0.20,0.00%
"43 - N2R1_RM_43_NET_ESQ_UniquePlusLLC_9162_65K",1,"Predator 12.4mm Pool Cue","DP1 V3",Visa,Friday,434256,1,1,100.00%,0,0.00%,1,1,100.00%,0,0.00%,1,0,$0.00,1,0.00%,0,0,$0.00,0,0.00%,0,0,0,$0.00,$0.00,$0.00,$0.00,$0.00,$0.00,$0.00,$0.00,$0.00,$0.00,0.00%,0,0.00%,$0.00,0.00%,0,0.00%,$0.00,0.00%,0,0.00%,$0.00,0.00%,0,0.00%,$0.00,0.00%,$0.00,$0.20,$0.00,$0.00,$0.00,$0.00,0.00%,$0.00,0.00%,$0.00,0.00%,$0.20,0.00%,$-0.20,0.00%
"43 - N2R1_RM_43_NET_ESQ_UniquePlusLLC_9162_65K",1,"Storm Phaze 2 Bowling Ball","DP1 V3",Mastercard,Friday,511905,1,1,100.00%,0,0.00%,1,1,100.00%,0,0.00%,1,0,$0.00,1,0.00%,0,0,$0.00,0,0.00%,0,0,0,$0.00,$0.00,$0.00,$0.00,$0.00,$0.00,$0.00,$0.00,$0.00,$0.00,0.00%,0,0.00%,$0.00,0.00%,0,0.00%,$0.00,0.00%,0,0.00%,$0.00,0.00%,0,0.00%,$0.00,0.00%,$0.00,$0.20,$0.00,$0.00,$0.00,$0.00,0.00%,$0.00,0.00%,$0.00,0.00%,$0.20,0.00%,$-0.20,0.00%
"43 - N2R1_RM_43_NET_ESQ_UniquePlusLLC_9162_65K",1,"Storm Phaze 2 Bowling Ball","DP1 V3",Mastercard,Friday,514377,1,1,100.00%,0,0.00%,1,1,100.00%,0,0.00%,1,0,$0.00,1,0.00%,0,0,$0.00,0,0.00%,0,0,0,$0.00,$0.00,$0.00,$0.00,$0.00,$0.00,$0.00,$0.00,$0.00,$0.00,0.00%,0,0.00%,$0.00,0.00%,0,0.00%,$0.00,0.00%,0,0.00%,$0.00,0.00%,0,0.00%,$0.00,0.00%,$0.00,$0.20,$0.00,$0.00,$0.00,$0.00,0.00%,$0.00,0.00%,$0.00,0.00%,$0.20,0.00%,$-0.20,0.00%
"43 - N2R1_RM_43_NET_ESQ_UniquePlusLLC_9162_65K",1,"Storm Phaze 2 Bowling Ball","DP1 V3",Mastercard,Friday,548042,1,1,100.00%,0,0.00%,1,1,100.00%,0,0.00%,1,0,$0.00,1,0.00%,0,0,$0.00,0,0.00%,0,0,0,$0.00,$0.00,$0.00,$0.00,$0.00,$0.00,$0.00,$0.00,$0.00,$0.00,0.00%,0,0.00%,$0.00,0.00%,0,0.00%,$0.00,0.00%,0,0.00%,$0.00,0.00%,0,0.00%,$0.00,0.00%,$0.00,$0.20,$0.00,$0.00,$0.00,$0.00,0.00%,$0.00,0.00%,$0.00,0.00%,$0.20,0.00%,$-0.20,0.00%
"43 - N2R1_RM_43_NET_ESQ_UniquePlusLLC_9162_65K",1,"Storm Phaze 2 Bowling Ball","DP1 V3",Mastercard,Friday,549170,1,1,100.00%,0,0.00%,1,1,100.00%,0,0.00%,1,0,$0.00,1,0.00%,0,0,$0.00,0,0.00%,0,0,0,$0.00,$0.00,$0.00,$0.00,$0.00,$0.00,$0.00,$0.00,$0.00,$0.00,0.00%,0,0.00%,$0.00,0.00%,0,0.00%,$0.00,0.00%,0,0.00%,$0.00,0.00%,0,0.00%,$0.00,0.00%,$0.00,$0.20,$0.00,$0.00,$0.00,$0.00,0.00%,$0.00,0.00%,$0.00,0.00%,$0.20,0.00%,$-0.20,0.00%
"43 - N2R1_RM_43_NET_ESQ_UniquePlusLLC_9162_65K",1,"Storm Phaze 2 Bowling Ball","DP1 V3",Visa,Friday,413331,1,1,100.00%,0,0.00%,1,1,100.00%,0,0.00%,1,0,$0.00,1,0.00%,0,0,$0.00,0,0.00%,0,0,0,$0.00,$0.00,$0.00,$0.00,$0.00,$0.00,$0.00,$0.00,$0.00,$0.00,0.00%,0,0.00%,$0.00,0.00%,0,0.00%,$0.00,0.00%,0,0.00%,$0.00,0.00%,0,0.00%,$0.00,0.00%,$0.00,$0.20,$0.00,$0.00,$0.00,$0.00,0.00%,$0.00,0.00%,$0.00,0.00%,$0.20,0.00%,$-0.20,0.00%
"43 - N2R1_RM_43_NET_ESQ_UniquePlusLLC_9162_65K",1,"Storm Phaze 2 Bowling Ball","DP1 V3",Visa,Friday,420767,1,0,0.00%,1,100.00%,1,0,0.00%,1,100.00%,1,1,$12.89,0,100.00%,0,0,$0.00,0,0.00%,1,1,1,$12.89,$0.00,$0.00,$12.89,$0.00,$0.00,$12.89,$0.00,$12.89,$0.00,0.00%,0,0.00%,$0.00,0.00%,0,0.00%,$0.00,0.00%,0,0.00%,$0.00,0.00%,0,0.00%,$0.00,0.00%,$12.89,$0.84,$0.00,$0.00,$0.00,$0.00,0.00%,$0.00,0.00%,$0.00,0.00%,$0.84,6.52%,$12.05,93.48%
"43 - N2R1_RM_43_NET_ESQ_UniquePlusLLC_9162_65K",1,"Storm Phaze 2 Bowling Ball","DP1 V3",Visa,Friday,426684,1,1,100.00%,0,0.00%,1,1,100.00%,0,0.00%,1,0,$0.00,1,0.00%,0,0,$0.00,0,0.00%,0,0,0,$0.00,$0.00,$0.00,$0.00,$0.00,$0.00,$0.00,$0.00,$0.00,$0.00,0.00%,0,0.00%,$0.00,0.00%,0,0.00%,$0.00,0.00%,0,0.00%,$0.00,0.00%,0,0.00%,$0.00,0.00%,$0.00,$0.20,$0.00,$0.00,$0.00,$0.00,0.00%,$0.00,0.00%,$0.00,0.00%,$0.20,0.00%,$-0.20,0.00%
"43 - N2R1_RM_43_NET_ESQ_UniquePlusLLC_9162_65K",1,"Storm Phaze 2 Bowling Ball","DP1 V3",Visa,Friday,438854,1,1,100.00%,0,0.00%,1,1,100.00%,0,0.00%,1,0,$0.00,1,0.00%,0,0,$0.00,0,0.00%,0,0,0,$0.00,$0.00,$0.00,$0.00,$0.00,$0.00,$0.00,$0.00,$0.00,$0.00,0.00%,0,0.00%,$0.00,0.00%,0,0.00%,$0.00,0.00%,0,0.00%,$0.00,0.00%,0,0.00%,$0.00,0.00%,$0.00,$0.20,$0.00,$0.00,$0.00,$0.00,0.00%,$0.00,0.00%,$0.00,0.00%,$0.20,0.00%,$-0.20,0.00%
"43 - N2R1_RM_43_NET_ESQ_UniquePlusLLC_9162_65K",1,"Yellow Ford Mustang Electric Bike","DP1 V3",Mastercard,Friday,517148,1,1,100.00%,0,0.00%,1,1,100.00%,0,0.00%,1,0,$0.00,1,0.00%,0,0,$0.00,0,0.00%,0,0,0,$0.00,$0.00,$0.00,$0.00,$0.00,$0.00,$0.00,$0.00,$0.00,$0.00,0.00%,0,0.00%,$0.00,0.00%,0,0.00%,$0.00,0.00%,0,0.00%,$0.00,0.00%,0,0.00%,$0.00,0.00%,$0.00,$0.20,$0.00,$0.00,$0.00,$0.00,0.00%,$0.00,0.00%,$0.00,0.00%,$0.20,0.00%,$-0.20,0.00%
"43 - N2R1_RM_43_NET_ESQ_UniquePlusLLC_9162_65K",1,"Yellow Ford Mustang Electric Bike","DP1 V3",Mastercard,Friday,540724,1,0,0.00%,1,100.00%,1,0,0.00%,1,100.00%,1,1,$12.89,0,100.00%,0,0,$0.00,0,0.00%,1,1,1,$12.89,$0.00,$0.00,$12.89,$0.00,$0.00,$12.89,$0.00,$12.89,$0.00,0.00%,0,0.00%,$0.00,0.00%,0,0.00%,$0.00,0.00%,0,0.00%,$0.00,0.00%,0,0.00%,$0.00,0.00%,$12.89,$0.84,$0.00,$0.00,$0.00,$0.00,0.00%,$0.00,0.00%,$0.00,0.00%,$0.84,6.52%,$12.05,93.48%
"43 - N2R1_RM_43_NET_ESQ_UniquePlusLLC_9162_65K",1,"Yellow Ford Mustang Electric Bike","DP1 V3",Visa,Friday,416046,1,1,100.00%,0,0.00%,1,1,100.00%,0,0.00%,1,0,$0.00,1,0.00%,0,0,$0.00,0,0.00%,0,0,0,$0.00,$0.00,$0.00,$0.00,$0.00,$0.00,$0.00,$0.00,$0.00,$0.00,0.00%,0,0.00%,$0.00,0.00%,0,0.00%,$0.00,0.00%,0,0.00%,$0.00,0.00%,0,0.00%,$0.00,0.00%,$0.00,$0.20,$0.00,$0.00,$0.00,$0.00,0.00%,$0.00,0.00%,$0.00,0.00%,$0.20,0.00%,$-0.20,0.00%
"43 - N2R1_RM_43_NET_ESQ_UniquePlusLLC_9162_65K",1,"Yellow Ford Mustang Electric Bike","DP1 V3",Visa,Friday,435546,1,1,100.00%,0,0.00%,1,1,100.00%,0,0.00%,1,0,$0.00,1,0.00%,0,0,$0.00,0,0.00%,0,0,0,$0.00,$0.00,$0.00,$0.00,$0.00,$0.00,$0.00,$0.00,$0.00,$0.00,0.00%,0,0.00%,$0.00,0.00%,0,0.00%,$0.00,0.00%,0,0.00%,$0.00,0.00%,0,0.00%,$0.00,0.00%,$0.00,$0.20,$0.00,$0.00,$0.00,$0.00,0.00%,$0.00,0.00%,$0.00,0.00%,$0.20,0.00%,$-0.20,0.00%
"43 - N2R1_RM_43_NET_ESQ_UniquePlusLLC_9162_65K",1,"Yellow Ford Mustang Electric Bike","DP1 V3",Visa,Friday,453037,1,1,100.00%,0,0.00%,1,1,100.00%,0,0.00%,1,0,$0.00,1,0.00%,0,0,$0.00,0,0.00%,0,0,0,$0.00,$0.00,$0.00,$0.00,$0.00,$0.00,$0.00,$0.00,$0.00,$0.00,0.00%,0,0.00%,$0.00,0.00%,0,0.00%,$0.00,0.00%,0,0.00%,$0.00,0.00%,0,0.00%,$0.00,0.00%,$0.00,$0.20,$0.00,$0.00,$0.00,$0.00,0.00%,$0.00,0.00%,$0.00,0.00%,$0.20,0.00%,$-0.20,0.00%
"43 - N2R1_RM_43_NET_ESQ_UniquePlusLLC_9162_65K",1,"Yellow Ford Mustang Electric Bike","DP1 V3",Visa,Friday,486796,1,0,0.00%,1,100.00%,1,0,0.00%,1,100.00%,1,1,$12.89,0,100.00%,0,0,$0.00,0,0.00%,1,1,1,$12.89,$0.00,$0.00,$12.89,$0.00,$0.00,$12.89,$0.00,$12.89,$0.00,0.00%,0,0.00%,$0.00,0.00%,0,0.00%,$0.00,0.00%,0,0.00%,$0.00,0.00%,0,0.00%,$0.00,0.00%,$12.89,$0.84,$0.00,$0.00,$0.00,$0.00,0.00%,$0.00,0.00%,$0.00,0.00%,$0.84,6.52%,$12.05,93.48%
"44 - NR12_RM_44_NET_ESQ_UniquePlusLLC_9154_65K",1,"Predator 12.4mm Pool Cue","DP1 V3",Mastercard,Friday,544317,1,1,100.00%,0,0.00%,1,1,100.00%,0,0.00%,1,0,$0.00,1,0.00%,0,0,$0.00,0,0.00%,0,0,0,$0.00,$0.00,$0.00,$0.00,$0.00,$0.00,$0.00,$0.00,$0.00,$0.00,0.00%,0,0.00%,$0.00,0.00%,0,0.00%,$0.00,0.00%,0,0.00%,$0.00,0.00%,0,0.00%,$0.00,0.00%,$0.00,$0.20,$0.00,$0.00,$0.00,$0.00,0.00%,$0.00,0.00%,$0.00,0.00%,$0.20,0.00%,$-0.20,0.00%
"44 - NR12_RM_44_NET_ESQ_UniquePlusLLC_9154_65K",1,"Predator 12.4mm Pool Cue","DP1 V3",Mastercard,Friday,552341,1,1,100.00%,0,0.00%,1,1,100.00%,0,0.00%,1,0,$0.00,1,0.00%,0,0,$0.00,0,0.00%,0,0,0,$0.00,$0.00,$0.00,$0.00,$0.00,$0.00,$0.00,$0.00,$0.00,$0.00,0.00%,0,0.00%,$0.00,0.00%,0,0.00%,$0.00,0.00%,0,0.00%,$0.00,0.00%,0,0.00%,$0.00,0.00%,$0.00,$0.20,$0.00,$0.00,$0.00,$0.00,0.00%,$0.00,0.00%,$0.00,0.00%,$0.20,0.00%,$-0.20,0.00%
"44 - NR12_RM_44_NET_ESQ_UniquePlusLLC_9154_65K",1,"Predator 12.4mm Pool Cue","DP1 V3",Visa,Friday,426684,1,1,100.00%,0,0.00%,1,1,100.00%,0,0.00%,1,0,$0.00,1,0.00%,0,0,$0.00,0,0.00%,0,0,0,$0.00,$0.00,$0.00,$0.00,$0.00,$0.00,$0.00,$0.00,$0.00,$0.00,0.00%,0,0.00%,$0.00,0.00%,0,0.00%,$0.00,0.00%,0,0.00%,$0.00,0.00%,0,0.00%,$0.00,0.00%,$0.00,$0.20,$0.00,$0.00,$0.00,$0.00,0.00%,$0.00,0.00%,$0.00,0.00%,$0.20,0.00%,$-0.20,0.00%
"44 - NR12_RM_44_NET_ESQ_UniquePlusLLC_9154_65K",1,"Predator 12.4mm Pool Cue","DP1 V3",Visa,Friday,453506,1,1,100.00%,0,0.00%,1,1,100.00%,0,0.00%,1,0,$0.00,1,0.00%,0,0,$0.00,0,0.00%,0,0,0,$0.00,$0.00,$0.00,$0.00,$0.00,$0.00,$0.00,$0.00,$0.00,$0.00,0.00%,0,0.00%,$0.00,0.00%,0,0.00%,$0.00,0.00%,0,0.00%,$0.00,0.00%,0,0.00%,$0.00,0.00%,$0.00,$0.20,$0.00,$0.00,$0.00,$0.00,0.00%,$0.00,0.00%,$0.00,0.00%,$0.20,0.00%,$-0.20,0.00%
"44 - NR12_RM_44_NET_ESQ_UniquePlusLLC_9154_65K",1,"Storm Phaze 2 Bowling Ball","DP1 V3",Visa,Friday,400022,1,1,100.00%,0,0.00%,1,1,100.00%,0,0.00%,1,0,$0.00,1,0.00%,0,0,$0.00,0,0.00%,0,0,0,$0.00,$0.00,$0.00,$0.00,$0.00,$0.00,$0.00,$0.00,$0.00,$0.00,0.00%,0,0.00%,$0.00,0.00%,0,0.00%,$0.00,0.00%,0,0.00%,$0.00,0.00%,0,0.00%,$0.00,0.00%,$0.00,$0.20,$0.00,$0.00,$0.00,$0.00,0.00%,$0.00,0.00%,$0.00,0.00%,$0.20,0.00%,$-0.20,0.00%
"44 - NR12_RM_44_NET_ESQ_UniquePlusLLC_9154_65K",1,"Storm Phaze 2 Bowling Ball","DP1 V3",Visa,Friday,459954,1,0,0.00%,1,100.00%,1,0,0.00%,1,100.00%,1,1,$12.89,0,100.00%,0,0,$0.00,0,0.00%,1,1,1,$12.89,$0.00,$0.00,$12.89,$0.00,$0.00,$12.89,$0.00,$12.89,$0.00,0.00%,0,0.00%,$0.00,0.00%,0,0.00%,$0.00,0.00%,0,0.00%,$0.00,0.00%,0,0.00%,$0.00,0.00%,$12.89,$0.84,$0.00,$0.00,$0.00,$0.00,0.00%,$0.00,0.00%,$0.00,0.00%,$0.84,6.52%,$12.05,93.48%
"44 - NR12_RM_44_NET_ESQ_UniquePlusLLC_9154_65K",1,"Yellow Ford Mustang Electric Bike","DP1 V3",Mastercard,Friday,514230,1,1,100.00%,0,0.00%,1,1,100.00%,0,0.00%,1,0,$0.00,1,0.00%,0,0,$0.00,0,0.00%,0,0,0,$0.00,$0.00,$0.00,$0.00,$0.00,$0.00,$0.00,$0.00,$0.00,$0.00,0.00%,0,0.00%,$0.00,0.00%,0,0.00%,$0.00,0.00%,0,0.00%,$0.00,0.00%,0,0.00%,$0.00,0.00%,$0.00,$0.20,$0.00,$0.00,$0.00,$0.00,0.00%,$0.00,0.00%,$0.00,0.00%,$0.20,0.00%,$-0.20,0.00%
"48 - RM_48_PAYARC_EVO_PrimeSmartSolutionsLLC_0345_65K",1,"Predator 12.4mm Pool Cue","DP1 V3",Visa,Friday,423223,1,1,100.00%,0,0.00%,1,1,100.00%,0,0.00%,1,0,$0.00,1,0.00%,0,0,$0.00,0,0.00%,0,0,0,$0.00,$0.00,$0.00,$0.00,$0.00,$0.00,$0.00,$0.00,$0.00,$0.00,0.00%,0,0.00%,$0.00,0.00%,0,0.00%,$0.00,0.00%,0,0.00%,$0.00,0.00%,0,0.00%,$0.00,0.00%,$0.00,$0.20,$0.00,$0.00,$0.00,$0.00,0.00%,$0.00,0.00%,$0.00,0.00%,$0.20,0.00%,$-0.20,0.00%
"48 - RM_48_PAYARC_EVO_PrimeSmartSolutionsLLC_0345_65K",1,"Predator 12.4mm Pool Cue","DP1 V3",Visa,Friday,432739,1,0,0.00%,1,100.00%,1,0,0.00%,1,100.00%,1,1,$12.89,0,100.00%,0,0,$0.00,0,0.00%,1,1,1,$12.89,$0.00,$0.00,$12.89,$0.00,$0.00,$12.89,$0.00,$12.89,$0.00,0.00%,0,0.00%,$0.00,0.00%,0,0.00%,$0.00,0.00%,0,0.00%,$0.00,0.00%,0,0.00%,$0.00,0.00%,$12.89,$0.84,$0.00,$0.00,$0.00,$0.00,0.00%,$0.00,0.00%,$0.00,0.00%,$0.84,6.52%,$12.05,93.48%
"48 - RM_48_PAYARC_EVO_PrimeSmartSolutionsLLC_0345_65K",1,"Storm Phaze 2 Bowling Ball","DP1 V3",Visa,Friday,425630,1,0,0.00%,1,100.00%,1,0,0.00%,1,100.00%,1,1,$12.89,0,100.00%,0,0,$0.00,0,0.00%,1,1,1,$12.89,$0.00,$0.00,$12.89,$0.00,$0.00,$12.89,$0.00,$12.89,$12.89,100.00%,0,0.00%,$0.00,0.00%,0,0.00%,$0.00,0.00%,0,0.00%,$0.00,0.00%,1,100.00%,$12.89,100.00%,$0.00,$0.84,$0.00,$0.00,$0.00,$0.00,0.00%,$0.00,0.00%,$0.00,0.00%,$0.84,6.52%,$-0.84,-6.52%
"48 - RM_48_PAYARC_EVO_PrimeSmartSolutionsLLC_0345_65K",1,"Storm Phaze 2 Bowling Ball","DP1 V3",Visa,Friday,483316,1,0,0.00%,1,100.00%,1,0,0.00%,1,100.00%,1,1,$12.89,0,100.00%,0,0,$0.00,0,0.00%,1,1,1,$12.89,$0.00,$0.00,$12.89,$0.00,$0.00,$12.89,$0.00,$12.89,$0.00,0.00%,0,0.00%,$0.00,0.00%,0,0.00%,$0.00,0.00%,0,0.00%,$0.00,0.00%,0,0.00%,$0.00,0.00%,$12.89,$0.84,$0.00,$0.00,$0.00,$0.00,0.00%,$0.00,0.00%,$0.00,0.00%,$0.84,6.52%,$12.05,93.48%
"48 - RM_48_PAYARC_EVO_PrimeSmartSolutionsLLC_0345_65K",1,"Yellow Ford Mustang Electric Bike","DP1 V3",Visa,Friday,402779,1,0,0.00%,1,100.00%,1,0,0.00%,1,100.00%,1,1,$12.89,0,100.00%,0,0,$0.00,0,0.00%,1,1,1,$12.89,$0.00,$0.00,$12.89,$0.00,$0.00,$12.89,$0.00,$12.89,$0.00,0.00%,0,0.00%,$0.00,0.00%,0,0.00%,$0.00,0.00%,0,0.00%,$0.00,0.00%,0,0.00%,$0.00,0.00%,$12.89,$0.84,$0.00,$0.00,$0.00,$0.00,0.00%,$0.00,0.00%,$0.00,0.00%,$0.84,6.52%,$12.05,93.48%
"48 - RM_48_PAYARC_EVO_PrimeSmartSolutionsLLC_0345_65K",1,"Yellow Ford Mustang Electric Bike","DP1 V3",Visa,Friday,423223,1,1,100.00%,0,0.00%,1,1,100.00%,0,0.00%,1,0,$0.00,1,0.00%,0,0,$0.00,0,0.00%,0,0,0,$0.00,$0.00,$0.00,$0.00,$0.00,$0.00,$0.00,$0.00,$0.00,$0.00,0.00%,0,0.00%,$0.00,0.00%,0,0.00%,$0.00,0.00%,0,0.00%,$0.00,0.00%,0,0.00%,$0.00,0.00%,$0.00,$0.20,$0.00,$0.00,$0.00,$0.00,0.00%,$0.00,0.00%,$0.00,0.00%,$0.20,0.00%,$-0.20,0.00%
"48 - RM_48_PAYARC_EVO_PrimeSmartSolutionsLLC_0345_65K",1,"Yellow Ford Mustang Electric Bike","DP1 V3",Visa,Friday,483312,1,1,100.00%,0,0.00%,1,1,100.00%,0,0.00%,1,0,$0.00,1,0.00%,0,0,$0.00,0,0.00%,0,0,0,$0.00,$0.00,$0.00,$0.00,$0.00,$0.00,$0.00,$0.00,$0.00,$0.00,0.00%,0,0.00%,$0.00,0.00%,0,0.00%,$0.00,0.00%,0,0.00%,$0.00,0.00%,0,0.00%,$0.00,0.00%,$0.00,$0.20,$0.00,$0.00,$0.00,$0.00,0.00%,$0.00,0.00%,$0.00,0.00%,$0.20,0.00%,$-0.20,0.00%
"49 - NR1_RM_49_PAYARC_EVO_PrimeSmartSolutionsLLC_0352_65K",1,"Predator 12.4mm Pool Cue","DP1 V3",Visa,Friday,403784,1,1,100.00%,0,0.00%,1,1,100.00%,0,0.00%,1,0,$0.00,1,0.00%,0,0,$0.00,0,0.00%,0,0,0,$0.00,$0.00,$0.00,$0.00,$0.00,$0.00,$0.00,$0.00,$0.00,$0.00,0.00%,0,0.00%,$0.00,0.00%,0,0.00%,$0.00,0.00%,0,0.00%,$0.00,0.00%,0,0.00%,$0.00,0.00%,$0.00,$0.20,$0.00,$0.00,$0.00,$0.00,0.00%,$0.00,0.00%,$0.00,0.00%,$0.20,0.00%,$-0.20,0.00%
"49 - NR1_RM_49_PAYARC_EVO_PrimeSmartSolutionsLLC_0352_65K",1,"Predator 12.4mm Pool Cue","DP1 V3",Visa,Friday,413037,1,0,0.00%,1,100.00%,1,0,0.00%,1,100.00%,1,1,$12.89,0,100.00%,0,0,$0.00,0,0.00%,1,1,1,$12.89,$0.00,$0.00,$12.89,$0.00,$0.00,$12.89,$0.00,$12.89,$0.00,0.00%,0,0.00%,$0.00,0.00%,0,0.00%,$0.00,0.00%,0,0.00%,$0.00,0.00%,0,0.00%,$0.00,0.00%,$12.89,$0.84,$0.00,$0.00,$0.00,$0.00,0.00%,$0.00,0.00%,$0.00,0.00%,$0.84,6.52%,$12.05,93.48%
"49 - NR1_RM_49_PAYARC_EVO_PrimeSmartSolutionsLLC_0352_65K",1,"Predator 12.4mm Pool Cue","DP1 V3",Visa,Friday,443628,1,0,0.00%,1,100.00%,1,0,0.00%,1,100.00%,1,1,$12.89,0,100.00%,0,0,$0.00,0,0.00%,1,1,1,$12.89,$0.00,$0.00,$12.89,$0.00,$0.00,$12.89,$0.00,$12.89,$0.00,0.00%,0,0.00%,$0.00,0.00%,0,0.00%,$0.00,0.00%,0,0.00%,$0.00,0.00%,0,0.00%,$0.00,0.00%,$12.89,$0.84,$0.00,$0.00,$0.00,$0.00,0.00%,$0.00,0.00%,$0.00,0.00%,$0.84,6.52%,$12.05,93.48%
"49 - NR1_RM_49_PAYARC_EVO_PrimeSmartSolutionsLLC_0352_65K",1,"Predator 12.4mm Pool Cue","DP1 V3",Visa,Friday,498503,1,0,0.00%,1,100.00%,1,0,0.00%,1,100.00%,1,1,$12.89,0,100.00%,0,0,$0.00,0,0.00%,1,1,1,$12.89,$0.00,$0.00,$12.89,$0.00,$0.00,$12.89,$0.00,$12.89,$0.00,0.00%,0,0.00%,$0.00,0.00%,0,0.00%,$0.00,0.00%,0,0.00%,$0.00,0.00%,0,0.00%,$0.00,0.00%,$12.89,$0.84,$0.00,$0.00,$0.00,$0.00,0.00%,$0.00,0.00%,$0.00,0.00%,$0.84,6.52%,$12.05,93.48%
"49 - NR1_RM_49_PAYARC_EVO_PrimeSmartSolutionsLLC_0352_65K",1,"Storm Phaze 2 Bowling Ball","DP1 V3",Visa,Friday,407137,1,1,100.00%,0,0.00%,1,1,100.00%,0,0.00%,1,0,$0.00,1,0.00%,0,0,$0.00,0,0.00%,0,0,0,$0.00,$0.00,$0.00,$0.00,$0.00,$0.00,$0.00,$0.00,$0.00,$0.00,0.00%,0,0.00%,$0.00,0.00%,0,0.00%,$0.00,0.00%,0,0.00%,$0.00,0.00%,0,0.00%,$0.00,0.00%,$0.00,$0.20,$0.00,$0.00,$0.00,$0.00,0.00%,$0.00,0.00%,$0.00,0.00%,$0.20,0.00%,$-0.20,0.00%
"49 - NR1_RM_49_PAYARC_EVO_PrimeSmartSolutionsLLC_0352_65K",1,"Storm Phaze 2 Bowling Ball","DP1 V3",Visa,Friday,435173,1,0,0.00%,1,100.00%,1,0,0.00%,1,100.00%,1,1,$12.89,0,100.00%,0,0,$0.00,0,0.00%,1,1,1,$12.89,$0.00,$0.00,$12.89,$0.00,$0.00,$12.89,$0.00,$12.89,$12.89,100.00%,0,0.00%,$0.00,0.00%,0,0.00%,$0.00,0.00%,0,0.00%,$0.00,0.00%,1,100.00%,$12.89,100.00%,$0.00,$0.84,$0.00,$0.00,$0.00,$0.00,0.00%,$0.00,0.00%,$0.00,0.00%,$0.84,6.52%,$-0.84,-6.52%
"49 - NR1_RM_49_PAYARC_EVO_PrimeSmartSolutionsLLC_0352_65K",1,"Storm Phaze 2 Bowling Ball","DP1 V3",Visa,Friday,498503,1,1,100.00%,0,0.00%,1,1,100.00%,0,0.00%,1,0,$0.00,1,0.00%,0,0,$0.00,0,0.00%,0,0,0,$0.00,$0.00,$0.00,$0.00,$0.00,$0.00,$0.00,$0.00,$0.00,$0.00,0.00%,0,0.00%,$0.00,0.00%,0,0.00%,$0.00,0.00%,0,0.00%,$0.00,0.00%,0,0.00%,$0.00,0.00%,$0.00,$0.20,$0.00,$0.00,$0.00,$0.00,0.00%,$0.00,0.00%,$0.00,0.00%,$0.20,0.00%,$-0.20,0.00%
"50 - N12_RM_50_PRIOR_SYN_PrimeSmartSolutionsLLC_0577_75K",1,"Predator 12.4mm Pool Cue","DP1 V3",Visa,Friday,443041,1,1,100.00%,0,0.00%,1,1,100.00%,0,0.00%,1,0,$0.00,1,0.00%,0,0,$0.00,0,0.00%,0,0,0,$0.00,$0.00,$0.00,$0.00,$0.00,$0.00,$0.00,$0.00,$0.00,$0.00,0.00%,0,0.00%,$0.00,0.00%,0,0.00%,$0.00,0.00%,0,0.00%,$0.00,0.00%,0,0.00%,$0.00,0.00%,$0.00,$0.20,$0.00,$0.00,$0.00,$0.00,0.00%,$0.00,0.00%,$0.00,0.00%,$0.20,0.00%,$-0.20,0.00%
"50 - N12_RM_50_PRIOR_SYN_PrimeSmartSolutionsLLC_0577_75K",1,"Storm Phaze 2 Bowling Ball","DP1 V3",Mastercard,Friday,526929,1,0,0.00%,1,100.00%,1,0,0.00%,1,100.00%,1,1,$12.89,0,100.00%,0,0,$0.00,0,0.00%,1,1,1,$12.89,$0.00,$0.00,$12.89,$0.00,$0.00,$12.89,$0.00,$12.89,$0.00,0.00%,0,0.00%,$0.00,0.00%,0,0.00%,$0.00,0.00%,0,0.00%,$0.00,0.00%,0,0.00%,$0.00,0.00%,$12.89,$0.84,$0.00,$0.00,$0.00,$0.00,0.00%,$0.00,0.00%,$0.00,0.00%,$0.84,6.52%,$12.05,93.48%
"50 - N12_RM_50_PRIOR_SYN_PrimeSmartSolutionsLLC_0577_75K",1,"Storm Phaze 2 Bowling Ball","DP1 V3",Visa,Friday,428703,1,1,100.00%,0,0.00%,1,1,100.00%,0,0.00%,1,0,$0.00,1,0.00%,0,0,$0.00,0,0.00%,0,0,0,$0.00,$0.00,$0.00,$0.00,$0.00,$0.00,$0.00,$0.00,$0.00,$0.00,0.00%,0,0.00%,$0.00,0.00%,0,0.00%,$0.00,0.00%,0,0.00%,$0.00,0.00%,0,0.00%,$0.00,0.00%,$0.00,$0.20,$0.00,$0.00,$0.00,$0.00,0.00%,$0.00,0.00%,$0.00,0.00%,$0.20,0.00%,$-0.20,0.00%
"50 - N12_RM_50_PRIOR_SYN_PrimeSmartSolutionsLLC_0577_75K",1,"Storm Phaze 2 Bowling Ball","DP1 V3",Visa,Friday,458453,1,1,100.00%,0,0.00%,1,1,100.00%,0,0.00%,1,0,$0.00,1,0.00%,0,0,$0.00,0,0.00%,0,0,0,$0.00,$0.00,$0.00,$0.00,$0.00,$0.00,$0.00,$0.00,$0.00,$0.00,0.00%,0,0.00%,$0.00,0.00%,0,0.00%,$0.00,0.00%,0,0.00%,$0.00,0.00%,0,0.00%,$0.00,0.00%,$0.00,$0.20,$0.00,$0.00,$0.00,$0.00,0.00%,$0.00,0.00%,$0.00,0.00%,$0.20,0.00%,$-0.20,0.00%
"50 - N12_RM_50_PRIOR_SYN_PrimeSmartSolutionsLLC_0577_75K",1,"Yellow Ford Mustang Electric Bike","DP1 V3",Mastercard,Friday,540385,1,0,0.00%,1,100.00%,1,0,0.00%,1,100.00%,1,1,$12.89,0,100.00%,0,0,$0.00,0,0.00%,1,1,1,$12.89,$0.00,$0.00,$12.89,$0.00,$0.00,$12.89,$0.00,$12.89,$0.00,0.00%,0,0.00%,$0.00,0.00%,0,0.00%,$0.00,0.00%,0,0.00%,$0.00,0.00%,0,0.00%,$0.00,0.00%,$12.89,$0.84,$0.00,$0.00,$0.00,$0.00,0.00%,$0.00,0.00%,$0.00,0.00%,$0.84,6.52%,$12.05,93.48%
"50 - N12_RM_50_PRIOR_SYN_PrimeSmartSolutionsLLC_0577_75K",1,"Yellow Ford Mustang Electric Bike","DP1 V3",Visa,Friday,406095,1,1,100.00%,0,0.00%,1,1,100.00%,0,0.00%,1,0,$0.00,1,0.00%,0,0,$0.00,0,0.00%,0,0,0,$0.00,$0.00,$0.00,$0.00,$0.00,$0.00,$0.00,$0.00,$0.00,$0.00,0.00%,0,0.00%,$0.00,0.00%,0,0.00%,$0.00,0.00%,0,0.00%,$0.00,0.00%,0,0.00%,$0.00,0.00%,$0.00,$0.20,$0.00,$0.00,$0.00,$0.00,0.00%,$0.00,0.00%,$0.00,0.00%,$0.20,0.00%,$-0.20,0.00%
"50 - N12_RM_50_PRIOR_SYN_PrimeSmartSolutionsLLC_0577_75K",1,"Yellow Ford Mustang Electric Bike","DP1 V3",Visa,Friday,426684,1,1,100.00%,0,0.00%,1,1,100.00%,0,0.00%,1,0,$0.00,1,0.00%,0,0,$0.00,0,0.00%,0,0,0,$0.00,$0.00,$0.00,$0.00,$0.00,$0.00,$0.00,$0.00,$0.00,$0.00,0.00%,0,0.00%,$0.00,0.00%,0,0.00%,$0.00,0.00%,0,0.00%,$0.00,0.00%,0,0.00%,$0.00,0.00%,$0.00,$0.20,$0.00,$0.00,$0.00,$0.00,0.00%,$0.00,0.00%,$0.00,0.00%,$0.20,0.00%,$-0.20,0.00%
"50 - N12_RM_50_PRIOR_SYN_PrimeSmartSolutionsLLC_0577_75K",1,"Yellow Ford Mustang Electric Bike","DP1 V3",Visa,Friday,429420,1,0,0.00%,1,100.00%,1,0,0.00%,1,100.00%,1,1,$12.89,0,100.00%,0,0,$0.00,0,0.00%,1,1,1,$12.89,$0.00,$0.00,$12.89,$0.00,$0.00,$12.89,$0.00,$12.89,$0.00,0.00%,0,0.00%,$0.00,0.00%,0,0.00%,$0.00,0.00%,0,0.00%,$0.00,0.00%,0,0.00%,$0.00,0.00%,$12.89,$0.84,$0.00,$0.00,$0.00,$0.00,0.00%,$0.00,0.00%,$0.00,0.00%,$0.84,6.52%,$12.05,93.48%
"50 - N12_RM_50_PRIOR_SYN_PrimeSmartSolutionsLLC_0577_75K",1,"Yellow Ford Mustang Electric Bike","DP1 V3",Visa,Friday,444796,1,1,100.00%,0,0.00%,1,1,100.00%,0,0.00%,1,0,$0.00,1,0.00%,0,0,$0.00,0,0.00%,0,0,0,$0.00,$0.00,$0.00,$0.00,$0.00,$0.00,$0.00,$0.00,$0.00,$0.00,0.00%,0,0.00%,$0.00,0.00%,0,0.00%,$0.00,0.00%,0,0.00%,$0.00,0.00%,0,0.00%,$0.00,0.00%,$0.00,$0.20,$0.00,$0.00,$0.00,$0.00,0.00%,$0.00,0.00%,$0.00,0.00%,$0.20,0.00%,$-0.20,0.00%
"50 - N12_RM_50_PRIOR_SYN_PrimeSmartSolutionsLLC_0577_75K",1,"Yellow Ford Mustang Electric Bike","DP1 V3",Visa,Friday,463895,1,1,100.00%,0,0.00%,1,1,100.00%,0,0.00%,1,0,$0.00,1,0.00%,0,0,$0.00,0,0.00%,0,0,0,$0.00,$0.00,$0.00,$0.00,$0.00,$0.00,$0.00,$0.00,$0.00,$0.00,0.00%,0,0.00%,$0.00,0.00%,0,0.00%,$0.00,0.00%,0,0.00%,$0.00,0.00%,0,0.00%,$0.00,0.00%,$0.00,$0.20,$0.00,$0.00,$0.00,$0.00,0.00%,$0.00,0.00%,$0.00,0.00%,$0.20,0.00%,$-0.20,0.00%
"51 - RM_51_PRIOR_SYN_PrimeSmartSolutionsLLC_5208_75K",1,"Storm Phaze 2 Bowling Ball","DP1 V3",Mastercard,Friday,514160,1,1,100.00%,0,0.00%,1,1,100.00%,0,0.00%,1,0,$0.00,1,0.00%,0,0,$0.00,0,0.00%,0,0,0,$0.00,$0.00,$0.00,$0.00,$0.00,$0.00,$0.00,$0.00,$0.00,$0.00,0.00%,0,0.00%,$0.00,0.00%,0,0.00%,$0.00,0.00%,0,0.00%,$0.00,0.00%,0,0.00%,$0.00,0.00%,$0.00,$0.20,$0.00,$0.00,$0.00,$0.00,0.00%,$0.00,0.00%,$0.00,0.00%,$0.20,0.00%,$-0.20,0.00%
"51 - RM_51_PRIOR_SYN_PrimeSmartSolutionsLLC_5208_75K",1,"Storm Phaze 2 Bowling Ball","DP1 V3",Mastercard,Friday,515678,1,1,100.00%,0,0.00%,1,1,100.00%,0,0.00%,1,0,$0.00,1,0.00%,0,0,$0.00,0,0.00%,0,0,0,$0.00,$0.00,$0.00,$0.00,$0.00,$0.00,$0.00,$0.00,$0.00,$0.00,0.00%,0,0.00%,$0.00,0.00%,0,0.00%,$0.00,0.00%,0,0.00%,$0.00,0.00%,0,0.00%,$0.00,0.00%,$0.00,$0.20,$0.00,$0.00,$0.00,$0.00,0.00%,$0.00,0.00%,$0.00,0.00%,$0.20,0.00%,$-0.20,0.00%
"51 - RM_51_PRIOR_SYN_PrimeSmartSolutionsLLC_5208_75K",1,"Storm Phaze 2 Bowling Ball","DP1 V3",Mastercard,Friday,552322,1,1,100.00%,0,0.00%,1,1,100.00%,0,0.00%,1,0,$0.00,1,0.00%,0,0,$0.00,0,0.00%,0,0,0,$0.00,$0.00,$0.00,$0.00,$0.00,$0.00,$0.00,$0.00,$0.00,$0.00,0.00%,0,0.00%,$0.00,0.00%,0,0.00%,$0.00,0.00%,0,0.00%,$0.00,0.00%,0,0.00%,$0.00,0.00%,$0.00,$0.20,$0.00,$0.00,$0.00,$0.00,0.00%,$0.00,0.00%,$0.00,0.00%,$0.20,0.00%,$-0.20,0.00%
"51 - RM_51_PRIOR_SYN_PrimeSmartSolutionsLLC_5208_75K",1,"Storm Phaze 2 Bowling Ball","DP1 V3",Visa,Friday,473310,1,1,100.00%,0,0.00%,1,1,100.00%,0,0.00%,1,0,$0.00,1,0.00%,0,0,$0.00,0,0.00%,0,0,0,$0.00,$0.00,$0.00,$0.00,$0.00,$0.00,$0.00,$0.00,$0.00,$0.00,0.00%,0,0.00%,$0.00,0.00%,0,0.00%,$0.00,0.00%,0,0.00%,$0.00,0.00%,0,0.00%,$0.00,0.00%,$0.00,$0.20,$0.00,$0.00,$0.00,$0.00,0.00%,$0.00,0.00%,$0.00,0.00%,$0.20,0.00%,$-0.20,0.00%
"51 - RM_51_PRIOR_SYN_PrimeSmartSolutionsLLC_5208_75K",1,"Yellow Ford Mustang Electric Bike","DP1 V3",Mastercard,Friday,512333,1,1,100.00%,0,0.00%,1,1,100.00%,0,0.00%,1,0,$0.00,1,0.00%,0,0,$0.00,0,0.00%,0,0,0,$0.00,$0.00,$0.00,$0.00,$0.00,$0.00,$0.00,$0.00,$0.00,$0.00,0.00%,0,0.00%,$0.00,0.00%,0,0.00%,$0.00,0.00%,0,0.00%,$0.00,0.00%,0,0.00%,$0.00,0.00%,$0.00,$0.20,$0.00,$0.00,$0.00,$0.00,0.00%,$0.00,0.00%,$0.00,0.00%,$0.20,0.00%,$-0.20,0.00%
"51 - RM_51_PRIOR_SYN_PrimeSmartSolutionsLLC_5208_75K",1,"Yellow Ford Mustang Electric Bike","DP1 V3",Mastercard,Friday,542000,1,0,0.00%,1,100.00%,1,0,0.00%,1,100.00%,1,1,$12.89,0,100.00%,0,0,$0.00,0,0.00%,1,1,1,$12.89,$0.00,$0.00,$12.89,$0.00,$0.00,$12.89,$0.00,$12.89,$0.00,0.00%,0,0.00%,$0.00,0.00%,0,0.00%,$0.00,0.00%,0,0.00%,$0.00,0.00%,0,0.00%,$0.00,0.00%,$12.89,$0.84,$0.00,$0.00,$0.00,$0.00,0.00%,$0.00,0.00%,$0.00,0.00%,$0.84,6.52%,$12.05,93.48%
"51 - RM_51_PRIOR_SYN_PrimeSmartSolutionsLLC_5208_75K",1,"Yellow Ford Mustang Electric Bike","DP1 V3",Visa,Friday,414720,1,0,0.00%,1,100.00%,1,0,0.00%,1,100.00%,1,1,$12.89,0,100.00%,0,0,$0.00,0,0.00%,1,1,1,$12.89,$0.00,$0.00,$12.89,$0.00,$0.00,$12.89,$0.00,$12.89,$0.00,0.00%,0,0.00%,$0.00,0.00%,0,0.00%,$0.00,0.00%,0,0.00%,$0.00,0.00%,0,0.00%,$0.00,0.00%,$12.89,$0.84,$0.00,$0.00,$0.00,$0.00,0.00%,$0.00,0.00%,$0.00,0.00%,$0.84,6.52%,$12.05,93.48%
"51 - RM_51_PRIOR_SYN_PrimeSmartSolutionsLLC_5208_75K",1,"Yellow Ford Mustang Electric Bike","DP1 V3",Visa,Friday,426938,1,0,0.00%,1,100.00%,1,0,0.00%,1,100.00%,1,1,$12.89,0,100.00%,0,0,$0.00,0,0.00%,1,1,1,$12.89,$0.00,$0.00,$12.89,$0.00,$0.00,$12.89,$0.00,$12.89,$0.00,0.00%,0,0.00%,$0.00,0.00%,0,0.00%,$0.00,0.00%,0,0.00%,$0.00,0.00%,0,0.00%,$0.00,0.00%,$12.89,$0.84,$0.00,$0.00,$0.00,$0.00,0.00%,$0.00,0.00%,$0.00,0.00%,$0.84,6.52%,$12.05,93.48%
"52 - N2_RM_52_PRIOR_SYN_PrimeSmartSolutionsLLC_9568_75K",1,"Yellow Ford Mustang Electric Bike","DP1 V3",Visa,Friday,427044,1,0,0.00%,1,100.00%,1,0,0.00%,1,100.00%,1,1,$12.89,0,100.00%,0,0,$0.00,0,0.00%,1,1,1,$12.89,$0.00,$0.00,$12.89,$0.00,$0.00,$12.89,$0.00,$12.89,$0.00,0.00%,0,0.00%,$0.00,0.00%,0,0.00%,$0.00,0.00%,0,0.00%,$0.00,0.00%,0,0.00%,$0.00,0.00%,$12.89,$0.84,$0.00,$0.00,$0.00,$0.00,0.00%,$0.00,0.00%,$0.00,0.00%,$0.84,6.52%,$12.05,93.48%
"53 - N2R2_RM_53_PRIOR_SYN_DiamondSphereLLC_3847_75K",1,"Storm Phaze 2 Bowling Ball","DP1 V3",Mastercard,Friday,544317,1,1,100.00%,0,0.00%,1,1,100.00%,0,0.00%,1,0,$0.00,1,0.00%,0,0,$0.00,0,0.00%,0,0,0,$0.00,$0.00,$0.00,$0.00,$0.00,$0.00,$0.00,$0.00,$0.00,$0.00,0.00%,0,0.00%,$0.00,0.00%,0,0.00%,$0.00,0.00%,0,0.00%,$0.00,0.00%,0,0.00%,$0.00,0.00%,$0.00,$0.20,$0.00,$0.00,$0.00,$0.00,0.00%,$0.00,0.00%,$0.00,0.00%,$0.20,0.00%,$-0.20,0.00%
"53 - N2R2_RM_53_PRIOR_SYN_DiamondSphereLLC_3847_75K",1,"Storm Phaze 2 Bowling Ball","DP1 V3",Mastercard,Friday,546645,1,1,100.00%,0,0.00%,1,1,100.00%,0,0.00%,1,0,$0.00,1,0.00%,0,0,$0.00,0,0.00%,0,0,0,$0.00,$0.00,$0.00,$0.00,$0.00,$0.00,$0.00,$0.00,$0.00,$0.00,0.00%,0,0.00%,$0.00,0.00%,0,0.00%,$0.00,0.00%,0,0.00%,$0.00,0.00%,0,0.00%,$0.00,0.00%,$0.00,$0.20,$0.00,$0.00,$0.00,$0.00,0.00%,$0.00,0.00%,$0.00,0.00%,$0.20,0.00%,$-0.20,0.00%
"53 - N2R2_RM_53_PRIOR_SYN_DiamondSphereLLC_3847_75K",1,"Storm Phaze 2 Bowling Ball","DP1 V3",Visa,Friday,486796,1,1,100.00%,0,0.00%,1,1,100.00%,0,0.00%,1,0,$0.00,1,0.00%,0,0,$0.00,0,0.00%,0,0,0,$0.00,$0.00,$0.00,$0.00,$0.00,$0.00,$0.00,$0.00,$0.00,$0.00,0.00%,0,0.00%,$0.00,0.00%,0,0.00%,$0.00,0.00%,0,0.00%,$0.00,0.00%,0,0.00%,$0.00,0.00%,$0.00,$0.20,$0.00,$0.00,$0.00,$0.00,0.00%,$0.00,0.00%,$0.00,0.00%,$0.20,0.00%,$-0.20,0.00%
"53 - N2R2_RM_53_PRIOR_SYN_DiamondSphereLLC_3847_75K",1,"Yellow Ford Mustang Electric Bike","DP1 V3",Visa,Friday,413037,1,0,0.00%,1,100.00%,1,0,0.00%,1,100.00%,1,1,$12.89,0,100.00%,0,0,$0.00,0,0.00%,1,1,1,$12.89,$0.00,$0.00,$12.89,$0.00,$0.00,$12.89,$0.00,$12.89,$0.00,0.00%,0,0.00%,$0.00,0.00%,0,0.00%,$0.00,0.00%,0,0.00%,$0.00,0.00%,0,0.00%,$0.00,0.00%,$12.89,$0.84,$0.00,$0.00,$0.00,$0.00,0.00%,$0.00,0.00%,$0.00,0.00%,$0.84,6.52%,$12.05,93.48%
"53 - N2R2_RM_53_PRIOR_SYN_DiamondSphereLLC_3847_75K",1,"Yellow Ford Mustang Electric Bike","DP1 V3",Visa,Friday,413689,1,0,0.00%,1,100.00%,1,0,0.00%,1,100.00%,1,1,$12.89,0,100.00%,0,0,$0.00,0,0.00%,1,1,1,$12.89,$0.00,$0.00,$12.89,$0.00,$0.00,$12.89,$0.00,$12.89,$0.00,0.00%,0,0.00%,$0.00,0.00%,0,0.00%,$0.00,0.00%,0,0.00%,$0.00,0.00%,0,0.00%,$0.00,0.00%,$12.89,$0.84,$0.00,$0.00,$0.00,$0.00,0.00%,$0.00,0.00%,$0.00,0.00%,$0.84,6.52%,$12.05,93.48%
"53 - N2R2_RM_53_PRIOR_SYN_DiamondSphereLLC_3847_75K",1,"Yellow Ford Mustang Electric Bike","DP1 V3",Visa,Friday,434258,1,1,100.00%,0,0.00%,1,1,100.00%,0,0.00%,1,0,$0.00,1,0.00%,0,0,$0.00,0,0.00%,0,0,0,$0.00,$0.00,$0.00,$0.00,$0.00,$0.00,$0.00,$0.00,$0.00,$0.00,0.00%,0,0.00%,$0.00,0.00%,0,0.00%,$0.00,0.00%,0,0.00%,$0.00,0.00%,0,0.00%,$0.00,0.00%,$0.00,$0.20,$0.00,$0.00,$0.00,$0.00,0.00%,$0.00,0.00%,$0.00,0.00%,$0.20,0.00%,$-0.20,0.00%
"57 - N2R2_RM_57_NET_ESQ_PrimeSmartSolutionsLLC_3998_65K",1,"Predator 12.4mm Pool Cue","DP1 V3",Mastercard,Friday,521267,1,1,100.00%,0,0.00%,1,1,100.00%,0,0.00%,1,0,$0.00,1,0.00%,0,0,$0.00,0,0.00%,0,0,0,$0.00,$0.00,$0.00,$0.00,$0.00,$0.00,$0.00,$0.00,$0.00,$0.00,0.00%,0,0.00%,$0.00,0.00%,0,0.00%,$0.00,0.00%,0,0.00%,$0.00,0.00%,0,0.00%,$0.00,0.00%,$0.00,$0.20,$0.00,$0.00,$0.00,$0.00,0.00%,$0.00,0.00%,$0.00,0.00%,$0.20,0.00%,$-0.20,0.00%
"57 - N2R2_RM_57_NET_ESQ_PrimeSmartSolutionsLLC_3998_65K",1,"Predator 12.4mm Pool Cue","DP1 V3",Visa,Friday,426684,1,1,100.00%,0,0.00%,1,1,100.00%,0,0.00%,1,0,$0.00,1,0.00%,0,0,$0.00,0,0.00%,0,0,0,$0.00,$0.00,$0.00,$0.00,$0.00,$0.00,$0.00,$0.00,$0.00,$0.00,0.00%,0,0.00%,$0.00,0.00%,0,0.00%,$0.00,0.00%,0,0.00%,$0.00,0.00%,0,0.00%,$0.00,0.00%,$0.00,$0.20,$0.00,$0.00,$0.00,$0.00,0.00%,$0.00,0.00%,$0.00,0.00%,$0.20,0.00%,$-0.20,0.00%
"57 - N2R2_RM_57_NET_ESQ_PrimeSmartSolutionsLLC_3998_65K",1,"Predator 12.4mm Pool Cue","DP1 V3",Visa,Friday,436618,1,0,0.00%,1,100.00%,1,0,0.00%,1,100.00%,1,1,$12.89,0,100.00%,0,0,$0.00,0,0.00%,1,1,1,$12.89,$0.00,$0.00,$12.89,$0.00,$0.00,$12.89,$0.00,$12.89,$0.00,0.00%,0,0.00%,$0.00,0.00%,0,0.00%,$0.00,0.00%,0,0.00%,$0.00,0.00%,0,0.00%,$0.00,0.00%,$12.89,$0.84,$0.00,$0.00,$0.00,$0.00,0.00%,$0.00,0.00%,$0.00,0.00%,$0.84,6.52%,$12.05,93.48%
"57 - N2R2_RM_57_NET_ESQ_PrimeSmartSolutionsLLC_3998_65K",1,"Predator 12.4mm Pool Cue","DP1 V3",Visa,Friday,442755,1,1,100.00%,0,0.00%,1,1,100.00%,0,0.00%,1,0,$0.00,1,0.00%,0,0,$0.00,0,0.00%,0,0,0,$0.00,$0.00,$0.00,$0.00,$0.00,$0.00,$0.00,$0.00,$0.00,$0.00,0.00%,0,0.00%,$0.00,0.00%,0,0.00%,$0.00,0.00%,0,0.00%,$0.00,0.00%,0,0.00%,$0.00,0.00%,$0.00,$0.20,$0.00,$0.00,$0.00,$0.00,0.00%,$0.00,0.00%,$0.00,0.00%,$0.20,0.00%,$-0.20,0.00%
"57 - N2R2_RM_57_NET_ESQ_PrimeSmartSolutionsLLC_3998_65K",1,"Predator 12.4mm Pool Cue","DP1 V3",Visa,Friday,474488,1,1,100.00%,0,0.00%,1,1,100.00%,0,0.00%,1,0,$0.00,1,0.00%,0,0,$0.00,0,0.00%,0,0,0,$0.00,$0.00,$0.00,$0.00,$0.00,$0.00,$0.00,$0.00,$0.00,$0.00,0.00%,0,0.00%,$0.00,0.00%,0,0.00%,$0.00,0.00%,0,0.00%,$0.00,0.00%,0,0.00%,$0.00,0.00%,$0.00,$0.20,$0.00,$0.00,$0.00,$0.00,0.00%,$0.00,0.00%,$0.00,0.00%,$0.20,0.00%,$-0.20,0.00%
"57 - N2R2_RM_57_NET_ESQ_PrimeSmartSolutionsLLC_3998_65K",1,"Storm Phaze 2 Bowling Ball","DP1 V3",Mastercard,Friday,521267,1,1,100.00%,0,0.00%,1,1,100.00%,0,0.00%,1,0,$0.00,1,0.00%,0,0,$0.00,0,0.00%,0,0,0,$0.00,$0.00,$0.00,$0.00,$0.00,$0.00,$0.00,$0.00,$0.00,$0.00,0.00%,0,0.00%,$0.00,0.00%,0,0.00%,$0.00,0.00%,0,0.00%,$0.00,0.00%,0,0.00%,$0.00,0.00%,$0.00,$0.20,$0.00,$0.00,$0.00,$0.00,0.00%,$0.00,0.00%,$0.00,0.00%,$0.20,0.00%,$-0.20,0.00%
"57 - N2R2_RM_57_NET_ESQ_PrimeSmartSolutionsLLC_3998_65K",1,"Storm Phaze 2 Bowling Ball","DP1 V3",Visa,Friday,426684,1,0,0.00%,1,100.00%,1,0,0.00%,1,100.00%,1,1,$12.89,0,100.00%,0,0,$0.00,0,0.00%,1,1,1,$12.89,$0.00,$0.00,$12.89,$0.00,$0.00,$12.89,$0.00,$12.89,$0.00,0.00%,0,0.00%,$0.00,0.00%,0,0.00%,$0.00,0.00%,0,0.00%,$0.00,0.00%,0,0.00%,$0.00,0.00%,$12.89,$0.84,$0.00,$0.00,$0.00,$0.00,0.00%,$0.00,0.00%,$0.00,0.00%,$0.84,6.52%,$12.05,93.48%
"57 - N2R2_RM_57_NET_ESQ_PrimeSmartSolutionsLLC_3998_65K",1,"Storm Phaze 2 Bowling Ball","DP1 V3",Visa,Friday,449220,1,1,100.00%,0,0.00%,1,1,100.00%,0,0.00%,1,0,$0.00,1,0.00%,0,0,$0.00,0,0.00%,0,0,0,$0.00,$0.00,$0.00,$0.00,$0.00,$0.00,$0.00,$0.00,$0.00,$0.00,0.00%,0,0.00%,$0.00,0.00%,0,0.00%,$0.00,0.00%,0,0.00%,$0.00,0.00%,0,0.00%,$0.00,0.00%,$0.00,$0.20,$0.00,$0.00,$0.00,$0.00,0.00%,$0.00,0.00%,$0.00,0.00%,$0.20,0.00%,$-0.20,0.00%
"57 - N2R2_RM_57_NET_ESQ_PrimeSmartSolutionsLLC_3998_65K",1,"Yellow Ford Mustang Electric Bike","DP1 V3",Visa,Friday,426684,1,1,100.00%,0,0.00%,1,1,100.00%,0,0.00%,1,0,$0.00,1,0.00%,0,0,$0.00,0,0.00%,0,0,0,$0.00,$0.00,$0.00,$0.00,$0.00,$0.00,$0.00,$0.00,$0.00,$0.00,0.00%,0,0.00%,$0.00,0.00%,0,0.00%,$0.00,0.00%,0,0.00%,$0.00,0.00%,0,0.00%,$0.00,0.00%,$0.00,$0.20,$0.00,$0.00,$0.00,$0.00,0.00%,$0.00,0.00%,$0.00,0.00%,$0.20,0.00%,$-0.20,0.00%
"58 - NR2_RM_58_NET_ESQ_PrimeSmartSolutionsLLC_3931_65K",1,"Storm Phaze 2 Bowling Ball","DP1 V3",Mastercard,Friday,515676,1,1,100.00%,0,0.00%,1,1,100.00%,0,0.00%,1,0,$0.00,1,0.00%,0,0,$0.00,0,0.00%,0,0,0,$0.00,$0.00,$0.00,$0.00,$0.00,$0.00,$0.00,$0.00,$0.00,$0.00,0.00%,0,0.00%,$0.00,0.00%,0,0.00%,$0.00,0.00%,0,0.00%,$0.00,0.00%,0,0.00%,$0.00,0.00%,$0.00,$0.20,$0.00,$0.00,$0.00,$0.00,0.00%,$0.00,0.00%,$0.00,0.00%,$0.20,0.00%,$-0.20,0.00%
"58 - NR2_RM_58_NET_ESQ_PrimeSmartSolutionsLLC_3931_65K",1,"Yellow Ford Mustang Electric Bike","DP1 V3",Mastercard,Friday,510774,1,1,100.00%,0,0.00%,1,1,100.00%,0,0.00%,1,0,$0.00,1,0.00%,0,0,$0.00,0,0.00%,0,0,0,$0.00,$0.00,$0.00,$0.00,$0.00,$0.00,$0.00,$0.00,$0.00,$0.00,0.00%,0,0.00%,$0.00,0.00%,0,0.00%,$0.00,0.00%,0,0.00%,$0.00,0.00%,0,0.00%,$0.00,0.00%,$0.00,$0.20,$0.00,$0.00,$0.00,$0.00,0.00%,$0.00,0.00%,$0.00,0.00%,$0.20,0.00%,$-0.20,0.00%
"58 - NR2_RM_58_NET_ESQ_PrimeSmartSolutionsLLC_3931_65K",1,"Yellow Ford Mustang Electric Bike","DP1 V3",Visa,Friday,431503,1,1,100.00%,0,0.00%,1,1,100.00%,0,0.00%,1,0,$0.00,1,0.00%,0,0,$0.00,0,0.00%,0,0,0,$0.00,$0.00,$0.00,$0.00,$0.00,$0.00,$0.00,$0.00,$0.00,$0.00,0.00%,0,0.00%,$0.00,0.00%,0,0.00%,$0.00,0.00%,0,0.00%,$0.00,0.00%,0,0.00%,$0.00,0.00%,$0.00,$0.20,$0.00,$0.00,$0.00,$0.00,0.00%,$0.00,0.00%,$0.00,0.00%,$0.20,0.00%,$-0.20,0.00%
"59 - RM_59_PRIOR_SYN_DiamondSphereLLC_2940_75K",1,"Predator 12.4mm Pool Cue","DP1 V3",Mastercard,Friday,515942,1,1,100.00%,0,0.00%,1,1,100.00%,0,0.00%,1,0,$0.00,1,0.00%,0,0,$0.00,0,0.00%,0,0,0,$0.00,$0.00,$0.00,$0.00,$0.00,$0.00,$0.00,$0.00,$0.00,$0.00,0.00%,0,0.00%,$0.00,0.00%,0,0.00%,$0.00,0.00%,0,0.00%,$0.00,0.00%,0,0.00%,$0.00,0.00%,$0.00,$0.20,$0.00,$0.00,$0.00,$0.00,0.00%,$0.00,0.00%,$0.00,0.00%,$0.20,0.00%,$-0.20,0.00%
"59 - RM_59_PRIOR_SYN_DiamondSphereLLC_2940_75K",1,"Predator 12.4mm Pool Cue","DP1 V3",Visa,Friday,431503,1,1,100.00%,0,0.00%,1,1,100.00%,0,0.00%,1,0,$0.00,1,0.00%,0,0,$0.00,0,0.00%,0,0,0,$0.00,$0.00,$0.00,$0.00,$0.00,$0.00,$0.00,$0.00,$0.00,$0.00,0.00%,0,0.00%,$0.00,0.00%,0,0.00%,$0.00,0.00%,0,0.00%,$0.00,0.00%,0,0.00%,$0.00,0.00%,$0.00,$0.20,$0.00,$0.00,$0.00,$0.00,0.00%,$0.00,0.00%,$0.00,0.00%,$0.20,0.00%,$-0.20,0.00%
"59 - RM_59_PRIOR_SYN_DiamondSphereLLC_2940_75K",1,"Storm Phaze 2 Bowling Ball","DP1 V3",Mastercard,Friday,511166,1,1,100.00%,0,0.00%,1,1,100.00%,0,0.00%,1,0,$0.00,1,0.00%,0,0,$0.00,0,0.00%,0,0,0,$0.00,$0.00,$0.00,$0.00,$0.00,$0.00,$0.00,$0.00,$0.00,$0.00,0.00%,0,0.00%,$0.00,0.00%,0,0.00%,$0.00,0.00%,0,0.00%,$0.00,0.00%,0,0.00%,$0.00,0.00%,$0.00,$0.20,$0.00,$0.00,$0.00,$0.00,0.00%,$0.00,0.00%,$0.00,0.00%,$0.20,0.00%,$-0.20,0.00%
"59 - RM_59_PRIOR_SYN_DiamondSphereLLC_2940_75K",1,"Storm Phaze 2 Bowling Ball","DP1 V3",Visa,Friday,423223,1,0,0.00%,1,100.00%,1,0,0.00%,1,100.00%,1,1,$12.89,0,100.00%,0,0,$0.00,0,0.00%,1,1,1,$12.89,$0.00,$0.00,$12.89,$0.00,$0.00,$12.89,$0.00,$12.89,$0.00,0.00%,0,0.00%,$0.00,0.00%,0,0.00%,$0.00,0.00%,0,0.00%,$0.00,0.00%,0,0.00%,$0.00,0.00%,$12.89,$0.84,$0.00,$0.00,$0.00,$0.00,0.00%,$0.00,0.00%,$0.00,0.00%,$0.84,6.52%,$12.05,93.48%
"59 - RM_59_PRIOR_SYN_DiamondSphereLLC_2940_75K",1,"Storm Phaze 2 Bowling Ball","DP1 V3",Visa,Friday,441104,1,1,100.00%,0,0.00%,1,1,100.00%,0,0.00%,1,0,$0.00,1,0.00%,0,0,$0.00,0,0.00%,0,0,0,$0.00,$0.00,$0.00,$0.00,$0.00,$0.00,$0.00,$0.00,$0.00,$0.00,0.00%,0,0.00%,$0.00,0.00%,0,0.00%,$0.00,0.00%,0,0.00%,$0.00,0.00%,0,0.00%,$0.00,0.00%,$0.00,$0.20,$0.00,$0.00,$0.00,$0.00,0.00%,$0.00,0.00%,$0.00,0.00%,$0.20,0.00%,$-0.20,0.00%
"59 - RM_59_PRIOR_SYN_DiamondSphereLLC_2940_75K",1,"Yellow Ford Mustang Electric Bike","DP1 V3",Visa,Friday,400570,1,0,0.00%,1,100.00%,1,0,0.00%,1,100.00%,1,1,$12.89,0,100.00%,0,0,$0.00,0,0.00%,1,1,1,$12.89,$0.00,$0.00,$12.89,$0.00,$0.00,$12.89,$0.00,$12.89,$0.00,0.00%,0,0.00%,$0.00,0.00%,0,0.00%,$0.00,0.00%,0,0.00%,$0.00,0.00%,0,0.00%,$0.00,0.00%,$12.89,$0.84,$0.00,$0.00,$0.00,$0.00,0.00%,$0.00,0.00%,$0.00,0.00%,$0.84,6.52%,$12.05,93.48%
"59 - RM_59_PRIOR_SYN_DiamondSphereLLC_2940_75K",1,"Yellow Ford Mustang Electric Bike","DP1 V3",Visa,Friday,413022,1,1,100.00%,0,0.00%,1,1,100.00%,0,0.00%,1,0,$0.00,1,0.00%,0,0,$0.00,0,0.00%,0,0,0,$0.00,$0.00,$0.00,$0.00,$0.00,$0.00,$0.00,$0.00,$0.00,$0.00,0.00%,0,0.00%,$0.00,0.00%,0,0.00%,$0.00,0.00%,0,0.00%,$0.00,0.00%,0,0.00%,$0.00,0.00%,$0.00,$0.20,$0.00,$0.00,$0.00,$0.00,0.00%,$0.00,0.00%,$0.00,0.00%,$0.20,0.00%,$-0.20,0.00%
"59 - RM_59_PRIOR_SYN_DiamondSphereLLC_2940_75K",1,"Yellow Ford Mustang Electric Bike","DP1 V3",Visa,Friday,425808,1,1,100.00%,0,0.00%,1,1,100.00%,0,0.00%,1,0,$0.00,1,0.00%,0,0,$0.00,0,0.00%,0,0,0,$0.00,$0.00,$0.00,$0.00,$0.00,$0.00,$0.00,$0.00,$0.00,$0.00,0.00%,0,0.00%,$0.00,0.00%,0,0.00%,$0.00,0.00%,0,0.00%,$0.00,0.00%,0,0.00%,$0.00,0.00%,$0.00,$0.20,$0.00,$0.00,$0.00,$0.00,0.00%,$0.00,0.00%,$0.00,0.00%,$0.20,0.00%,$-0.20,0.00%
"60 - N2R2_RM_60_PRIOR_SYN_DiamondSphereLLC_0921_75K",1,"Storm Phaze 2 Bowling Ball","DP1 V3",Mastercard,Friday,542418,1,0,0.00%,1,100.00%,1,0,0.00%,1,100.00%,1,1,$12.89,0,100.00%,0,0,$0.00,0,0.00%,1,1,1,$12.89,$0.00,$0.00,$12.89,$0.00,$0.00,$12.89,$0.00,$12.89,$25.78,200.00%,0,0.00%,$0.00,0.00%,0,0.00%,$0.00,0.00%,1,100.00%,$12.89,100.00%,1,100.00%,$12.89,100.00%,$-12.89,$35.84,$0.00,$0.00,$0.00,$0.00,0.00%,$35.00,271.53%,$0.00,0.00%,$0.84,6.52%,$-48.73,-378.04%
"60 - N2R2_RM_60_PRIOR_SYN_DiamondSphereLLC_0921_75K",1,"Yellow Ford Mustang Electric Bike","DP1 V3",Visa,Friday,474472,1,0,0.00%,1,100.00%,1,0,0.00%,1,100.00%,1,1,$12.89,0,100.00%,0,0,$0.00,0,0.00%,1,1,1,$12.89,$0.00,$0.00,$12.89,$0.00,$0.00,$12.89,$0.00,$12.89,$0.00,0.00%,0,0.00%,$0.00,0.00%,0,0.00%,$0.00,0.00%,0,0.00%,$0.00,0.00%,0,0.00%,$0.00,0.00%,$12.89,$0.84,$0.00,$0.00,$0.00,$0.00,0.00%,$0.00,0.00%,$0.00,0.00%,$0.84,6.52%,$12.05,93.48%
"62 - N2R12_RM_62_NET_ESQ_DiamondSphereLLC_9352_65K",1,"Predator 12.4mm Pool Cue","DP1 V3",Mastercard,Friday,516693,1,1,100.00%,0,0.00%,1,1,100.00%,0,0.00%,1,0,$0.00,1,0.00%,0,0,$0.00,0,0.00%,0,0,0,$0.00,$0.00,$0.00,$0.00,$0.00,$0.00,$0.00,$0.00,$0.00,$0.00,0.00%,0,0.00%,$0.00,0.00%,0,0.00%,$0.00,0.00%,0,0.00%,$0.00,0.00%,0,0.00%,$0.00,0.00%,$0.00,$0.20,$0.00,$0.00,$0.00,$0.00,0.00%,$0.00,0.00%,$0.00,0.00%,$0.20,0.00%,$-0.20,0.00%
"62 - N2R12_RM_62_NET_ESQ_DiamondSphereLLC_9352_65K",1,"Predator 12.4mm Pool Cue","DP1 V3",Mastercard,Friday,527068,1,0,0.00%,1,100.00%,1,0,0.00%,1,100.00%,1,1,$12.89,0,100.00%,0,0,$0.00,0,0.00%,1,1,1,$12.89,$0.00,$0.00,$12.89,$0.00,$0.00,$12.89,$0.00,$12.89,$0.00,0.00%,0,0.00%,$0.00,0.00%,0,0.00%,$0.00,0.00%,0,0.00%,$0.00,0.00%,0,0.00%,$0.00,0.00%,$12.89,$0.84,$0.00,$0.00,$0.00,$0.00,0.00%,$0.00,0.00%,$0.00,0.00%,$0.84,6.52%,$12.05,93.48%
"62 - N2R12_RM_62_NET_ESQ_DiamondSphereLLC_9352_65K",1,"Predator 12.4mm Pool Cue","DP1 V3",Mastercard,Friday,552342,1,1,100.00%,0,0.00%,1,1,100.00%,0,0.00%,1,0,$0.00,1,0.00%,0,0,$0.00,0,0.00%,0,0,0,$0.00,$0.00,$0.00,$0.00,$0.00,$0.00,$0.00,$0.00,$0.00,$0.00,0.00%,0,0.00%,$0.00,0.00%,0,0.00%,$0.00,0.00%,0,0.00%,$0.00,0.00%,0,0.00%,$0.00,0.00%,$0.00,$0.20,$0.00,$0.00,$0.00,$0.00,0.00%,$0.00,0.00%,$0.00,0.00%,$0.20,0.00%,$-0.20,0.00%
"62 - N2R12_RM_62_NET_ESQ_DiamondSphereLLC_9352_65K",1,"Predator 12.4mm Pool Cue","DP1 V3",Visa,Friday,400895,1,0,0.00%,1,100.00%,1,0,0.00%,1,100.00%,1,1,$12.89,0,100.00%,0,0,$0.00,0,0.00%,1,1,1,$12.89,$0.00,$0.00,$12.89,$0.00,$0.00,$12.89,$0.00,$12.89,$0.00,0.00%,0,0.00%,$0.00,0.00%,0,0.00%,$0.00,0.00%,0,0.00%,$0.00,0.00%,0,0.00%,$0.00,0.00%,$12.89,$0.84,$0.00,$0.00,$0.00,$0.00,0.00%,$0.00,0.00%,$0.00,0.00%,$0.84,6.52%,$12.05,93.48%
"62 - N2R12_RM_62_NET_ESQ_DiamondSphereLLC_9352_65K",1,"Predator 12.4mm Pool Cue","DP1 V3",Visa,Friday,403784,1,1,100.00%,0,0.00%,1,1,100.00%,0,0.00%,1,0,$0.00,1,0.00%,0,0,$0.00,0,0.00%,0,0,0,$0.00,$0.00,$0.00,$0.00,$0.00,$0.00,$0.00,$0.00,$0.00,$0.00,0.00%,0,0.00%,$0.00,0.00%,0,0.00%,$0.00,0.00%,0,0.00%,$0.00,0.00%,0,0.00%,$0.00,0.00%,$0.00,$0.20,$0.00,$0.00,$0.00,$0.00,0.00%,$0.00,0.00%,$0.00,0.00%,$0.20,0.00%,$-0.20,0.00%
"62 - N2R12_RM_62_NET_ESQ_DiamondSphereLLC_9352_65K",1,"Storm Phaze 2 Bowling Ball","DP1 V3",Mastercard,Friday,540324,1,1,100.00%,0,0.00%,1,1,100.00%,0,0.00%,1,0,$0.00,1,0.00%,0,0,$0.00,0,0.00%,0,0,0,$0.00,$0.00,$0.00,$0.00,$0.00,$0.00,$0.00,$0.00,$0.00,$0.00,0.00%,0,0.00%,$0.00,0.00%,0,0.00%,$0.00,0.00%,0,0.00%,$0.00,0.00%,0,0.00%,$0.00,0.00%,$0.00,$0.20,$0.00,$0.00,$0.00,$0.00,0.00%,$0.00,0.00%,$0.00,0.00%,$0.20,0.00%,$-0.20,0.00%
"62 - N2R12_RM_62_NET_ESQ_DiamondSphereLLC_9352_65K",1,"Storm Phaze 2 Bowling Ball","DP1 V3",Visa,Friday,455225,1,1,100.00%,0,0.00%,1,1,100.00%,0,0.00%,1,0,$0.00,1,0.00%,0,0,$0.00,0,0.00%,0,0,0,$0.00,$0.00,$0.00,$0.00,$0.00,$0.00,$0.00,$0.00,$0.00,$0.00,0.00%,0,0.00%,$0.00,0.00%,0,0.00%,$0.00,0.00%,0,0.00%,$0.00,0.00%,0,0.00%,$0.00,0.00%,$0.00,$0.20,$0.00,$0.00,$0.00,$0.00,0.00%,$0.00,0.00%,$0.00,0.00%,$0.20,0.00%,$-0.20,0.00%
"62 - N2R12_RM_62_NET_ESQ_DiamondSphereLLC_9352_65K",1,"Yellow Ford Mustang Electric Bike","DP1 V3",Visa,Friday,444796,1,0,0.00%,1,100.00%,1,0,0.00%,1,100.00%,1,1,$12.89,0,100.00%,0,0,$0.00,0,0.00%,1,1,1,$12.89,$0.00,$0.00,$12.89,$0.00,$0.00,$12.89,$0.00,$12.89,$0.00,0.00%,0,0.00%,$0.00,0.00%,0,0.00%,$0.00,0.00%,0,0.00%,$0.00,0.00%,0,0.00%,$0.00,0.00%,$12.89,$0.84,$0.00,$0.00,$0.00,$0.00,0.00%,$0.00,0.00%,$0.00,0.00%,$0.84,6.52%,$12.05,93.48%
"63 - NR2_RM_63_NET_ESQ_DiamondSphereLLC_9345_45K",1,"Predator 12.4mm Pool Cue","DP1 V3",Visa,Friday,414709,1,1,100.00%,0,0.00%,1,1,100.00%,0,0.00%,1,0,$0.00,1,0.00%,0,0,$0.00,0,0.00%,0,0,0,$0.00,$0.00,$0.00,$0.00,$0.00,$0.00,$0.00,$0.00,$0.00,$0.00,0.00%,0,0.00%,$0.00,0.00%,0,0.00%,$0.00,0.00%,0,0.00%,$0.00,0.00%,0,0.00%,$0.00,0.00%,$0.00,$0.20,$0.00,$0.00,$0.00,$0.00,0.00%,$0.00,0.00%,$0.00,0.00%,$0.20,0.00%,$-0.20,0.00%
"63 - NR2_RM_63_NET_ESQ_DiamondSphereLLC_9345_45K",1,"Predator 12.4mm Pool Cue","DP1 V3",Visa,Friday,449406,1,1,100.00%,0,0.00%,1,1,100.00%,0,0.00%,1,0,$0.00,1,0.00%,0,0,$0.00,0,0.00%,0,0,0,$0.00,$0.00,$0.00,$0.00,$0.00,$0.00,$0.00,$0.00,$0.00,$0.00,0.00%,0,0.00%,$0.00,0.00%,0,0.00%,$0.00,0.00%,0,0.00%,$0.00,0.00%,0,0.00%,$0.00,0.00%,$0.00,$0.20,$0.00,$0.00,$0.00,$0.00,0.00%,$0.00,0.00%,$0.00,0.00%,$0.20,0.00%,$-0.20,0.00%
"63 - NR2_RM_63_NET_ESQ_DiamondSphereLLC_9345_45K",1,"Storm Phaze 2 Bowling Ball","DP1 V3",Mastercard,Friday,532569,1,0,0.00%,1,100.00%,1,0,0.00%,1,100.00%,1,1,$12.89,0,100.00%,0,0,$0.00,0,0.00%,1,1,1,$12.89,$0.00,$0.00,$12.89,$0.00,$0.00,$12.89,$0.00,$12.89,$12.89,100.00%,0,0.00%,$0.00,0.00%,0,0.00%,$0.00,0.00%,0,0.00%,$0.00,0.00%,1,100.00%,$12.89,100.00%,$0.00,$0.84,$0.00,$0.00,$0.00,$0.00,0.00%,$0.00,0.00%,$0.00,0.00%,$0.84,6.52%,$-0.84,-6.52%
"63 - NR2_RM_63_NET_ESQ_DiamondSphereLLC_9345_45K",1,"Storm Phaze 2 Bowling Ball","DP1 V3",Mastercard,Friday,557615,1,1,100.00%,0,0.00%,1,1,100.00%,0,0.00%,1,0,$0.00,1,0.00%,0,0,$0.00,0,0.00%,0,0,0,$0.00,$0.00,$0.00,$0.00,$0.00,$0.00,$0.00,$0.00,$0.00,$0.00,0.00%,0,0.00%,$0.00,0.00%,0,0.00%,$0.00,0.00%,0,0.00%,$0.00,0.00%,0,0.00%,$0.00,0.00%,$0.00,$0.20,$0.00,$0.00,$0.00,$0.00,0.00%,$0.00,0.00%,$0.00,0.00%,$0.20,0.00%,$-0.20,0.00%
"63 - NR2_RM_63_NET_ESQ_DiamondSphereLLC_9345_45K",1,"Yellow Ford Mustang Electric Bike","DP1 V3",Mastercard,Friday,542418,1,0,0.00%,1,100.00%,1,0,0.00%,1,100.00%,1,1,$12.89,0,100.00%,0,0,$0.00,0,0.00%,1,1,1,$12.89,$0.00,$0.00,$12.89,$0.00,$0.00,$12.89,$0.00,$12.89,$0.00,0.00%,0,0.00%,$0.00,0.00%,0,0.00%,$0.00,0.00%,0,0.00%,$0.00,0.00%,0,0.00%,$0.00,0.00%,$12.89,$0.84,$0.00,$0.00,$0.00,$0.00,0.00%,$0.00,0.00%,$0.00,0.00%,$0.84,6.52%,$12.05,93.48%
"63 - NR2_RM_63_NET_ESQ_DiamondSphereLLC_9345_45K",1,"Yellow Ford Mustang Electric Bike","DP1 V3",Visa,Friday,435546,1,0,0.00%,1,100.00%,1,0,0.00%,1,100.00%,1,1,$12.89,0,100.00%,0,0,$0.00,0,0.00%,1,1,1,$12.89,$0.00,$0.00,$12.89,$0.00,$0.00,$12.89,$0.00,$12.89,$0.00,0.00%,0,0.00%,$0.00,0.00%,0,0.00%,$0.00,0.00%,0,0.00%,$0.00,0.00%,0,0.00%,$0.00,0.00%,$12.89,$0.84,$0.00,$0.00,$0.00,$0.00,0.00%,$0.00,0.00%,$0.00,0.00%,$0.84,6.52%,$12.05,93.48%
"64 - NR2_RM_64_NET_ESQ_DiamondSphereLLC_9337_65K",1,"Predator 12.4mm Pool Cue","DP1 V3",Visa,Friday,413331,1,1,100.00%,0,0.00%,1,1,100.00%,0,0.00%,1,0,$0.00,1,0.00%,0,0,$0.00,0,0.00%,0,0,0,$0.00,$0.00,$0.00,$0.00,$0.00,$0.00,$0.00,$0.00,$0.00,$0.00,0.00%,0,0.00%,$0.00,0.00%,0,0.00%,$0.00,0.00%,0,0.00%,$0.00,0.00%,0,0.00%,$0.00,0.00%,$0.00,$0.20,$0.00,$0.00,$0.00,$0.00,0.00%,$0.00,0.00%,$0.00,0.00%,$0.20,0.00%,$-0.20,0.00%
"64 - NR2_RM_64_NET_ESQ_DiamondSphereLLC_9337_65K",1,"Predator 12.4mm Pool Cue","DP1 V3",Visa,Friday,443047,1,0,0.00%,1,100.00%,1,0,0.00%,1,100.00%,1,1,$12.89,0,100.00%,0,0,$0.00,0,0.00%,1,1,1,$12.89,$0.00,$0.00,$12.89,$0.00,$0.00,$12.89,$0.00,$12.89,$0.00,0.00%,0,0.00%,$0.00,0.00%,0,0.00%,$0.00,0.00%,0,0.00%,$0.00,0.00%,0,0.00%,$0.00,0.00%,$12.89,$0.84,$0.00,$0.00,$0.00,$0.00,0.00%,$0.00,0.00%,$0.00,0.00%,$0.84,6.52%,$12.05,93.48%
"64 - NR2_RM_64_NET_ESQ_DiamondSphereLLC_9337_65K",1,"Storm Phaze 2 Bowling Ball","DP1 V3",Mastercard,Friday,515676,1,1,100.00%,0,0.00%,1,1,100.00%,0,0.00%,1,0,$0.00,1,0.00%,0,0,$0.00,0,0.00%,0,0,0,$0.00,$0.00,$0.00,$0.00,$0.00,$0.00,$0.00,$0.00,$0.00,$0.00,0.00%,0,0.00%,$0.00,0.00%,0,0.00%,$0.00,0.00%,0,0.00%,$0.00,0.00%,0,0.00%,$0.00,0.00%,$0.00,$0.20,$0.00,$0.00,$0.00,$0.00,0.00%,$0.00,0.00%,$0.00,0.00%,$0.20,0.00%,$-0.20,0.00%
"64 - NR2_RM_64_NET_ESQ_DiamondSphereLLC_9337_65K",1,"Storm Phaze 2 Bowling Ball","DP1 V3",Mastercard,Friday,542418,2,0,0.00%,2,100.00%,2,0,0.00%,2,100.00%,2,2,$25.78,0,100.00%,0,0,$0.00,0,0.00%,2,2,2,$25.78,$0.00,$0.00,$25.78,$0.00,$0.00,$25.78,$0.00,$25.78,$0.00,0.00%,0,0.00%,$0.00,0.00%,0,0.00%,$0.00,0.00%,0,0.00%,$0.00,0.00%,0,0.00%,$0.00,0.00%,$25.78,$1.68,$0.00,$0.00,$0.00,$0.00,0.00%,$0.00,0.00%,$0.00,0.00%,$1.68,6.52%,$24.10,93.48%
"64 - NR2_RM_64_NET_ESQ_DiamondSphereLLC_9337_65K",1,"Storm Phaze 2 Bowling Ball","DP1 V3",Visa,Friday,401105,1,1,100.00%,0,0.00%,1,1,100.00%,0,0.00%,1,0,$0.00,1,0.00%,0,0,$0.00,0,0.00%,0,0,0,$0.00,$0.00,$0.00,$0.00,$0.00,$0.00,$0.00,$0.00,$0.00,$0.00,0.00%,0,0.00%,$0.00,0.00%,0,0.00%,$0.00,0.00%,0,0.00%,$0.00,0.00%,0,0.00%,$0.00,0.00%,$0.00,$0.20,$0.00,$0.00,$0.00,$0.00,0.00%,$0.00,0.00%,$0.00,0.00%,$0.20,0.00%,$-0.20,0.00%
"64 - NR2_RM_64_NET_ESQ_DiamondSphereLLC_9337_65K",1,"Yellow Ford Mustang Electric Bike","DP1 V3",Mastercard,Friday,527800,1,1,100.00%,0,0.00%,1,1,100.00%,0,0.00%,1,0,$0.00,1,0.00%,0,0,$0.00,0,0.00%,0,0,0,$0.00,$0.00,$0.00,$0.00,$0.00,$0.00,$0.00,$0.00,$0.00,$0.00,0.00%,0,0.00%,$0.00,0.00%,0,0.00%,$0.00,0.00%,0,0.00%,$0.00,0.00%,0,0.00%,$0.00,0.00%,$0.00,$0.20,$0.00,$0.00,$0.00,$0.00,0.00%,$0.00,0.00%,$0.00,0.00%,$0.20,0.00%,$-0.20,0.00%
"64 - NR2_RM_64_NET_ESQ_DiamondSphereLLC_9337_65K",1,"Yellow Ford Mustang Electric Bike","DP1 V3",Mastercard,Friday,552276,1,1,100.00%,0,0.00%,1,1,100.00%,0,0.00%,1,0,$0.00,1,0.00%,0,0,$0.00,0,0.00%,0,0,0,$0.00,$0.00,$0.00,$0.00,$0.00,$0.00,$0.00,$0.00,$0.00,$0.00,0.00%,0,0.00%,$0.00,0.00%,0,0.00%,$0.00,0.00%,0,0.00%,$0.00,0.00%,0,0.00%,$0.00,0.00%,$0.00,$0.20,$0.00,$0.00,$0.00,$0.00,0.00%,$0.00,0.00%,$0.00,0.00%,$0.20,0.00%,$-0.20,0.00%
"64 - NR2_RM_64_NET_ESQ_DiamondSphereLLC_9337_65K",1,"Yellow Ford Mustang Electric Bike","DP1 V3",Mastercard,Friday,559330,1,1,100.00%,0,0.00%,1,1,100.00%,0,0.00%,1,0,$0.00,1,0.00%,0,0,$0.00,0,0.00%,0,0,0,$0.00,$0.00,$0.00,$0.00,$0.00,$0.00,$0.00,$0.00,$0.00,$0.00,0.00%,0,0.00%,$0.00,0.00%,0,0.00%,$0.00,0.00%,0,0.00%,$0.00,0.00%,0,0.00%,$0.00,0.00%,$0.00,$0.20,$0.00,$0.00,$0.00,$0.00,0.00%,$0.00,0.00%,$0.00,0.00%,$0.20,0.00%,$-0.20,0.00%
"64 - NR2_RM_64_NET_ESQ_DiamondSphereLLC_9337_65K",1,"Yellow Ford Mustang Electric Bike","DP1 V3",Visa,Friday,443047,1,1,100.00%,0,0.00%,1,1,100.00%,0,0.00%,1,0,$0.00,1,0.00%,0,0,$0.00,0,0.00%,0,0,0,$0.00,$0.00,$0.00,$0.00,$0.00,$0.00,$0.00,$0.00,$0.00,$0.00,0.00%,0,0.00%,$0.00,0.00%,0,0.00%,$0.00,0.00%,0,0.00%,$0.00,0.00%,0,0.00%,$0.00,0.00%,$0.00,$0.20,$0.00,$0.00,$0.00,$0.00,0.00%,$0.00,0.00%,$0.00,0.00%,$0.20,0.00%,$-0.20,0.00%
"64 - NR2_RM_64_NET_ESQ_DiamondSphereLLC_9337_65K",1,"Yellow Ford Mustang Electric Bike","DP1 V3",Visa,Friday,473703,1,1,100.00%,0,0.00%,1,1,100.00%,0,0.00%,1,0,$0.00,1,0.00%,0,0,$0.00,0,0.00%,0,0,0,$0.00,$0.00,$0.00,$0.00,$0.00,$0.00,$0.00,$0.00,$0.00,$0.00,0.00%,0,0.00%,$0.00,0.00%,0,0.00%,$0.00,0.00%,0,0.00%,$0.00,0.00%,0,0.00%,$0.00,0.00%,$0.00,$0.20,$0.00,$0.00,$0.00,$0.00,0.00%,$0.00,0.00%,$0.00,0.00%,$0.20,0.00%,$-0.20,0.00%
"7 - GY_N2_RM_7_PAYARC_EVO_BrightAdvantageLLC_4041_65K",1,"Storm Phaze 2 Bowling Ball","DP1 V3",Mastercard,Friday,521853,1,1,100.00%,0,0.00%,1,1,100.00%,0,0.00%,1,0,$0.00,1,0.00%,0,0,$0.00,0,0.00%,0,0,0,$0.00,$0.00,$0.00,$0.00,$0.00,$0.00,$0.00,$0.00,$0.00,$0.00,0.00%,0,0.00%,$0.00,0.00%,0,0.00%,$0.00,0.00%,0,0.00%,$0.00,0.00%,0,0.00%,$0.00,0.00%,$0.00,$0.20,$0.00,$0.00,$0.00,$0.00,0.00%,$0.00,0.00%,$0.00,0.00%,$0.20,0.00%,$-0.20,0.00%
"7 - GY_N2_RM_7_PAYARC_EVO_BrightAdvantageLLC_4041_65K",1,"Storm Phaze 2 Bowling Ball","DP1 V3",Visa,Friday,408104,1,0,0.00%,1,100.00%,1,0,0.00%,1,100.00%,1,1,$12.89,0,100.00%,0,0,$0.00,0,0.00%,1,1,1,$12.89,$0.00,$0.00,$12.89,$0.00,$0.00,$12.89,$0.00,$12.89,$0.00,0.00%,0,0.00%,$0.00,0.00%,0,0.00%,$0.00,0.00%,0,0.00%,$0.00,0.00%,0,0.00%,$0.00,0.00%,$12.89,$0.84,$0.00,$0.00,$0.00,$0.00,0.00%,$0.00,0.00%,$0.00,0.00%,$0.84,6.52%,$12.05,93.48%
"7 - GY_N2_RM_7_PAYARC_EVO_BrightAdvantageLLC_4041_65K",1,"Yellow Ford Mustang Electric Bike","DP1 V3",Visa,Friday,414740,1,1,100.00%,0,0.00%,1,1,100.00%,0,0.00%,1,0,$0.00,1,0.00%,0,0,$0.00,0,0.00%,0,0,0,$0.00,$0.00,$0.00,$0.00,$0.00,$0.00,$0.00,$0.00,$0.00,$0.00,0.00%,0,0.00%,$0.00,0.00%,0,0.00%,$0.00,0.00%,0,0.00%,$0.00,0.00%,0,0.00%,$0.00,0.00%,$0.00,$0.20,$0.00,$0.00,$0.00,$0.00,0.00%,$0.00,0.00%,$0.00,0.00%,$0.20,0.00%,$-0.20,0.00%
"7 - GY_N2_RM_7_PAYARC_EVO_BrightAdvantageLLC_4041_65K",1,"Yellow Ford Mustang Electric Bike","DP1 V3",Visa,Friday,473374,1,0,0.00%,1,100.00%,1,0,0.00%,1,100.00%,1,1,$12.89,0,100.00%,0,0,$0.00,0,0.00%,1,1,1,$12.89,$0.00,$0.00,$12.89,$0.00,$0.00,$12.89,$0.00,$12.89,$0.00,0.00%,0,0.00%,$0.00,0.00%,0,0.00%,$0.00,0.00%,0,0.00%,$0.00,0.00%,0,0.00%,$0.00,0.00%,$12.89,$0.84,$0.00,$0.00,$0.00,$0.00,0.00%,$0.00,0.00%,$0.00,0.00%,$0.84,6.52%,$12.05,93.48%
"75 - NR2_RM_75_QUANT_CBSL_DiamondsphereLLC_4874_25K",1,"Predator 12.4mm Pool Cue","DP1 V3",Mastercard,Friday,514377,1,1,100.00%,0,0.00%,1,1,100.00%,0,0.00%,1,0,$0.00,1,0.00%,0,0,$0.00,0,0.00%,0,0,0,$0.00,$0.00,$0.00,$0.00,$0.00,$0.00,$0.00,$0.00,$0.00,$0.00,0.00%,0,0.00%,$0.00,0.00%,0,0.00%,$0.00,0.00%,0,0.00%,$0.00,0.00%,0,0.00%,$0.00,0.00%,$0.00,$0.20,$0.00,$0.00,$0.00,$0.00,0.00%,$0.00,0.00%,$0.00,0.00%,$0.20,0.00%,$-0.20,0.00%
"75 - NR2_RM_75_QUANT_CBSL_DiamondsphereLLC_4874_25K",1,"Predator 12.4mm Pool Cue","DP1 V3",Mastercard,Friday,552342,1,1,100.00%,0,0.00%,1,1,100.00%,0,0.00%,1,0,$0.00,1,0.00%,0,0,$0.00,0,0.00%,0,0,0,$0.00,$0.00,$0.00,$0.00,$0.00,$0.00,$0.00,$0.00,$0.00,$0.00,0.00%,0,0.00%,$0.00,0.00%,0,0.00%,$0.00,0.00%,0,0.00%,$0.00,0.00%,0,0.00%,$0.00,0.00%,$0.00,$0.20,$0.00,$0.00,$0.00,$0.00,0.00%,$0.00,0.00%,$0.00,0.00%,$0.20,0.00%,$-0.20,0.00%
"75 - NR2_RM_75_QUANT_CBSL_DiamondsphereLLC_4874_25K",1,"Storm Phaze 2 Bowling Ball","DP1 V3",Mastercard,Friday,512230,1,1,100.00%,0,0.00%,1,1,100.00%,0,0.00%,1,0,$0.00,1,0.00%,0,0,$0.00,0,0.00%,0,0,0,$0.00,$0.00,$0.00,$0.00,$0.00,$0.00,$0.00,$0.00,$0.00,$0.00,0.00%,0,0.00%,$0.00,0.00%,0,0.00%,$0.00,0.00%,0,0.00%,$0.00,0.00%,0,0.00%,$0.00,0.00%,$0.00,$0.20,$0.00,$0.00,$0.00,$0.00,0.00%,$0.00,0.00%,$0.00,0.00%,$0.20,0.00%,$-0.20,0.00%
"75 - NR2_RM_75_QUANT_CBSL_DiamondsphereLLC_4874_25K",1,"Storm Phaze 2 Bowling Ball","DP1 V3",Mastercard,Friday,512333,1,1,100.00%,0,0.00%,1,1,100.00%,0,0.00%,1,0,$0.00,1,0.00%,0,0,$0.00,0,0.00%,0,0,0,$0.00,$0.00,$0.00,$0.00,$0.00,$0.00,$0.00,$0.00,$0.00,$0.00,0.00%,0,0.00%,$0.00,0.00%,0,0.00%,$0.00,0.00%,0,0.00%,$0.00,0.00%,0,0.00%,$0.00,0.00%,$0.00,$0.20,$0.00,$0.00,$0.00,$0.00,0.00%,$0.00,0.00%,$0.00,0.00%,$0.20,0.00%,$-0.20,0.00%
"75 - NR2_RM_75_QUANT_CBSL_DiamondsphereLLC_4874_25K",1,"Storm Phaze 2 Bowling Ball","DP1 V3",Mastercard,Friday,515676,1,0,0.00%,1,100.00%,1,0,0.00%,1,100.00%,1,1,$12.89,0,100.00%,0,0,$0.00,0,0.00%,1,1,1,$12.89,$0.00,$0.00,$12.89,$0.00,$0.00,$12.89,$0.00,$12.89,$12.89,100.00%,0,0.00%,$0.00,0.00%,0,0.00%,$0.00,0.00%,0,0.00%,$0.00,0.00%,1,100.00%,$12.89,100.00%,$0.00,$0.84,$0.00,$0.00,$0.00,$0.00,0.00%,$0.00,0.00%,$0.00,0.00%,$0.84,6.52%,$-0.84,-6.52%
"75 - NR2_RM_75_QUANT_CBSL_DiamondsphereLLC_4874_25K",1,"Storm Phaze 2 Bowling Ball","DP1 V3",Visa,Friday,486236,1,1,100.00%,0,0.00%,1,1,100.00%,0,0.00%,1,0,$0.00,1,0.00%,0,0,$0.00,0,0.00%,0,0,0,$0.00,$0.00,$0.00,$0.00,$0.00,$0.00,$0.00,$0.00,$0.00,$0.00,0.00%,0,0.00%,$0.00,0.00%,0,0.00%,$0.00,0.00%,0,0.00%,$0.00,0.00%,0,0.00%,$0.00,0.00%,$0.00,$0.20,$0.00,$0.00,$0.00,$0.00,0.00%,$0.00,0.00%,$0.00,0.00%,$0.20,0.00%,$-0.20,0.00%
"75 - NR2_RM_75_QUANT_CBSL_DiamondsphereLLC_4874_25K",1,"Yellow Ford Mustang Electric Bike","DP1 V3",Mastercard,Friday,514982,1,1,100.00%,0,0.00%,1,1,100.00%,0,0.00%,1,0,$0.00,1,0.00%,0,0,$0.00,0,0.00%,0,0,0,$0.00,$0.00,$0.00,$0.00,$0.00,$0.00,$0.00,$0.00,$0.00,$0.00,0.00%,0,0.00%,$0.00,0.00%,0,0.00%,$0.00,0.00%,0,0.00%,$0.00,0.00%,0,0.00%,$0.00,0.00%,$0.00,$0.20,$0.00,$0.00,$0.00,$0.00,0.00%,$0.00,0.00%,$0.00,0.00%,$0.20,0.00%,$-0.20,0.00%
"75 - NR2_RM_75_QUANT_CBSL_DiamondsphereLLC_4874_25K",1,"Yellow Ford Mustang Electric Bike","DP1 V3",Mastercard,Friday,534348,1,1,100.00%,0,0.00%,1,1,100.00%,0,0.00%,1,0,$0.00,1,0.00%,0,0,$0.00,0,0.00%,0,0,0,$0.00,$0.00,$0.00,$0.00,$0.00,$0.00,$0.00,$0.00,$0.00,$0.00,0.00%,0,0.00%,$0.00,0.00%,0,0.00%,$0.00,0.00%,0,0.00%,$0.00,0.00%,0,0.00%,$0.00,0.00%,$0.00,$0.20,$0.00,$0.00,$0.00,$0.00,0.00%,$0.00,0.00%,$0.00,0.00%,$0.20,0.00%,$-0.20,0.00%
"75 - NR2_RM_75_QUANT_CBSL_DiamondsphereLLC_4874_25K",1,"Yellow Ford Mustang Electric Bike","DP1 V3",Visa,Friday,422359,1,1,100.00%,0,0.00%,1,1,100.00%,0,0.00%,1,0,$0.00,1,0.00%,0,0,$0.00,0,0.00%,0,0,0,$0.00,$0.00,$0.00,$0.00,$0.00,$0.00,$0.00,$0.00,$0.00,$0.00,0.00%,0,0.00%,$0.00,0.00%,0,0.00%,$0.00,0.00%,0,0.00%,$0.00,0.00%,0,0.00%,$0.00,0.00%,$0.00,$0.20,$0.00,$0.00,$0.00,$0.00,0.00%,$0.00,0.00%,$0.00,0.00%,$0.20,0.00%,$-0.20,0.00%
"75 - NR2_RM_75_QUANT_CBSL_DiamondsphereLLC_4874_25K",1,"Yellow Ford Mustang Electric Bike","DP1 V3",Visa,Friday,425808,1,1,100.00%,0,0.00%,1,1,100.00%,0,0.00%,1,0,$0.00,1,0.00%,0,0,$0.00,0,0.00%,0,0,0,$0.00,$0.00,$0.00,$0.00,$0.00,$0.00,$0.00,$0.00,$0.00,$0.00,0.00%,0,0.00%,$0.00,0.00%,0,0.00%,$0.00,0.00%,0,0.00%,$0.00,0.00%,0,0.00%,$0.00,0.00%,$0.00,$0.20,$0.00,$0.00,$0.00,$0.00,0.00%,$0.00,0.00%,$0.00,0.00%,$0.20,0.00%,$-0.20,0.00%
"75 - NR2_RM_75_QUANT_CBSL_DiamondsphereLLC_4874_25K",1,"Yellow Ford Mustang Electric Bike","DP1 V3",Visa,Friday,432857,1,1,100.00%,0,0.00%,1,1,100.00%,0,0.00%,1,0,$0.00,1,0.00%,0,0,$0.00,0,0.00%,0,0,0,$0.00,$0.00,$0.00,$0.00,$0.00,$0.00,$0.00,$0.00,$0.00,$0.00,0.00%,0,0.00%,$0.00,0.00%,0,0.00%,$0.00,0.00%,0,0.00%,$0.00,0.00%,0,0.00%,$0.00,0.00%,$0.00,$0.20,$0.00,$0.00,$0.00,$0.00,0.00%,$0.00,0.00%,$0.00,0.00%,$0.20,0.00%,$-0.20,0.00%
"75 - NR2_RM_75_QUANT_CBSL_DiamondsphereLLC_4874_25K",1,"Yellow Ford Mustang Electric Bike","DP1 V3",Visa,Friday,434256,1,1,100.00%,0,0.00%,1,1,100.00%,0,0.00%,1,0,$0.00,1,0.00%,0,0,$0.00,0,0.00%,0,0,0,$0.00,$0.00,$0.00,$0.00,$0.00,$0.00,$0.00,$0.00,$0.00,$0.00,0.00%,0,0.00%,$0.00,0.00%,0,0.00%,$0.00,0.00%,0,0.00%,$0.00,0.00%,0,0.00%,$0.00,0.00%,$0.00,$0.20,$0.00,$0.00,$0.00,$0.00,0.00%,$0.00,0.00%,$0.00,0.00%,$0.20,0.00%,$-0.20,0.00%
"75 - NR2_RM_75_QUANT_CBSL_DiamondsphereLLC_4874_25K",1,"Yellow Ford Mustang Electric Bike","DP1 V3",Visa,Friday,435452,1,0,0.00%,1,100.00%,1,0,0.00%,1,100.00%,1,1,$12.89,0,100.00%,0,0,$0.00,0,0.00%,1,1,1,$12.89,$0.00,$0.00,$12.89,$0.00,$0.00,$12.89,$0.00,$12.89,$0.00,0.00%,0,0.00%,$0.00,0.00%,0,0.00%,$0.00,0.00%,0,0.00%,$0.00,0.00%,0,0.00%,$0.00,0.00%,$12.89,$0.84,$0.00,$0.00,$0.00,$0.00,0.00%,$0.00,0.00%,$0.00,0.00%,$0.84,6.52%,$12.05,93.48%
"75 - NR2_RM_75_QUANT_CBSL_DiamondsphereLLC_4874_25K",1,"Yellow Ford Mustang Electric Bike","DP1 V3",Visa,Friday,481583,1,1,100.00%,0,0.00%,1,1,100.00%,0,0.00%,1,0,$0.00,1,0.00%,0,0,$0.00,0,0.00%,0,0,0,$0.00,$0.00,$0.00,$0.00,$0.00,$0.00,$0.00,$0.00,$0.00,$0.00,0.00%,0,0.00%,$0.00,0.00%,0,0.00%,$0.00,0.00%,0,0.00%,$0.00,0.00%,0,0.00%,$0.00,0.00%,$0.00,$0.20,$0.00,$0.00,$0.00,$0.00,0.00%,$0.00,0.00%,$0.00,0.00%,$0.20,0.00%,$-0.20,0.00%
"77 - NR12_RM_77_QUANT_CBSL_DiamondsphereLLC_5293_25K",1,"Predator 12.4mm Pool Cue","DP1 V3",Mastercard,Friday,515678,1,1,100.00%,0,0.00%,1,1,100.00%,0,0.00%,1,0,$0.00,1,0.00%,0,0,$0.00,0,0.00%,0,0,0,$0.00,$0.00,$0.00,$0.00,$0.00,$0.00,$0.00,$0.00,$0.00,$0.00,0.00%,0,0.00%,$0.00,0.00%,0,0.00%,$0.00,0.00%,0,0.00%,$0.00,0.00%,0,0.00%,$0.00,0.00%,$0.00,$0.20,$0.00,$0.00,$0.00,$0.00,0.00%,$0.00,0.00%,$0.00,0.00%,$0.20,0.00%,$-0.20,0.00%
"77 - NR12_RM_77_QUANT_CBSL_DiamondsphereLLC_5293_25K",1,"Predator 12.4mm Pool Cue","DP1 V3",Mastercard,Friday,528749,1,0,0.00%,1,100.00%,1,0,0.00%,1,100.00%,1,1,$12.89,0,100.00%,0,0,$0.00,0,0.00%,1,1,1,$12.89,$0.00,$0.00,$12.89,$0.00,$0.00,$12.89,$0.00,$12.89,$12.89,100.00%,0,0.00%,$0.00,0.00%,0,0.00%,$0.00,0.00%,0,0.00%,$0.00,0.00%,1,100.00%,$12.89,100.00%,$0.00,$0.84,$0.00,$0.00,$0.00,$0.00,0.00%,$0.00,0.00%,$0.00,0.00%,$0.84,6.52%,$-0.84,-6.52%
"77 - NR12_RM_77_QUANT_CBSL_DiamondsphereLLC_5293_25K",1,"Predator 12.4mm Pool Cue","DP1 V3",Visa,Friday,442644,1,1,100.00%,0,0.00%,1,1,100.00%,0,0.00%,1,0,$0.00,1,0.00%,0,0,$0.00,0,0.00%,0,0,0,$0.00,$0.00,$0.00,$0.00,$0.00,$0.00,$0.00,$0.00,$0.00,$0.00,0.00%,0,0.00%,$0.00,0.00%,0,0.00%,$0.00,0.00%,0,0.00%,$0.00,0.00%,0,0.00%,$0.00,0.00%,$0.00,$0.20,$0.00,$0.00,$0.00,$0.00,0.00%,$0.00,0.00%,$0.00,0.00%,$0.20,0.00%,$-0.20,0.00%
"77 - NR12_RM_77_QUANT_CBSL_DiamondsphereLLC_5293_25K",1,"Predator 12.4mm Pool Cue","DP1 V3",Visa,Friday,444796,1,0,0.00%,1,100.00%,1,0,0.00%,1,100.00%,1,1,$12.89,0,100.00%,0,0,$0.00,0,0.00%,1,1,1,$12.89,$0.00,$0.00,$12.89,$0.00,$0.00,$12.89,$0.00,$12.89,$0.00,0.00%,0,0.00%,$0.00,0.00%,0,0.00%,$0.00,0.00%,0,0.00%,$0.00,0.00%,0,0.00%,$0.00,0.00%,$12.89,$0.84,$0.00,$0.00,$0.00,$0.00,0.00%,$0.00,0.00%,$0.00,0.00%,$0.84,6.52%,$12.05,93.48%
"77 - NR12_RM_77_QUANT_CBSL_DiamondsphereLLC_5293_25K",1,"Storm Phaze 2 Bowling Ball","DP1 V3",Mastercard,Friday,528281,1,1,100.00%,0,0.00%,1,1,100.00%,0,0.00%,1,0,$0.00,1,0.00%,0,0,$0.00,0,0.00%,0,0,0,$0.00,$0.00,$0.00,$0.00,$0.00,$0.00,$0.00,$0.00,$0.00,$0.00,0.00%,0,0.00%,$0.00,0.00%,0,0.00%,$0.00,0.00%,0,0.00%,$0.00,0.00%,0,0.00%,$0.00,0.00%,$0.00,$0.20,$0.00,$0.00,$0.00,$0.00,0.00%,$0.00,0.00%,$0.00,0.00%,$0.20,0.00%,$-0.20,0.00%
"77 - NR12_RM_77_QUANT_CBSL_DiamondsphereLLC_5293_25K",1,"Storm Phaze 2 Bowling Ball","DP1 V3",Mastercard,Friday,552342,1,1,100.00%,0,0.00%,1,1,100.00%,0,0.00%,1,0,$0.00,1,0.00%,0,0,$0.00,0,0.00%,0,0,0,$0.00,$0.00,$0.00,$0.00,$0.00,$0.00,$0.00,$0.00,$0.00,$0.00,0.00%,0,0.00%,$0.00,0.00%,0,0.00%,$0.00,0.00%,0,0.00%,$0.00,0.00%,0,0.00%,$0.00,0.00%,$0.00,$0.20,$0.00,$0.00,$0.00,$0.00,0.00%,$0.00,0.00%,$0.00,0.00%,$0.20,0.00%,$-0.20,0.00%
"77 - NR12_RM_77_QUANT_CBSL_DiamondsphereLLC_5293_25K",1,"Storm Phaze 2 Bowling Ball","DP1 V3",Visa,Friday,483316,1,1,100.00%,0,0.00%,1,1,100.00%,0,0.00%,1,0,$0.00,1,0.00%,0,0,$0.00,0,0.00%,0,0,0,$0.00,$0.00,$0.00,$0.00,$0.00,$0.00,$0.00,$0.00,$0.00,$0.00,0.00%,0,0.00%,$0.00,0.00%,0,0.00%,$0.00,0.00%,0,0.00%,$0.00,0.00%,0,0.00%,$0.00,0.00%,$0.00,$0.20,$0.00,$0.00,$0.00,$0.00,0.00%,$0.00,0.00%,$0.00,0.00%,$0.20,0.00%,$-0.20,0.00%
"77 - NR12_RM_77_QUANT_CBSL_DiamondsphereLLC_5293_25K",1,"Storm Phaze 2 Bowling Ball","DP1 V3",Visa,Friday,498503,1,1,100.00%,0,0.00%,1,1,100.00%,0,0.00%,1,0,$0.00,1,0.00%,0,0,$0.00,0,0.00%,0,0,0,$0.00,$0.00,$0.00,$0.00,$0.00,$0.00,$0.00,$0.00,$0.00,$0.00,0.00%,0,0.00%,$0.00,0.00%,0,0.00%,$0.00,0.00%,0,0.00%,$0.00,0.00%,0,0.00%,$0.00,0.00%,$0.00,$0.20,$0.00,$0.00,$0.00,$0.00,0.00%,$0.00,0.00%,$0.00,0.00%,$0.20,0.00%,$-0.20,0.00%
"77 - NR12_RM_77_QUANT_CBSL_DiamondsphereLLC_5293_25K",1,"Yellow Ford Mustang Electric Bike","DP1 V3",Mastercard,Friday,534774,1,1,100.00%,0,0.00%,1,1,100.00%,0,0.00%,1,0,$0.00,1,0.00%,0,0,$0.00,0,0.00%,0,0,0,$0.00,$0.00,$0.00,$0.00,$0.00,$0.00,$0.00,$0.00,$0.00,$0.00,0.00%,0,0.00%,$0.00,0.00%,0,0.00%,$0.00,0.00%,0,0.00%,$0.00,0.00%,0,0.00%,$0.00,0.00%,$0.00,$0.20,$0.00,$0.00,$0.00,$0.00,0.00%,$0.00,0.00%,$0.00,0.00%,$0.20,0.00%,$-0.20,0.00%
"77 - NR12_RM_77_QUANT_CBSL_DiamondsphereLLC_5293_25K",1,"Yellow Ford Mustang Electric Bike","DP1 V3",Mastercard,Friday,551816,1,0,0.00%,1,100.00%,1,0,0.00%,1,100.00%,1,1,$12.89,0,100.00%,0,0,$0.00,0,0.00%,1,1,1,$12.89,$0.00,$0.00,$12.89,$0.00,$0.00,$12.89,$0.00,$12.89,$0.00,0.00%,0,0.00%,$0.00,0.00%,0,0.00%,$0.00,0.00%,0,0.00%,$0.00,0.00%,0,0.00%,$0.00,0.00%,$12.89,$0.84,$0.00,$0.00,$0.00,$0.00,0.00%,$0.00,0.00%,$0.00,0.00%,$0.84,6.52%,$12.05,93.48%
"77 - NR12_RM_77_QUANT_CBSL_DiamondsphereLLC_5293_25K",1,"Yellow Ford Mustang Electric Bike","DP1 V3",Visa,Friday,406032,1,1,100.00%,0,0.00%,1,1,100.00%,0,0.00%,1,0,$0.00,1,0.00%,0,0,$0.00,0,0.00%,0,0,0,$0.00,$0.00,$0.00,$0.00,$0.00,$0.00,$0.00,$0.00,$0.00,$0.00,0.00%,0,0.00%,$0.00,0.00%,0,0.00%,$0.00,0.00%,0,0.00%,$0.00,0.00%,0,0.00%,$0.00,0.00%,$0.00,$0.20,$0.00,$0.00,$0.00,$0.00,0.00%,$0.00,0.00%,$0.00,0.00%,$0.20,0.00%,$-0.20,0.00%
"8 - NR12_RM_8_PAYARC_EVO_BrightAdvantagellc_4025_65K",1,"Predator 12.4mm Pool Cue","DP1 V3",Mastercard,Friday,517279,1,0,0.00%,1,100.00%,1,0,0.00%,1,100.00%,1,1,$12.89,0,100.00%,0,0,$0.00,0,0.00%,1,1,1,$12.89,$0.00,$0.00,$12.89,$0.00,$0.00,$12.89,$0.00,$12.89,$0.00,0.00%,0,0.00%,$0.00,0.00%,0,0.00%,$0.00,0.00%,0,0.00%,$0.00,0.00%,0,0.00%,$0.00,0.00%,$12.89,$0.84,$0.00,$0.00,$0.00,$0.00,0.00%,$0.00,0.00%,$0.00,0.00%,$0.84,6.52%,$12.05,93.48%
"8 - NR12_RM_8_PAYARC_EVO_BrightAdvantagellc_4025_65K",1,"Predator 12.4mm Pool Cue","DP1 V3",Visa,Friday,434256,1,1,100.00%,0,0.00%,1,1,100.00%,0,0.00%,1,0,$0.00,1,0.00%,0,0,$0.00,0,0.00%,0,0,0,$0.00,$0.00,$0.00,$0.00,$0.00,$0.00,$0.00,$0.00,$0.00,$0.00,0.00%,0,0.00%,$0.00,0.00%,0,0.00%,$0.00,0.00%,0,0.00%,$0.00,0.00%,0,0.00%,$0.00,0.00%,$0.00,$0.20,$0.00,$0.00,$0.00,$0.00,0.00%,$0.00,0.00%,$0.00,0.00%,$0.20,0.00%,$-0.20,0.00%
"8 - NR12_RM_8_PAYARC_EVO_BrightAdvantagellc_4025_65K",1,"Yellow Ford Mustang Electric Bike","DP1 V3",Visa,Friday,447227,1,1,100.00%,0,0.00%,1,1,100.00%,0,0.00%,1,0,$0.00,1,0.00%,0,0,$0.00,0,0.00%,0,0,0,$0.00,$0.00,$0.00,$0.00,$0.00,$0.00,$0.00,$0.00,$0.00,$0.00,0.00%,0,0.00%,$0.00,0.00%,0,0.00%,$0.00,0.00%,0,0.00%,$0.00,0.00%,0,0.00%,$0.00,0.00%,$0.00,$0.20,$0.00,$0.00,$0.00,$0.00,0.00%,$0.00,0.00%,$0.00,0.00%,$0.20,0.00%,$-0.20,0.00%
"81 - NR12_RM_81_QUANT_CBSL_DiamondsphereLLC_4866_25K",1,"Storm Phaze 2 Bowling Ball","DP1 V3",Visa,Friday,448900,1,0,0.00%,1,100.00%,1,0,0.00%,1,100.00%,1,1,$12.89,0,100.00%,0,0,$0.00,0,0.00%,1,1,1,$12.89,$0.00,$0.00,$12.89,$0.00,$0.00,$12.89,$0.00,$12.89,$0.00,0.00%,0,0.00%,$0.00,0.00%,0,0.00%,$0.00,0.00%,0,0.00%,$0.00,0.00%,0,0.00%,$0.00,0.00%,$12.89,$0.84,$0.00,$0.00,$0.00,$0.00,0.00%,$0.00,0.00%,$0.00,0.00%,$0.84,6.52%,$12.05,93.48%
"81 - NR12_RM_81_QUANT_CBSL_DiamondsphereLLC_4866_25K",1,"Yellow Ford Mustang Electric Bike","DP1 V3",Visa,Friday,432739,1,0,0.00%,1,100.00%,1,0,0.00%,1,100.00%,1,1,$12.89,0,100.00%,0,0,$0.00,0,0.00%,1,1,1,$12.89,$0.00,$0.00,$12.89,$0.00,$0.00,$12.89,$0.00,$12.89,$0.00,0.00%,0,0.00%,$0.00,0.00%,0,0.00%,$0.00,0.00%,0,0.00%,$0.00,0.00%,0,0.00%,$0.00,0.00%,$12.89,$0.84,$0.00,$0.00,$0.00,$0.00,0.00%,$0.00,0.00%,$0.00,0.00%,$0.84,6.52%,$12.05,93.48%
"91 - RM_91_QUANT_CBSL_ClearPoulseLLC_9022_25K",1,"Storm Phaze 2 Bowling Ball","DP1 V3",Visa,Friday,414720,1,0,0.00%,1,100.00%,1,0,0.00%,1,100.00%,1,1,$12.89,0,100.00%,0,0,$0.00,0,0.00%,1,1,1,$12.89,$0.00,$0.00,$12.89,$0.00,$0.00,$12.89,$0.00,$12.89,$0.00,0.00%,0,0.00%,$0.00,0.00%,0,0.00%,$0.00,0.00%,0,0.00%,$0.00,0.00%,0,0.00%,$0.00,0.00%,$12.89,$0.84,$0.00,$0.00,$0.00,$0.00,0.00%,$0.00,0.00%,$0.00,0.00%,$0.84,6.52%,$12.05,93.48%
"91 - RM_91_QUANT_CBSL_ClearPoulseLLC_9022_25K",1,"Yellow Ford Mustang Electric Bike","DP1 V3",Visa,Friday,411774,1,0,0.00%,1,100.00%,1,0,0.00%,1,100.00%,1,1,$12.89,0,100.00%,0,0,$0.00,0,0.00%,1,1,1,$12.89,$0.00,$0.00,$12.89,$0.00,$0.00,$12.89,$0.00,$12.89,$0.00,0.00%,0,0.00%,$0.00,0.00%,0,0.00%,$0.00,0.00%,0,0.00%,$0.00,0.00%,0,0.00%,$0.00,0.00%,$12.89,$0.84,$0.00,$0.00,$0.00,$0.00,0.00%,$0.00,0.00%,$0.00,0.00%,$0.84,6.52%,$12.05,93.48%
"92 - RM_92_QUANT_CBSL_ClearPoulseLLC_9030_25K",1,"Predator 12.4mm Pool Cue","DP1 V3",Visa,Friday,431196,1,0,0.00%,1,100.00%,1,0,0.00%,1,100.00%,1,1,$12.89,0,100.00%,0,0,$0.00,0,0.00%,1,1,1,$12.89,$0.00,$0.00,$12.89,$0.00,$0.00,$12.89,$0.00,$12.89,$0.00,0.00%,0,0.00%,$0.00,0.00%,0,0.00%,$0.00,0.00%,0,0.00%,$0.00,0.00%,0,0.00%,$0.00,0.00%,$12.89,$0.84,$0.00,$0.00,$0.00,$0.00,0.00%,$0.00,0.00%,$0.00,0.00%,$0.84,6.52%,$12.05,93.48%
"92 - RM_92_QUANT_CBSL_ClearPoulseLLC_9030_25K",1,"Yellow Ford Mustang Electric Bike","DP1 V3",Visa,Friday,434257,1,0,0.00%,1,100.00%,1,0,0.00%,1,100.00%,1,1,$12.89,0,100.00%,0,0,$0.00,0,0.00%,1,1,1,$12.89,$0.00,$0.00,$12.89,$0.00,$0.00,$12.89,$0.00,$12.89,$0.00,0.00%,0,0.00%,$0.00,0.00%,0,0.00%,$0.00,0.00%,0,0.00%,$0.00,0.00%,0,0.00%,$0.00,0.00%,$12.89,$0.84,$0.00,$0.00,$0.00,$0.00,0.00%,$0.00,0.00%,$0.00,0.00%,$0.84,6.52%,$12.05,93.48%
"93 - RM_93_QUANT_CBSL_ClearPoulseLLC_9048_25K",1,"Predator 12.4mm Pool Cue","DP1 V3",Visa,Friday,473310,1,1,100.00%,0,0.00%,1,1,100.00%,0,0.00%,1,0,$0.00,1,0.00%,0,0,$0.00,0,0.00%,0,0,0,$0.00,$0.00,$0.00,$0.00,$0.00,$0.00,$0.00,$0.00,$0.00,$0.00,0.00%,0,0.00%,$0.00,0.00%,0,0.00%,$0.00,0.00%,0,0.00%,$0.00,0.00%,0,0.00%,$0.00,0.00%,$0.00,$0.20,$0.00,$0.00,$0.00,$0.00,0.00%,$0.00,0.00%,$0.00,0.00%,$0.20,0.00%,$-0.20,0.00%
"93 - RM_93_QUANT_CBSL_ClearPoulseLLC_9048_25K",1,"Yellow Ford Mustang Electric Bike","DP1 V3",Visa,Friday,400895,1,0,0.00%,1,100.00%,1,0,0.00%,1,100.00%,1,1,$12.89,0,100.00%,0,0,$0.00,0,0.00%,1,1,1,$12.89,$0.00,$0.00,$12.89,$0.00,$0.00,$12.89,$0.00,$12.89,$0.00,0.00%,0,0.00%,$0.00,0.00%,0,0.00%,$0.00,0.00%,0,0.00%,$0.00,0.00%,0,0.00%,$0.00,0.00%,$12.89,$0.84,$0.00,$0.00,$0.00,$0.00,0.00%,$0.00,0.00%,$0.00,0.00%,$0.84,6.52%,$12.05,93.48%
"93 - RM_93_QUANT_CBSL_ClearPoulseLLC_9048_25K",1,"Yellow Ford Mustang Electric Bike","DP1 V3",Visa,Friday,444796,1,1,100.00%,0,0.00%,1,1,100.00%,0,0.00%,1,0,$0.00,1,0.00%,0,0,$0.00,0,0.00%,0,0,0,$0.00,$0.00,$0.00,$0.00,$0.00,$0.00,$0.00,$0.00,$0.00,$0.00,0.00%,0,0.00%,$0.00,0.00%,0,0.00%,$0.00,0.00%,0,0.00%,$0.00,0.00%,0,0.00%,$0.00,0.00%,$0.00,$0.20,$0.00,$0.00,$0.00,$0.00,0.00%,$0.00,0.00%,$0.00,0.00%,$0.20,0.00%,$-0.20,0.00%
"94 - RM_94_QUANT_CBSL_ClearPoulseLLC_9055_25K",1,"Storm Phaze 2 Bowling Ball","DP1 V3",Visa,Friday,401105,1,1,100.00%,0,0.00%,1,1,100.00%,0,0.00%,1,0,$0.00,1,0.00%,0,0,$0.00,0,0.00%,0,0,0,$0.00,$0.00,$0.00,$0.00,$0.00,$0.00,$0.00,$0.00,$0.00,$0.00,0.00%,0,0.00%,$0.00,0.00%,0,0.00%,$0.00,0.00%,0,0.00%,$0.00,0.00%,0,0.00%,$0.00,0.00%,$0.00,$0.20,$0.00,$0.00,$0.00,$0.00,0.00%,$0.00,0.00%,$0.00,0.00%,$0.20,0.00%,$-0.20,0.00%
"94 - RM_94_QUANT_CBSL_ClearPoulseLLC_9055_25K",1,"Storm Phaze 2 Bowling Ball","DP1 V3",Visa,Friday,421783,1,1,100.00%,0,0.00%,1,1,100.00%,0,0.00%,1,0,$0.00,1,0.00%,0,0,$0.00,0,0.00%,0,0,0,$0.00,$0.00,$0.00,$0.00,$0.00,$0.00,$0.00,$0.00,$0.00,$0.00,0.00%,0,0.00%,$0.00,0.00%,0,0.00%,$0.00,0.00%,0,0.00%,$0.00,0.00%,0,0.00%,$0.00,0.00%,$0.00,$0.20,$0.00,$0.00,$0.00,$0.00,0.00%,$0.00,0.00%,$0.00,0.00%,$0.20,0.00%,$-0.20,0.00%
"94 - RM_94_QUANT_CBSL_ClearPoulseLLC_9055_25K",1,"Yellow Ford Mustang Electric Bike","DP1 V3",Visa,Friday,446613,1,1,100.00%,0,0.00%,1,1,100.00%,0,0.00%,1,0,$0.00,1,0.00%,0,0,$0.00,0,0.00%,0,0,0,$0.00,$0.00,$0.00,$0.00,$0.00,$0.00,$0.00,$0.00,$0.00,$0.00,0.00%,0,0.00%,$0.00,0.00%,0,0.00%,$0.00,0.00%,0,0.00%,$0.00,0.00%,0,0.00%,$0.00,0.00%,$0.00,$0.20,$0.00,$0.00,$0.00,$0.00,0.00%,$0.00,0.00%,$0.00,0.00%,$0.20,0.00%,$-0.20,0.00%
"95 - RM_95_PRIOR_SYN_ClearPoulseLLC_9038_40K",1,"Predator 12.4mm Pool Cue","DP1 V3",Visa,Friday,419162,1,0,0.00%,1,100.00%,1,0,0.00%,1,100.00%,1,1,$12.89,0,100.00%,0,0,$0.00,0,0.00%,1,1,1,$12.89,$0.00,$0.00,$12.89,$0.00,$0.00,$12.89,$0.00,$12.89,$0.00,0.00%,0,0.00%,$0.00,0.00%,0,0.00%,$0.00,0.00%,0,0.00%,$0.00,0.00%,0,0.00%,$0.00,0.00%,$12.89,$0.84,$0.00,$0.00,$0.00,$0.00,0.00%,$0.00,0.00%,$0.00,0.00%,$0.84,6.52%,$12.05,93.48%
"95 - RM_95_PRIOR_SYN_ClearPoulseLLC_9038_40K",1,"Storm Phaze 2 Bowling Ball","DP1 V3",Mastercard,Friday,536759,1,0,0.00%,1,100.00%,1,0,0.00%,1,100.00%,1,1,$12.89,0,100.00%,0,0,$0.00,0,0.00%,1,1,1,$12.89,$0.00,$0.00,$12.89,$0.00,$0.00,$12.89,$0.00,$12.89,$0.00,0.00%,0,0.00%,$0.00,0.00%,0,0.00%,$0.00,0.00%,0,0.00%,$0.00,0.00%,0,0.00%,$0.00,0.00%,$12.89,$0.84,$0.00,$0.00,$0.00,$0.00,0.00%,$0.00,0.00%,$0.00,0.00%,$0.84,6.52%,$12.05,93.48%
"95 - RM_95_PRIOR_SYN_ClearPoulseLLC_9038_40K",1,"Storm Phaze 2 Bowling Ball","DP1 V3",Visa,Friday,443264,1,1,100.00%,0,0.00%,1,1,100.00%,0,0.00%,1,0,$0.00,1,0.00%,0,0,$0.00,0,0.00%,0,0,0,$0.00,$0.00,$0.00,$0.00,$0.00,$0.00,$0.00,$0.00,$0.00,$0.00,0.00%,0,0.00%,$0.00,0.00%,0,0.00%,$0.00,0.00%,0,0.00%,$0.00,0.00%,0,0.00%,$0.00,0.00%,$0.00,$0.20,$0.00,$0.00,$0.00,$0.00,0.00%,$0.00,0.00%,$0.00,0.00%,$0.20,0.00%,$-0.20,0.00%
"96 - RM_96_PRIOR_SYN_ClearPoulseLLC_9678_40K",1,"Predator 12.4mm Pool Cue","DP1 V3",Visa,Friday,414720,1,0,0.00%,1,100.00%,1,0,0.00%,1,100.00%,1,1,$12.89,0,100.00%,0,0,$0.00,0,0.00%,1,1,1,$12.89,$0.00,$0.00,$12.89,$0.00,$0.00,$12.89,$0.00,$12.89,$0.00,0.00%,0,0.00%,$0.00,0.00%,0,0.00%,$0.00,0.00%,0,0.00%,$0.00,0.00%,0,0.00%,$0.00,0.00%,$12.89,$0.84,$0.00,$0.00,$0.00,$0.00,0.00%,$0.00,0.00%,$0.00,0.00%,$0.84,6.52%,$12.05,93.48%
"96 - RM_96_PRIOR_SYN_ClearPoulseLLC_9678_40K",1,"Predator 12.4mm Pool Cue","DP1 V3",Visa,Friday,426428,1,0,0.00%,1,100.00%,1,0,0.00%,1,100.00%,1,1,$12.89,0,100.00%,0,0,$0.00,0,0.00%,1,1,1,$12.89,$0.00,$0.00,$12.89,$0.00,$0.00,$12.89,$0.00,$12.89,$0.00,0.00%,0,0.00%,$0.00,0.00%,0,0.00%,$0.00,0.00%,0,0.00%,$0.00,0.00%,0,0.00%,$0.00,0.00%,$12.89,$0.84,$0.00,$0.00,$0.00,$0.00,0.00%,$0.00,0.00%,$0.00,0.00%,$0.84,6.52%,$12.05,93.48%
"96 - RM_96_PRIOR_SYN_ClearPoulseLLC_9678_40K",1,"Storm Phaze 2 Bowling Ball","DP1 V3",Visa,Friday,412777,1,1,100.00%,0,0.00%,1,1,100.00%,0,0.00%,1,0,$0.00,1,0.00%,0,0,$0.00,0,0.00%,0,0,0,$0.00,$0.00,$0.00,$0.00,$0.00,$0.00,$0.00,$0.00,$0.00,$0.00,0.00%,0,0.00%,$0.00,0.00%,0,0.00%,$0.00,0.00%,0,0.00%,$0.00,0.00%,0,0.00%,$0.00,0.00%,$0.00,$0.20,$0.00,$0.00,$0.00,$0.00,0.00%,$0.00,0.00%,$0.00,0.00%,$0.20,0.00%,$-0.20,0.00%
"99 - RM_99_NET_ESQ_ClearPoulseLLC_8325_75K",1,"Storm Phaze 2 Bowling Ball","DP1 V3",Visa,Friday,422921,1,1,100.00%,0,0.00%,1,1,100.00%,0,0.00%,1,0,$0.00,1,0.00%,0,0,$0.00,0,0.00%,0,0,0,$0.00,$0.00,$0.00,$0.00,$0.00,$0.00,$0.00,$0.00,$0.00,$0.00,0.00%,0,0.00%,$0.00,0.00%,0,0.00%,$0.00,0.00%,0,0.00%,$0.00,0.00%,0,0.00%,$0.00,0.00%,$0.00,$0.20,$0.00,$0.00,$0.00,$0.00,0.00%,$0.00,0.00%,$0.00,0.00%,$0.20,0.00%,$-0.20,0.00%
"99 - RM_99_NET_ESQ_ClearPoulseLLC_8325_75K",1,"Yellow Ford Mustang Electric Bike","DP1 V3",Mastercard,Friday,534876,1,1,100.00%,0,0.00%,1,1,100.00%,0,0.00%,1,0,$0.00,1,0.00%,0,0,$0.00,0,0.00%,0,0,0,$0.00,$0.00,$0.00,$0.00,$0.00,$0.00,$0.00,$0.00,$0.00,$0.00,0.00%,0,0.00%,$0.00,0.00%,0,0.00%,$0.00,0.00%,0,0.00%,$0.00,0.00%,0,0.00%,$0.00,0.00%,$0.00,$0.20,$0.00,$0.00,$0.00,$0.00,0.00%,$0.00,0.00%,$0.00,0.00%,$0.20,0.00%,$-0.20,0.00%
