Merchant,"<track>Tracking 1</track>","<track>Tracking 2</track>",Item,"Card Type","Transaction Day Of Week","Card Bin Number","Attempted Charges","Declined Charges","Declined Charge Rate","Successful Charges","Success Charge Rate","Unique Cycle Attempts","Declined Unique Cycle Attempts","Declined Unique Cycle Attempt Rate","Successful Unique Cycle Attempts","Success Unique Cycle Attempt Rate","Cycle 1 Attempts","Cycle 1 Success","Cycle 1 Revenue","Cycle 1 Decline","Cycle 1 Success Rate","Renewal Attempts","Renewal Success","Renewal Revenue","Renewal Decline","Renewal Success Rate","Successful Offers","Item Quantity","Successful Customers","Gross Product Revenue",Discounts,Rewards,"Net Product Revenue",Shipping,"Gift Cards","Total Revenue",Tax,Processed,Adjustments,"Adjustment Rate",Refunds,"Refund Rate","Refunded Revenue","Refunded Revenue Rate",Voids,"Void Rate","Voided Revenue","Void Revenue Rate",Chargebacks,"Chargeback Rate","Chargeback Revenue","Chargeback Revenue Rate",Alerts,"Alert Rate","Alert Revenue","Alert Revenue Rate","Net Revenue","Cost of Revenue","Cost of Goods Sold","Cycle 1 Cost of Goods Sold","Recurring Cost of Goods Sold","Ad Spend","Ad Spend Rate","Chargeback Fees","Chargeback Fees Rate","Alert Fees","Alert Fees Rate","Processing Fees","Processing Fees Rate",Profit,"Profit Margin"
"10 - zCLOSED_N1_RM_10_PRIOR_SYN_SpecifiConLLC_7577_75K",1,"5 Domestic flights","DP1 V3",Visa,Tuesday,476158,1,1,100.00%,0,0.00%,1,1,100.00%,0,0.00%,1,0,$0.00,1,0.00%,0,0,$0.00,0,0.00%,0,0,0,$0.00,$0.00,$0.00,$0.00,$0.00,$0.00,$0.00,$0.00,$0.00,$0.00,0.00%,0,0.00%,$0.00,0.00%,0,0.00%,$0.00,0.00%,0,0.00%,$0.00,0.00%,0,0.00%,$0.00,0.00%,$0.00,$0.20,$0.00,$0.00,$0.00,$0.00,0.00%,$0.00,0.00%,$0.00,0.00%,$0.20,0.00%,$-0.20,0.00%
"10 - zCLOSED_N1_RM_10_PRIOR_SYN_SpecifiConLLC_7577_75K",1,"Harley Davidson Evo Helmet","DP1 V3",Visa,Tuesday,447227,1,1,100.00%,0,0.00%,1,1,100.00%,0,0.00%,1,0,$0.00,1,0.00%,0,0,$0.00,0,0.00%,0,0,0,$0.00,$0.00,$0.00,$0.00,$0.00,$0.00,$0.00,$0.00,$0.00,$0.00,0.00%,0,0.00%,$0.00,0.00%,0,0.00%,$0.00,0.00%,0,0.00%,$0.00,0.00%,0,0.00%,$0.00,0.00%,$0.00,$0.20,$0.00,$0.00,$0.00,$0.00,0.00%,$0.00,0.00%,$0.00,0.00%,$0.20,0.00%,$-0.20,0.00%
"10 - zCLOSED_N1_RM_10_PRIOR_SYN_SpecifiConLLC_7577_75K",1,"Harley Davidson Tailgate Bundle","DP1 V3",Mastercard,Tuesday,525793,1,0,0.00%,1,100.00%,1,0,0.00%,1,100.00%,1,1,$12.89,0,100.00%,0,0,$0.00,0,0.00%,1,1,1,$12.89,$0.00,$0.00,$12.89,$0.00,$0.00,$12.89,$0.00,$12.89,$12.89,100.00%,0,0.00%,$0.00,0.00%,1,100.00%,$12.89,100.00%,0,0.00%,$0.00,0.00%,0,0.00%,$0.00,0.00%,$0.00,$0.84,$0.00,$0.00,$0.00,$0.00,0.00%,$0.00,0.00%,$0.00,0.00%,$0.84,6.52%,$-0.84,-6.52%
"10 - zCLOSED_N1_RM_10_PRIOR_SYN_SpecifiConLLC_7577_75K",1,"Stihl ZeroTurn Lawn Mower","DP1 V3",Visa,Tuesday,443041,1,1,100.00%,0,0.00%,1,1,100.00%,0,0.00%,1,0,$0.00,1,0.00%,0,0,$0.00,0,0.00%,0,0,0,$0.00,$0.00,$0.00,$0.00,$0.00,$0.00,$0.00,$0.00,$0.00,$0.00,0.00%,0,0.00%,$0.00,0.00%,0,0.00%,$0.00,0.00%,0,0.00%,$0.00,0.00%,0,0.00%,$0.00,0.00%,$0.00,$0.20,$0.00,$0.00,$0.00,$0.00,0.00%,$0.00,0.00%,$0.00,0.00%,$0.20,0.00%,$-0.20,0.00%
"100 - RM_100_NET_ESQ_ClearPoulseLLC_8341_75K",1,"Harley Davidson Tailgate Bundle","DP1 V3",Mastercard,Tuesday,549463,1,0,0.00%,1,100.00%,1,0,0.00%,1,100.00%,1,1,$12.89,0,100.00%,0,0,$0.00,0,0.00%,1,1,1,$12.89,$0.00,$0.00,$12.89,$0.00,$0.00,$12.89,$0.00,$12.89,$0.00,0.00%,0,0.00%,$0.00,0.00%,0,0.00%,$0.00,0.00%,0,0.00%,$0.00,0.00%,0,0.00%,$0.00,0.00%,$12.89,$0.84,$0.00,$0.00,$0.00,$0.00,0.00%,$0.00,0.00%,$0.00,0.00%,$0.84,6.52%,$12.05,93.48%
"101 - RM_101_NET_ESQ_ClearPoulseLLC_8333_75K",1,"Steambow M10 Tactical","DP1 V3",Visa,Tuesday,470132,1,0,0.00%,1,100.00%,1,0,0.00%,1,100.00%,1,1,$12.89,0,100.00%,0,0,$0.00,0,0.00%,1,1,1,$12.89,$0.00,$0.00,$12.89,$0.00,$0.00,$12.89,$0.00,$12.89,$0.00,0.00%,0,0.00%,$0.00,0.00%,0,0.00%,$0.00,0.00%,0,0.00%,$0.00,0.00%,0,0.00%,$0.00,0.00%,$12.89,$0.84,$0.00,$0.00,$0.00,$0.00,0.00%,$0.00,0.00%,$0.00,0.00%,$0.84,6.52%,$12.05,93.48%
"102 - RM_102_PAYARC_EVO_ClearPoulseLLC_4972_75K",1,"Steambow M10 Tactical","DP1 V3",Mastercard,Tuesday,542784,1,0,0.00%,1,100.00%,1,0,0.00%,1,100.00%,1,1,$12.89,0,100.00%,0,0,$0.00,0,0.00%,1,1,1,$12.89,$0.00,$0.00,$12.89,$0.00,$0.00,$12.89,$0.00,$12.89,$0.00,0.00%,0,0.00%,$0.00,0.00%,0,0.00%,$0.00,0.00%,0,0.00%,$0.00,0.00%,0,0.00%,$0.00,0.00%,$12.89,$0.84,$0.00,$0.00,$0.00,$0.00,0.00%,$0.00,0.00%,$0.00,0.00%,$0.84,6.52%,$12.05,93.48%
"103 - RM_103_PAYARC_EVO_ClearPoulseLLC_4964_75K",1,"Harley Davidson Tailgate Bundle","DP1 V3",Mastercard,Tuesday,550442,1,1,100.00%,0,0.00%,1,1,100.00%,0,0.00%,1,0,$0.00,1,0.00%,0,0,$0.00,0,0.00%,0,0,0,$0.00,$0.00,$0.00,$0.00,$0.00,$0.00,$0.00,$0.00,$0.00,$0.00,0.00%,0,0.00%,$0.00,0.00%,0,0.00%,$0.00,0.00%,0,0.00%,$0.00,0.00%,0,0.00%,$0.00,0.00%,$0.00,$0.20,$0.00,$0.00,$0.00,$0.00,0.00%,$0.00,0.00%,$0.00,0.00%,$0.20,0.00%,$-0.20,0.00%
"103 - RM_103_PAYARC_EVO_ClearPoulseLLC_4964_75K",1,"Steambow M10 Tactical","DP1 V3",Mastercard,Tuesday,512992,1,0,0.00%,1,100.00%,1,0,0.00%,1,100.00%,1,1,$12.89,0,100.00%,0,0,$0.00,0,0.00%,1,1,1,$12.89,$0.00,$0.00,$12.89,$0.00,$0.00,$12.89,$0.00,$12.89,$0.00,0.00%,0,0.00%,$0.00,0.00%,0,0.00%,$0.00,0.00%,0,0.00%,$0.00,0.00%,0,0.00%,$0.00,0.00%,$12.89,$0.84,$0.00,$0.00,$0.00,$0.00,0.00%,$0.00,0.00%,$0.00,0.00%,$0.84,6.52%,$12.05,93.48%
"103 - RM_103_PAYARC_EVO_ClearPoulseLLC_4964_75K",1,"Steambow M10 Tactical","DP1 V3",Visa,Tuesday,400022,1,1,100.00%,0,0.00%,1,1,100.00%,0,0.00%,1,0,$0.00,1,0.00%,0,0,$0.00,0,0.00%,0,0,0,$0.00,$0.00,$0.00,$0.00,$0.00,$0.00,$0.00,$0.00,$0.00,$0.00,0.00%,0,0.00%,$0.00,0.00%,0,0.00%,$0.00,0.00%,0,0.00%,$0.00,0.00%,0,0.00%,$0.00,0.00%,$0.00,$0.20,$0.00,$0.00,$0.00,$0.00,0.00%,$0.00,0.00%,$0.00,0.00%,$0.20,0.00%,$-0.20,0.00%
"104 - RM_104_NET_ESQ_ClearPoulseLLC_0966_75K",1,"Harley Davidson Tailgate Bundle","DP1 V3",Visa,Tuesday,434292,1,0,0.00%,1,100.00%,1,0,0.00%,1,100.00%,1,1,$12.89,0,100.00%,0,0,$0.00,0,0.00%,1,1,1,$12.89,$0.00,$0.00,$12.89,$0.00,$0.00,$12.89,$0.00,$12.89,$12.89,100.00%,0,0.00%,$0.00,0.00%,0,0.00%,$0.00,0.00%,0,0.00%,$0.00,0.00%,1,100.00%,$12.89,100.00%,$0.00,$0.84,$0.00,$0.00,$0.00,$0.00,0.00%,$0.00,0.00%,$0.00,0.00%,$0.84,6.52%,$-0.84,-6.52%
"105 - RM_105_PRIOR_SYN_ClearPoulseLLC_9869_40K",1,"Harley Davidson Evo Helmet","DP1 V3",Visa,Tuesday,460864,1,0,0.00%,1,100.00%,1,0,0.00%,1,100.00%,1,1,$12.89,0,100.00%,0,0,$0.00,0,0.00%,1,1,1,$12.89,$0.00,$0.00,$12.89,$0.00,$0.00,$12.89,$0.00,$12.89,$0.00,0.00%,0,0.00%,$0.00,0.00%,0,0.00%,$0.00,0.00%,0,0.00%,$0.00,0.00%,0,0.00%,$0.00,0.00%,$12.89,$0.84,$0.00,$0.00,$0.00,$0.00,0.00%,$0.00,0.00%,$0.00,0.00%,$0.84,6.52%,$12.05,93.48%
"106 - R2ONLY_RM_106_SIGNA_CBC_ClearPoulseLLC_5728_50K",1,"Coors Light Tailgate Bundle","DP1 V3",Visa,Tuesday,420767,1,0,0.00%,1,100.00%,1,0,0.00%,1,100.00%,1,1,$12.89,0,100.00%,0,0,$0.00,0,0.00%,1,1,1,$12.89,$0.00,$0.00,$12.89,$0.00,$0.00,$12.89,$0.00,$12.89,$0.00,0.00%,0,0.00%,$0.00,0.00%,0,0.00%,$0.00,0.00%,0,0.00%,$0.00,0.00%,0,0.00%,$0.00,0.00%,$12.89,$0.84,$0.00,$0.00,$0.00,$0.00,0.00%,$0.00,0.00%,$0.00,0.00%,$0.84,6.52%,$12.05,93.48%
"107 - R2ONLY_RM_107_SIGNA_CBC_ClearPoulseLLC_5736_50K",1,"Harley Davidson Evo Helmet","DP1 V3",Mastercard,Tuesday,510587,1,0,0.00%,1,100.00%,1,0,0.00%,1,100.00%,1,1,$12.89,0,100.00%,0,0,$0.00,0,0.00%,1,1,1,$12.89,$0.00,$0.00,$12.89,$0.00,$0.00,$12.89,$0.00,$12.89,$0.00,0.00%,0,0.00%,$0.00,0.00%,0,0.00%,$0.00,0.00%,0,0.00%,$0.00,0.00%,0,0.00%,$0.00,0.00%,$12.89,$0.84,$0.00,$0.00,$0.00,$0.00,0.00%,$0.00,0.00%,$0.00,0.00%,$0.84,6.52%,$12.05,93.48%
"11 - zCLOSED_N2_RM_11_PRIOR_SYN_SpecifiConLLC_7274_75K",1,"Coors Light Tailgate Bundle","DP1 V3",Mastercard,Tuesday,555675,1,1,100.00%,0,0.00%,1,1,100.00%,0,0.00%,1,0,$0.00,1,0.00%,0,0,$0.00,0,0.00%,0,0,0,$0.00,$0.00,$0.00,$0.00,$0.00,$0.00,$0.00,$0.00,$0.00,$0.00,0.00%,0,0.00%,$0.00,0.00%,0,0.00%,$0.00,0.00%,0,0.00%,$0.00,0.00%,0,0.00%,$0.00,0.00%,$0.00,$0.20,$0.00,$0.00,$0.00,$0.00,0.00%,$0.00,0.00%,$0.00,0.00%,$0.20,0.00%,$-0.20,0.00%
"11 - zCLOSED_N2_RM_11_PRIOR_SYN_SpecifiConLLC_7274_75K",1,"Harley Davidson Evo Helmet","DP1 V3",Mastercard,Tuesday,553891,1,1,100.00%,0,0.00%,1,1,100.00%,0,0.00%,1,0,$0.00,1,0.00%,0,0,$0.00,0,0.00%,0,0,0,$0.00,$0.00,$0.00,$0.00,$0.00,$0.00,$0.00,$0.00,$0.00,$0.00,0.00%,0,0.00%,$0.00,0.00%,0,0.00%,$0.00,0.00%,0,0.00%,$0.00,0.00%,0,0.00%,$0.00,0.00%,$0.00,$0.20,$0.00,$0.00,$0.00,$0.00,0.00%,$0.00,0.00%,$0.00,0.00%,$0.20,0.00%,$-0.20,0.00%
"11 - zCLOSED_N2_RM_11_PRIOR_SYN_SpecifiConLLC_7274_75K",1,"Harley Davidson Tailgate Bundle","DP1 V3",Visa,Tuesday,447048,1,0,0.00%,1,100.00%,1,0,0.00%,1,100.00%,1,1,$12.89,0,100.00%,0,0,$0.00,0,0.00%,1,1,1,$12.89,$0.00,$0.00,$12.89,$0.00,$0.00,$12.89,$0.00,$12.89,$0.00,0.00%,0,0.00%,$0.00,0.00%,0,0.00%,$0.00,0.00%,0,0.00%,$0.00,0.00%,0,0.00%,$0.00,0.00%,$12.89,$0.84,$0.00,$0.00,$0.00,$0.00,0.00%,$0.00,0.00%,$0.00,0.00%,$0.84,6.52%,$12.05,93.48%
"11 - zCLOSED_N2_RM_11_PRIOR_SYN_SpecifiConLLC_7274_75K",1,"Steambow M10 Tactical","DP1 V3",Mastercard,Tuesday,514377,1,1,100.00%,0,0.00%,1,1,100.00%,0,0.00%,1,0,$0.00,1,0.00%,0,0,$0.00,0,0.00%,0,0,0,$0.00,$0.00,$0.00,$0.00,$0.00,$0.00,$0.00,$0.00,$0.00,$0.00,0.00%,0,0.00%,$0.00,0.00%,0,0.00%,$0.00,0.00%,0,0.00%,$0.00,0.00%,0,0.00%,$0.00,0.00%,$0.00,$0.20,$0.00,$0.00,$0.00,$0.00,0.00%,$0.00,0.00%,$0.00,0.00%,$0.20,0.00%,$-0.20,0.00%
"12 - N2_RM_12_PRIOR_SYN_BrightAdvantageLLC_9068_75K",1,"BOGG Bag","DP1 V3",Mastercard,Tuesday,553853,1,1,100.00%,0,0.00%,1,1,100.00%,0,0.00%,1,0,$0.00,1,0.00%,0,0,$0.00,0,0.00%,0,0,0,$0.00,$0.00,$0.00,$0.00,$0.00,$0.00,$0.00,$0.00,$0.00,$0.00,0.00%,0,0.00%,$0.00,0.00%,0,0.00%,$0.00,0.00%,0,0.00%,$0.00,0.00%,0,0.00%,$0.00,0.00%,$0.00,$0.20,$0.00,$0.00,$0.00,$0.00,0.00%,$0.00,0.00%,$0.00,0.00%,$0.20,0.00%,$-0.20,0.00%
"12 - N2_RM_12_PRIOR_SYN_BrightAdvantageLLC_9068_75K",1,"Harley Davidson Evo Helmet","DP1 V3",Visa,Tuesday,402347,1,0,0.00%,1,100.00%,1,0,0.00%,1,100.00%,1,1,$12.89,0,100.00%,0,0,$0.00,0,0.00%,1,1,1,$12.89,$0.00,$0.00,$12.89,$0.00,$0.00,$12.89,$0.00,$12.89,$0.00,0.00%,0,0.00%,$0.00,0.00%,0,0.00%,$0.00,0.00%,0,0.00%,$0.00,0.00%,0,0.00%,$0.00,0.00%,$12.89,$0.84,$0.00,$0.00,$0.00,$0.00,0.00%,$0.00,0.00%,$0.00,0.00%,$0.84,6.52%,$12.05,93.48%
"12 - N2_RM_12_PRIOR_SYN_BrightAdvantageLLC_9068_75K",1,"Harley Davidson Evo Helmet","DP1 V3",Visa,Tuesday,447437,1,0,0.00%,1,100.00%,1,0,0.00%,1,100.00%,1,1,$12.89,0,100.00%,0,0,$0.00,0,0.00%,1,1,1,$12.89,$0.00,$0.00,$12.89,$0.00,$0.00,$12.89,$0.00,$12.89,$0.00,0.00%,0,0.00%,$0.00,0.00%,0,0.00%,$0.00,0.00%,0,0.00%,$0.00,0.00%,0,0.00%,$0.00,0.00%,$12.89,$0.84,$0.00,$0.00,$0.00,$0.00,0.00%,$0.00,0.00%,$0.00,0.00%,$0.84,6.52%,$12.05,93.48%
"12 - N2_RM_12_PRIOR_SYN_BrightAdvantageLLC_9068_75K",1,"Harley Davidson Evo Helmet","DP1 V3",Visa,Tuesday,447578,1,0,0.00%,1,100.00%,1,0,0.00%,1,100.00%,1,1,$12.89,0,100.00%,0,0,$0.00,0,0.00%,1,1,1,$12.89,$0.00,$0.00,$12.89,$0.00,$0.00,$12.89,$0.00,$12.89,$0.00,0.00%,0,0.00%,$0.00,0.00%,0,0.00%,$0.00,0.00%,0,0.00%,$0.00,0.00%,0,0.00%,$0.00,0.00%,$12.89,$0.84,$0.00,$0.00,$0.00,$0.00,0.00%,$0.00,0.00%,$0.00,0.00%,$0.84,6.52%,$12.05,93.48%
"12 - N2_RM_12_PRIOR_SYN_BrightAdvantageLLC_9068_75K",1,"Harley Davidson Evo Helmet","DP1 V3",Visa,Tuesday,473932,1,1,100.00%,0,0.00%,1,1,100.00%,0,0.00%,1,0,$0.00,1,0.00%,0,0,$0.00,0,0.00%,0,0,0,$0.00,$0.00,$0.00,$0.00,$0.00,$0.00,$0.00,$0.00,$0.00,$0.00,0.00%,0,0.00%,$0.00,0.00%,0,0.00%,$0.00,0.00%,0,0.00%,$0.00,0.00%,0,0.00%,$0.00,0.00%,$0.00,$0.20,$0.00,$0.00,$0.00,$0.00,0.00%,$0.00,0.00%,$0.00,0.00%,$0.20,0.00%,$-0.20,0.00%
"12 - N2_RM_12_PRIOR_SYN_BrightAdvantageLLC_9068_75K",1,"Harley Davidson Evo Helmet","DP1 V3",Visa,Tuesday,483316,1,0,0.00%,1,100.00%,1,0,0.00%,1,100.00%,1,1,$12.89,0,100.00%,0,0,$0.00,0,0.00%,1,1,1,$12.89,$0.00,$0.00,$12.89,$0.00,$0.00,$12.89,$0.00,$12.89,$0.00,0.00%,0,0.00%,$0.00,0.00%,0,0.00%,$0.00,0.00%,0,0.00%,$0.00,0.00%,0,0.00%,$0.00,0.00%,$12.89,$0.84,$0.00,$0.00,$0.00,$0.00,0.00%,$0.00,0.00%,$0.00,0.00%,$0.84,6.52%,$12.05,93.48%
"12 - N2_RM_12_PRIOR_SYN_BrightAdvantageLLC_9068_75K",1,"Miller Lite Tailgate Combo Pack","DP1 V3",Mastercard,Tuesday,536062,1,1,100.00%,0,0.00%,1,1,100.00%,0,0.00%,1,0,$0.00,1,0.00%,0,0,$0.00,0,0.00%,0,0,0,$0.00,$0.00,$0.00,$0.00,$0.00,$0.00,$0.00,$0.00,$0.00,$0.00,0.00%,0,0.00%,$0.00,0.00%,0,0.00%,$0.00,0.00%,0,0.00%,$0.00,0.00%,0,0.00%,$0.00,0.00%,$0.00,$0.20,$0.00,$0.00,$0.00,$0.00,0.00%,$0.00,0.00%,$0.00,0.00%,$0.20,0.00%,$-0.20,0.00%
"12 - N2_RM_12_PRIOR_SYN_BrightAdvantageLLC_9068_75K",1,"Steambow M10 Tactical","DP1 V3",Visa,Tuesday,474753,1,1,100.00%,0,0.00%,1,1,100.00%,0,0.00%,1,0,$0.00,1,0.00%,0,0,$0.00,0,0.00%,0,0,0,$0.00,$0.00,$0.00,$0.00,$0.00,$0.00,$0.00,$0.00,$0.00,$0.00,0.00%,0,0.00%,$0.00,0.00%,0,0.00%,$0.00,0.00%,0,0.00%,$0.00,0.00%,0,0.00%,$0.00,0.00%,$0.00,$0.20,$0.00,$0.00,$0.00,$0.00,0.00%,$0.00,0.00%,$0.00,0.00%,$0.20,0.00%,$-0.20,0.00%
"14 - GY_RM_14_PRIOR_SYN_BrightAdvantageLLC_2051_75K",1,"Harley Davidson Evo Helmet","DP1 V3",Mastercard,Tuesday,519835,1,0,0.00%,1,100.00%,1,0,0.00%,1,100.00%,1,1,$12.89,0,100.00%,0,0,$0.00,0,0.00%,1,1,1,$12.89,$0.00,$0.00,$12.89,$0.00,$0.00,$12.89,$0.00,$12.89,$0.00,0.00%,0,0.00%,$0.00,0.00%,0,0.00%,$0.00,0.00%,0,0.00%,$0.00,0.00%,0,0.00%,$0.00,0.00%,$12.89,$0.84,$0.00,$0.00,$0.00,$0.00,0.00%,$0.00,0.00%,$0.00,0.00%,$0.84,6.52%,$12.05,93.48%
"14 - GY_RM_14_PRIOR_SYN_BrightAdvantageLLC_2051_75K",1,"Harley Davidson Evo Helmet","DP1 V3",Visa,Tuesday,434257,1,1,100.00%,0,0.00%,1,1,100.00%,0,0.00%,1,0,$0.00,1,0.00%,0,0,$0.00,0,0.00%,0,0,0,$0.00,$0.00,$0.00,$0.00,$0.00,$0.00,$0.00,$0.00,$0.00,$0.00,0.00%,0,0.00%,$0.00,0.00%,0,0.00%,$0.00,0.00%,0,0.00%,$0.00,0.00%,0,0.00%,$0.00,0.00%,$0.00,$0.20,$0.00,$0.00,$0.00,$0.00,0.00%,$0.00,0.00%,$0.00,0.00%,$0.20,0.00%,$-0.20,0.00%
"14 - GY_RM_14_PRIOR_SYN_BrightAdvantageLLC_2051_75K",1,"Harley Davidson Evo Helmet","DP1 V3",Visa,Tuesday,444796,1,1,100.00%,0,0.00%,1,1,100.00%,0,0.00%,1,0,$0.00,1,0.00%,0,0,$0.00,0,0.00%,0,0,0,$0.00,$0.00,$0.00,$0.00,$0.00,$0.00,$0.00,$0.00,$0.00,$0.00,0.00%,0,0.00%,$0.00,0.00%,0,0.00%,$0.00,0.00%,0,0.00%,$0.00,0.00%,0,0.00%,$0.00,0.00%,$0.00,$0.20,$0.00,$0.00,$0.00,$0.00,0.00%,$0.00,0.00%,$0.00,0.00%,$0.20,0.00%,$-0.20,0.00%
"14 - GY_RM_14_PRIOR_SYN_BrightAdvantageLLC_2051_75K",1,"Harley Davidson Tailgate Bundle","DP1 V3",Mastercard,Tuesday,515061,1,1,100.00%,0,0.00%,1,1,100.00%,0,0.00%,1,0,$0.00,1,0.00%,0,0,$0.00,0,0.00%,0,0,0,$0.00,$0.00,$0.00,$0.00,$0.00,$0.00,$0.00,$0.00,$0.00,$0.00,0.00%,0,0.00%,$0.00,0.00%,0,0.00%,$0.00,0.00%,0,0.00%,$0.00,0.00%,0,0.00%,$0.00,0.00%,$0.00,$0.20,$0.00,$0.00,$0.00,$0.00,0.00%,$0.00,0.00%,$0.00,0.00%,$0.20,0.00%,$-0.20,0.00%
"14 - GY_RM_14_PRIOR_SYN_BrightAdvantageLLC_2051_75K",1,"Harley Davidson Tailgate Bundle","DP1 V3",Mastercard,Tuesday,539689,1,1,100.00%,0,0.00%,1,1,100.00%,0,0.00%,1,0,$0.00,1,0.00%,0,0,$0.00,0,0.00%,0,0,0,$0.00,$0.00,$0.00,$0.00,$0.00,$0.00,$0.00,$0.00,$0.00,$0.00,0.00%,0,0.00%,$0.00,0.00%,0,0.00%,$0.00,0.00%,0,0.00%,$0.00,0.00%,0,0.00%,$0.00,0.00%,$0.00,$0.20,$0.00,$0.00,$0.00,$0.00,0.00%,$0.00,0.00%,$0.00,0.00%,$0.20,0.00%,$-0.20,0.00%
"14 - GY_RM_14_PRIOR_SYN_BrightAdvantageLLC_2051_75K",1,"Harley Davidson Tailgate Bundle","DP1 V3",Visa,Tuesday,415860,1,1,100.00%,0,0.00%,1,1,100.00%,0,0.00%,1,0,$0.00,1,0.00%,0,0,$0.00,0,0.00%,0,0,0,$0.00,$0.00,$0.00,$0.00,$0.00,$0.00,$0.00,$0.00,$0.00,$0.00,0.00%,0,0.00%,$0.00,0.00%,0,0.00%,$0.00,0.00%,0,0.00%,$0.00,0.00%,0,0.00%,$0.00,0.00%,$0.00,$0.20,$0.00,$0.00,$0.00,$0.00,0.00%,$0.00,0.00%,$0.00,0.00%,$0.20,0.00%,$-0.20,0.00%
"14 - GY_RM_14_PRIOR_SYN_BrightAdvantageLLC_2051_75K",1,"Harley Davidson Tailgate Bundle","DP1 V3",Visa,Tuesday,446542,1,1,100.00%,0,0.00%,1,1,100.00%,0,0.00%,1,0,$0.00,1,0.00%,0,0,$0.00,0,0.00%,0,0,0,$0.00,$0.00,$0.00,$0.00,$0.00,$0.00,$0.00,$0.00,$0.00,$0.00,0.00%,0,0.00%,$0.00,0.00%,0,0.00%,$0.00,0.00%,0,0.00%,$0.00,0.00%,0,0.00%,$0.00,0.00%,$0.00,$0.20,$0.00,$0.00,$0.00,$0.00,0.00%,$0.00,0.00%,$0.00,0.00%,$0.20,0.00%,$-0.20,0.00%
"14 - GY_RM_14_PRIOR_SYN_BrightAdvantageLLC_2051_75K",1,"Miller Lite Tailgate Combo Pack","DP1 V3",Visa,Tuesday,442971,1,1,100.00%,0,0.00%,1,1,100.00%,0,0.00%,1,0,$0.00,1,0.00%,0,0,$0.00,0,0.00%,0,0,0,$0.00,$0.00,$0.00,$0.00,$0.00,$0.00,$0.00,$0.00,$0.00,$0.00,0.00%,0,0.00%,$0.00,0.00%,0,0.00%,$0.00,0.00%,0,0.00%,$0.00,0.00%,0,0.00%,$0.00,0.00%,$0.00,$0.20,$0.00,$0.00,$0.00,$0.00,0.00%,$0.00,0.00%,$0.00,0.00%,$0.20,0.00%,$-0.20,0.00%
"14 - GY_RM_14_PRIOR_SYN_BrightAdvantageLLC_2051_75K",1,"Steambow M10 Tactical","DP1 V3",Visa,Tuesday,434769,1,0,0.00%,1,100.00%,1,0,0.00%,1,100.00%,1,1,$12.89,0,100.00%,0,0,$0.00,0,0.00%,1,1,1,$12.89,$0.00,$0.00,$12.89,$0.00,$0.00,$12.89,$0.00,$12.89,$0.00,0.00%,0,0.00%,$0.00,0.00%,0,0.00%,$0.00,0.00%,0,0.00%,$0.00,0.00%,0,0.00%,$0.00,0.00%,$12.89,$0.84,$0.00,$0.00,$0.00,$0.00,0.00%,$0.00,0.00%,$0.00,0.00%,$0.84,6.52%,$12.05,93.48%
"14 - GY_RM_14_PRIOR_SYN_BrightAdvantageLLC_2051_75K",1,"Steambow M10 Tactical","DP1 V3",Visa,Tuesday,474472,1,1,100.00%,0,0.00%,1,1,100.00%,0,0.00%,1,0,$0.00,1,0.00%,0,0,$0.00,0,0.00%,0,0,0,$0.00,$0.00,$0.00,$0.00,$0.00,$0.00,$0.00,$0.00,$0.00,$0.00,0.00%,0,0.00%,$0.00,0.00%,0,0.00%,$0.00,0.00%,0,0.00%,$0.00,0.00%,0,0.00%,$0.00,0.00%,$0.00,$0.20,$0.00,$0.00,$0.00,$0.00,0.00%,$0.00,0.00%,$0.00,0.00%,$0.20,0.00%,$-0.20,0.00%
"14 - GY_RM_14_PRIOR_SYN_BrightAdvantageLLC_2051_75K",1,"Stihl ZeroTurn Lawn Mower","DP1 V3",Mastercard,Tuesday,552225,1,1,100.00%,0,0.00%,1,1,100.00%,0,0.00%,1,0,$0.00,1,0.00%,0,0,$0.00,0,0.00%,0,0,0,$0.00,$0.00,$0.00,$0.00,$0.00,$0.00,$0.00,$0.00,$0.00,$0.00,0.00%,0,0.00%,$0.00,0.00%,0,0.00%,$0.00,0.00%,0,0.00%,$0.00,0.00%,0,0.00%,$0.00,0.00%,$0.00,$0.20,$0.00,$0.00,$0.00,$0.00,0.00%,$0.00,0.00%,$0.00,0.00%,$0.20,0.00%,$-0.20,0.00%
"17 - zCLOSED_R2ONLY_RM_17_SIGNA_ESQ_BrightAdvantageLLC_3881_50K",1,"Harley Davidson Evo Helmet","DP1 V3",Mastercard,Tuesday,511271,1,1,100.00%,0,0.00%,1,1,100.00%,0,0.00%,1,0,$0.00,1,0.00%,0,0,$0.00,0,0.00%,0,0,0,$0.00,$0.00,$0.00,$0.00,$0.00,$0.00,$0.00,$0.00,$0.00,$0.00,0.00%,0,0.00%,$0.00,0.00%,0,0.00%,$0.00,0.00%,0,0.00%,$0.00,0.00%,0,0.00%,$0.00,0.00%,$0.00,$0.20,$0.00,$0.00,$0.00,$0.00,0.00%,$0.00,0.00%,$0.00,0.00%,$0.20,0.00%,$-0.20,0.00%
"17 - zCLOSED_R2ONLY_RM_17_SIGNA_ESQ_BrightAdvantageLLC_3881_50K",1,"Harley Davidson Tailgate Bundle","DP1 V3",Visa,Tuesday,446602,1,1,100.00%,0,0.00%,1,1,100.00%,0,0.00%,1,0,$0.00,1,0.00%,0,0,$0.00,0,0.00%,0,0,0,$0.00,$0.00,$0.00,$0.00,$0.00,$0.00,$0.00,$0.00,$0.00,$0.00,0.00%,0,0.00%,$0.00,0.00%,0,0.00%,$0.00,0.00%,0,0.00%,$0.00,0.00%,0,0.00%,$0.00,0.00%,$0.00,$0.20,$0.00,$0.00,$0.00,$0.00,0.00%,$0.00,0.00%,$0.00,0.00%,$0.20,0.00%,$-0.20,0.00%
"17 - zCLOSED_R2ONLY_RM_17_SIGNA_ESQ_BrightAdvantageLLC_3881_50K",1,"Harley Davidson Tailgate Bundle","DP1 V3",Visa,Tuesday,449033,1,1,100.00%,0,0.00%,1,1,100.00%,0,0.00%,1,0,$0.00,1,0.00%,0,0,$0.00,0,0.00%,0,0,0,$0.00,$0.00,$0.00,$0.00,$0.00,$0.00,$0.00,$0.00,$0.00,$0.00,0.00%,0,0.00%,$0.00,0.00%,0,0.00%,$0.00,0.00%,0,0.00%,$0.00,0.00%,0,0.00%,$0.00,0.00%,$0.00,$0.20,$0.00,$0.00,$0.00,$0.00,0.00%,$0.00,0.00%,$0.00,0.00%,$0.20,0.00%,$-0.20,0.00%
"17 - zCLOSED_R2ONLY_RM_17_SIGNA_ESQ_BrightAdvantageLLC_3881_50K",1,"Miller Lite Tailgate Combo Pack","DP1 V3",Mastercard,Tuesday,542418,1,0,0.00%,1,100.00%,1,0,0.00%,1,100.00%,1,1,$12.89,0,100.00%,0,0,$0.00,0,0.00%,1,1,1,$12.89,$0.00,$0.00,$12.89,$0.00,$0.00,$12.89,$0.00,$12.89,$25.78,200.00%,0,0.00%,$0.00,0.00%,0,0.00%,$0.00,0.00%,1,100.00%,$12.89,100.00%,1,100.00%,$12.89,100.00%,$-12.89,$35.84,$0.00,$0.00,$0.00,$0.00,0.00%,$35.00,271.53%,$0.00,0.00%,$0.84,6.52%,$-48.73,-378.04%
"17 - zCLOSED_R2ONLY_RM_17_SIGNA_ESQ_BrightAdvantageLLC_3881_50K",1,"Miller Lite Tailgate Combo Pack","DP1 V3",Mastercard,Tuesday,551605,1,1,100.00%,0,0.00%,1,1,100.00%,0,0.00%,1,0,$0.00,1,0.00%,0,0,$0.00,0,0.00%,0,0,0,$0.00,$0.00,$0.00,$0.00,$0.00,$0.00,$0.00,$0.00,$0.00,$0.00,0.00%,0,0.00%,$0.00,0.00%,0,0.00%,$0.00,0.00%,0,0.00%,$0.00,0.00%,0,0.00%,$0.00,0.00%,$0.00,$0.20,$0.00,$0.00,$0.00,$0.00,0.00%,$0.00,0.00%,$0.00,0.00%,$0.20,0.00%,$-0.20,0.00%
"17 - zCLOSED_R2ONLY_RM_17_SIGNA_ESQ_BrightAdvantageLLC_3881_50K",1,"Miller Lite Tailgate Combo Pack","DP1 V3",Visa,Tuesday,463405,1,0,0.00%,1,100.00%,1,0,0.00%,1,100.00%,1,1,$12.89,0,100.00%,0,0,$0.00,0,0.00%,1,1,1,$12.89,$0.00,$0.00,$12.89,$0.00,$0.00,$12.89,$0.00,$12.89,$0.00,0.00%,0,0.00%,$0.00,0.00%,0,0.00%,$0.00,0.00%,0,0.00%,$0.00,0.00%,0,0.00%,$0.00,0.00%,$12.89,$0.84,$0.00,$0.00,$0.00,$0.00,0.00%,$0.00,0.00%,$0.00,0.00%,$0.84,6.52%,$12.05,93.48%
"17 - zCLOSED_R2ONLY_RM_17_SIGNA_ESQ_BrightAdvantageLLC_3881_50K",1,"Steambow M10 Tactical","DP1 V3",Visa,Tuesday,442971,1,1,100.00%,0,0.00%,1,1,100.00%,0,0.00%,1,0,$0.00,1,0.00%,0,0,$0.00,0,0.00%,0,0,0,$0.00,$0.00,$0.00,$0.00,$0.00,$0.00,$0.00,$0.00,$0.00,$0.00,0.00%,0,0.00%,$0.00,0.00%,0,0.00%,$0.00,0.00%,0,0.00%,$0.00,0.00%,0,0.00%,$0.00,0.00%,$0.00,$0.20,$0.00,$0.00,$0.00,$0.00,0.00%,$0.00,0.00%,$0.00,0.00%,$0.20,0.00%,$-0.20,0.00%
"19 - zCLOSED_R2ONLY_RM_19_SIGNA_ESQ_UniquePlusLLC_4137_50K",1,"5 Domestic flights","DP1 V3",Visa,Tuesday,439707,1,1,100.00%,0,0.00%,1,1,100.00%,0,0.00%,1,0,$0.00,1,0.00%,0,0,$0.00,0,0.00%,0,0,0,$0.00,$0.00,$0.00,$0.00,$0.00,$0.00,$0.00,$0.00,$0.00,$0.00,0.00%,0,0.00%,$0.00,0.00%,0,0.00%,$0.00,0.00%,0,0.00%,$0.00,0.00%,0,0.00%,$0.00,0.00%,$0.00,$0.20,$0.00,$0.00,$0.00,$0.00,0.00%,$0.00,0.00%,$0.00,0.00%,$0.20,0.00%,$-0.20,0.00%
"19 - zCLOSED_R2ONLY_RM_19_SIGNA_ESQ_UniquePlusLLC_4137_50K",1,"Harley Davidson Evo Helmet","DP1 V3",Visa,Tuesday,432739,1,1,100.00%,0,0.00%,1,1,100.00%,0,0.00%,1,0,$0.00,1,0.00%,0,0,$0.00,0,0.00%,0,0,0,$0.00,$0.00,$0.00,$0.00,$0.00,$0.00,$0.00,$0.00,$0.00,$0.00,0.00%,0,0.00%,$0.00,0.00%,0,0.00%,$0.00,0.00%,0,0.00%,$0.00,0.00%,0,0.00%,$0.00,0.00%,$0.00,$0.20,$0.00,$0.00,$0.00,$0.00,0.00%,$0.00,0.00%,$0.00,0.00%,$0.20,0.00%,$-0.20,0.00%
"19 - zCLOSED_R2ONLY_RM_19_SIGNA_ESQ_UniquePlusLLC_4137_50K",1,"Harley Davidson Tailgate Bundle","DP1 V3",Visa,Tuesday,400344,1,1,100.00%,0,0.00%,1,1,100.00%,0,0.00%,1,0,$0.00,1,0.00%,0,0,$0.00,0,0.00%,0,0,0,$0.00,$0.00,$0.00,$0.00,$0.00,$0.00,$0.00,$0.00,$0.00,$0.00,0.00%,0,0.00%,$0.00,0.00%,0,0.00%,$0.00,0.00%,0,0.00%,$0.00,0.00%,0,0.00%,$0.00,0.00%,$0.00,$0.20,$0.00,$0.00,$0.00,$0.00,0.00%,$0.00,0.00%,$0.00,0.00%,$0.20,0.00%,$-0.20,0.00%
"19 - zCLOSED_R2ONLY_RM_19_SIGNA_ESQ_UniquePlusLLC_4137_50K",1,"Harley Davidson Tailgate Bundle","DP1 V3",Visa,Tuesday,434256,1,1,100.00%,0,0.00%,1,1,100.00%,0,0.00%,1,0,$0.00,1,0.00%,0,0,$0.00,0,0.00%,0,0,0,$0.00,$0.00,$0.00,$0.00,$0.00,$0.00,$0.00,$0.00,$0.00,$0.00,0.00%,0,0.00%,$0.00,0.00%,0,0.00%,$0.00,0.00%,0,0.00%,$0.00,0.00%,0,0.00%,$0.00,0.00%,$0.00,$0.20,$0.00,$0.00,$0.00,$0.00,0.00%,$0.00,0.00%,$0.00,0.00%,$0.20,0.00%,$-0.20,0.00%
"19 - zCLOSED_R2ONLY_RM_19_SIGNA_ESQ_UniquePlusLLC_4137_50K",1,"Steambow M10 Tactical","DP1 V3",Visa,Tuesday,407624,1,0,0.00%,1,100.00%,1,0,0.00%,1,100.00%,1,1,$12.89,0,100.00%,0,0,$0.00,0,0.00%,1,1,1,$12.89,$0.00,$0.00,$12.89,$0.00,$0.00,$12.89,$0.00,$12.89,$0.00,0.00%,0,0.00%,$0.00,0.00%,0,0.00%,$0.00,0.00%,0,0.00%,$0.00,0.00%,0,0.00%,$0.00,0.00%,$12.89,$0.84,$0.00,$0.00,$0.00,$0.00,0.00%,$0.00,0.00%,$0.00,0.00%,$0.84,6.52%,$12.05,93.48%
"19 - zCLOSED_R2ONLY_RM_19_SIGNA_ESQ_UniquePlusLLC_4137_50K",1,"Steambow M10 Tactical","DP1 V3",Visa,Tuesday,442657,1,1,100.00%,0,0.00%,1,1,100.00%,0,0.00%,1,0,$0.00,1,0.00%,0,0,$0.00,0,0.00%,0,0,0,$0.00,$0.00,$0.00,$0.00,$0.00,$0.00,$0.00,$0.00,$0.00,$0.00,0.00%,0,0.00%,$0.00,0.00%,0,0.00%,$0.00,0.00%,0,0.00%,$0.00,0.00%,0,0.00%,$0.00,0.00%,$0.00,$0.20,$0.00,$0.00,$0.00,$0.00,0.00%,$0.00,0.00%,$0.00,0.00%,$0.20,0.00%,$-0.20,0.00%
"2 - zCLOSED_NR2_RM_2_PAYARC_EVO_SpecifiConLLC_9181_55K",1,"BOGG Bag","DP1 V3",Mastercard,Tuesday,514759,1,0,0.00%,1,100.00%,1,0,0.00%,1,100.00%,1,1,$12.89,0,100.00%,0,0,$0.00,0,0.00%,1,1,1,$12.89,$0.00,$0.00,$12.89,$0.00,$0.00,$12.89,$0.00,$12.89,$0.00,0.00%,0,0.00%,$0.00,0.00%,0,0.00%,$0.00,0.00%,0,0.00%,$0.00,0.00%,0,0.00%,$0.00,0.00%,$12.89,$0.84,$0.00,$0.00,$0.00,$0.00,0.00%,$0.00,0.00%,$0.00,0.00%,$0.84,6.52%,$12.05,93.48%
"2 - zCLOSED_NR2_RM_2_PAYARC_EVO_SpecifiConLLC_9181_55K",1,"BOGG Bag","DP1 V3",Mastercard,Tuesday,541071,1,1,100.00%,0,0.00%,1,1,100.00%,0,0.00%,1,0,$0.00,1,0.00%,0,0,$0.00,0,0.00%,0,0,0,$0.00,$0.00,$0.00,$0.00,$0.00,$0.00,$0.00,$0.00,$0.00,$0.00,0.00%,0,0.00%,$0.00,0.00%,0,0.00%,$0.00,0.00%,0,0.00%,$0.00,0.00%,0,0.00%,$0.00,0.00%,$0.00,$0.20,$0.00,$0.00,$0.00,$0.00,0.00%,$0.00,0.00%,$0.00,0.00%,$0.20,0.00%,$-0.20,0.00%
"2 - zCLOSED_NR2_RM_2_PAYARC_EVO_SpecifiConLLC_9181_55K",1,"Harley Davidson Evo Helmet","DP1 V3",Mastercard,Tuesday,536815,1,1,100.00%,0,0.00%,1,1,100.00%,0,0.00%,1,0,$0.00,1,0.00%,0,0,$0.00,0,0.00%,0,0,0,$0.00,$0.00,$0.00,$0.00,$0.00,$0.00,$0.00,$0.00,$0.00,$0.00,0.00%,0,0.00%,$0.00,0.00%,0,0.00%,$0.00,0.00%,0,0.00%,$0.00,0.00%,0,0.00%,$0.00,0.00%,$0.00,$0.20,$0.00,$0.00,$0.00,$0.00,0.00%,$0.00,0.00%,$0.00,0.00%,$0.20,0.00%,$-0.20,0.00%
"2 - zCLOSED_NR2_RM_2_PAYARC_EVO_SpecifiConLLC_9181_55K",1,"Harley Davidson Evo Helmet","DP1 V3",Visa,Tuesday,414740,1,1,100.00%,0,0.00%,1,1,100.00%,0,0.00%,1,0,$0.00,1,0.00%,0,0,$0.00,0,0.00%,0,0,0,$0.00,$0.00,$0.00,$0.00,$0.00,$0.00,$0.00,$0.00,$0.00,$0.00,0.00%,0,0.00%,$0.00,0.00%,0,0.00%,$0.00,0.00%,0,0.00%,$0.00,0.00%,0,0.00%,$0.00,0.00%,$0.00,$0.20,$0.00,$0.00,$0.00,$0.00,0.00%,$0.00,0.00%,$0.00,0.00%,$0.20,0.00%,$-0.20,0.00%
"2 - zCLOSED_NR2_RM_2_PAYARC_EVO_SpecifiConLLC_9181_55K",1,"Harley Davidson Evo Helmet","DP1 V3",Visa,Tuesday,435983,1,1,100.00%,0,0.00%,1,1,100.00%,0,0.00%,1,0,$0.00,1,0.00%,0,0,$0.00,0,0.00%,0,0,0,$0.00,$0.00,$0.00,$0.00,$0.00,$0.00,$0.00,$0.00,$0.00,$0.00,0.00%,0,0.00%,$0.00,0.00%,0,0.00%,$0.00,0.00%,0,0.00%,$0.00,0.00%,0,0.00%,$0.00,0.00%,$0.00,$0.20,$0.00,$0.00,$0.00,$0.00,0.00%,$0.00,0.00%,$0.00,0.00%,$0.20,0.00%,$-0.20,0.00%
"2 - zCLOSED_NR2_RM_2_PAYARC_EVO_SpecifiConLLC_9181_55K",1,"Harley Davidson Evo Helmet","DP1 V3",Visa,Tuesday,498563,1,0,0.00%,1,100.00%,1,0,0.00%,1,100.00%,1,1,$12.89,0,100.00%,0,0,$0.00,0,0.00%,1,1,1,$12.89,$0.00,$0.00,$12.89,$0.00,$0.00,$12.89,$0.00,$12.89,$0.00,0.00%,0,0.00%,$0.00,0.00%,0,0.00%,$0.00,0.00%,0,0.00%,$0.00,0.00%,0,0.00%,$0.00,0.00%,$12.89,$0.84,$0.00,$0.00,$0.00,$0.00,0.00%,$0.00,0.00%,$0.00,0.00%,$0.84,6.52%,$12.05,93.48%
"2 - zCLOSED_NR2_RM_2_PAYARC_EVO_SpecifiConLLC_9181_55K",1,"Harley Davidson Tailgate Bundle","DP1 V3",Mastercard,Tuesday,551677,1,0,0.00%,1,100.00%,1,0,0.00%,1,100.00%,1,1,$12.89,0,100.00%,0,0,$0.00,0,0.00%,1,1,1,$12.89,$0.00,$0.00,$12.89,$0.00,$0.00,$12.89,$0.00,$12.89,$0.00,0.00%,0,0.00%,$0.00,0.00%,0,0.00%,$0.00,0.00%,0,0.00%,$0.00,0.00%,0,0.00%,$0.00,0.00%,$12.89,$0.84,$0.00,$0.00,$0.00,$0.00,0.00%,$0.00,0.00%,$0.00,0.00%,$0.84,6.52%,$12.05,93.48%
"2 - zCLOSED_NR2_RM_2_PAYARC_EVO_SpecifiConLLC_9181_55K",1,"Steambow M10 Tactical","DP1 V3",Visa,Tuesday,423223,1,1,100.00%,0,0.00%,1,1,100.00%,0,0.00%,1,0,$0.00,1,0.00%,0,0,$0.00,0,0.00%,0,0,0,$0.00,$0.00,$0.00,$0.00,$0.00,$0.00,$0.00,$0.00,$0.00,$0.00,0.00%,0,0.00%,$0.00,0.00%,0,0.00%,$0.00,0.00%,0,0.00%,$0.00,0.00%,0,0.00%,$0.00,0.00%,$0.00,$0.20,$0.00,$0.00,$0.00,$0.00,0.00%,$0.00,0.00%,$0.00,0.00%,$0.20,0.00%,$-0.20,0.00%
"21 - RM_21_QUANT_CBSL_BrightAdvantageLLC_3462_25K",1,"BOGG Bag","DP1 V3",Visa,Tuesday,407624,1,0,0.00%,1,100.00%,1,0,0.00%,1,100.00%,1,1,$12.89,0,100.00%,0,0,$0.00,0,0.00%,1,1,1,$12.89,$0.00,$0.00,$12.89,$0.00,$0.00,$12.89,$0.00,$12.89,$0.00,0.00%,0,0.00%,$0.00,0.00%,0,0.00%,$0.00,0.00%,0,0.00%,$0.00,0.00%,0,0.00%,$0.00,0.00%,$12.89,$0.84,$0.00,$0.00,$0.00,$0.00,0.00%,$0.00,0.00%,$0.00,0.00%,$0.84,6.52%,$12.05,93.48%
"21 - RM_21_QUANT_CBSL_BrightAdvantageLLC_3462_25K",1,"Coors Light Tailgate Bundle","DP1 V3",Mastercard,Tuesday,546325,1,1,100.00%,0,0.00%,1,1,100.00%,0,0.00%,1,0,$0.00,1,0.00%,0,0,$0.00,0,0.00%,0,0,0,$0.00,$0.00,$0.00,$0.00,$0.00,$0.00,$0.00,$0.00,$0.00,$0.00,0.00%,0,0.00%,$0.00,0.00%,0,0.00%,$0.00,0.00%,0,0.00%,$0.00,0.00%,0,0.00%,$0.00,0.00%,$0.00,$0.20,$0.00,$0.00,$0.00,$0.00,0.00%,$0.00,0.00%,$0.00,0.00%,$0.20,0.00%,$-0.20,0.00%
"21 - RM_21_QUANT_CBSL_BrightAdvantageLLC_3462_25K",1,"Harley Davidson Evo Helmet","DP1 V3",Mastercard,Tuesday,515676,1,1,100.00%,0,0.00%,1,1,100.00%,0,0.00%,1,0,$0.00,1,0.00%,0,0,$0.00,0,0.00%,0,0,0,$0.00,$0.00,$0.00,$0.00,$0.00,$0.00,$0.00,$0.00,$0.00,$0.00,0.00%,0,0.00%,$0.00,0.00%,0,0.00%,$0.00,0.00%,0,0.00%,$0.00,0.00%,0,0.00%,$0.00,0.00%,$0.00,$0.20,$0.00,$0.00,$0.00,$0.00,0.00%,$0.00,0.00%,$0.00,0.00%,$0.20,0.00%,$-0.20,0.00%
"21 - RM_21_QUANT_CBSL_BrightAdvantageLLC_3462_25K",1,"Harley Davidson Evo Helmet","DP1 V3",Visa,Tuesday,406098,1,0,0.00%,1,100.00%,1,0,0.00%,1,100.00%,1,1,$12.89,0,100.00%,0,0,$0.00,0,0.00%,1,1,1,$12.89,$0.00,$0.00,$12.89,$0.00,$0.00,$12.89,$0.00,$12.89,$0.00,0.00%,0,0.00%,$0.00,0.00%,0,0.00%,$0.00,0.00%,0,0.00%,$0.00,0.00%,0,0.00%,$0.00,0.00%,$12.89,$0.84,$0.00,$0.00,$0.00,$0.00,0.00%,$0.00,0.00%,$0.00,0.00%,$0.84,6.52%,$12.05,93.48%
"21 - RM_21_QUANT_CBSL_BrightAdvantageLLC_3462_25K",1,"Harley Davidson Tailgate Bundle","DP1 V3",Visa,Tuesday,435983,1,1,100.00%,0,0.00%,1,1,100.00%,0,0.00%,1,0,$0.00,1,0.00%,0,0,$0.00,0,0.00%,0,0,0,$0.00,$0.00,$0.00,$0.00,$0.00,$0.00,$0.00,$0.00,$0.00,$0.00,0.00%,0,0.00%,$0.00,0.00%,0,0.00%,$0.00,0.00%,0,0.00%,$0.00,0.00%,0,0.00%,$0.00,0.00%,$0.00,$0.20,$0.00,$0.00,$0.00,$0.00,0.00%,$0.00,0.00%,$0.00,0.00%,$0.20,0.00%,$-0.20,0.00%
"21 - RM_21_QUANT_CBSL_BrightAdvantageLLC_3462_25K",1,"Miller Lite Tailgate Combo Pack","DP1 V3",Mastercard,Tuesday,511516,1,1,100.00%,0,0.00%,1,1,100.00%,0,0.00%,1,0,$0.00,1,0.00%,0,0,$0.00,0,0.00%,0,0,0,$0.00,$0.00,$0.00,$0.00,$0.00,$0.00,$0.00,$0.00,$0.00,$0.00,0.00%,0,0.00%,$0.00,0.00%,0,0.00%,$0.00,0.00%,0,0.00%,$0.00,0.00%,0,0.00%,$0.00,0.00%,$0.00,$0.20,$0.00,$0.00,$0.00,$0.00,0.00%,$0.00,0.00%,$0.00,0.00%,$0.20,0.00%,$-0.20,0.00%
"21 - RM_21_QUANT_CBSL_BrightAdvantageLLC_3462_25K",1,"Miller Lite Tailgate Combo Pack","DP1 V3",Visa,Tuesday,457431,1,0,0.00%,1,100.00%,1,0,0.00%,1,100.00%,1,1,$12.89,0,100.00%,0,0,$0.00,0,0.00%,1,1,1,$12.89,$0.00,$0.00,$12.89,$0.00,$0.00,$12.89,$0.00,$12.89,$0.00,0.00%,0,0.00%,$0.00,0.00%,0,0.00%,$0.00,0.00%,0,0.00%,$0.00,0.00%,0,0.00%,$0.00,0.00%,$12.89,$0.84,$0.00,$0.00,$0.00,$0.00,0.00%,$0.00,0.00%,$0.00,0.00%,$0.84,6.52%,$12.05,93.48%
"21 - RM_21_QUANT_CBSL_BrightAdvantageLLC_3462_25K",1,"Tory Burch Tote Bag Blue","DP1 V3",Visa,Tuesday,461046,1,0,0.00%,1,100.00%,1,0,0.00%,1,100.00%,1,1,$12.89,0,100.00%,0,0,$0.00,0,0.00%,1,1,1,$12.89,$0.00,$0.00,$12.89,$0.00,$0.00,$12.89,$0.00,$12.89,$0.00,0.00%,0,0.00%,$0.00,0.00%,0,0.00%,$0.00,0.00%,0,0.00%,$0.00,0.00%,0,0.00%,$0.00,0.00%,$12.89,$0.84,$0.00,$0.00,$0.00,$0.00,0.00%,$0.00,0.00%,$0.00,0.00%,$0.84,6.52%,$12.05,93.48%
"22 - RM_22_QUANT_CBSL_BrightAdvantageLLC_3454_25K",1,"Coors Light Tailgate Bundle","DP1 V3",Mastercard,Tuesday,546325,1,1,100.00%,0,0.00%,1,1,100.00%,0,0.00%,1,0,$0.00,1,0.00%,0,0,$0.00,0,0.00%,0,0,0,$0.00,$0.00,$0.00,$0.00,$0.00,$0.00,$0.00,$0.00,$0.00,$0.00,0.00%,0,0.00%,$0.00,0.00%,0,0.00%,$0.00,0.00%,0,0.00%,$0.00,0.00%,0,0.00%,$0.00,0.00%,$0.00,$0.20,$0.00,$0.00,$0.00,$0.00,0.00%,$0.00,0.00%,$0.00,0.00%,$0.20,0.00%,$-0.20,0.00%
"22 - RM_22_QUANT_CBSL_BrightAdvantageLLC_3454_25K",1,"Harley Davidson Evo Helmet","DP1 V3",Mastercard,Tuesday,517884,1,0,0.00%,1,100.00%,1,0,0.00%,1,100.00%,1,1,$12.89,0,100.00%,0,0,$0.00,0,0.00%,1,1,1,$12.89,$0.00,$0.00,$12.89,$0.00,$0.00,$12.89,$0.00,$12.89,$0.00,0.00%,0,0.00%,$0.00,0.00%,0,0.00%,$0.00,0.00%,0,0.00%,$0.00,0.00%,0,0.00%,$0.00,0.00%,$12.89,$0.84,$0.00,$0.00,$0.00,$0.00,0.00%,$0.00,0.00%,$0.00,0.00%,$0.84,6.52%,$12.05,93.48%
"22 - RM_22_QUANT_CBSL_BrightAdvantageLLC_3454_25K",1,"Miller Lite Tailgate Combo Pack","DP1 V3",Mastercard,Tuesday,515676,1,1,100.00%,0,0.00%,1,1,100.00%,0,0.00%,1,0,$0.00,1,0.00%,0,0,$0.00,0,0.00%,0,0,0,$0.00,$0.00,$0.00,$0.00,$0.00,$0.00,$0.00,$0.00,$0.00,$0.00,0.00%,0,0.00%,$0.00,0.00%,0,0.00%,$0.00,0.00%,0,0.00%,$0.00,0.00%,0,0.00%,$0.00,0.00%,$0.00,$0.20,$0.00,$0.00,$0.00,$0.00,0.00%,$0.00,0.00%,$0.00,0.00%,$0.20,0.00%,$-0.20,0.00%
"22 - RM_22_QUANT_CBSL_BrightAdvantageLLC_3454_25K",1,"Miller Lite Tailgate Combo Pack","DP1 V3",Visa,Tuesday,426690,1,1,100.00%,0,0.00%,1,1,100.00%,0,0.00%,1,0,$0.00,1,0.00%,0,0,$0.00,0,0.00%,0,0,0,$0.00,$0.00,$0.00,$0.00,$0.00,$0.00,$0.00,$0.00,$0.00,$0.00,0.00%,0,0.00%,$0.00,0.00%,0,0.00%,$0.00,0.00%,0,0.00%,$0.00,0.00%,0,0.00%,$0.00,0.00%,$0.00,$0.20,$0.00,$0.00,$0.00,$0.00,0.00%,$0.00,0.00%,$0.00,0.00%,$0.20,0.00%,$-0.20,0.00%
"22 - RM_22_QUANT_CBSL_BrightAdvantageLLC_3454_25K",1,"MoJack Mower Deck Lift","DP1 V3",Visa,Tuesday,443264,1,0,0.00%,1,100.00%,1,0,0.00%,1,100.00%,1,1,$12.89,0,100.00%,0,0,$0.00,0,0.00%,1,1,1,$12.89,$0.00,$0.00,$12.89,$0.00,$0.00,$12.89,$0.00,$12.89,$12.89,100.00%,0,0.00%,$0.00,0.00%,0,0.00%,$0.00,0.00%,1,100.00%,$12.89,100.00%,0,0.00%,$0.00,0.00%,$0.00,$35.84,$0.00,$0.00,$0.00,$0.00,0.00%,$35.00,271.53%,$0.00,0.00%,$0.84,6.52%,$-35.84,-278.04%
"22 - RM_22_QUANT_CBSL_BrightAdvantageLLC_3454_25K",1,"Tory Burch Tote Bag Blue","DP1 V3",Mastercard,Tuesday,518941,1,0,0.00%,1,100.00%,1,0,0.00%,1,100.00%,1,1,$12.89,0,100.00%,0,0,$0.00,0,0.00%,1,1,1,$12.89,$0.00,$0.00,$12.89,$0.00,$0.00,$12.89,$0.00,$12.89,$12.89,100.00%,1,100.00%,$12.89,100.00%,0,0.00%,$0.00,0.00%,0,0.00%,$0.00,0.00%,0,0.00%,$0.00,0.00%,$0.00,$0.84,$0.00,$0.00,$0.00,$0.00,0.00%,$0.00,0.00%,$0.00,0.00%,$0.84,6.52%,$-0.84,-6.52%
"22 - RM_22_QUANT_CBSL_BrightAdvantageLLC_3454_25K",1,"Tory Burch Tote Bag Blue","DP1 V3",Visa,Tuesday,432703,1,1,100.00%,0,0.00%,1,1,100.00%,0,0.00%,1,0,$0.00,1,0.00%,0,0,$0.00,0,0.00%,0,0,0,$0.00,$0.00,$0.00,$0.00,$0.00,$0.00,$0.00,$0.00,$0.00,$0.00,0.00%,0,0.00%,$0.00,0.00%,0,0.00%,$0.00,0.00%,0,0.00%,$0.00,0.00%,0,0.00%,$0.00,0.00%,$0.00,$0.20,$0.00,$0.00,$0.00,$0.00,0.00%,$0.00,0.00%,$0.00,0.00%,$0.20,0.00%,$-0.20,0.00%
"23 - GY_N1R1_RM_23_QUANT_CBSL_BrightAdvantageLLC_3470_25K",1,"BOGG Bag","DP1 V3",Visa,Tuesday,423223,1,1,100.00%,0,0.00%,1,1,100.00%,0,0.00%,1,0,$0.00,1,0.00%,0,0,$0.00,0,0.00%,0,0,0,$0.00,$0.00,$0.00,$0.00,$0.00,$0.00,$0.00,$0.00,$0.00,$0.00,0.00%,0,0.00%,$0.00,0.00%,0,0.00%,$0.00,0.00%,0,0.00%,$0.00,0.00%,0,0.00%,$0.00,0.00%,$0.00,$0.20,$0.00,$0.00,$0.00,$0.00,0.00%,$0.00,0.00%,$0.00,0.00%,$0.20,0.00%,$-0.20,0.00%
"23 - GY_N1R1_RM_23_QUANT_CBSL_BrightAdvantageLLC_3470_25K",1,"BOGG Bag","DP1 V3",Visa,Tuesday,443264,1,0,0.00%,1,100.00%,1,0,0.00%,1,100.00%,1,1,$12.89,0,100.00%,0,0,$0.00,0,0.00%,1,1,1,$12.89,$0.00,$0.00,$12.89,$0.00,$0.00,$12.89,$0.00,$12.89,$0.00,0.00%,0,0.00%,$0.00,0.00%,0,0.00%,$0.00,0.00%,0,0.00%,$0.00,0.00%,0,0.00%,$0.00,0.00%,$12.89,$0.84,$0.00,$0.00,$0.00,$0.00,0.00%,$0.00,0.00%,$0.00,0.00%,$0.84,6.52%,$12.05,93.48%
"23 - GY_N1R1_RM_23_QUANT_CBSL_BrightAdvantageLLC_3470_25K",1,"Coors Light Tailgate Bundle","DP1 V3",Visa,Tuesday,442835,1,0,0.00%,1,100.00%,1,0,0.00%,1,100.00%,1,1,$12.89,0,100.00%,0,0,$0.00,0,0.00%,1,1,1,$12.89,$0.00,$0.00,$12.89,$0.00,$0.00,$12.89,$0.00,$12.89,$0.00,0.00%,0,0.00%,$0.00,0.00%,0,0.00%,$0.00,0.00%,0,0.00%,$0.00,0.00%,0,0.00%,$0.00,0.00%,$12.89,$0.84,$0.00,$0.00,$0.00,$0.00,0.00%,$0.00,0.00%,$0.00,0.00%,$0.84,6.52%,$12.05,93.48%
"23 - GY_N1R1_RM_23_QUANT_CBSL_BrightAdvantageLLC_3470_25K",1,"Harley Davidson Evo Helmet","DP1 V3",Visa,Tuesday,483314,1,0,0.00%,1,100.00%,1,0,0.00%,1,100.00%,1,1,$12.89,0,100.00%,0,0,$0.00,0,0.00%,1,1,1,$12.89,$0.00,$0.00,$12.89,$0.00,$0.00,$12.89,$0.00,$12.89,$0.00,0.00%,0,0.00%,$0.00,0.00%,0,0.00%,$0.00,0.00%,0,0.00%,$0.00,0.00%,0,0.00%,$0.00,0.00%,$12.89,$0.84,$0.00,$0.00,$0.00,$0.00,0.00%,$0.00,0.00%,$0.00,0.00%,$0.84,6.52%,$12.05,93.48%
"24 - GY_RM_24_QUANT_CBSL_BrightAdvantageLLC_3488_25K",1,"BOGG Bag","DP1 V3",Visa,Tuesday,473702,1,1,100.00%,0,0.00%,1,1,100.00%,0,0.00%,1,0,$0.00,1,0.00%,0,0,$0.00,0,0.00%,0,0,0,$0.00,$0.00,$0.00,$0.00,$0.00,$0.00,$0.00,$0.00,$0.00,$0.00,0.00%,0,0.00%,$0.00,0.00%,0,0.00%,$0.00,0.00%,0,0.00%,$0.00,0.00%,0,0.00%,$0.00,0.00%,$0.00,$0.20,$0.00,$0.00,$0.00,$0.00,0.00%,$0.00,0.00%,$0.00,0.00%,$0.20,0.00%,$-0.20,0.00%
"24 - GY_RM_24_QUANT_CBSL_BrightAdvantageLLC_3488_25K",1,"Coors Light Tailgate Bundle","DP1 V3",Visa,Tuesday,414512,1,1,100.00%,0,0.00%,1,1,100.00%,0,0.00%,1,0,$0.00,1,0.00%,0,0,$0.00,0,0.00%,0,0,0,$0.00,$0.00,$0.00,$0.00,$0.00,$0.00,$0.00,$0.00,$0.00,$0.00,0.00%,0,0.00%,$0.00,0.00%,0,0.00%,$0.00,0.00%,0,0.00%,$0.00,0.00%,0,0.00%,$0.00,0.00%,$0.00,$0.20,$0.00,$0.00,$0.00,$0.00,0.00%,$0.00,0.00%,$0.00,0.00%,$0.20,0.00%,$-0.20,0.00%
"24 - GY_RM_24_QUANT_CBSL_BrightAdvantageLLC_3488_25K",1,"Harley Davidson Evo Helmet","DP1 V3",Visa,Tuesday,400022,1,1,100.00%,0,0.00%,1,1,100.00%,0,0.00%,1,0,$0.00,1,0.00%,0,0,$0.00,0,0.00%,0,0,0,$0.00,$0.00,$0.00,$0.00,$0.00,$0.00,$0.00,$0.00,$0.00,$0.00,0.00%,0,0.00%,$0.00,0.00%,0,0.00%,$0.00,0.00%,0,0.00%,$0.00,0.00%,0,0.00%,$0.00,0.00%,$0.00,$0.20,$0.00,$0.00,$0.00,$0.00,0.00%,$0.00,0.00%,$0.00,0.00%,$0.20,0.00%,$-0.20,0.00%
"24 - GY_RM_24_QUANT_CBSL_BrightAdvantageLLC_3488_25K",1,"Harley Davidson Evo Helmet","DP1 V3",Visa,Tuesday,410843,1,1,100.00%,0,0.00%,1,1,100.00%,0,0.00%,1,0,$0.00,1,0.00%,0,0,$0.00,0,0.00%,0,0,0,$0.00,$0.00,$0.00,$0.00,$0.00,$0.00,$0.00,$0.00,$0.00,$0.00,0.00%,0,0.00%,$0.00,0.00%,0,0.00%,$0.00,0.00%,0,0.00%,$0.00,0.00%,0,0.00%,$0.00,0.00%,$0.00,$0.20,$0.00,$0.00,$0.00,$0.00,0.00%,$0.00,0.00%,$0.00,0.00%,$0.20,0.00%,$-0.20,0.00%
"24 - GY_RM_24_QUANT_CBSL_BrightAdvantageLLC_3488_25K",1,"Harley Davidson Tailgate Bundle","DP1 V3",Mastercard,Tuesday,521853,1,1,100.00%,0,0.00%,1,1,100.00%,0,0.00%,1,0,$0.00,1,0.00%,0,0,$0.00,0,0.00%,0,0,0,$0.00,$0.00,$0.00,$0.00,$0.00,$0.00,$0.00,$0.00,$0.00,$0.00,0.00%,0,0.00%,$0.00,0.00%,0,0.00%,$0.00,0.00%,0,0.00%,$0.00,0.00%,0,0.00%,$0.00,0.00%,$0.00,$0.20,$0.00,$0.00,$0.00,$0.00,0.00%,$0.00,0.00%,$0.00,0.00%,$0.20,0.00%,$-0.20,0.00%
"24 - GY_RM_24_QUANT_CBSL_BrightAdvantageLLC_3488_25K",1,"Harley Davidson Tailgate Bundle","DP1 V3",Mastercard,Tuesday,527505,1,0,0.00%,1,100.00%,1,0,0.00%,1,100.00%,1,1,$12.89,0,100.00%,0,0,$0.00,0,0.00%,1,1,1,$12.89,$0.00,$0.00,$12.89,$0.00,$0.00,$12.89,$0.00,$12.89,$0.00,0.00%,0,0.00%,$0.00,0.00%,0,0.00%,$0.00,0.00%,0,0.00%,$0.00,0.00%,0,0.00%,$0.00,0.00%,$12.89,$0.84,$0.00,$0.00,$0.00,$0.00,0.00%,$0.00,0.00%,$0.00,0.00%,$0.84,6.52%,$12.05,93.48%
"24 - GY_RM_24_QUANT_CBSL_BrightAdvantageLLC_3488_25K",1,"Harley Davidson Tailgate Bundle","DP1 V3",Visa,Tuesday,498503,1,1,100.00%,0,0.00%,1,1,100.00%,0,0.00%,1,0,$0.00,1,0.00%,0,0,$0.00,0,0.00%,0,0,0,$0.00,$0.00,$0.00,$0.00,$0.00,$0.00,$0.00,$0.00,$0.00,$0.00,0.00%,0,0.00%,$0.00,0.00%,0,0.00%,$0.00,0.00%,0,0.00%,$0.00,0.00%,0,0.00%,$0.00,0.00%,$0.00,$0.20,$0.00,$0.00,$0.00,$0.00,0.00%,$0.00,0.00%,$0.00,0.00%,$0.20,0.00%,$-0.20,0.00%
"24 - GY_RM_24_QUANT_CBSL_BrightAdvantageLLC_3488_25K",1,"Miller Lite Tailgate Combo Pack","DP1 V3",Mastercard,Tuesday,518155,1,0,0.00%,1,100.00%,1,0,0.00%,1,100.00%,1,1,$12.89,0,100.00%,0,0,$0.00,0,0.00%,1,1,1,$12.89,$0.00,$0.00,$12.89,$0.00,$0.00,$12.89,$0.00,$12.89,$0.00,0.00%,0,0.00%,$0.00,0.00%,0,0.00%,$0.00,0.00%,0,0.00%,$0.00,0.00%,0,0.00%,$0.00,0.00%,$12.89,$0.84,$0.00,$0.00,$0.00,$0.00,0.00%,$0.00,0.00%,$0.00,0.00%,$0.84,6.52%,$12.05,93.48%
"24 - GY_RM_24_QUANT_CBSL_BrightAdvantageLLC_3488_25K",1,"Miller Lite Tailgate Combo Pack","DP1 V3",Mastercard,Tuesday,531273,1,0,0.00%,1,100.00%,1,0,0.00%,1,100.00%,1,1,$12.89,0,100.00%,0,0,$0.00,0,0.00%,1,1,1,$12.89,$0.00,$0.00,$12.89,$0.00,$0.00,$12.89,$0.00,$12.89,$12.89,100.00%,0,0.00%,$0.00,0.00%,0,0.00%,$0.00,0.00%,0,0.00%,$0.00,0.00%,1,100.00%,$12.89,100.00%,$0.00,$0.84,$0.00,$0.00,$0.00,$0.00,0.00%,$0.00,0.00%,$0.00,0.00%,$0.84,6.52%,$-0.84,-6.52%
"24 - GY_RM_24_QUANT_CBSL_BrightAdvantageLLC_3488_25K",1,"Miller Lite Tailgate Combo Pack","DP1 V3",Visa,Tuesday,451676,1,0,0.00%,1,100.00%,1,0,0.00%,1,100.00%,1,1,$12.89,0,100.00%,0,0,$0.00,0,0.00%,1,1,1,$12.89,$0.00,$0.00,$12.89,$0.00,$0.00,$12.89,$0.00,$12.89,$0.00,0.00%,0,0.00%,$0.00,0.00%,0,0.00%,$0.00,0.00%,0,0.00%,$0.00,0.00%,0,0.00%,$0.00,0.00%,$12.89,$0.84,$0.00,$0.00,$0.00,$0.00,0.00%,$0.00,0.00%,$0.00,0.00%,$0.84,6.52%,$12.05,93.48%
"24 - GY_RM_24_QUANT_CBSL_BrightAdvantageLLC_3488_25K",1,"MoJack Mower Deck Lift","DP1 V3",Visa,Tuesday,442974,1,1,100.00%,0,0.00%,1,1,100.00%,0,0.00%,1,0,$0.00,1,0.00%,0,0,$0.00,0,0.00%,0,0,0,$0.00,$0.00,$0.00,$0.00,$0.00,$0.00,$0.00,$0.00,$0.00,$0.00,0.00%,0,0.00%,$0.00,0.00%,0,0.00%,$0.00,0.00%,0,0.00%,$0.00,0.00%,0,0.00%,$0.00,0.00%,$0.00,$0.20,$0.00,$0.00,$0.00,$0.00,0.00%,$0.00,0.00%,$0.00,0.00%,$0.20,0.00%,$-0.20,0.00%
"24 - GY_RM_24_QUANT_CBSL_BrightAdvantageLLC_3488_25K",1,"Stihl ZeroTurn Lawn Mower","DP1 V3",Mastercard,Tuesday,524049,1,1,100.00%,0,0.00%,1,1,100.00%,0,0.00%,1,0,$0.00,1,0.00%,0,0,$0.00,0,0.00%,0,0,0,$0.00,$0.00,$0.00,$0.00,$0.00,$0.00,$0.00,$0.00,$0.00,$0.00,0.00%,0,0.00%,$0.00,0.00%,0,0.00%,$0.00,0.00%,0,0.00%,$0.00,0.00%,0,0.00%,$0.00,0.00%,$0.00,$0.20,$0.00,$0.00,$0.00,$0.00,0.00%,$0.00,0.00%,$0.00,0.00%,$0.20,0.00%,$-0.20,0.00%
"24 - GY_RM_24_QUANT_CBSL_BrightAdvantageLLC_3488_25K",1,"Tory Burch Tote Bag Blue","DP1 V3",Visa,Tuesday,414776,1,1,100.00%,0,0.00%,1,1,100.00%,0,0.00%,1,0,$0.00,1,0.00%,0,0,$0.00,0,0.00%,0,0,0,$0.00,$0.00,$0.00,$0.00,$0.00,$0.00,$0.00,$0.00,$0.00,$0.00,0.00%,0,0.00%,$0.00,0.00%,0,0.00%,$0.00,0.00%,0,0.00%,$0.00,0.00%,0,0.00%,$0.00,0.00%,$0.00,$0.20,$0.00,$0.00,$0.00,$0.00,0.00%,$0.00,0.00%,$0.00,0.00%,$0.20,0.00%,$-0.20,0.00%
"25 - GY_NR1_RM_25_QUANT_CBSL_UniquePlusLLC_3389_25K",1,"Coors Light Tailgate Bundle","DP1 V3",Mastercard,Tuesday,517545,1,0,0.00%,1,100.00%,1,0,0.00%,1,100.00%,1,1,$12.89,0,100.00%,0,0,$0.00,0,0.00%,1,1,1,$12.89,$0.00,$0.00,$12.89,$0.00,$0.00,$12.89,$0.00,$12.89,$0.00,0.00%,0,0.00%,$0.00,0.00%,0,0.00%,$0.00,0.00%,0,0.00%,$0.00,0.00%,0,0.00%,$0.00,0.00%,$12.89,$0.84,$0.00,$0.00,$0.00,$0.00,0.00%,$0.00,0.00%,$0.00,0.00%,$0.84,6.52%,$12.05,93.48%
"25 - GY_NR1_RM_25_QUANT_CBSL_UniquePlusLLC_3389_25K",1,"Harley Davidson Evo Helmet","DP1 V3",Visa,Tuesday,411773,1,0,0.00%,1,100.00%,1,0,0.00%,1,100.00%,1,1,$12.89,0,100.00%,0,0,$0.00,0,0.00%,1,1,1,$12.89,$0.00,$0.00,$12.89,$0.00,$0.00,$12.89,$0.00,$12.89,$0.00,0.00%,0,0.00%,$0.00,0.00%,0,0.00%,$0.00,0.00%,0,0.00%,$0.00,0.00%,0,0.00%,$0.00,0.00%,$12.89,$0.84,$0.00,$0.00,$0.00,$0.00,0.00%,$0.00,0.00%,$0.00,0.00%,$0.84,6.52%,$12.05,93.48%
"25 - GY_NR1_RM_25_QUANT_CBSL_UniquePlusLLC_3389_25K",1,"Harley Davidson Tailgate Bundle","DP1 V3",Visa,Tuesday,434257,1,0,0.00%,1,100.00%,1,0,0.00%,1,100.00%,1,1,$12.89,0,100.00%,0,0,$0.00,0,0.00%,1,1,1,$12.89,$0.00,$0.00,$12.89,$0.00,$0.00,$12.89,$0.00,$12.89,$12.89,100.00%,0,0.00%,$0.00,0.00%,0,0.00%,$0.00,0.00%,0,0.00%,$0.00,0.00%,1,100.00%,$12.89,100.00%,$0.00,$0.84,$0.00,$0.00,$0.00,$0.00,0.00%,$0.00,0.00%,$0.00,0.00%,$0.84,6.52%,$-0.84,-6.52%
"25 - GY_NR1_RM_25_QUANT_CBSL_UniquePlusLLC_3389_25K",1,"Harley Davidson Tailgate Bundle","DP1 V3",Visa,Tuesday,435983,1,1,100.00%,0,0.00%,1,1,100.00%,0,0.00%,1,0,$0.00,1,0.00%,0,0,$0.00,0,0.00%,0,0,0,$0.00,$0.00,$0.00,$0.00,$0.00,$0.00,$0.00,$0.00,$0.00,$0.00,0.00%,0,0.00%,$0.00,0.00%,0,0.00%,$0.00,0.00%,0,0.00%,$0.00,0.00%,0,0.00%,$0.00,0.00%,$0.00,$0.20,$0.00,$0.00,$0.00,$0.00,0.00%,$0.00,0.00%,$0.00,0.00%,$0.20,0.00%,$-0.20,0.00%
"25 - GY_NR1_RM_25_QUANT_CBSL_UniquePlusLLC_3389_25K",1,"Harley Davidson Tailgate Bundle","DP1 V3",Visa,Tuesday,443044,1,1,100.00%,0,0.00%,1,1,100.00%,0,0.00%,1,0,$0.00,1,0.00%,0,0,$0.00,0,0.00%,0,0,0,$0.00,$0.00,$0.00,$0.00,$0.00,$0.00,$0.00,$0.00,$0.00,$0.00,0.00%,0,0.00%,$0.00,0.00%,0,0.00%,$0.00,0.00%,0,0.00%,$0.00,0.00%,0,0.00%,$0.00,0.00%,$0.00,$0.20,$0.00,$0.00,$0.00,$0.00,0.00%,$0.00,0.00%,$0.00,0.00%,$0.20,0.00%,$-0.20,0.00%
"25 - GY_NR1_RM_25_QUANT_CBSL_UniquePlusLLC_3389_25K",1,"Harley Davidson Tailgate Bundle","DP1 V3",Visa,Tuesday,461046,1,0,0.00%,1,100.00%,1,0,0.00%,1,100.00%,1,1,$12.89,0,100.00%,0,0,$0.00,0,0.00%,1,1,1,$12.89,$0.00,$0.00,$12.89,$0.00,$0.00,$12.89,$0.00,$12.89,$0.00,0.00%,0,0.00%,$0.00,0.00%,0,0.00%,$0.00,0.00%,0,0.00%,$0.00,0.00%,0,0.00%,$0.00,0.00%,$12.89,$0.84,$0.00,$0.00,$0.00,$0.00,0.00%,$0.00,0.00%,$0.00,0.00%,$0.84,6.52%,$12.05,93.48%
"25 - GY_NR1_RM_25_QUANT_CBSL_UniquePlusLLC_3389_25K",1,"Miller Lite Tailgate Combo Pack","DP1 V3",Mastercard,Tuesday,547415,1,1,100.00%,0,0.00%,1,1,100.00%,0,0.00%,1,0,$0.00,1,0.00%,0,0,$0.00,0,0.00%,0,0,0,$0.00,$0.00,$0.00,$0.00,$0.00,$0.00,$0.00,$0.00,$0.00,$0.00,0.00%,0,0.00%,$0.00,0.00%,0,0.00%,$0.00,0.00%,0,0.00%,$0.00,0.00%,0,0.00%,$0.00,0.00%,$0.00,$0.20,$0.00,$0.00,$0.00,$0.00,0.00%,$0.00,0.00%,$0.00,0.00%,$0.20,0.00%,$-0.20,0.00%
"25 - GY_NR1_RM_25_QUANT_CBSL_UniquePlusLLC_3389_25K",1,"Miller Lite Tailgate Combo Pack","DP1 V3",Visa,Tuesday,429820,1,0,0.00%,1,100.00%,1,0,0.00%,1,100.00%,1,1,$12.89,0,100.00%,0,0,$0.00,0,0.00%,1,1,1,$12.89,$0.00,$0.00,$12.89,$0.00,$0.00,$12.89,$0.00,$12.89,$12.89,100.00%,0,0.00%,$0.00,0.00%,0,0.00%,$0.00,0.00%,1,100.00%,$12.89,100.00%,0,0.00%,$0.00,0.00%,$0.00,$35.84,$0.00,$0.00,$0.00,$0.00,0.00%,$35.00,271.53%,$0.00,0.00%,$0.84,6.52%,$-35.84,-278.04%
"25 - GY_NR1_RM_25_QUANT_CBSL_UniquePlusLLC_3389_25K",1,"Steambow M10 Tactical","DP1 V3",Visa,Tuesday,474487,1,1,100.00%,0,0.00%,1,1,100.00%,0,0.00%,1,0,$0.00,1,0.00%,0,0,$0.00,0,0.00%,0,0,0,$0.00,$0.00,$0.00,$0.00,$0.00,$0.00,$0.00,$0.00,$0.00,$0.00,0.00%,0,0.00%,$0.00,0.00%,0,0.00%,$0.00,0.00%,0,0.00%,$0.00,0.00%,0,0.00%,$0.00,0.00%,$0.00,$0.20,$0.00,$0.00,$0.00,$0.00,0.00%,$0.00,0.00%,$0.00,0.00%,$0.20,0.00%,$-0.20,0.00%
"25 - GY_NR1_RM_25_QUANT_CBSL_UniquePlusLLC_3389_25K",1,"Tory Burch Tote Bag Blue","DP1 V3",Visa,Tuesday,449370,1,1,100.00%,0,0.00%,1,1,100.00%,0,0.00%,1,0,$0.00,1,0.00%,0,0,$0.00,0,0.00%,0,0,0,$0.00,$0.00,$0.00,$0.00,$0.00,$0.00,$0.00,$0.00,$0.00,$0.00,0.00%,0,0.00%,$0.00,0.00%,0,0.00%,$0.00,0.00%,0,0.00%,$0.00,0.00%,0,0.00%,$0.00,0.00%,$0.00,$0.20,$0.00,$0.00,$0.00,$0.00,0.00%,$0.00,0.00%,$0.00,0.00%,$0.20,0.00%,$-0.20,0.00%
"26 - N1R12_RM_26_QUANT_CBSL_UniquePlusLLC_3371_25K",1,"BOGG Bag","DP1 V3",Visa,Tuesday,429420,1,0,0.00%,1,100.00%,1,0,0.00%,1,100.00%,1,1,$12.89,0,100.00%,0,0,$0.00,0,0.00%,1,1,1,$12.89,$0.00,$0.00,$12.89,$0.00,$0.00,$12.89,$0.00,$12.89,$0.00,0.00%,0,0.00%,$0.00,0.00%,0,0.00%,$0.00,0.00%,0,0.00%,$0.00,0.00%,0,0.00%,$0.00,0.00%,$12.89,$0.84,$0.00,$0.00,$0.00,$0.00,0.00%,$0.00,0.00%,$0.00,0.00%,$0.84,6.52%,$12.05,93.48%
"26 - N1R12_RM_26_QUANT_CBSL_UniquePlusLLC_3371_25K",1,"Coors Light Tailgate Bundle","DP1 V3",Mastercard,Tuesday,552465,1,1,100.00%,0,0.00%,1,1,100.00%,0,0.00%,1,0,$0.00,1,0.00%,0,0,$0.00,0,0.00%,0,0,0,$0.00,$0.00,$0.00,$0.00,$0.00,$0.00,$0.00,$0.00,$0.00,$0.00,0.00%,0,0.00%,$0.00,0.00%,0,0.00%,$0.00,0.00%,0,0.00%,$0.00,0.00%,0,0.00%,$0.00,0.00%,$0.00,$0.20,$0.00,$0.00,$0.00,$0.00,0.00%,$0.00,0.00%,$0.00,0.00%,$0.20,0.00%,$-0.20,0.00%
"26 - N1R12_RM_26_QUANT_CBSL_UniquePlusLLC_3371_25K",1,"Coors Light Tailgate Bundle","DP1 V3",Visa,Tuesday,422482,1,1,100.00%,0,0.00%,1,1,100.00%,0,0.00%,1,0,$0.00,1,0.00%,0,0,$0.00,0,0.00%,0,0,0,$0.00,$0.00,$0.00,$0.00,$0.00,$0.00,$0.00,$0.00,$0.00,$0.00,0.00%,0,0.00%,$0.00,0.00%,0,0.00%,$0.00,0.00%,0,0.00%,$0.00,0.00%,0,0.00%,$0.00,0.00%,$0.00,$0.20,$0.00,$0.00,$0.00,$0.00,0.00%,$0.00,0.00%,$0.00,0.00%,$0.20,0.00%,$-0.20,0.00%
"26 - N1R12_RM_26_QUANT_CBSL_UniquePlusLLC_3371_25K",1,"Coors Light Tailgate Bundle","DP1 V3",Visa,Tuesday,429371,1,1,100.00%,0,0.00%,1,1,100.00%,0,0.00%,1,0,$0.00,1,0.00%,0,0,$0.00,0,0.00%,0,0,0,$0.00,$0.00,$0.00,$0.00,$0.00,$0.00,$0.00,$0.00,$0.00,$0.00,0.00%,0,0.00%,$0.00,0.00%,0,0.00%,$0.00,0.00%,0,0.00%,$0.00,0.00%,0,0.00%,$0.00,0.00%,$0.00,$0.20,$0.00,$0.00,$0.00,$0.00,0.00%,$0.00,0.00%,$0.00,0.00%,$0.20,0.00%,$-0.20,0.00%
"26 - N1R12_RM_26_QUANT_CBSL_UniquePlusLLC_3371_25K",1,"Coors Light Tailgate Bundle","DP1 V3",Visa,Tuesday,444796,1,1,100.00%,0,0.00%,1,1,100.00%,0,0.00%,1,0,$0.00,1,0.00%,0,0,$0.00,0,0.00%,0,0,0,$0.00,$0.00,$0.00,$0.00,$0.00,$0.00,$0.00,$0.00,$0.00,$0.00,0.00%,0,0.00%,$0.00,0.00%,0,0.00%,$0.00,0.00%,0,0.00%,$0.00,0.00%,0,0.00%,$0.00,0.00%,$0.00,$0.20,$0.00,$0.00,$0.00,$0.00,0.00%,$0.00,0.00%,$0.00,0.00%,$0.20,0.00%,$-0.20,0.00%
"26 - N1R12_RM_26_QUANT_CBSL_UniquePlusLLC_3371_25K",1,"Harley Davidson Evo Helmet","DP1 V3",Visa,Tuesday,483313,1,0,0.00%,1,100.00%,1,0,0.00%,1,100.00%,1,1,$12.89,0,100.00%,0,0,$0.00,0,0.00%,1,1,1,$12.89,$0.00,$0.00,$12.89,$0.00,$0.00,$12.89,$0.00,$12.89,$0.00,0.00%,0,0.00%,$0.00,0.00%,0,0.00%,$0.00,0.00%,0,0.00%,$0.00,0.00%,0,0.00%,$0.00,0.00%,$12.89,$0.84,$0.00,$0.00,$0.00,$0.00,0.00%,$0.00,0.00%,$0.00,0.00%,$0.84,6.52%,$12.05,93.48%
"26 - N1R12_RM_26_QUANT_CBSL_UniquePlusLLC_3371_25K",1,"Harley Davidson Tailgate Bundle","DP1 V3",Visa,Tuesday,422047,1,1,100.00%,0,0.00%,1,1,100.00%,0,0.00%,1,0,$0.00,1,0.00%,0,0,$0.00,0,0.00%,0,0,0,$0.00,$0.00,$0.00,$0.00,$0.00,$0.00,$0.00,$0.00,$0.00,$0.00,0.00%,0,0.00%,$0.00,0.00%,0,0.00%,$0.00,0.00%,0,0.00%,$0.00,0.00%,0,0.00%,$0.00,0.00%,$0.00,$0.20,$0.00,$0.00,$0.00,$0.00,0.00%,$0.00,0.00%,$0.00,0.00%,$0.20,0.00%,$-0.20,0.00%
"26 - N1R12_RM_26_QUANT_CBSL_UniquePlusLLC_3371_25K",1,"Miller Lite Tailgate Combo Pack","DP1 V3",Visa,Tuesday,486796,1,0,0.00%,1,100.00%,1,0,0.00%,1,100.00%,1,1,$12.89,0,100.00%,0,0,$0.00,0,0.00%,1,1,1,$12.89,$0.00,$0.00,$12.89,$0.00,$0.00,$12.89,$0.00,$12.89,$12.89,100.00%,0,0.00%,$0.00,0.00%,0,0.00%,$0.00,0.00%,0,0.00%,$0.00,0.00%,1,100.00%,$12.89,100.00%,$0.00,$0.84,$0.00,$0.00,$0.00,$0.00,0.00%,$0.00,0.00%,$0.00,0.00%,$0.84,6.52%,$-0.84,-6.52%
"26 - N1R12_RM_26_QUANT_CBSL_UniquePlusLLC_3371_25K",1,"MoJack Mower Deck Lift","DP1 V3",Mastercard,Tuesday,534348,1,1,100.00%,0,0.00%,1,1,100.00%,0,0.00%,1,0,$0.00,1,0.00%,0,0,$0.00,0,0.00%,0,0,0,$0.00,$0.00,$0.00,$0.00,$0.00,$0.00,$0.00,$0.00,$0.00,$0.00,0.00%,0,0.00%,$0.00,0.00%,0,0.00%,$0.00,0.00%,0,0.00%,$0.00,0.00%,0,0.00%,$0.00,0.00%,$0.00,$0.20,$0.00,$0.00,$0.00,$0.00,0.00%,$0.00,0.00%,$0.00,0.00%,$0.20,0.00%,$-0.20,0.00%
"26 - N1R12_RM_26_QUANT_CBSL_UniquePlusLLC_3371_25K",1,"MoJack Mower Deck Lift","DP1 V3",Visa,Tuesday,422450,1,0,0.00%,1,100.00%,1,0,0.00%,1,100.00%,1,1,$12.89,0,100.00%,0,0,$0.00,0,0.00%,1,1,1,$12.89,$0.00,$0.00,$12.89,$0.00,$0.00,$12.89,$0.00,$12.89,$0.00,0.00%,0,0.00%,$0.00,0.00%,0,0.00%,$0.00,0.00%,0,0.00%,$0.00,0.00%,0,0.00%,$0.00,0.00%,$12.89,$0.84,$0.00,$0.00,$0.00,$0.00,0.00%,$0.00,0.00%,$0.00,0.00%,$0.84,6.52%,$12.05,93.48%
"26 - N1R12_RM_26_QUANT_CBSL_UniquePlusLLC_3371_25K",1,"Stihl ZeroTurn Lawn Mower","DP1 V3",Visa,Tuesday,406042,1,1,100.00%,0,0.00%,1,1,100.00%,0,0.00%,1,0,$0.00,1,0.00%,0,0,$0.00,0,0.00%,0,0,0,$0.00,$0.00,$0.00,$0.00,$0.00,$0.00,$0.00,$0.00,$0.00,$0.00,0.00%,0,0.00%,$0.00,0.00%,0,0.00%,$0.00,0.00%,0,0.00%,$0.00,0.00%,0,0.00%,$0.00,0.00%,$0.00,$0.20,$0.00,$0.00,$0.00,$0.00,0.00%,$0.00,0.00%,$0.00,0.00%,$0.20,0.00%,$-0.20,0.00%
"27 - GY_RM_27_QUANT_CBSL_UniquePlusLLC_3363_25K",1,"Harley Davidson Evo Helmet","DP1 V3",Visa,Tuesday,426684,1,0,0.00%,1,100.00%,1,0,0.00%,1,100.00%,1,1,$12.89,0,100.00%,0,0,$0.00,0,0.00%,1,1,1,$12.89,$0.00,$0.00,$12.89,$0.00,$0.00,$12.89,$0.00,$12.89,$0.00,0.00%,0,0.00%,$0.00,0.00%,0,0.00%,$0.00,0.00%,0,0.00%,$0.00,0.00%,0,0.00%,$0.00,0.00%,$12.89,$0.84,$0.00,$0.00,$0.00,$0.00,0.00%,$0.00,0.00%,$0.00,0.00%,$0.84,6.52%,$12.05,93.48%
"27 - GY_RM_27_QUANT_CBSL_UniquePlusLLC_3363_25K",1,"Harley Davidson Tailgate Bundle","DP1 V3",Mastercard,Tuesday,514377,1,0,0.00%,1,100.00%,1,0,0.00%,1,100.00%,1,1,$12.89,0,100.00%,0,0,$0.00,0,0.00%,1,1,1,$12.89,$0.00,$0.00,$12.89,$0.00,$0.00,$12.89,$0.00,$12.89,$0.00,0.00%,0,0.00%,$0.00,0.00%,0,0.00%,$0.00,0.00%,0,0.00%,$0.00,0.00%,0,0.00%,$0.00,0.00%,$12.89,$0.84,$0.00,$0.00,$0.00,$0.00,0.00%,$0.00,0.00%,$0.00,0.00%,$0.84,6.52%,$12.05,93.48%
"27 - GY_RM_27_QUANT_CBSL_UniquePlusLLC_3363_25K",1,"Harley Davidson Tailgate Bundle","DP1 V3",Mastercard,Tuesday,520298,1,1,100.00%,0,0.00%,1,1,100.00%,0,0.00%,1,0,$0.00,1,0.00%,0,0,$0.00,0,0.00%,0,0,0,$0.00,$0.00,$0.00,$0.00,$0.00,$0.00,$0.00,$0.00,$0.00,$0.00,0.00%,0,0.00%,$0.00,0.00%,0,0.00%,$0.00,0.00%,0,0.00%,$0.00,0.00%,0,0.00%,$0.00,0.00%,$0.00,$0.20,$0.00,$0.00,$0.00,$0.00,0.00%,$0.00,0.00%,$0.00,0.00%,$0.20,0.00%,$-0.20,0.00%
"27 - GY_RM_27_QUANT_CBSL_UniquePlusLLC_3363_25K",1,"Miller Lite Tailgate Combo Pack","DP1 V3",Mastercard,Tuesday,523957,1,0,0.00%,1,100.00%,1,0,0.00%,1,100.00%,1,1,$12.89,0,100.00%,0,0,$0.00,0,0.00%,1,1,1,$12.89,$0.00,$0.00,$12.89,$0.00,$0.00,$12.89,$0.00,$12.89,$12.89,100.00%,0,0.00%,$0.00,0.00%,0,0.00%,$0.00,0.00%,0,0.00%,$0.00,0.00%,1,100.00%,$12.89,100.00%,$0.00,$0.84,$0.00,$0.00,$0.00,$0.00,0.00%,$0.00,0.00%,$0.00,0.00%,$0.84,6.52%,$-0.84,-6.52%
"27 - GY_RM_27_QUANT_CBSL_UniquePlusLLC_3363_25K",1,"Stihl ZeroTurn Lawn Mower","DP1 V3",Mastercard,Tuesday,546325,1,1,100.00%,0,0.00%,1,1,100.00%,0,0.00%,1,0,$0.00,1,0.00%,0,0,$0.00,0,0.00%,0,0,0,$0.00,$0.00,$0.00,$0.00,$0.00,$0.00,$0.00,$0.00,$0.00,$0.00,0.00%,0,0.00%,$0.00,0.00%,0,0.00%,$0.00,0.00%,0,0.00%,$0.00,0.00%,0,0.00%,$0.00,0.00%,$0.00,$0.20,$0.00,$0.00,$0.00,$0.00,0.00%,$0.00,0.00%,$0.00,0.00%,$0.20,0.00%,$-0.20,0.00%
"28 - NR12_RM_28_QUANT_CBSL_UniquePlusLLC_3355_25K",1,"BOGG Bag","DP1 V3",Mastercard,Tuesday,542418,1,0,0.00%,1,100.00%,1,0,0.00%,1,100.00%,1,1,$12.89,0,100.00%,0,0,$0.00,0,0.00%,1,1,1,$12.89,$0.00,$0.00,$12.89,$0.00,$0.00,$12.89,$0.00,$12.89,$0.00,0.00%,0,0.00%,$0.00,0.00%,0,0.00%,$0.00,0.00%,0,0.00%,$0.00,0.00%,0,0.00%,$0.00,0.00%,$12.89,$0.84,$0.00,$0.00,$0.00,$0.00,0.00%,$0.00,0.00%,$0.00,0.00%,$0.84,6.52%,$12.05,93.48%
"28 - NR12_RM_28_QUANT_CBSL_UniquePlusLLC_3355_25K",1,"BOGG Bag","DP1 V3",Visa,Tuesday,434769,1,1,100.00%,0,0.00%,1,1,100.00%,0,0.00%,1,0,$0.00,1,0.00%,0,0,$0.00,0,0.00%,0,0,0,$0.00,$0.00,$0.00,$0.00,$0.00,$0.00,$0.00,$0.00,$0.00,$0.00,0.00%,0,0.00%,$0.00,0.00%,0,0.00%,$0.00,0.00%,0,0.00%,$0.00,0.00%,0,0.00%,$0.00,0.00%,$0.00,$0.20,$0.00,$0.00,$0.00,$0.00,0.00%,$0.00,0.00%,$0.00,0.00%,$0.20,0.00%,$-0.20,0.00%
"28 - NR12_RM_28_QUANT_CBSL_UniquePlusLLC_3355_25K",1,"Coors Light Tailgate Bundle","DP1 V3",Visa,Tuesday,400344,1,1,100.00%,0,0.00%,1,1,100.00%,0,0.00%,1,0,$0.00,1,0.00%,0,0,$0.00,0,0.00%,0,0,0,$0.00,$0.00,$0.00,$0.00,$0.00,$0.00,$0.00,$0.00,$0.00,$0.00,0.00%,0,0.00%,$0.00,0.00%,0,0.00%,$0.00,0.00%,0,0.00%,$0.00,0.00%,0,0.00%,$0.00,0.00%,$0.00,$0.20,$0.00,$0.00,$0.00,$0.00,0.00%,$0.00,0.00%,$0.00,0.00%,$0.20,0.00%,$-0.20,0.00%
"28 - NR12_RM_28_QUANT_CBSL_UniquePlusLLC_3355_25K",1,"Miller Lite Tailgate Combo Pack","DP1 V3",Mastercard,Tuesday,515676,1,0,0.00%,1,100.00%,1,0,0.00%,1,100.00%,1,1,$12.89,0,100.00%,0,0,$0.00,0,0.00%,1,1,1,$12.89,$0.00,$0.00,$12.89,$0.00,$0.00,$12.89,$0.00,$12.89,$12.89,100.00%,0,0.00%,$0.00,0.00%,0,0.00%,$0.00,0.00%,0,0.00%,$0.00,0.00%,1,100.00%,$12.89,100.00%,$0.00,$0.84,$0.00,$0.00,$0.00,$0.00,0.00%,$0.00,0.00%,$0.00,0.00%,$0.84,6.52%,$-0.84,-6.52%
"28 - NR12_RM_28_QUANT_CBSL_UniquePlusLLC_3355_25K",1,"Miller Lite Tailgate Combo Pack","DP1 V3",Mastercard,Tuesday,546382,1,0,0.00%,1,100.00%,1,0,0.00%,1,100.00%,1,1,$12.89,0,100.00%,0,0,$0.00,0,0.00%,1,1,1,$12.89,$0.00,$0.00,$12.89,$0.00,$0.00,$12.89,$0.00,$12.89,$0.00,0.00%,0,0.00%,$0.00,0.00%,0,0.00%,$0.00,0.00%,0,0.00%,$0.00,0.00%,0,0.00%,$0.00,0.00%,$12.89,$0.84,$0.00,$0.00,$0.00,$0.00,0.00%,$0.00,0.00%,$0.00,0.00%,$0.84,6.52%,$12.05,93.48%
"28 - NR12_RM_28_QUANT_CBSL_UniquePlusLLC_3355_25K",1,"Stihl ZeroTurn Lawn Mower","DP1 V3",Mastercard,Tuesday,546617,1,0,0.00%,1,100.00%,1,0,0.00%,1,100.00%,1,1,$12.89,0,100.00%,0,0,$0.00,0,0.00%,1,1,1,$12.89,$0.00,$0.00,$12.89,$0.00,$0.00,$12.89,$0.00,$12.89,$12.89,100.00%,0,0.00%,$0.00,0.00%,0,0.00%,$0.00,0.00%,0,0.00%,$0.00,0.00%,1,100.00%,$12.89,100.00%,$0.00,$0.84,$0.00,$0.00,$0.00,$0.00,0.00%,$0.00,0.00%,$0.00,0.00%,$0.84,6.52%,$-0.84,-6.52%
"28 - NR12_RM_28_QUANT_CBSL_UniquePlusLLC_3355_25K",1,"Stihl ZeroTurn Lawn Mower","DP1 V3",Mastercard,Tuesday,551750,1,0,0.00%,1,100.00%,1,0,0.00%,1,100.00%,1,1,$12.89,0,100.00%,0,0,$0.00,0,0.00%,1,1,1,$12.89,$0.00,$0.00,$12.89,$0.00,$0.00,$12.89,$0.00,$12.89,$0.00,0.00%,0,0.00%,$0.00,0.00%,0,0.00%,$0.00,0.00%,0,0.00%,$0.00,0.00%,0,0.00%,$0.00,0.00%,$12.89,$0.84,$0.00,$0.00,$0.00,$0.00,0.00%,$0.00,0.00%,$0.00,0.00%,$0.84,6.52%,$12.05,93.48%
"29 - N2_RM_29_PRIOR_SYN_UniquePlusLLC_7645_75K",1,"BOGG Bag","DP1 V3",Visa,Tuesday,414740,1,1,100.00%,0,0.00%,1,1,100.00%,0,0.00%,1,0,$0.00,1,0.00%,0,0,$0.00,0,0.00%,0,0,0,$0.00,$0.00,$0.00,$0.00,$0.00,$0.00,$0.00,$0.00,$0.00,$0.00,0.00%,0,0.00%,$0.00,0.00%,0,0.00%,$0.00,0.00%,0,0.00%,$0.00,0.00%,0,0.00%,$0.00,0.00%,$0.00,$0.20,$0.00,$0.00,$0.00,$0.00,0.00%,$0.00,0.00%,$0.00,0.00%,$0.20,0.00%,$-0.20,0.00%
"29 - N2_RM_29_PRIOR_SYN_UniquePlusLLC_7645_75K",1,"Harley Davidson Evo Helmet","DP1 V3",Visa,Tuesday,465345,1,0,0.00%,1,100.00%,1,0,0.00%,1,100.00%,1,1,$12.89,0,100.00%,0,0,$0.00,0,0.00%,1,1,1,$12.89,$0.00,$0.00,$12.89,$0.00,$0.00,$12.89,$0.00,$12.89,$0.00,0.00%,0,0.00%,$0.00,0.00%,0,0.00%,$0.00,0.00%,0,0.00%,$0.00,0.00%,0,0.00%,$0.00,0.00%,$12.89,$0.84,$0.00,$0.00,$0.00,$0.00,0.00%,$0.00,0.00%,$0.00,0.00%,$0.84,6.52%,$12.05,93.48%
"29 - N2_RM_29_PRIOR_SYN_UniquePlusLLC_7645_75K",1,"Harley Davidson Evo Helmet","DP1 V3",Visa,Tuesday,479126,1,0,0.00%,1,100.00%,1,0,0.00%,1,100.00%,1,1,$12.89,0,100.00%,0,0,$0.00,0,0.00%,1,1,1,$12.89,$0.00,$0.00,$12.89,$0.00,$0.00,$12.89,$0.00,$12.89,$0.00,0.00%,0,0.00%,$0.00,0.00%,0,0.00%,$0.00,0.00%,0,0.00%,$0.00,0.00%,0,0.00%,$0.00,0.00%,$12.89,$0.84,$0.00,$0.00,$0.00,$0.00,0.00%,$0.00,0.00%,$0.00,0.00%,$0.84,6.52%,$12.05,93.48%
"29 - N2_RM_29_PRIOR_SYN_UniquePlusLLC_7645_75K",1,"Stihl ZeroTurn Lawn Mower","DP1 V3",Visa,Tuesday,413037,1,1,100.00%,0,0.00%,1,1,100.00%,0,0.00%,1,0,$0.00,1,0.00%,0,0,$0.00,0,0.00%,0,0,0,$0.00,$0.00,$0.00,$0.00,$0.00,$0.00,$0.00,$0.00,$0.00,$0.00,0.00%,0,0.00%,$0.00,0.00%,0,0.00%,$0.00,0.00%,0,0.00%,$0.00,0.00%,0,0.00%,$0.00,0.00%,$0.00,$0.20,$0.00,$0.00,$0.00,$0.00,0.00%,$0.00,0.00%,$0.00,0.00%,$0.20,0.00%,$-0.20,0.00%
"3 - zCLOSED_RM_3_NET_ESQ_SpecifiConLLC_8884_65K",1,"5 Domestic flights","DP1 V3",Visa,Tuesday,434257,1,1,100.00%,0,0.00%,1,1,100.00%,0,0.00%,1,0,$0.00,1,0.00%,0,0,$0.00,0,0.00%,0,0,0,$0.00,$0.00,$0.00,$0.00,$0.00,$0.00,$0.00,$0.00,$0.00,$0.00,0.00%,0,0.00%,$0.00,0.00%,0,0.00%,$0.00,0.00%,0,0.00%,$0.00,0.00%,0,0.00%,$0.00,0.00%,$0.00,$0.20,$0.00,$0.00,$0.00,$0.00,0.00%,$0.00,0.00%,$0.00,0.00%,$0.20,0.00%,$-0.20,0.00%
"3 - zCLOSED_RM_3_NET_ESQ_SpecifiConLLC_8884_65K",1,"5 Domestic flights","DP1 V3",Visa,Tuesday,473703,1,1,100.00%,0,0.00%,1,1,100.00%,0,0.00%,1,0,$0.00,1,0.00%,0,0,$0.00,0,0.00%,0,0,0,$0.00,$0.00,$0.00,$0.00,$0.00,$0.00,$0.00,$0.00,$0.00,$0.00,0.00%,0,0.00%,$0.00,0.00%,0,0.00%,$0.00,0.00%,0,0.00%,$0.00,0.00%,0,0.00%,$0.00,0.00%,$0.00,$0.20,$0.00,$0.00,$0.00,$0.00,0.00%,$0.00,0.00%,$0.00,0.00%,$0.20,0.00%,$-0.20,0.00%
"3 - zCLOSED_RM_3_NET_ESQ_SpecifiConLLC_8884_65K",1,"BOGG Bag","DP1 V3",Mastercard,Tuesday,517546,1,1,100.00%,0,0.00%,1,1,100.00%,0,0.00%,1,0,$0.00,1,0.00%,0,0,$0.00,0,0.00%,0,0,0,$0.00,$0.00,$0.00,$0.00,$0.00,$0.00,$0.00,$0.00,$0.00,$0.00,0.00%,0,0.00%,$0.00,0.00%,0,0.00%,$0.00,0.00%,0,0.00%,$0.00,0.00%,0,0.00%,$0.00,0.00%,$0.00,$0.20,$0.00,$0.00,$0.00,$0.00,0.00%,$0.00,0.00%,$0.00,0.00%,$0.20,0.00%,$-0.20,0.00%
"3 - zCLOSED_RM_3_NET_ESQ_SpecifiConLLC_8884_65K",1,"BOGG Bag","DP1 V3",Visa,Tuesday,449210,1,0,0.00%,1,100.00%,1,0,0.00%,1,100.00%,1,1,$12.89,0,100.00%,0,0,$0.00,0,0.00%,1,1,1,$12.89,$0.00,$0.00,$12.89,$0.00,$0.00,$12.89,$0.00,$12.89,$0.00,0.00%,0,0.00%,$0.00,0.00%,0,0.00%,$0.00,0.00%,0,0.00%,$0.00,0.00%,0,0.00%,$0.00,0.00%,$12.89,$0.84,$0.00,$0.00,$0.00,$0.00,0.00%,$0.00,0.00%,$0.00,0.00%,$0.84,6.52%,$12.05,93.48%
"3 - zCLOSED_RM_3_NET_ESQ_SpecifiConLLC_8884_65K",1,"Harley Davidson Evo Helmet","DP1 V3",Mastercard,Tuesday,526264,1,0,0.00%,1,100.00%,1,0,0.00%,1,100.00%,1,1,$12.89,0,100.00%,0,0,$0.00,0,0.00%,1,1,1,$12.89,$0.00,$0.00,$12.89,$0.00,$0.00,$12.89,$0.00,$12.89,$12.89,100.00%,0,0.00%,$0.00,0.00%,0,0.00%,$0.00,0.00%,0,0.00%,$0.00,0.00%,1,100.00%,$12.89,100.00%,$0.00,$0.84,$0.00,$0.00,$0.00,$0.00,0.00%,$0.00,0.00%,$0.00,0.00%,$0.84,6.52%,$-0.84,-6.52%
"3 - zCLOSED_RM_3_NET_ESQ_SpecifiConLLC_8884_65K",1,"Harley Davidson Evo Helmet","DP1 V3",Mastercard,Tuesday,540385,1,1,100.00%,0,0.00%,1,1,100.00%,0,0.00%,1,0,$0.00,1,0.00%,0,0,$0.00,0,0.00%,0,0,0,$0.00,$0.00,$0.00,$0.00,$0.00,$0.00,$0.00,$0.00,$0.00,$0.00,0.00%,0,0.00%,$0.00,0.00%,0,0.00%,$0.00,0.00%,0,0.00%,$0.00,0.00%,0,0.00%,$0.00,0.00%,$0.00,$0.20,$0.00,$0.00,$0.00,$0.00,0.00%,$0.00,0.00%,$0.00,0.00%,$0.20,0.00%,$-0.20,0.00%
"3 - zCLOSED_RM_3_NET_ESQ_SpecifiConLLC_8884_65K",1,"Harley Davidson Evo Helmet","DP1 V3",Visa,Tuesday,434256,1,0,0.00%,1,100.00%,1,0,0.00%,1,100.00%,1,1,$12.89,0,100.00%,0,0,$0.00,0,0.00%,1,1,1,$12.89,$0.00,$0.00,$12.89,$0.00,$0.00,$12.89,$0.00,$12.89,$0.00,0.00%,0,0.00%,$0.00,0.00%,0,0.00%,$0.00,0.00%,0,0.00%,$0.00,0.00%,0,0.00%,$0.00,0.00%,$12.89,$0.84,$0.00,$0.00,$0.00,$0.00,0.00%,$0.00,0.00%,$0.00,0.00%,$0.84,6.52%,$12.05,93.48%
"3 - zCLOSED_RM_3_NET_ESQ_SpecifiConLLC_8884_65K",1,"Harley Davidson Tailgate Bundle","DP1 V3",Visa,Tuesday,402464,1,1,100.00%,0,0.00%,1,1,100.00%,0,0.00%,1,0,$0.00,1,0.00%,0,0,$0.00,0,0.00%,0,0,0,$0.00,$0.00,$0.00,$0.00,$0.00,$0.00,$0.00,$0.00,$0.00,$0.00,0.00%,0,0.00%,$0.00,0.00%,0,0.00%,$0.00,0.00%,0,0.00%,$0.00,0.00%,0,0.00%,$0.00,0.00%,$0.00,$0.20,$0.00,$0.00,$0.00,$0.00,0.00%,$0.00,0.00%,$0.00,0.00%,$0.20,0.00%,$-0.20,0.00%
"3 - zCLOSED_RM_3_NET_ESQ_SpecifiConLLC_8884_65K",1,"Harley Davidson Tailgate Bundle","DP1 V3",Visa,Tuesday,414709,1,1,100.00%,0,0.00%,1,1,100.00%,0,0.00%,1,0,$0.00,1,0.00%,0,0,$0.00,0,0.00%,0,0,0,$0.00,$0.00,$0.00,$0.00,$0.00,$0.00,$0.00,$0.00,$0.00,$0.00,0.00%,0,0.00%,$0.00,0.00%,0,0.00%,$0.00,0.00%,0,0.00%,$0.00,0.00%,0,0.00%,$0.00,0.00%,$0.00,$0.20,$0.00,$0.00,$0.00,$0.00,0.00%,$0.00,0.00%,$0.00,0.00%,$0.20,0.00%,$-0.20,0.00%
"3 - zCLOSED_RM_3_NET_ESQ_SpecifiConLLC_8884_65K",1,"Harley Davidson Tailgate Bundle","DP1 V3",Visa,Tuesday,419002,1,1,100.00%,0,0.00%,1,1,100.00%,0,0.00%,1,0,$0.00,1,0.00%,0,0,$0.00,0,0.00%,0,0,0,$0.00,$0.00,$0.00,$0.00,$0.00,$0.00,$0.00,$0.00,$0.00,$0.00,0.00%,0,0.00%,$0.00,0.00%,0,0.00%,$0.00,0.00%,0,0.00%,$0.00,0.00%,0,0.00%,$0.00,0.00%,$0.00,$0.20,$0.00,$0.00,$0.00,$0.00,0.00%,$0.00,0.00%,$0.00,0.00%,$0.20,0.00%,$-0.20,0.00%
"3 - zCLOSED_RM_3_NET_ESQ_SpecifiConLLC_8884_65K",1,"Harley Davidson Tailgate Bundle","DP1 V3",Visa,Tuesday,426684,1,0,0.00%,1,100.00%,1,0,0.00%,1,100.00%,1,1,$12.89,0,100.00%,0,0,$0.00,0,0.00%,1,1,1,$12.89,$0.00,$0.00,$12.89,$0.00,$0.00,$12.89,$0.00,$12.89,$0.00,0.00%,0,0.00%,$0.00,0.00%,0,0.00%,$0.00,0.00%,0,0.00%,$0.00,0.00%,0,0.00%,$0.00,0.00%,$12.89,$0.84,$0.00,$0.00,$0.00,$0.00,0.00%,$0.00,0.00%,$0.00,0.00%,$0.84,6.52%,$12.05,93.48%
"3 - zCLOSED_RM_3_NET_ESQ_SpecifiConLLC_8884_65K",1,"Harley Davidson Tailgate Bundle","DP1 V3",Visa,Tuesday,442043,1,1,100.00%,0,0.00%,1,1,100.00%,0,0.00%,1,0,$0.00,1,0.00%,0,0,$0.00,0,0.00%,0,0,0,$0.00,$0.00,$0.00,$0.00,$0.00,$0.00,$0.00,$0.00,$0.00,$0.00,0.00%,0,0.00%,$0.00,0.00%,0,0.00%,$0.00,0.00%,0,0.00%,$0.00,0.00%,0,0.00%,$0.00,0.00%,$0.00,$0.20,$0.00,$0.00,$0.00,$0.00,0.00%,$0.00,0.00%,$0.00,0.00%,$0.20,0.00%,$-0.20,0.00%
"3 - zCLOSED_RM_3_NET_ESQ_SpecifiConLLC_8884_65K",1,"Harley Davidson Tailgate Bundle","DP1 V3",Visa,Tuesday,458453,1,1,100.00%,0,0.00%,1,1,100.00%,0,0.00%,1,0,$0.00,1,0.00%,0,0,$0.00,0,0.00%,0,0,0,$0.00,$0.00,$0.00,$0.00,$0.00,$0.00,$0.00,$0.00,$0.00,$0.00,0.00%,0,0.00%,$0.00,0.00%,0,0.00%,$0.00,0.00%,0,0.00%,$0.00,0.00%,0,0.00%,$0.00,0.00%,$0.00,$0.20,$0.00,$0.00,$0.00,$0.00,0.00%,$0.00,0.00%,$0.00,0.00%,$0.20,0.00%,$-0.20,0.00%
"3 - zCLOSED_RM_3_NET_ESQ_SpecifiConLLC_8884_65K",1,"Harley Davidson Tailgate Bundle","DP1 V3",Visa,Tuesday,463493,1,1,100.00%,0,0.00%,1,1,100.00%,0,0.00%,1,0,$0.00,1,0.00%,0,0,$0.00,0,0.00%,0,0,0,$0.00,$0.00,$0.00,$0.00,$0.00,$0.00,$0.00,$0.00,$0.00,$0.00,0.00%,0,0.00%,$0.00,0.00%,0,0.00%,$0.00,0.00%,0,0.00%,$0.00,0.00%,0,0.00%,$0.00,0.00%,$0.00,$0.20,$0.00,$0.00,$0.00,$0.00,0.00%,$0.00,0.00%,$0.00,0.00%,$0.20,0.00%,$-0.20,0.00%
"3 - zCLOSED_RM_3_NET_ESQ_SpecifiConLLC_8884_65K",1,"Miller Lite Tailgate Combo Pack","DP1 V3",Mastercard,Tuesday,515676,1,1,100.00%,0,0.00%,1,1,100.00%,0,0.00%,1,0,$0.00,1,0.00%,0,0,$0.00,0,0.00%,0,0,0,$0.00,$0.00,$0.00,$0.00,$0.00,$0.00,$0.00,$0.00,$0.00,$0.00,0.00%,0,0.00%,$0.00,0.00%,0,0.00%,$0.00,0.00%,0,0.00%,$0.00,0.00%,0,0.00%,$0.00,0.00%,$0.00,$0.20,$0.00,$0.00,$0.00,$0.00,0.00%,$0.00,0.00%,$0.00,0.00%,$0.20,0.00%,$-0.20,0.00%
"3 - zCLOSED_RM_3_NET_ESQ_SpecifiConLLC_8884_65K",1,"Steambow M10 Tactical","DP1 V3",Mastercard,Tuesday,510715,1,1,100.00%,0,0.00%,1,1,100.00%,0,0.00%,1,0,$0.00,1,0.00%,0,0,$0.00,0,0.00%,0,0,0,$0.00,$0.00,$0.00,$0.00,$0.00,$0.00,$0.00,$0.00,$0.00,$0.00,0.00%,0,0.00%,$0.00,0.00%,0,0.00%,$0.00,0.00%,0,0.00%,$0.00,0.00%,0,0.00%,$0.00,0.00%,$0.00,$0.20,$0.00,$0.00,$0.00,$0.00,0.00%,$0.00,0.00%,$0.00,0.00%,$0.20,0.00%,$-0.20,0.00%
"3 - zCLOSED_RM_3_NET_ESQ_SpecifiConLLC_8884_65K",1,"Steambow M10 Tactical","DP1 V3",Mastercard,Tuesday,515856,1,1,100.00%,0,0.00%,1,1,100.00%,0,0.00%,1,0,$0.00,1,0.00%,0,0,$0.00,0,0.00%,0,0,0,$0.00,$0.00,$0.00,$0.00,$0.00,$0.00,$0.00,$0.00,$0.00,$0.00,0.00%,0,0.00%,$0.00,0.00%,0,0.00%,$0.00,0.00%,0,0.00%,$0.00,0.00%,0,0.00%,$0.00,0.00%,$0.00,$0.20,$0.00,$0.00,$0.00,$0.00,0.00%,$0.00,0.00%,$0.00,0.00%,$0.20,0.00%,$-0.20,0.00%
"3 - zCLOSED_RM_3_NET_ESQ_SpecifiConLLC_8884_65K",1,"Steambow M10 Tactical","DP1 V3",Mastercard,Tuesday,552475,1,1,100.00%,0,0.00%,1,1,100.00%,0,0.00%,1,0,$0.00,1,0.00%,0,0,$0.00,0,0.00%,0,0,0,$0.00,$0.00,$0.00,$0.00,$0.00,$0.00,$0.00,$0.00,$0.00,$0.00,0.00%,0,0.00%,$0.00,0.00%,0,0.00%,$0.00,0.00%,0,0.00%,$0.00,0.00%,0,0.00%,$0.00,0.00%,$0.00,$0.20,$0.00,$0.00,$0.00,$0.00,0.00%,$0.00,0.00%,$0.00,0.00%,$0.20,0.00%,$-0.20,0.00%
"3 - zCLOSED_RM_3_NET_ESQ_SpecifiConLLC_8884_65K",1,"Steambow M10 Tactical","DP1 V3",Mastercard,Tuesday,557553,1,1,100.00%,0,0.00%,1,1,100.00%,0,0.00%,1,0,$0.00,1,0.00%,0,0,$0.00,0,0.00%,0,0,0,$0.00,$0.00,$0.00,$0.00,$0.00,$0.00,$0.00,$0.00,$0.00,$0.00,0.00%,0,0.00%,$0.00,0.00%,0,0.00%,$0.00,0.00%,0,0.00%,$0.00,0.00%,0,0.00%,$0.00,0.00%,$0.00,$0.20,$0.00,$0.00,$0.00,$0.00,0.00%,$0.00,0.00%,$0.00,0.00%,$0.20,0.00%,$-0.20,0.00%
"3 - zCLOSED_RM_3_NET_ESQ_SpecifiConLLC_8884_65K",1,"Stihl ZeroTurn Lawn Mower","DP1 V3",Mastercard,Tuesday,544579,1,1,100.00%,0,0.00%,1,1,100.00%,0,0.00%,1,0,$0.00,1,0.00%,0,0,$0.00,0,0.00%,0,0,0,$0.00,$0.00,$0.00,$0.00,$0.00,$0.00,$0.00,$0.00,$0.00,$0.00,0.00%,0,0.00%,$0.00,0.00%,0,0.00%,$0.00,0.00%,0,0.00%,$0.00,0.00%,0,0.00%,$0.00,0.00%,$0.00,$0.20,$0.00,$0.00,$0.00,$0.00,0.00%,$0.00,0.00%,$0.00,0.00%,$0.20,0.00%,$-0.20,0.00%
"3 - zCLOSED_RM_3_NET_ESQ_SpecifiConLLC_8884_65K",1,"Stihl ZeroTurn Lawn Mower","DP1 V3",Mastercard,Tuesday,551316,1,0,0.00%,1,100.00%,1,0,0.00%,1,100.00%,1,1,$12.89,0,100.00%,0,0,$0.00,0,0.00%,1,1,1,$12.89,$0.00,$0.00,$12.89,$0.00,$0.00,$12.89,$0.00,$12.89,$0.00,0.00%,0,0.00%,$0.00,0.00%,0,0.00%,$0.00,0.00%,0,0.00%,$0.00,0.00%,0,0.00%,$0.00,0.00%,$12.89,$0.84,$0.00,$0.00,$0.00,$0.00,0.00%,$0.00,0.00%,$0.00,0.00%,$0.84,6.52%,$12.05,93.48%
"3 - zCLOSED_RM_3_NET_ESQ_SpecifiConLLC_8884_65K",1,"Stihl ZeroTurn Lawn Mower","DP1 V3",Visa,Tuesday,476516,1,1,100.00%,0,0.00%,1,1,100.00%,0,0.00%,1,0,$0.00,1,0.00%,0,0,$0.00,0,0.00%,0,0,0,$0.00,$0.00,$0.00,$0.00,$0.00,$0.00,$0.00,$0.00,$0.00,$0.00,0.00%,0,0.00%,$0.00,0.00%,0,0.00%,$0.00,0.00%,0,0.00%,$0.00,0.00%,0,0.00%,$0.00,0.00%,$0.00,$0.20,$0.00,$0.00,$0.00,$0.00,0.00%,$0.00,0.00%,$0.00,0.00%,$0.20,0.00%,$-0.20,0.00%
"30 - N2R2_RM_30_PRIOR_SYN_UniquePlusLLC_0277_75K",1,"BOGG Bag","DP1 V3",Mastercard,Tuesday,552342,1,1,100.00%,0,0.00%,1,1,100.00%,0,0.00%,1,0,$0.00,1,0.00%,0,0,$0.00,0,0.00%,0,0,0,$0.00,$0.00,$0.00,$0.00,$0.00,$0.00,$0.00,$0.00,$0.00,$0.00,0.00%,0,0.00%,$0.00,0.00%,0,0.00%,$0.00,0.00%,0,0.00%,$0.00,0.00%,0,0.00%,$0.00,0.00%,$0.00,$0.20,$0.00,$0.00,$0.00,$0.00,0.00%,$0.00,0.00%,$0.00,0.00%,$0.20,0.00%,$-0.20,0.00%
"30 - N2R2_RM_30_PRIOR_SYN_UniquePlusLLC_0277_75K",1,"BOGG Bag","DP1 V3",Visa,Tuesday,431732,1,0,0.00%,1,100.00%,1,0,0.00%,1,100.00%,1,1,$12.89,0,100.00%,0,0,$0.00,0,0.00%,1,1,1,$12.89,$0.00,$0.00,$12.89,$0.00,$0.00,$12.89,$0.00,$12.89,$0.00,0.00%,0,0.00%,$0.00,0.00%,0,0.00%,$0.00,0.00%,0,0.00%,$0.00,0.00%,0,0.00%,$0.00,0.00%,$12.89,$0.84,$0.00,$0.00,$0.00,$0.00,0.00%,$0.00,0.00%,$0.00,0.00%,$0.84,6.52%,$12.05,93.48%
"30 - N2R2_RM_30_PRIOR_SYN_UniquePlusLLC_0277_75K",1,"BOGG Bag","DP1 V3",Visa,Tuesday,443285,1,1,100.00%,0,0.00%,1,1,100.00%,0,0.00%,1,0,$0.00,1,0.00%,0,0,$0.00,0,0.00%,0,0,0,$0.00,$0.00,$0.00,$0.00,$0.00,$0.00,$0.00,$0.00,$0.00,$0.00,0.00%,0,0.00%,$0.00,0.00%,0,0.00%,$0.00,0.00%,0,0.00%,$0.00,0.00%,0,0.00%,$0.00,0.00%,$0.00,$0.20,$0.00,$0.00,$0.00,$0.00,0.00%,$0.00,0.00%,$0.00,0.00%,$0.20,0.00%,$-0.20,0.00%
"30 - N2R2_RM_30_PRIOR_SYN_UniquePlusLLC_0277_75K",1,"Harley Davidson Evo Helmet","DP1 V3",Mastercard,Tuesday,542418,1,0,0.00%,1,100.00%,1,0,0.00%,1,100.00%,1,1,$12.89,0,100.00%,0,0,$0.00,0,0.00%,1,1,1,$12.89,$0.00,$0.00,$12.89,$0.00,$0.00,$12.89,$0.00,$12.89,$12.89,100.00%,0,0.00%,$0.00,0.00%,0,0.00%,$0.00,0.00%,0,0.00%,$0.00,0.00%,1,100.00%,$12.89,100.00%,$0.00,$0.84,$0.00,$0.00,$0.00,$0.00,0.00%,$0.00,0.00%,$0.00,0.00%,$0.84,6.52%,$-0.84,-6.52%
"30 - N2R2_RM_30_PRIOR_SYN_UniquePlusLLC_0277_75K",1,"Harley Davidson Tailgate Bundle","DP1 V3",Visa,Tuesday,418546,1,1,100.00%,0,0.00%,1,1,100.00%,0,0.00%,1,0,$0.00,1,0.00%,0,0,$0.00,0,0.00%,0,0,0,$0.00,$0.00,$0.00,$0.00,$0.00,$0.00,$0.00,$0.00,$0.00,$0.00,0.00%,0,0.00%,$0.00,0.00%,0,0.00%,$0.00,0.00%,0,0.00%,$0.00,0.00%,0,0.00%,$0.00,0.00%,$0.00,$0.20,$0.00,$0.00,$0.00,$0.00,0.00%,$0.00,0.00%,$0.00,0.00%,$0.20,0.00%,$-0.20,0.00%
"30 - N2R2_RM_30_PRIOR_SYN_UniquePlusLLC_0277_75K",1,"Steambow M10 Tactical","DP1 V3",Visa,Tuesday,441281,1,0,0.00%,1,100.00%,1,0,0.00%,1,100.00%,1,1,$12.89,0,100.00%,0,0,$0.00,0,0.00%,1,1,1,$12.89,$0.00,$0.00,$12.89,$0.00,$0.00,$12.89,$0.00,$12.89,$0.00,0.00%,0,0.00%,$0.00,0.00%,0,0.00%,$0.00,0.00%,0,0.00%,$0.00,0.00%,0,0.00%,$0.00,0.00%,$12.89,$0.84,$0.00,$0.00,$0.00,$0.00,0.00%,$0.00,0.00%,$0.00,0.00%,$0.84,6.52%,$12.05,93.48%
"31 - zCLOSED_N2_RM_31_APPS_SYN_SpecifiConLLC_0807_50K",1,"5 Domestic flights","DP1 V3",Mastercard,Tuesday,557567,1,1,100.00%,0,0.00%,1,1,100.00%,0,0.00%,1,0,$0.00,1,0.00%,0,0,$0.00,0,0.00%,0,0,0,$0.00,$0.00,$0.00,$0.00,$0.00,$0.00,$0.00,$0.00,$0.00,$0.00,0.00%,0,0.00%,$0.00,0.00%,0,0.00%,$0.00,0.00%,0,0.00%,$0.00,0.00%,0,0.00%,$0.00,0.00%,$0.00,$0.20,$0.00,$0.00,$0.00,$0.00,0.00%,$0.00,0.00%,$0.00,0.00%,$0.20,0.00%,$-0.20,0.00%
"31 - zCLOSED_N2_RM_31_APPS_SYN_SpecifiConLLC_0807_50K",1,"5 Domestic flights","DP1 V3",Visa,Tuesday,410040,1,0,0.00%,1,100.00%,1,0,0.00%,1,100.00%,1,1,$12.89,0,100.00%,0,0,$0.00,0,0.00%,1,1,1,$12.89,$0.00,$0.00,$12.89,$0.00,$0.00,$12.89,$0.00,$12.89,$0.00,0.00%,0,0.00%,$0.00,0.00%,0,0.00%,$0.00,0.00%,0,0.00%,$0.00,0.00%,0,0.00%,$0.00,0.00%,$12.89,$0.84,$0.00,$0.00,$0.00,$0.00,0.00%,$0.00,0.00%,$0.00,0.00%,$0.84,6.52%,$12.05,93.48%
"31 - zCLOSED_N2_RM_31_APPS_SYN_SpecifiConLLC_0807_50K",1,"BOGG Bag","DP1 V3",Visa,Tuesday,426456,1,1,100.00%,0,0.00%,1,1,100.00%,0,0.00%,1,0,$0.00,1,0.00%,0,0,$0.00,0,0.00%,0,0,0,$0.00,$0.00,$0.00,$0.00,$0.00,$0.00,$0.00,$0.00,$0.00,$0.00,0.00%,0,0.00%,$0.00,0.00%,0,0.00%,$0.00,0.00%,0,0.00%,$0.00,0.00%,0,0.00%,$0.00,0.00%,$0.00,$0.20,$0.00,$0.00,$0.00,$0.00,0.00%,$0.00,0.00%,$0.00,0.00%,$0.20,0.00%,$-0.20,0.00%
"31 - zCLOSED_N2_RM_31_APPS_SYN_SpecifiConLLC_0807_50K",1,"Coors Light Tailgate Bundle","DP1 V3",Visa,Tuesday,416046,1,1,100.00%,0,0.00%,1,1,100.00%,0,0.00%,1,0,$0.00,1,0.00%,0,0,$0.00,0,0.00%,0,0,0,$0.00,$0.00,$0.00,$0.00,$0.00,$0.00,$0.00,$0.00,$0.00,$0.00,0.00%,0,0.00%,$0.00,0.00%,0,0.00%,$0.00,0.00%,0,0.00%,$0.00,0.00%,0,0.00%,$0.00,0.00%,$0.00,$0.20,$0.00,$0.00,$0.00,$0.00,0.00%,$0.00,0.00%,$0.00,0.00%,$0.20,0.00%,$-0.20,0.00%
"31 - zCLOSED_N2_RM_31_APPS_SYN_SpecifiConLLC_0807_50K",1,"Harley Davidson Evo Helmet","DP1 V3",Mastercard,Tuesday,524547,1,1,100.00%,0,0.00%,1,1,100.00%,0,0.00%,1,0,$0.00,1,0.00%,0,0,$0.00,0,0.00%,0,0,0,$0.00,$0.00,$0.00,$0.00,$0.00,$0.00,$0.00,$0.00,$0.00,$0.00,0.00%,0,0.00%,$0.00,0.00%,0,0.00%,$0.00,0.00%,0,0.00%,$0.00,0.00%,0,0.00%,$0.00,0.00%,$0.00,$0.20,$0.00,$0.00,$0.00,$0.00,0.00%,$0.00,0.00%,$0.00,0.00%,$0.20,0.00%,$-0.20,0.00%
"31 - zCLOSED_N2_RM_31_APPS_SYN_SpecifiConLLC_0807_50K",1,"Harley Davidson Evo Helmet","DP1 V3",Visa,Tuesday,425808,1,1,100.00%,0,0.00%,1,1,100.00%,0,0.00%,1,0,$0.00,1,0.00%,0,0,$0.00,0,0.00%,0,0,0,$0.00,$0.00,$0.00,$0.00,$0.00,$0.00,$0.00,$0.00,$0.00,$0.00,0.00%,0,0.00%,$0.00,0.00%,0,0.00%,$0.00,0.00%,0,0.00%,$0.00,0.00%,0,0.00%,$0.00,0.00%,$0.00,$0.20,$0.00,$0.00,$0.00,$0.00,0.00%,$0.00,0.00%,$0.00,0.00%,$0.20,0.00%,$-0.20,0.00%
"31 - zCLOSED_N2_RM_31_APPS_SYN_SpecifiConLLC_0807_50K",1,"Harley Davidson Evo Helmet","DP1 V3",Visa,Tuesday,435983,1,1,100.00%,0,0.00%,1,1,100.00%,0,0.00%,1,0,$0.00,1,0.00%,0,0,$0.00,0,0.00%,0,0,0,$0.00,$0.00,$0.00,$0.00,$0.00,$0.00,$0.00,$0.00,$0.00,$0.00,0.00%,0,0.00%,$0.00,0.00%,0,0.00%,$0.00,0.00%,0,0.00%,$0.00,0.00%,0,0.00%,$0.00,0.00%,$0.00,$0.20,$0.00,$0.00,$0.00,$0.00,0.00%,$0.00,0.00%,$0.00,0.00%,$0.20,0.00%,$-0.20,0.00%
"31 - zCLOSED_N2_RM_31_APPS_SYN_SpecifiConLLC_0807_50K",1,"Harley Davidson Evo Helmet","DP1 V3",Visa,Tuesday,445203,1,1,100.00%,0,0.00%,1,1,100.00%,0,0.00%,1,0,$0.00,1,0.00%,0,0,$0.00,0,0.00%,0,0,0,$0.00,$0.00,$0.00,$0.00,$0.00,$0.00,$0.00,$0.00,$0.00,$0.00,0.00%,0,0.00%,$0.00,0.00%,0,0.00%,$0.00,0.00%,0,0.00%,$0.00,0.00%,0,0.00%,$0.00,0.00%,$0.00,$0.20,$0.00,$0.00,$0.00,$0.00,0.00%,$0.00,0.00%,$0.00,0.00%,$0.20,0.00%,$-0.20,0.00%
"31 - zCLOSED_N2_RM_31_APPS_SYN_SpecifiConLLC_0807_50K",1,"Harley Davidson Evo Helmet","DP1 V3",Visa,Tuesday,473702,1,1,100.00%,0,0.00%,1,1,100.00%,0,0.00%,1,0,$0.00,1,0.00%,0,0,$0.00,0,0.00%,0,0,0,$0.00,$0.00,$0.00,$0.00,$0.00,$0.00,$0.00,$0.00,$0.00,$0.00,0.00%,0,0.00%,$0.00,0.00%,0,0.00%,$0.00,0.00%,0,0.00%,$0.00,0.00%,0,0.00%,$0.00,0.00%,$0.00,$0.20,$0.00,$0.00,$0.00,$0.00,0.00%,$0.00,0.00%,$0.00,0.00%,$0.20,0.00%,$-0.20,0.00%
"31 - zCLOSED_N2_RM_31_APPS_SYN_SpecifiConLLC_0807_50K",1,"Harley Davidson Tailgate Bundle","DP1 V3",Mastercard,Tuesday,544927,1,1,100.00%,0,0.00%,1,1,100.00%,0,0.00%,1,0,$0.00,1,0.00%,0,0,$0.00,0,0.00%,0,0,0,$0.00,$0.00,$0.00,$0.00,$0.00,$0.00,$0.00,$0.00,$0.00,$0.00,0.00%,0,0.00%,$0.00,0.00%,0,0.00%,$0.00,0.00%,0,0.00%,$0.00,0.00%,0,0.00%,$0.00,0.00%,$0.00,$0.20,$0.00,$0.00,$0.00,$0.00,0.00%,$0.00,0.00%,$0.00,0.00%,$0.20,0.00%,$-0.20,0.00%
"31 - zCLOSED_N2_RM_31_APPS_SYN_SpecifiConLLC_0807_50K",1,"Harley Davidson Tailgate Bundle","DP1 V3",Visa,Tuesday,410881,1,1,100.00%,0,0.00%,1,1,100.00%,0,0.00%,1,0,$0.00,1,0.00%,0,0,$0.00,0,0.00%,0,0,0,$0.00,$0.00,$0.00,$0.00,$0.00,$0.00,$0.00,$0.00,$0.00,$0.00,0.00%,0,0.00%,$0.00,0.00%,0,0.00%,$0.00,0.00%,0,0.00%,$0.00,0.00%,0,0.00%,$0.00,0.00%,$0.00,$0.20,$0.00,$0.00,$0.00,$0.00,0.00%,$0.00,0.00%,$0.00,0.00%,$0.20,0.00%,$-0.20,0.00%
"31 - zCLOSED_N2_RM_31_APPS_SYN_SpecifiConLLC_0807_50K",1,"Miller Lite Tailgate Combo Pack","DP1 V3",Mastercard,Tuesday,559136,1,1,100.00%,0,0.00%,1,1,100.00%,0,0.00%,1,0,$0.00,1,0.00%,0,0,$0.00,0,0.00%,0,0,0,$0.00,$0.00,$0.00,$0.00,$0.00,$0.00,$0.00,$0.00,$0.00,$0.00,0.00%,0,0.00%,$0.00,0.00%,0,0.00%,$0.00,0.00%,0,0.00%,$0.00,0.00%,0,0.00%,$0.00,0.00%,$0.00,$0.20,$0.00,$0.00,$0.00,$0.00,0.00%,$0.00,0.00%,$0.00,0.00%,$0.20,0.00%,$-0.20,0.00%
"31 - zCLOSED_N2_RM_31_APPS_SYN_SpecifiConLLC_0807_50K",1,"Miller Lite Tailgate Combo Pack","DP1 V3",Visa,Tuesday,434769,1,0,0.00%,1,100.00%,1,0,0.00%,1,100.00%,1,1,$12.89,0,100.00%,0,0,$0.00,0,0.00%,1,1,1,$12.89,$0.00,$0.00,$12.89,$0.00,$0.00,$12.89,$0.00,$12.89,$0.00,0.00%,0,0.00%,$0.00,0.00%,0,0.00%,$0.00,0.00%,0,0.00%,$0.00,0.00%,0,0.00%,$0.00,0.00%,$12.89,$0.84,$0.00,$0.00,$0.00,$0.00,0.00%,$0.00,0.00%,$0.00,0.00%,$0.84,6.52%,$12.05,93.48%
"31 - zCLOSED_N2_RM_31_APPS_SYN_SpecifiConLLC_0807_50K",1,"Miller Lite Tailgate Combo Pack","DP1 V3",Visa,Tuesday,451336,1,1,100.00%,0,0.00%,1,1,100.00%,0,0.00%,1,0,$0.00,1,0.00%,0,0,$0.00,0,0.00%,0,0,0,$0.00,$0.00,$0.00,$0.00,$0.00,$0.00,$0.00,$0.00,$0.00,$0.00,0.00%,0,0.00%,$0.00,0.00%,0,0.00%,$0.00,0.00%,0,0.00%,$0.00,0.00%,0,0.00%,$0.00,0.00%,$0.00,$0.20,$0.00,$0.00,$0.00,$0.00,0.00%,$0.00,0.00%,$0.00,0.00%,$0.20,0.00%,$-0.20,0.00%
"31 - zCLOSED_N2_RM_31_APPS_SYN_SpecifiConLLC_0807_50K",1,"MoJack Mower Deck Lift","DP1 V3",Visa,Tuesday,410040,1,0,0.00%,1,100.00%,1,0,0.00%,1,100.00%,1,1,$12.89,0,100.00%,0,0,$0.00,0,0.00%,1,1,1,$12.89,$0.00,$0.00,$12.89,$0.00,$0.00,$12.89,$0.00,$12.89,$0.00,0.00%,0,0.00%,$0.00,0.00%,0,0.00%,$0.00,0.00%,0,0.00%,$0.00,0.00%,0,0.00%,$0.00,0.00%,$12.89,$0.84,$0.00,$0.00,$0.00,$0.00,0.00%,$0.00,0.00%,$0.00,0.00%,$0.84,6.52%,$12.05,93.48%
"31 - zCLOSED_N2_RM_31_APPS_SYN_SpecifiConLLC_0807_50K",1,"Steambow M10 Tactical","DP1 V3",Mastercard,Tuesday,515676,1,0,0.00%,1,100.00%,1,0,0.00%,1,100.00%,1,1,$12.89,0,100.00%,0,0,$0.00,0,0.00%,1,1,1,$12.89,$0.00,$0.00,$12.89,$0.00,$0.00,$12.89,$0.00,$12.89,$12.89,100.00%,0,0.00%,$0.00,0.00%,0,0.00%,$0.00,0.00%,0,0.00%,$0.00,0.00%,1,100.00%,$12.89,100.00%,$0.00,$0.84,$0.00,$0.00,$0.00,$0.00,0.00%,$0.00,0.00%,$0.00,0.00%,$0.84,6.52%,$-0.84,-6.52%
"31 - zCLOSED_N2_RM_31_APPS_SYN_SpecifiConLLC_0807_50K",1,"Steambow M10 Tactical","DP1 V3",Visa,Tuesday,425808,1,1,100.00%,0,0.00%,1,1,100.00%,0,0.00%,1,0,$0.00,1,0.00%,0,0,$0.00,0,0.00%,0,0,0,$0.00,$0.00,$0.00,$0.00,$0.00,$0.00,$0.00,$0.00,$0.00,$0.00,0.00%,0,0.00%,$0.00,0.00%,0,0.00%,$0.00,0.00%,0,0.00%,$0.00,0.00%,0,0.00%,$0.00,0.00%,$0.00,$0.20,$0.00,$0.00,$0.00,$0.00,0.00%,$0.00,0.00%,$0.00,0.00%,$0.20,0.00%,$-0.20,0.00%
"31 - zCLOSED_N2_RM_31_APPS_SYN_SpecifiConLLC_0807_50K",1,"Steambow M10 Tactical","DP1 V3",Visa,Tuesday,434258,1,1,100.00%,0,0.00%,1,1,100.00%,0,0.00%,1,0,$0.00,1,0.00%,0,0,$0.00,0,0.00%,0,0,0,$0.00,$0.00,$0.00,$0.00,$0.00,$0.00,$0.00,$0.00,$0.00,$0.00,0.00%,0,0.00%,$0.00,0.00%,0,0.00%,$0.00,0.00%,0,0.00%,$0.00,0.00%,0,0.00%,$0.00,0.00%,$0.00,$0.20,$0.00,$0.00,$0.00,$0.00,0.00%,$0.00,0.00%,$0.00,0.00%,$0.20,0.00%,$-0.20,0.00%
"31 - zCLOSED_N2_RM_31_APPS_SYN_SpecifiConLLC_0807_50K",1,"Stihl ZeroTurn Lawn Mower","DP1 V3",Mastercard,Tuesday,521333,1,1,100.00%,0,0.00%,1,1,100.00%,0,0.00%,1,0,$0.00,1,0.00%,0,0,$0.00,0,0.00%,0,0,0,$0.00,$0.00,$0.00,$0.00,$0.00,$0.00,$0.00,$0.00,$0.00,$0.00,0.00%,0,0.00%,$0.00,0.00%,0,0.00%,$0.00,0.00%,0,0.00%,$0.00,0.00%,0,0.00%,$0.00,0.00%,$0.00,$0.20,$0.00,$0.00,$0.00,$0.00,0.00%,$0.00,0.00%,$0.00,0.00%,$0.20,0.00%,$-0.20,0.00%
"32 - zCLOSED_N2R2_RM_32_APPS_SYN_SpecifiConLLC_4247_50K",1,"BOGG Bag","DP1 V3",Mastercard,Tuesday,541071,1,1,100.00%,0,0.00%,1,1,100.00%,0,0.00%,1,0,$0.00,1,0.00%,0,0,$0.00,0,0.00%,0,0,0,$0.00,$0.00,$0.00,$0.00,$0.00,$0.00,$0.00,$0.00,$0.00,$0.00,0.00%,0,0.00%,$0.00,0.00%,0,0.00%,$0.00,0.00%,0,0.00%,$0.00,0.00%,0,0.00%,$0.00,0.00%,$0.00,$0.20,$0.00,$0.00,$0.00,$0.00,0.00%,$0.00,0.00%,$0.00,0.00%,$0.20,0.00%,$-0.20,0.00%
"32 - zCLOSED_N2R2_RM_32_APPS_SYN_SpecifiConLLC_4247_50K",1,"BOGG Bag","DP1 V3",Mastercard,Tuesday,541182,1,0,0.00%,1,100.00%,1,0,0.00%,1,100.00%,1,1,$12.89,0,100.00%,0,0,$0.00,0,0.00%,1,1,1,$12.89,$0.00,$0.00,$12.89,$0.00,$0.00,$12.89,$0.00,$12.89,$0.00,0.00%,0,0.00%,$0.00,0.00%,0,0.00%,$0.00,0.00%,0,0.00%,$0.00,0.00%,0,0.00%,$0.00,0.00%,$12.89,$0.84,$0.00,$0.00,$0.00,$0.00,0.00%,$0.00,0.00%,$0.00,0.00%,$0.84,6.52%,$12.05,93.48%
"32 - zCLOSED_N2R2_RM_32_APPS_SYN_SpecifiConLLC_4247_50K",1,"Harley Davidson Evo Helmet","DP1 V3",Mastercard,Tuesday,521991,1,1,100.00%,0,0.00%,1,1,100.00%,0,0.00%,1,0,$0.00,1,0.00%,0,0,$0.00,0,0.00%,0,0,0,$0.00,$0.00,$0.00,$0.00,$0.00,$0.00,$0.00,$0.00,$0.00,$0.00,0.00%,0,0.00%,$0.00,0.00%,0,0.00%,$0.00,0.00%,0,0.00%,$0.00,0.00%,0,0.00%,$0.00,0.00%,$0.00,$0.20,$0.00,$0.00,$0.00,$0.00,0.00%,$0.00,0.00%,$0.00,0.00%,$0.20,0.00%,$-0.20,0.00%
"32 - zCLOSED_N2R2_RM_32_APPS_SYN_SpecifiConLLC_4247_50K",1,"Harley Davidson Evo Helmet","DP1 V3",Visa,Tuesday,434258,1,1,100.00%,0,0.00%,1,1,100.00%,0,0.00%,1,0,$0.00,1,0.00%,0,0,$0.00,0,0.00%,0,0,0,$0.00,$0.00,$0.00,$0.00,$0.00,$0.00,$0.00,$0.00,$0.00,$0.00,0.00%,0,0.00%,$0.00,0.00%,0,0.00%,$0.00,0.00%,0,0.00%,$0.00,0.00%,0,0.00%,$0.00,0.00%,$0.00,$0.20,$0.00,$0.00,$0.00,$0.00,0.00%,$0.00,0.00%,$0.00,0.00%,$0.20,0.00%,$-0.20,0.00%
"32 - zCLOSED_N2R2_RM_32_APPS_SYN_SpecifiConLLC_4247_50K",1,"Harley Davidson Tailgate Bundle","DP1 V3",Mastercard,Tuesday,552342,1,1,100.00%,0,0.00%,1,1,100.00%,0,0.00%,1,0,$0.00,1,0.00%,0,0,$0.00,0,0.00%,0,0,0,$0.00,$0.00,$0.00,$0.00,$0.00,$0.00,$0.00,$0.00,$0.00,$0.00,0.00%,0,0.00%,$0.00,0.00%,0,0.00%,$0.00,0.00%,0,0.00%,$0.00,0.00%,0,0.00%,$0.00,0.00%,$0.00,$0.20,$0.00,$0.00,$0.00,$0.00,0.00%,$0.00,0.00%,$0.00,0.00%,$0.20,0.00%,$-0.20,0.00%
"32 - zCLOSED_N2R2_RM_32_APPS_SYN_SpecifiConLLC_4247_50K",1,"Harley Davidson Tailgate Bundle","DP1 V3",Visa,Tuesday,449507,1,1,100.00%,0,0.00%,1,1,100.00%,0,0.00%,1,0,$0.00,1,0.00%,0,0,$0.00,0,0.00%,0,0,0,$0.00,$0.00,$0.00,$0.00,$0.00,$0.00,$0.00,$0.00,$0.00,$0.00,0.00%,0,0.00%,$0.00,0.00%,0,0.00%,$0.00,0.00%,0,0.00%,$0.00,0.00%,0,0.00%,$0.00,0.00%,$0.00,$0.20,$0.00,$0.00,$0.00,$0.00,0.00%,$0.00,0.00%,$0.00,0.00%,$0.20,0.00%,$-0.20,0.00%
"32 - zCLOSED_N2R2_RM_32_APPS_SYN_SpecifiConLLC_4247_50K",1,"Harley Davidson Tailgate Bundle","DP1 V3",Visa,Tuesday,458453,1,1,100.00%,0,0.00%,1,1,100.00%,0,0.00%,1,0,$0.00,1,0.00%,0,0,$0.00,0,0.00%,0,0,0,$0.00,$0.00,$0.00,$0.00,$0.00,$0.00,$0.00,$0.00,$0.00,$0.00,0.00%,0,0.00%,$0.00,0.00%,0,0.00%,$0.00,0.00%,0,0.00%,$0.00,0.00%,0,0.00%,$0.00,0.00%,$0.00,$0.20,$0.00,$0.00,$0.00,$0.00,0.00%,$0.00,0.00%,$0.00,0.00%,$0.20,0.00%,$-0.20,0.00%
"33 - zCLOSED_N2_RM_33_APPS_SYN_SpecifiConLLC_6139_50K",1,"5 Domestic flights","DP1 V3",Visa,Tuesday,461046,1,0,0.00%,1,100.00%,1,0,0.00%,1,100.00%,1,1,$12.89,0,100.00%,0,0,$0.00,0,0.00%,1,1,1,$12.89,$0.00,$0.00,$12.89,$0.00,$0.00,$12.89,$0.00,$12.89,$0.00,0.00%,0,0.00%,$0.00,0.00%,0,0.00%,$0.00,0.00%,0,0.00%,$0.00,0.00%,0,0.00%,$0.00,0.00%,$12.89,$0.84,$0.00,$0.00,$0.00,$0.00,0.00%,$0.00,0.00%,$0.00,0.00%,$0.84,6.52%,$12.05,93.48%
"33 - zCLOSED_N2_RM_33_APPS_SYN_SpecifiConLLC_6139_50K",1,"BOGG Bag","DP1 V3",Mastercard,Tuesday,514425,1,1,100.00%,0,0.00%,1,1,100.00%,0,0.00%,1,0,$0.00,1,0.00%,0,0,$0.00,0,0.00%,0,0,0,$0.00,$0.00,$0.00,$0.00,$0.00,$0.00,$0.00,$0.00,$0.00,$0.00,0.00%,0,0.00%,$0.00,0.00%,0,0.00%,$0.00,0.00%,0,0.00%,$0.00,0.00%,0,0.00%,$0.00,0.00%,$0.00,$0.20,$0.00,$0.00,$0.00,$0.00,0.00%,$0.00,0.00%,$0.00,0.00%,$0.20,0.00%,$-0.20,0.00%
"33 - zCLOSED_N2_RM_33_APPS_SYN_SpecifiConLLC_6139_50K",1,"Coors Light Tailgate Bundle","DP1 V3",Mastercard,Tuesday,546325,1,1,100.00%,0,0.00%,1,1,100.00%,0,0.00%,1,0,$0.00,1,0.00%,0,0,$0.00,0,0.00%,0,0,0,$0.00,$0.00,$0.00,$0.00,$0.00,$0.00,$0.00,$0.00,$0.00,$0.00,0.00%,0,0.00%,$0.00,0.00%,0,0.00%,$0.00,0.00%,0,0.00%,$0.00,0.00%,0,0.00%,$0.00,0.00%,$0.00,$0.20,$0.00,$0.00,$0.00,$0.00,0.00%,$0.00,0.00%,$0.00,0.00%,$0.20,0.00%,$-0.20,0.00%
"33 - zCLOSED_N2_RM_33_APPS_SYN_SpecifiConLLC_6139_50K",1,"Harley Davidson Evo Helmet","DP1 V3",Mastercard,Tuesday,518941,1,0,0.00%,1,100.00%,1,0,0.00%,1,100.00%,1,1,$12.89,0,100.00%,0,0,$0.00,0,0.00%,1,1,1,$12.89,$0.00,$0.00,$12.89,$0.00,$0.00,$12.89,$0.00,$12.89,$12.89,100.00%,0,0.00%,$0.00,0.00%,0,0.00%,$0.00,0.00%,0,0.00%,$0.00,0.00%,1,100.00%,$12.89,100.00%,$0.00,$0.84,$0.00,$0.00,$0.00,$0.00,0.00%,$0.00,0.00%,$0.00,0.00%,$0.84,6.52%,$-0.84,-6.52%
"33 - zCLOSED_N2_RM_33_APPS_SYN_SpecifiConLLC_6139_50K",1,"Harley Davidson Evo Helmet","DP1 V3",Visa,Tuesday,415715,1,0,0.00%,1,100.00%,1,0,0.00%,1,100.00%,1,1,$12.89,0,100.00%,0,0,$0.00,0,0.00%,1,1,1,$12.89,$0.00,$0.00,$12.89,$0.00,$0.00,$12.89,$0.00,$12.89,$0.00,0.00%,0,0.00%,$0.00,0.00%,0,0.00%,$0.00,0.00%,0,0.00%,$0.00,0.00%,0,0.00%,$0.00,0.00%,$12.89,$0.84,$0.00,$0.00,$0.00,$0.00,0.00%,$0.00,0.00%,$0.00,0.00%,$0.84,6.52%,$12.05,93.48%
"33 - zCLOSED_N2_RM_33_APPS_SYN_SpecifiConLLC_6139_50K",1,"Harley Davidson Tailgate Bundle","DP1 V3",Mastercard,Tuesday,551007,1,0,0.00%,1,100.00%,1,0,0.00%,1,100.00%,1,1,$12.89,0,100.00%,0,0,$0.00,0,0.00%,1,1,1,$12.89,$0.00,$0.00,$12.89,$0.00,$0.00,$12.89,$0.00,$12.89,$0.00,0.00%,0,0.00%,$0.00,0.00%,0,0.00%,$0.00,0.00%,0,0.00%,$0.00,0.00%,0,0.00%,$0.00,0.00%,$12.89,$0.84,$0.00,$0.00,$0.00,$0.00,0.00%,$0.00,0.00%,$0.00,0.00%,$0.84,6.52%,$12.05,93.48%
"33 - zCLOSED_N2_RM_33_APPS_SYN_SpecifiConLLC_6139_50K",1,"Miller Lite Tailgate Combo Pack","DP1 V3",Mastercard,Tuesday,549806,1,1,100.00%,0,0.00%,1,1,100.00%,0,0.00%,1,0,$0.00,1,0.00%,0,0,$0.00,0,0.00%,0,0,0,$0.00,$0.00,$0.00,$0.00,$0.00,$0.00,$0.00,$0.00,$0.00,$0.00,0.00%,0,0.00%,$0.00,0.00%,0,0.00%,$0.00,0.00%,0,0.00%,$0.00,0.00%,0,0.00%,$0.00,0.00%,$0.00,$0.20,$0.00,$0.00,$0.00,$0.00,0.00%,$0.00,0.00%,$0.00,0.00%,$0.20,0.00%,$-0.20,0.00%
"33 - zCLOSED_N2_RM_33_APPS_SYN_SpecifiConLLC_6139_50K",1,"Miller Lite Tailgate Combo Pack","DP1 V3",Visa,Tuesday,400022,1,0,0.00%,1,100.00%,1,0,0.00%,1,100.00%,1,1,$12.89,0,100.00%,0,0,$0.00,0,0.00%,1,1,1,$12.89,$0.00,$0.00,$12.89,$0.00,$0.00,$12.89,$0.00,$12.89,$12.89,100.00%,0,0.00%,$0.00,0.00%,0,0.00%,$0.00,0.00%,0,0.00%,$0.00,0.00%,1,100.00%,$12.89,100.00%,$0.00,$0.84,$0.00,$0.00,$0.00,$0.00,0.00%,$0.00,0.00%,$0.00,0.00%,$0.84,6.52%,$-0.84,-6.52%
"33 - zCLOSED_N2_RM_33_APPS_SYN_SpecifiConLLC_6139_50K",1,"Steambow M10 Tactical","DP1 V3",Visa,Tuesday,400022,1,0,0.00%,1,100.00%,1,0,0.00%,1,100.00%,1,1,$12.89,0,100.00%,0,0,$0.00,0,0.00%,1,1,1,$12.89,$0.00,$0.00,$12.89,$0.00,$0.00,$12.89,$0.00,$12.89,$0.00,0.00%,0,0.00%,$0.00,0.00%,0,0.00%,$0.00,0.00%,0,0.00%,$0.00,0.00%,0,0.00%,$0.00,0.00%,$12.89,$0.84,$0.00,$0.00,$0.00,$0.00,0.00%,$0.00,0.00%,$0.00,0.00%,$0.84,6.52%,$12.05,93.48%
"34 - N2R2_RM_34_NET_ESQ_BrightAdvantageLLC_5798_55K",1,"Harley Davidson Evo Helmet","DP1 V3",Visa,Tuesday,425404,1,1,100.00%,0,0.00%,1,1,100.00%,0,0.00%,1,0,$0.00,1,0.00%,0,0,$0.00,0,0.00%,0,0,0,$0.00,$0.00,$0.00,$0.00,$0.00,$0.00,$0.00,$0.00,$0.00,$0.00,0.00%,0,0.00%,$0.00,0.00%,0,0.00%,$0.00,0.00%,0,0.00%,$0.00,0.00%,0,0.00%,$0.00,0.00%,$0.00,$0.20,$0.00,$0.00,$0.00,$0.00,0.00%,$0.00,0.00%,$0.00,0.00%,$0.20,0.00%,$-0.20,0.00%
"34 - N2R2_RM_34_NET_ESQ_BrightAdvantageLLC_5798_55K",1,"Harley Davidson Tailgate Bundle","DP1 V3",Mastercard,Tuesday,521979,1,0,0.00%,1,100.00%,1,0,0.00%,1,100.00%,1,1,$12.89,0,100.00%,0,0,$0.00,0,0.00%,1,1,1,$12.89,$0.00,$0.00,$12.89,$0.00,$0.00,$12.89,$0.00,$12.89,$0.00,0.00%,0,0.00%,$0.00,0.00%,0,0.00%,$0.00,0.00%,0,0.00%,$0.00,0.00%,0,0.00%,$0.00,0.00%,$12.89,$0.84,$0.00,$0.00,$0.00,$0.00,0.00%,$0.00,0.00%,$0.00,0.00%,$0.84,6.52%,$12.05,93.48%
"34 - N2R2_RM_34_NET_ESQ_BrightAdvantageLLC_5798_55K",1,"Harley Davidson Tailgate Bundle","DP1 V3",Visa,Tuesday,474665,1,1,100.00%,0,0.00%,1,1,100.00%,0,0.00%,1,0,$0.00,1,0.00%,0,0,$0.00,0,0.00%,0,0,0,$0.00,$0.00,$0.00,$0.00,$0.00,$0.00,$0.00,$0.00,$0.00,$0.00,0.00%,0,0.00%,$0.00,0.00%,0,0.00%,$0.00,0.00%,0,0.00%,$0.00,0.00%,0,0.00%,$0.00,0.00%,$0.00,$0.20,$0.00,$0.00,$0.00,$0.00,0.00%,$0.00,0.00%,$0.00,0.00%,$0.20,0.00%,$-0.20,0.00%
"35 - NR1_RM_35_NET_ESQ_BrightAdvantageLLC_7570_75K",1,"Harley Davidson Evo Helmet","DP1 V3",Visa,Tuesday,400022,1,0,0.00%,1,100.00%,1,0,0.00%,1,100.00%,1,1,$12.89,0,100.00%,0,0,$0.00,0,0.00%,1,1,1,$12.89,$0.00,$0.00,$12.89,$0.00,$0.00,$12.89,$0.00,$12.89,$12.89,100.00%,0,0.00%,$0.00,0.00%,0,0.00%,$0.00,0.00%,0,0.00%,$0.00,0.00%,1,100.00%,$12.89,100.00%,$0.00,$0.84,$0.00,$0.00,$0.00,$0.00,0.00%,$0.00,0.00%,$0.00,0.00%,$0.84,6.52%,$-0.84,-6.52%
"35 - NR1_RM_35_NET_ESQ_BrightAdvantageLLC_7570_75K",1,"Harley Davidson Tailgate Bundle","DP1 V3",Mastercard,Tuesday,515676,1,0,0.00%,1,100.00%,1,0,0.00%,1,100.00%,1,1,$12.89,0,100.00%,0,0,$0.00,0,0.00%,1,1,1,$12.89,$0.00,$0.00,$12.89,$0.00,$0.00,$12.89,$0.00,$12.89,$12.89,100.00%,0,0.00%,$0.00,0.00%,0,0.00%,$0.00,0.00%,0,0.00%,$0.00,0.00%,1,100.00%,$12.89,100.00%,$0.00,$0.84,$0.00,$0.00,$0.00,$0.00,0.00%,$0.00,0.00%,$0.00,0.00%,$0.84,6.52%,$-0.84,-6.52%
"35 - NR1_RM_35_NET_ESQ_BrightAdvantageLLC_7570_75K",1,"Harley Davidson Tailgate Bundle","DP1 V3",Visa,Tuesday,410881,1,1,100.00%,0,0.00%,1,1,100.00%,0,0.00%,1,0,$0.00,1,0.00%,0,0,$0.00,0,0.00%,0,0,0,$0.00,$0.00,$0.00,$0.00,$0.00,$0.00,$0.00,$0.00,$0.00,$0.00,0.00%,0,0.00%,$0.00,0.00%,0,0.00%,$0.00,0.00%,0,0.00%,$0.00,0.00%,0,0.00%,$0.00,0.00%,$0.00,$0.20,$0.00,$0.00,$0.00,$0.00,0.00%,$0.00,0.00%,$0.00,0.00%,$0.20,0.00%,$-0.20,0.00%
"35 - NR1_RM_35_NET_ESQ_BrightAdvantageLLC_7570_75K",1,"Harley Davidson Tailgate Bundle","DP1 V3",Visa,Tuesday,476516,1,1,100.00%,0,0.00%,1,1,100.00%,0,0.00%,1,0,$0.00,1,0.00%,0,0,$0.00,0,0.00%,0,0,0,$0.00,$0.00,$0.00,$0.00,$0.00,$0.00,$0.00,$0.00,$0.00,$0.00,0.00%,0,0.00%,$0.00,0.00%,0,0.00%,$0.00,0.00%,0,0.00%,$0.00,0.00%,0,0.00%,$0.00,0.00%,$0.00,$0.20,$0.00,$0.00,$0.00,$0.00,0.00%,$0.00,0.00%,$0.00,0.00%,$0.20,0.00%,$-0.20,0.00%
"35 - NR1_RM_35_NET_ESQ_BrightAdvantageLLC_7570_75K",1,"Harley Davidson Tailgate Bundle","DP1 V3",Visa,Tuesday,483312,1,1,100.00%,0,0.00%,1,1,100.00%,0,0.00%,1,0,$0.00,1,0.00%,0,0,$0.00,0,0.00%,0,0,0,$0.00,$0.00,$0.00,$0.00,$0.00,$0.00,$0.00,$0.00,$0.00,$0.00,0.00%,0,0.00%,$0.00,0.00%,0,0.00%,$0.00,0.00%,0,0.00%,$0.00,0.00%,0,0.00%,$0.00,0.00%,$0.00,$0.20,$0.00,$0.00,$0.00,$0.00,0.00%,$0.00,0.00%,$0.00,0.00%,$0.20,0.00%,$-0.20,0.00%
"36 - N12_RM_36_PRIOR_SYN_UniquePlusLLC_9803_75K",1,"BOGG Bag","DP1 V3",Mastercard,Tuesday,546041,1,1,100.00%,0,0.00%,1,1,100.00%,0,0.00%,1,0,$0.00,1,0.00%,0,0,$0.00,0,0.00%,0,0,0,$0.00,$0.00,$0.00,$0.00,$0.00,$0.00,$0.00,$0.00,$0.00,$0.00,0.00%,0,0.00%,$0.00,0.00%,0,0.00%,$0.00,0.00%,0,0.00%,$0.00,0.00%,0,0.00%,$0.00,0.00%,$0.00,$0.20,$0.00,$0.00,$0.00,$0.00,0.00%,$0.00,0.00%,$0.00,0.00%,$0.20,0.00%,$-0.20,0.00%
"36 - N12_RM_36_PRIOR_SYN_UniquePlusLLC_9803_75K",1,"Coors Light Tailgate Bundle","DP1 V3",Visa,Tuesday,419162,1,1,100.00%,0,0.00%,1,1,100.00%,0,0.00%,1,0,$0.00,1,0.00%,0,0,$0.00,0,0.00%,0,0,0,$0.00,$0.00,$0.00,$0.00,$0.00,$0.00,$0.00,$0.00,$0.00,$0.00,0.00%,0,0.00%,$0.00,0.00%,0,0.00%,$0.00,0.00%,0,0.00%,$0.00,0.00%,0,0.00%,$0.00,0.00%,$0.00,$0.20,$0.00,$0.00,$0.00,$0.00,0.00%,$0.00,0.00%,$0.00,0.00%,$0.20,0.00%,$-0.20,0.00%
"36 - N12_RM_36_PRIOR_SYN_UniquePlusLLC_9803_75K",1,"Harley Davidson Evo Helmet","DP1 V3",Mastercard,Tuesday,510594,1,0,0.00%,1,100.00%,1,0,0.00%,1,100.00%,1,1,$12.89,0,100.00%,0,0,$0.00,0,0.00%,1,1,1,$12.89,$0.00,$0.00,$12.89,$0.00,$0.00,$12.89,$0.00,$12.89,$0.00,0.00%,0,0.00%,$0.00,0.00%,0,0.00%,$0.00,0.00%,0,0.00%,$0.00,0.00%,0,0.00%,$0.00,0.00%,$12.89,$0.84,$0.00,$0.00,$0.00,$0.00,0.00%,$0.00,0.00%,$0.00,0.00%,$0.84,6.52%,$12.05,93.48%
"36 - N12_RM_36_PRIOR_SYN_UniquePlusLLC_9803_75K",1,"Harley Davidson Evo Helmet","DP1 V3",Mastercard,Tuesday,525362,1,1,100.00%,0,0.00%,1,1,100.00%,0,0.00%,1,0,$0.00,1,0.00%,0,0,$0.00,0,0.00%,0,0,0,$0.00,$0.00,$0.00,$0.00,$0.00,$0.00,$0.00,$0.00,$0.00,$0.00,0.00%,0,0.00%,$0.00,0.00%,0,0.00%,$0.00,0.00%,0,0.00%,$0.00,0.00%,0,0.00%,$0.00,0.00%,$0.00,$0.20,$0.00,$0.00,$0.00,$0.00,0.00%,$0.00,0.00%,$0.00,0.00%,$0.20,0.00%,$-0.20,0.00%
"36 - N12_RM_36_PRIOR_SYN_UniquePlusLLC_9803_75K",1,"Harley Davidson Evo Helmet","DP1 V3",Visa,Tuesday,408039,1,1,100.00%,0,0.00%,1,1,100.00%,0,0.00%,1,0,$0.00,1,0.00%,0,0,$0.00,0,0.00%,0,0,0,$0.00,$0.00,$0.00,$0.00,$0.00,$0.00,$0.00,$0.00,$0.00,$0.00,0.00%,0,0.00%,$0.00,0.00%,0,0.00%,$0.00,0.00%,0,0.00%,$0.00,0.00%,0,0.00%,$0.00,0.00%,$0.00,$0.20,$0.00,$0.00,$0.00,$0.00,0.00%,$0.00,0.00%,$0.00,0.00%,$0.20,0.00%,$-0.20,0.00%
"36 - N12_RM_36_PRIOR_SYN_UniquePlusLLC_9803_75K",1,"Harley Davidson Evo Helmet","DP1 V3",Visa,Tuesday,478662,1,1,100.00%,0,0.00%,1,1,100.00%,0,0.00%,1,0,$0.00,1,0.00%,0,0,$0.00,0,0.00%,0,0,0,$0.00,$0.00,$0.00,$0.00,$0.00,$0.00,$0.00,$0.00,$0.00,$0.00,0.00%,0,0.00%,$0.00,0.00%,0,0.00%,$0.00,0.00%,0,0.00%,$0.00,0.00%,0,0.00%,$0.00,0.00%,$0.00,$0.20,$0.00,$0.00,$0.00,$0.00,0.00%,$0.00,0.00%,$0.00,0.00%,$0.20,0.00%,$-0.20,0.00%
"36 - N12_RM_36_PRIOR_SYN_UniquePlusLLC_9803_75K",1,"Harley Davidson Tailgate Bundle","DP1 V3",Mastercard,Tuesday,531260,1,1,100.00%,0,0.00%,1,1,100.00%,0,0.00%,1,0,$0.00,1,0.00%,0,0,$0.00,0,0.00%,0,0,0,$0.00,$0.00,$0.00,$0.00,$0.00,$0.00,$0.00,$0.00,$0.00,$0.00,0.00%,0,0.00%,$0.00,0.00%,0,0.00%,$0.00,0.00%,0,0.00%,$0.00,0.00%,0,0.00%,$0.00,0.00%,$0.00,$0.20,$0.00,$0.00,$0.00,$0.00,0.00%,$0.00,0.00%,$0.00,0.00%,$0.20,0.00%,$-0.20,0.00%
"36 - N12_RM_36_PRIOR_SYN_UniquePlusLLC_9803_75K",1,"MoJack Mower Deck Lift","DP1 V3",Mastercard,Tuesday,515676,1,1,100.00%,0,0.00%,1,1,100.00%,0,0.00%,1,0,$0.00,1,0.00%,0,0,$0.00,0,0.00%,0,0,0,$0.00,$0.00,$0.00,$0.00,$0.00,$0.00,$0.00,$0.00,$0.00,$0.00,0.00%,0,0.00%,$0.00,0.00%,0,0.00%,$0.00,0.00%,0,0.00%,$0.00,0.00%,0,0.00%,$0.00,0.00%,$0.00,$0.20,$0.00,$0.00,$0.00,$0.00,0.00%,$0.00,0.00%,$0.00,0.00%,$0.20,0.00%,$-0.20,0.00%
"36 - N12_RM_36_PRIOR_SYN_UniquePlusLLC_9803_75K",1,"Tory Burch Tote Bag","DP1 V3",Mastercard,Tuesday,524038,1,1,100.00%,0,0.00%,1,1,100.00%,0,0.00%,1,0,$0.00,1,0.00%,0,0,$0.00,0,0.00%,0,0,0,$0.00,$0.00,$0.00,$0.00,$0.00,$0.00,$0.00,$0.00,$0.00,$0.00,0.00%,0,0.00%,$0.00,0.00%,0,0.00%,$0.00,0.00%,0,0.00%,$0.00,0.00%,0,0.00%,$0.00,0.00%,$0.00,$0.20,$0.00,$0.00,$0.00,$0.00,0.00%,$0.00,0.00%,$0.00,0.00%,$0.20,0.00%,$-0.20,0.00%
"37 - N1R12_RM_37_NET_ESQ_BrightAdvantageLLC_5780_75K",1,"BOGG Bag","DP1 V3",Visa,Tuesday,423980,1,0,0.00%,1,100.00%,1,0,0.00%,1,100.00%,1,1,$12.89,0,100.00%,0,0,$0.00,0,0.00%,1,1,1,$12.89,$0.00,$0.00,$12.89,$0.00,$0.00,$12.89,$0.00,$12.89,$0.00,0.00%,0,0.00%,$0.00,0.00%,0,0.00%,$0.00,0.00%,0,0.00%,$0.00,0.00%,0,0.00%,$0.00,0.00%,$12.89,$0.84,$0.00,$0.00,$0.00,$0.00,0.00%,$0.00,0.00%,$0.00,0.00%,$0.84,6.52%,$12.05,93.48%
"37 - N1R12_RM_37_NET_ESQ_BrightAdvantageLLC_5780_75K",1,"Harley Davidson Evo Helmet","DP1 V3",Visa,Tuesday,436618,1,0,0.00%,1,100.00%,1,0,0.00%,1,100.00%,1,1,$12.89,0,100.00%,0,0,$0.00,0,0.00%,1,1,1,$12.89,$0.00,$0.00,$12.89,$0.00,$0.00,$12.89,$0.00,$12.89,$0.00,0.00%,0,0.00%,$0.00,0.00%,0,0.00%,$0.00,0.00%,0,0.00%,$0.00,0.00%,0,0.00%,$0.00,0.00%,$12.89,$0.84,$0.00,$0.00,$0.00,$0.00,0.00%,$0.00,0.00%,$0.00,0.00%,$0.84,6.52%,$12.05,93.48%
"37 - N1R12_RM_37_NET_ESQ_BrightAdvantageLLC_5780_75K",1,"Stihl ZeroTurn Lawn Mower","DP1 V3",Visa,Tuesday,414740,1,0,0.00%,1,100.00%,1,0,0.00%,1,100.00%,1,1,$12.89,0,100.00%,0,0,$0.00,0,0.00%,1,1,1,$12.89,$0.00,$0.00,$12.89,$0.00,$0.00,$12.89,$0.00,$12.89,$0.00,0.00%,0,0.00%,$0.00,0.00%,0,0.00%,$0.00,0.00%,0,0.00%,$0.00,0.00%,0,0.00%,$0.00,0.00%,$12.89,$0.84,$0.00,$0.00,$0.00,$0.00,0.00%,$0.00,0.00%,$0.00,0.00%,$0.84,6.52%,$12.05,93.48%
"37 - N1R12_RM_37_NET_ESQ_BrightAdvantageLLC_5780_75K",1,"Tory Burch Tote Bag Blue","DP1 V3",Mastercard,Tuesday,517800,1,1,100.00%,0,0.00%,1,1,100.00%,0,0.00%,1,0,$0.00,1,0.00%,0,0,$0.00,0,0.00%,0,0,0,$0.00,$0.00,$0.00,$0.00,$0.00,$0.00,$0.00,$0.00,$0.00,$0.00,0.00%,0,0.00%,$0.00,0.00%,0,0.00%,$0.00,0.00%,0,0.00%,$0.00,0.00%,0,0.00%,$0.00,0.00%,$0.00,$0.20,$0.00,$0.00,$0.00,$0.00,0.00%,$0.00,0.00%,$0.00,0.00%,$0.20,0.00%,$-0.20,0.00%
"39 - N2R12_RM_39_NET_ESQ_BrightAdvantageLLC_0499_65K",1,"5 Domestic flights","DP1 V3",Mastercard,Tuesday,546236,1,0,0.00%,1,100.00%,1,0,0.00%,1,100.00%,1,1,$12.89,0,100.00%,0,0,$0.00,0,0.00%,1,1,1,$12.89,$0.00,$0.00,$12.89,$0.00,$0.00,$12.89,$0.00,$12.89,$0.00,0.00%,0,0.00%,$0.00,0.00%,0,0.00%,$0.00,0.00%,0,0.00%,$0.00,0.00%,0,0.00%,$0.00,0.00%,$12.89,$0.84,$0.00,$0.00,$0.00,$0.00,0.00%,$0.00,0.00%,$0.00,0.00%,$0.84,6.52%,$12.05,93.48%
"39 - N2R12_RM_39_NET_ESQ_BrightAdvantageLLC_0499_65K",1,"BOGG Bag","DP1 V3",Mastercard,Tuesday,542413,1,1,100.00%,0,0.00%,1,1,100.00%,0,0.00%,1,0,$0.00,1,0.00%,0,0,$0.00,0,0.00%,0,0,0,$0.00,$0.00,$0.00,$0.00,$0.00,$0.00,$0.00,$0.00,$0.00,$0.00,0.00%,0,0.00%,$0.00,0.00%,0,0.00%,$0.00,0.00%,0,0.00%,$0.00,0.00%,0,0.00%,$0.00,0.00%,$0.00,$0.20,$0.00,$0.00,$0.00,$0.00,0.00%,$0.00,0.00%,$0.00,0.00%,$0.20,0.00%,$-0.20,0.00%
"39 - N2R12_RM_39_NET_ESQ_BrightAdvantageLLC_0499_65K",1,"BOGG Bag","DP1 V3",Visa,Tuesday,403690,1,1,100.00%,0,0.00%,1,1,100.00%,0,0.00%,1,0,$0.00,1,0.00%,0,0,$0.00,0,0.00%,0,0,0,$0.00,$0.00,$0.00,$0.00,$0.00,$0.00,$0.00,$0.00,$0.00,$0.00,0.00%,0,0.00%,$0.00,0.00%,0,0.00%,$0.00,0.00%,0,0.00%,$0.00,0.00%,0,0.00%,$0.00,0.00%,$0.00,$0.20,$0.00,$0.00,$0.00,$0.00,0.00%,$0.00,0.00%,$0.00,0.00%,$0.20,0.00%,$-0.20,0.00%
"39 - N2R12_RM_39_NET_ESQ_BrightAdvantageLLC_0499_65K",1,"Coors Light Tailgate Bundle","DP1 V3",Mastercard,Tuesday,515676,1,1,100.00%,0,0.00%,1,1,100.00%,0,0.00%,1,0,$0.00,1,0.00%,0,0,$0.00,0,0.00%,0,0,0,$0.00,$0.00,$0.00,$0.00,$0.00,$0.00,$0.00,$0.00,$0.00,$0.00,0.00%,0,0.00%,$0.00,0.00%,0,0.00%,$0.00,0.00%,0,0.00%,$0.00,0.00%,0,0.00%,$0.00,0.00%,$0.00,$0.20,$0.00,$0.00,$0.00,$0.00,0.00%,$0.00,0.00%,$0.00,0.00%,$0.20,0.00%,$-0.20,0.00%
"39 - N2R12_RM_39_NET_ESQ_BrightAdvantageLLC_0499_65K",1,"Coors Light Tailgate Bundle","DP1 V3",Visa,Tuesday,434256,1,1,100.00%,0,0.00%,1,1,100.00%,0,0.00%,1,0,$0.00,1,0.00%,0,0,$0.00,0,0.00%,0,0,0,$0.00,$0.00,$0.00,$0.00,$0.00,$0.00,$0.00,$0.00,$0.00,$0.00,0.00%,0,0.00%,$0.00,0.00%,0,0.00%,$0.00,0.00%,0,0.00%,$0.00,0.00%,0,0.00%,$0.00,0.00%,$0.00,$0.20,$0.00,$0.00,$0.00,$0.00,0.00%,$0.00,0.00%,$0.00,0.00%,$0.20,0.00%,$-0.20,0.00%
"39 - N2R12_RM_39_NET_ESQ_BrightAdvantageLLC_0499_65K",1,"Harley Davidson Evo Helmet","DP1 V3",Mastercard,Tuesday,527515,1,1,100.00%,0,0.00%,1,1,100.00%,0,0.00%,1,0,$0.00,1,0.00%,0,0,$0.00,0,0.00%,0,0,0,$0.00,$0.00,$0.00,$0.00,$0.00,$0.00,$0.00,$0.00,$0.00,$0.00,0.00%,0,0.00%,$0.00,0.00%,0,0.00%,$0.00,0.00%,0,0.00%,$0.00,0.00%,0,0.00%,$0.00,0.00%,$0.00,$0.20,$0.00,$0.00,$0.00,$0.00,0.00%,$0.00,0.00%,$0.00,0.00%,$0.20,0.00%,$-0.20,0.00%
"39 - N2R12_RM_39_NET_ESQ_BrightAdvantageLLC_0499_65K",1,"Harley Davidson Evo Helmet","DP1 V3",Visa,Tuesday,404014,1,0,0.00%,1,100.00%,1,0,0.00%,1,100.00%,1,1,$12.89,0,100.00%,0,0,$0.00,0,0.00%,1,1,1,$12.89,$0.00,$0.00,$12.89,$0.00,$0.00,$12.89,$0.00,$12.89,$0.00,0.00%,0,0.00%,$0.00,0.00%,0,0.00%,$0.00,0.00%,0,0.00%,$0.00,0.00%,0,0.00%,$0.00,0.00%,$12.89,$0.84,$0.00,$0.00,$0.00,$0.00,0.00%,$0.00,0.00%,$0.00,0.00%,$0.84,6.52%,$12.05,93.48%
"39 - N2R12_RM_39_NET_ESQ_BrightAdvantageLLC_0499_65K",1,"Harley Davidson Evo Helmet","DP1 V3",Visa,Tuesday,442732,1,1,100.00%,0,0.00%,1,1,100.00%,0,0.00%,1,0,$0.00,1,0.00%,0,0,$0.00,0,0.00%,0,0,0,$0.00,$0.00,$0.00,$0.00,$0.00,$0.00,$0.00,$0.00,$0.00,$0.00,0.00%,0,0.00%,$0.00,0.00%,0,0.00%,$0.00,0.00%,0,0.00%,$0.00,0.00%,0,0.00%,$0.00,0.00%,$0.00,$0.20,$0.00,$0.00,$0.00,$0.00,0.00%,$0.00,0.00%,$0.00,0.00%,$0.20,0.00%,$-0.20,0.00%
"39 - N2R12_RM_39_NET_ESQ_BrightAdvantageLLC_0499_65K",1,"Harley Davidson Evo Helmet","DP1 V3",Visa,Tuesday,473702,1,0,0.00%,1,100.00%,1,0,0.00%,1,100.00%,1,1,$12.89,0,100.00%,0,0,$0.00,0,0.00%,1,1,1,$12.89,$0.00,$0.00,$12.89,$0.00,$0.00,$12.89,$0.00,$12.89,$0.00,0.00%,0,0.00%,$0.00,0.00%,0,0.00%,$0.00,0.00%,0,0.00%,$0.00,0.00%,0,0.00%,$0.00,0.00%,$12.89,$0.84,$0.00,$0.00,$0.00,$0.00,0.00%,$0.00,0.00%,$0.00,0.00%,$0.84,6.52%,$12.05,93.48%
"39 - N2R12_RM_39_NET_ESQ_BrightAdvantageLLC_0499_65K",1,"Harley Davidson Tailgate Bundle","DP1 V3",Mastercard,Tuesday,521991,1,1,100.00%,0,0.00%,1,1,100.00%,0,0.00%,1,0,$0.00,1,0.00%,0,0,$0.00,0,0.00%,0,0,0,$0.00,$0.00,$0.00,$0.00,$0.00,$0.00,$0.00,$0.00,$0.00,$0.00,0.00%,0,0.00%,$0.00,0.00%,0,0.00%,$0.00,0.00%,0,0.00%,$0.00,0.00%,0,0.00%,$0.00,0.00%,$0.00,$0.20,$0.00,$0.00,$0.00,$0.00,0.00%,$0.00,0.00%,$0.00,0.00%,$0.20,0.00%,$-0.20,0.00%
"39 - N2R12_RM_39_NET_ESQ_BrightAdvantageLLC_0499_65K",1,"Harley Davidson Tailgate Bundle","DP1 V3",Mastercard,Tuesday,536605,1,1,100.00%,0,0.00%,1,1,100.00%,0,0.00%,1,0,$0.00,1,0.00%,0,0,$0.00,0,0.00%,0,0,0,$0.00,$0.00,$0.00,$0.00,$0.00,$0.00,$0.00,$0.00,$0.00,$0.00,0.00%,0,0.00%,$0.00,0.00%,0,0.00%,$0.00,0.00%,0,0.00%,$0.00,0.00%,0,0.00%,$0.00,0.00%,$0.00,$0.20,$0.00,$0.00,$0.00,$0.00,0.00%,$0.00,0.00%,$0.00,0.00%,$0.20,0.00%,$-0.20,0.00%
"39 - N2R12_RM_39_NET_ESQ_BrightAdvantageLLC_0499_65K",1,"Steambow M10 Tactical","DP1 V3",Visa,Tuesday,421783,1,1,100.00%,0,0.00%,1,1,100.00%,0,0.00%,1,0,$0.00,1,0.00%,0,0,$0.00,0,0.00%,0,0,0,$0.00,$0.00,$0.00,$0.00,$0.00,$0.00,$0.00,$0.00,$0.00,$0.00,0.00%,0,0.00%,$0.00,0.00%,0,0.00%,$0.00,0.00%,0,0.00%,$0.00,0.00%,0,0.00%,$0.00,0.00%,$0.00,$0.20,$0.00,$0.00,$0.00,$0.00,0.00%,$0.00,0.00%,$0.00,0.00%,$0.20,0.00%,$-0.20,0.00%
"39 - N2R12_RM_39_NET_ESQ_BrightAdvantageLLC_0499_65K",1,"Stihl ZeroTurn Lawn Mower","DP1 V3",Visa,Tuesday,474480,1,0,0.00%,1,100.00%,1,0,0.00%,1,100.00%,1,1,$12.89,0,100.00%,0,0,$0.00,0,0.00%,1,1,1,$12.89,$0.00,$0.00,$12.89,$0.00,$0.00,$12.89,$0.00,$12.89,$12.89,100.00%,0,0.00%,$0.00,0.00%,0,0.00%,$0.00,0.00%,0,0.00%,$0.00,0.00%,1,100.00%,$12.89,100.00%,$0.00,$0.84,$0.00,$0.00,$0.00,$0.00,0.00%,$0.00,0.00%,$0.00,0.00%,$0.84,6.52%,$-0.84,-6.52%
"4 - zCLOSED_NR1_RM_4_NET_ESQ_SpecifiConLLC_8843_65K",1,"Harley Davidson Evo Helmet","DP1 V3",Mastercard,Tuesday,533470,1,0,0.00%,1,100.00%,1,0,0.00%,1,100.00%,1,1,$12.89,0,100.00%,0,0,$0.00,0,0.00%,1,1,1,$12.89,$0.00,$0.00,$12.89,$0.00,$0.00,$12.89,$0.00,$12.89,$0.00,0.00%,0,0.00%,$0.00,0.00%,0,0.00%,$0.00,0.00%,0,0.00%,$0.00,0.00%,0,0.00%,$0.00,0.00%,$12.89,$0.84,$0.00,$0.00,$0.00,$0.00,0.00%,$0.00,0.00%,$0.00,0.00%,$0.84,6.52%,$12.05,93.48%
"4 - zCLOSED_NR1_RM_4_NET_ESQ_SpecifiConLLC_8843_65K",1,"Harley Davidson Evo Helmet","DP1 V3",Visa,Tuesday,414398,1,1,100.00%,0,0.00%,1,1,100.00%,0,0.00%,1,0,$0.00,1,0.00%,0,0,$0.00,0,0.00%,0,0,0,$0.00,$0.00,$0.00,$0.00,$0.00,$0.00,$0.00,$0.00,$0.00,$0.00,0.00%,0,0.00%,$0.00,0.00%,0,0.00%,$0.00,0.00%,0,0.00%,$0.00,0.00%,0,0.00%,$0.00,0.00%,$0.00,$0.20,$0.00,$0.00,$0.00,$0.00,0.00%,$0.00,0.00%,$0.00,0.00%,$0.20,0.00%,$-0.20,0.00%
"4 - zCLOSED_NR1_RM_4_NET_ESQ_SpecifiConLLC_8843_65K",1,"Harley Davidson Tailgate Bundle","DP1 V3",Mastercard,Tuesday,544347,1,1,100.00%,0,0.00%,1,1,100.00%,0,0.00%,1,0,$0.00,1,0.00%,0,0,$0.00,0,0.00%,0,0,0,$0.00,$0.00,$0.00,$0.00,$0.00,$0.00,$0.00,$0.00,$0.00,$0.00,0.00%,0,0.00%,$0.00,0.00%,0,0.00%,$0.00,0.00%,0,0.00%,$0.00,0.00%,0,0.00%,$0.00,0.00%,$0.00,$0.20,$0.00,$0.00,$0.00,$0.00,0.00%,$0.00,0.00%,$0.00,0.00%,$0.20,0.00%,$-0.20,0.00%
"4 - zCLOSED_NR1_RM_4_NET_ESQ_SpecifiConLLC_8843_65K",1,"Harley Davidson Tailgate Bundle","DP1 V3",Visa,Tuesday,430662,1,0,0.00%,1,100.00%,1,0,0.00%,1,100.00%,1,1,$12.89,0,100.00%,0,0,$0.00,0,0.00%,1,1,1,$12.89,$0.00,$0.00,$12.89,$0.00,$0.00,$12.89,$0.00,$12.89,$0.00,0.00%,0,0.00%,$0.00,0.00%,0,0.00%,$0.00,0.00%,0,0.00%,$0.00,0.00%,0,0.00%,$0.00,0.00%,$12.89,$0.84,$0.00,$0.00,$0.00,$0.00,0.00%,$0.00,0.00%,$0.00,0.00%,$0.84,6.52%,$12.05,93.48%
"4 - zCLOSED_NR1_RM_4_NET_ESQ_SpecifiConLLC_8843_65K",1,"Harley Davidson Tailgate Bundle","DP1 V3",Visa,Tuesday,432626,1,0,0.00%,1,100.00%,1,0,0.00%,1,100.00%,1,1,$12.89,0,100.00%,0,0,$0.00,0,0.00%,1,1,1,$12.89,$0.00,$0.00,$12.89,$0.00,$0.00,$12.89,$0.00,$12.89,$0.00,0.00%,0,0.00%,$0.00,0.00%,0,0.00%,$0.00,0.00%,0,0.00%,$0.00,0.00%,0,0.00%,$0.00,0.00%,$12.89,$0.84,$0.00,$0.00,$0.00,$0.00,0.00%,$0.00,0.00%,$0.00,0.00%,$0.84,6.52%,$12.05,93.48%
"4 - zCLOSED_NR1_RM_4_NET_ESQ_SpecifiConLLC_8843_65K",1,"Harley Davidson Tailgate Bundle","DP1 V3",Visa,Tuesday,448915,1,1,100.00%,0,0.00%,1,1,100.00%,0,0.00%,1,0,$0.00,1,0.00%,0,0,$0.00,0,0.00%,0,0,0,$0.00,$0.00,$0.00,$0.00,$0.00,$0.00,$0.00,$0.00,$0.00,$0.00,0.00%,0,0.00%,$0.00,0.00%,0,0.00%,$0.00,0.00%,0,0.00%,$0.00,0.00%,0,0.00%,$0.00,0.00%,$0.00,$0.20,$0.00,$0.00,$0.00,$0.00,0.00%,$0.00,0.00%,$0.00,0.00%,$0.20,0.00%,$-0.20,0.00%
"4 - zCLOSED_NR1_RM_4_NET_ESQ_SpecifiConLLC_8843_65K",1,"Steambow M10 Tactical","DP1 V3",Mastercard,Tuesday,511255,1,1,100.00%,0,0.00%,1,1,100.00%,0,0.00%,1,0,$0.00,1,0.00%,0,0,$0.00,0,0.00%,0,0,0,$0.00,$0.00,$0.00,$0.00,$0.00,$0.00,$0.00,$0.00,$0.00,$0.00,0.00%,0,0.00%,$0.00,0.00%,0,0.00%,$0.00,0.00%,0,0.00%,$0.00,0.00%,0,0.00%,$0.00,0.00%,$0.00,$0.20,$0.00,$0.00,$0.00,$0.00,0.00%,$0.00,0.00%,$0.00,0.00%,$0.20,0.00%,$-0.20,0.00%
"40 - NR1_RM_40_PAYARC_EVO_DiamondSphereLLC_7606_55K",1,"BOGG Bag","DP1 V3",Visa,Tuesday,443264,1,1,100.00%,0,0.00%,1,1,100.00%,0,0.00%,1,0,$0.00,1,0.00%,0,0,$0.00,0,0.00%,0,0,0,$0.00,$0.00,$0.00,$0.00,$0.00,$0.00,$0.00,$0.00,$0.00,$0.00,0.00%,0,0.00%,$0.00,0.00%,0,0.00%,$0.00,0.00%,0,0.00%,$0.00,0.00%,0,0.00%,$0.00,0.00%,$0.00,$0.20,$0.00,$0.00,$0.00,$0.00,0.00%,$0.00,0.00%,$0.00,0.00%,$0.20,0.00%,$-0.20,0.00%
"40 - NR1_RM_40_PAYARC_EVO_DiamondSphereLLC_7606_55K",1,"Coors Light Tailgate Bundle","DP1 V3",Mastercard,Tuesday,542539,1,0,0.00%,1,100.00%,1,0,0.00%,1,100.00%,1,1,$12.89,0,100.00%,0,0,$0.00,0,0.00%,1,1,1,$12.89,$0.00,$0.00,$12.89,$0.00,$0.00,$12.89,$0.00,$12.89,$0.00,0.00%,0,0.00%,$0.00,0.00%,0,0.00%,$0.00,0.00%,0,0.00%,$0.00,0.00%,0,0.00%,$0.00,0.00%,$12.89,$0.84,$0.00,$0.00,$0.00,$0.00,0.00%,$0.00,0.00%,$0.00,0.00%,$0.84,6.52%,$12.05,93.48%
"42 - N1R12_RM_42_NET_ESQ_UniquePlusLLC_9170_65K",1,"Harley Davidson Evo Helmet","DP1 V3",Mastercard,Tuesday,514377,1,0,0.00%,1,100.00%,1,0,0.00%,1,100.00%,1,1,$12.89,0,100.00%,0,0,$0.00,0,0.00%,1,1,1,$12.89,$0.00,$0.00,$12.89,$0.00,$0.00,$12.89,$0.00,$12.89,$0.00,0.00%,0,0.00%,$0.00,0.00%,0,0.00%,$0.00,0.00%,0,0.00%,$0.00,0.00%,0,0.00%,$0.00,0.00%,$12.89,$0.84,$0.00,$0.00,$0.00,$0.00,0.00%,$0.00,0.00%,$0.00,0.00%,$0.84,6.52%,$12.05,93.48%
"42 - N1R12_RM_42_NET_ESQ_UniquePlusLLC_9170_65K",1,"Harley Davidson Evo Helmet","DP1 V3",Visa,Tuesday,434769,1,0,0.00%,1,100.00%,1,0,0.00%,1,100.00%,1,1,$12.89,0,100.00%,0,0,$0.00,0,0.00%,1,1,1,$12.89,$0.00,$0.00,$12.89,$0.00,$0.00,$12.89,$0.00,$12.89,$12.89,100.00%,0,0.00%,$0.00,0.00%,0,0.00%,$0.00,0.00%,0,0.00%,$0.00,0.00%,1,100.00%,$12.89,100.00%,$0.00,$0.84,$0.00,$0.00,$0.00,$0.00,0.00%,$0.00,0.00%,$0.00,0.00%,$0.84,6.52%,$-0.84,-6.52%
"42 - N1R12_RM_42_NET_ESQ_UniquePlusLLC_9170_65K",1,"Harley Davidson Evo Helmet","DP1 V3",Visa,Tuesday,444796,1,1,100.00%,0,0.00%,1,1,100.00%,0,0.00%,1,0,$0.00,1,0.00%,0,0,$0.00,0,0.00%,0,0,0,$0.00,$0.00,$0.00,$0.00,$0.00,$0.00,$0.00,$0.00,$0.00,$0.00,0.00%,0,0.00%,$0.00,0.00%,0,0.00%,$0.00,0.00%,0,0.00%,$0.00,0.00%,0,0.00%,$0.00,0.00%,$0.00,$0.20,$0.00,$0.00,$0.00,$0.00,0.00%,$0.00,0.00%,$0.00,0.00%,$0.20,0.00%,$-0.20,0.00%
"42 - N1R12_RM_42_NET_ESQ_UniquePlusLLC_9170_65K",1,"Harley Davidson Tailgate Bundle","DP1 V3",Mastercard,Tuesday,514377,1,1,100.00%,0,0.00%,1,1,100.00%,0,0.00%,1,0,$0.00,1,0.00%,0,0,$0.00,0,0.00%,0,0,0,$0.00,$0.00,$0.00,$0.00,$0.00,$0.00,$0.00,$0.00,$0.00,$0.00,0.00%,0,0.00%,$0.00,0.00%,0,0.00%,$0.00,0.00%,0,0.00%,$0.00,0.00%,0,0.00%,$0.00,0.00%,$0.00,$0.20,$0.00,$0.00,$0.00,$0.00,0.00%,$0.00,0.00%,$0.00,0.00%,$0.20,0.00%,$-0.20,0.00%
"42 - N1R12_RM_42_NET_ESQ_UniquePlusLLC_9170_65K",1,"Harley Davidson Tailgate Bundle","DP1 V3",Mastercard,Tuesday,517884,1,1,100.00%,0,0.00%,1,1,100.00%,0,0.00%,1,0,$0.00,1,0.00%,0,0,$0.00,0,0.00%,0,0,0,$0.00,$0.00,$0.00,$0.00,$0.00,$0.00,$0.00,$0.00,$0.00,$0.00,0.00%,0,0.00%,$0.00,0.00%,0,0.00%,$0.00,0.00%,0,0.00%,$0.00,0.00%,0,0.00%,$0.00,0.00%,$0.00,$0.20,$0.00,$0.00,$0.00,$0.00,0.00%,$0.00,0.00%,$0.00,0.00%,$0.20,0.00%,$-0.20,0.00%
"42 - N1R12_RM_42_NET_ESQ_UniquePlusLLC_9170_65K",1,"Harley Davidson Tailgate Bundle","DP1 V3",Visa,Tuesday,429413,1,1,100.00%,0,0.00%,1,1,100.00%,0,0.00%,1,0,$0.00,1,0.00%,0,0,$0.00,0,0.00%,0,0,0,$0.00,$0.00,$0.00,$0.00,$0.00,$0.00,$0.00,$0.00,$0.00,$0.00,0.00%,0,0.00%,$0.00,0.00%,0,0.00%,$0.00,0.00%,0,0.00%,$0.00,0.00%,0,0.00%,$0.00,0.00%,$0.00,$0.20,$0.00,$0.00,$0.00,$0.00,0.00%,$0.00,0.00%,$0.00,0.00%,$0.20,0.00%,$-0.20,0.00%
"42 - N1R12_RM_42_NET_ESQ_UniquePlusLLC_9170_65K",1,"Miller Lite Tailgate Combo Pack","DP1 V3",Mastercard,Tuesday,514891,1,1,100.00%,0,0.00%,1,1,100.00%,0,0.00%,1,0,$0.00,1,0.00%,0,0,$0.00,0,0.00%,0,0,0,$0.00,$0.00,$0.00,$0.00,$0.00,$0.00,$0.00,$0.00,$0.00,$0.00,0.00%,0,0.00%,$0.00,0.00%,0,0.00%,$0.00,0.00%,0,0.00%,$0.00,0.00%,0,0.00%,$0.00,0.00%,$0.00,$0.20,$0.00,$0.00,$0.00,$0.00,0.00%,$0.00,0.00%,$0.00,0.00%,$0.20,0.00%,$-0.20,0.00%
"42 - N1R12_RM_42_NET_ESQ_UniquePlusLLC_9170_65K",1,"Miller Lite Tailgate Combo Pack","DP1 V3",Visa,Tuesday,414740,1,1,100.00%,0,0.00%,1,1,100.00%,0,0.00%,1,0,$0.00,1,0.00%,0,0,$0.00,0,0.00%,0,0,0,$0.00,$0.00,$0.00,$0.00,$0.00,$0.00,$0.00,$0.00,$0.00,$0.00,0.00%,0,0.00%,$0.00,0.00%,0,0.00%,$0.00,0.00%,0,0.00%,$0.00,0.00%,0,0.00%,$0.00,0.00%,$0.00,$0.20,$0.00,$0.00,$0.00,$0.00,0.00%,$0.00,0.00%,$0.00,0.00%,$0.20,0.00%,$-0.20,0.00%
"43 - N2R1_RM_43_NET_ESQ_UniquePlusLLC_9162_65K",1,"Harley Davidson Tailgate Bundle","DP1 V3",Mastercard,Tuesday,539689,1,0,0.00%,1,100.00%,1,0,0.00%,1,100.00%,1,1,$12.89,0,100.00%,0,0,$0.00,0,0.00%,1,1,1,$12.89,$0.00,$0.00,$12.89,$0.00,$0.00,$12.89,$0.00,$12.89,$0.00,0.00%,0,0.00%,$0.00,0.00%,0,0.00%,$0.00,0.00%,0,0.00%,$0.00,0.00%,0,0.00%,$0.00,0.00%,$12.89,$0.84,$0.00,$0.00,$0.00,$0.00,0.00%,$0.00,0.00%,$0.00,0.00%,$0.84,6.52%,$12.05,93.48%
"44 - NR12_RM_44_NET_ESQ_UniquePlusLLC_9154_65K",1,"5 Domestic flights","DP1 V3",Mastercard,Tuesday,532224,1,1,100.00%,0,0.00%,1,1,100.00%,0,0.00%,1,0,$0.00,1,0.00%,0,0,$0.00,0,0.00%,0,0,0,$0.00,$0.00,$0.00,$0.00,$0.00,$0.00,$0.00,$0.00,$0.00,$0.00,0.00%,0,0.00%,$0.00,0.00%,0,0.00%,$0.00,0.00%,0,0.00%,$0.00,0.00%,0,0.00%,$0.00,0.00%,$0.00,$0.20,$0.00,$0.00,$0.00,$0.00,0.00%,$0.00,0.00%,$0.00,0.00%,$0.20,0.00%,$-0.20,0.00%
"44 - NR12_RM_44_NET_ESQ_UniquePlusLLC_9154_65K",1,"5 Domestic flights","DP1 V3",Visa,Tuesday,444796,1,1,100.00%,0,0.00%,1,1,100.00%,0,0.00%,1,0,$0.00,1,0.00%,0,0,$0.00,0,0.00%,0,0,0,$0.00,$0.00,$0.00,$0.00,$0.00,$0.00,$0.00,$0.00,$0.00,$0.00,0.00%,0,0.00%,$0.00,0.00%,0,0.00%,$0.00,0.00%,0,0.00%,$0.00,0.00%,0,0.00%,$0.00,0.00%,$0.00,$0.20,$0.00,$0.00,$0.00,$0.00,0.00%,$0.00,0.00%,$0.00,0.00%,$0.20,0.00%,$-0.20,0.00%
"44 - NR12_RM_44_NET_ESQ_UniquePlusLLC_9154_65K",1,"Harley Davidson Evo Helmet","DP1 V3",Visa,Tuesday,403216,1,1,100.00%,0,0.00%,1,1,100.00%,0,0.00%,1,0,$0.00,1,0.00%,0,0,$0.00,0,0.00%,0,0,0,$0.00,$0.00,$0.00,$0.00,$0.00,$0.00,$0.00,$0.00,$0.00,$0.00,0.00%,0,0.00%,$0.00,0.00%,0,0.00%,$0.00,0.00%,0,0.00%,$0.00,0.00%,0,0.00%,$0.00,0.00%,$0.00,$0.20,$0.00,$0.00,$0.00,$0.00,0.00%,$0.00,0.00%,$0.00,0.00%,$0.20,0.00%,$-0.20,0.00%
"44 - NR12_RM_44_NET_ESQ_UniquePlusLLC_9154_65K",1,"Harley Davidson Evo Helmet","DP1 V3",Visa,Tuesday,498503,1,0,0.00%,1,100.00%,1,0,0.00%,1,100.00%,1,1,$12.89,0,100.00%,0,0,$0.00,0,0.00%,1,1,1,$12.89,$0.00,$0.00,$12.89,$0.00,$0.00,$12.89,$0.00,$12.89,$0.00,0.00%,0,0.00%,$0.00,0.00%,0,0.00%,$0.00,0.00%,0,0.00%,$0.00,0.00%,0,0.00%,$0.00,0.00%,$12.89,$0.84,$0.00,$0.00,$0.00,$0.00,0.00%,$0.00,0.00%,$0.00,0.00%,$0.84,6.52%,$12.05,93.48%
"44 - NR12_RM_44_NET_ESQ_UniquePlusLLC_9154_65K",1,"Harley Davidson Tailgate Bundle","DP1 V3",Visa,Tuesday,400899,1,1,100.00%,0,0.00%,1,1,100.00%,0,0.00%,1,0,$0.00,1,0.00%,0,0,$0.00,0,0.00%,0,0,0,$0.00,$0.00,$0.00,$0.00,$0.00,$0.00,$0.00,$0.00,$0.00,$0.00,0.00%,0,0.00%,$0.00,0.00%,0,0.00%,$0.00,0.00%,0,0.00%,$0.00,0.00%,0,0.00%,$0.00,0.00%,$0.00,$0.20,$0.00,$0.00,$0.00,$0.00,0.00%,$0.00,0.00%,$0.00,0.00%,$0.20,0.00%,$-0.20,0.00%
"44 - NR12_RM_44_NET_ESQ_UniquePlusLLC_9154_65K",1,"Harley Davidson Tailgate Bundle","DP1 V3",Visa,Tuesday,444796,1,1,100.00%,0,0.00%,1,1,100.00%,0,0.00%,1,0,$0.00,1,0.00%,0,0,$0.00,0,0.00%,0,0,0,$0.00,$0.00,$0.00,$0.00,$0.00,$0.00,$0.00,$0.00,$0.00,$0.00,0.00%,0,0.00%,$0.00,0.00%,0,0.00%,$0.00,0.00%,0,0.00%,$0.00,0.00%,0,0.00%,$0.00,0.00%,$0.00,$0.20,$0.00,$0.00,$0.00,$0.00,0.00%,$0.00,0.00%,$0.00,0.00%,$0.20,0.00%,$-0.20,0.00%
"44 - NR12_RM_44_NET_ESQ_UniquePlusLLC_9154_65K",1,"Harley Davidson Tailgate Bundle","DP1 V3",Visa,Tuesday,494644,1,1,100.00%,0,0.00%,1,1,100.00%,0,0.00%,1,0,$0.00,1,0.00%,0,0,$0.00,0,0.00%,0,0,0,$0.00,$0.00,$0.00,$0.00,$0.00,$0.00,$0.00,$0.00,$0.00,$0.00,0.00%,0,0.00%,$0.00,0.00%,0,0.00%,$0.00,0.00%,0,0.00%,$0.00,0.00%,0,0.00%,$0.00,0.00%,$0.00,$0.20,$0.00,$0.00,$0.00,$0.00,0.00%,$0.00,0.00%,$0.00,0.00%,$0.20,0.00%,$-0.20,0.00%
"44 - NR12_RM_44_NET_ESQ_UniquePlusLLC_9154_65K",1,"Miller Lite Tailgate Combo Pack","DP1 V3",Visa,Tuesday,414720,1,1,100.00%,0,0.00%,1,1,100.00%,0,0.00%,1,0,$0.00,1,0.00%,0,0,$0.00,0,0.00%,0,0,0,$0.00,$0.00,$0.00,$0.00,$0.00,$0.00,$0.00,$0.00,$0.00,$0.00,0.00%,0,0.00%,$0.00,0.00%,0,0.00%,$0.00,0.00%,0,0.00%,$0.00,0.00%,0,0.00%,$0.00,0.00%,$0.00,$0.20,$0.00,$0.00,$0.00,$0.00,0.00%,$0.00,0.00%,$0.00,0.00%,$0.20,0.00%,$-0.20,0.00%
"44 - NR12_RM_44_NET_ESQ_UniquePlusLLC_9154_65K",1,"Steambow M10 Tactical","DP1 V3",Visa,Tuesday,446602,1,0,0.00%,1,100.00%,1,0,0.00%,1,100.00%,1,1,$12.89,0,100.00%,0,0,$0.00,0,0.00%,1,1,1,$12.89,$0.00,$0.00,$12.89,$0.00,$0.00,$12.89,$0.00,$12.89,$0.00,0.00%,0,0.00%,$0.00,0.00%,0,0.00%,$0.00,0.00%,0,0.00%,$0.00,0.00%,0,0.00%,$0.00,0.00%,$12.89,$0.84,$0.00,$0.00,$0.00,$0.00,0.00%,$0.00,0.00%,$0.00,0.00%,$0.84,6.52%,$12.05,93.48%
"44 - NR12_RM_44_NET_ESQ_UniquePlusLLC_9154_65K",1,"Stihl ZeroTurn Lawn Mower","DP1 V3",Visa,Tuesday,401159,1,1,100.00%,0,0.00%,1,1,100.00%,0,0.00%,1,0,$0.00,1,0.00%,0,0,$0.00,0,0.00%,0,0,0,$0.00,$0.00,$0.00,$0.00,$0.00,$0.00,$0.00,$0.00,$0.00,$0.00,0.00%,0,0.00%,$0.00,0.00%,0,0.00%,$0.00,0.00%,0,0.00%,$0.00,0.00%,0,0.00%,$0.00,0.00%,$0.00,$0.20,$0.00,$0.00,$0.00,$0.00,0.00%,$0.00,0.00%,$0.00,0.00%,$0.20,0.00%,$-0.20,0.00%
"45 - zCLOSED_RM_45_QUANT_CBSL_SpecifiConLLC_2894_25K",1,"BOGG Bag","DP1 V3",Mastercard,Tuesday,521333,1,1,100.00%,0,0.00%,1,1,100.00%,0,0.00%,1,0,$0.00,1,0.00%,0,0,$0.00,0,0.00%,0,0,0,$0.00,$0.00,$0.00,$0.00,$0.00,$0.00,$0.00,$0.00,$0.00,$0.00,0.00%,0,0.00%,$0.00,0.00%,0,0.00%,$0.00,0.00%,0,0.00%,$0.00,0.00%,0,0.00%,$0.00,0.00%,$0.00,$0.20,$0.00,$0.00,$0.00,$0.00,0.00%,$0.00,0.00%,$0.00,0.00%,$0.20,0.00%,$-0.20,0.00%
"45 - zCLOSED_RM_45_QUANT_CBSL_SpecifiConLLC_2894_25K",1,"Harley Davidson Evo Helmet","DP1 V3",Visa,Tuesday,414398,1,1,100.00%,0,0.00%,1,1,100.00%,0,0.00%,1,0,$0.00,1,0.00%,0,0,$0.00,0,0.00%,0,0,0,$0.00,$0.00,$0.00,$0.00,$0.00,$0.00,$0.00,$0.00,$0.00,$0.00,0.00%,0,0.00%,$0.00,0.00%,0,0.00%,$0.00,0.00%,0,0.00%,$0.00,0.00%,0,0.00%,$0.00,0.00%,$0.00,$0.20,$0.00,$0.00,$0.00,$0.00,0.00%,$0.00,0.00%,$0.00,0.00%,$0.20,0.00%,$-0.20,0.00%
"45 - zCLOSED_RM_45_QUANT_CBSL_SpecifiConLLC_2894_25K",1,"Harley Davidson Evo Helmet","DP1 V3",Visa,Tuesday,441104,1,1,100.00%,0,0.00%,1,1,100.00%,0,0.00%,1,0,$0.00,1,0.00%,0,0,$0.00,0,0.00%,0,0,0,$0.00,$0.00,$0.00,$0.00,$0.00,$0.00,$0.00,$0.00,$0.00,$0.00,0.00%,0,0.00%,$0.00,0.00%,0,0.00%,$0.00,0.00%,0,0.00%,$0.00,0.00%,0,0.00%,$0.00,0.00%,$0.00,$0.20,$0.00,$0.00,$0.00,$0.00,0.00%,$0.00,0.00%,$0.00,0.00%,$0.20,0.00%,$-0.20,0.00%
"45 - zCLOSED_RM_45_QUANT_CBSL_SpecifiConLLC_2894_25K",1,"Harley Davidson Tailgate Bundle","DP1 V3",Visa,Tuesday,435142,1,1,100.00%,0,0.00%,1,1,100.00%,0,0.00%,1,0,$0.00,1,0.00%,0,0,$0.00,0,0.00%,0,0,0,$0.00,$0.00,$0.00,$0.00,$0.00,$0.00,$0.00,$0.00,$0.00,$0.00,0.00%,0,0.00%,$0.00,0.00%,0,0.00%,$0.00,0.00%,0,0.00%,$0.00,0.00%,0,0.00%,$0.00,0.00%,$0.00,$0.20,$0.00,$0.00,$0.00,$0.00,0.00%,$0.00,0.00%,$0.00,0.00%,$0.20,0.00%,$-0.20,0.00%
"45 - zCLOSED_RM_45_QUANT_CBSL_SpecifiConLLC_2894_25K",1,"Harley Davidson Tailgate Bundle","DP1 V3",Visa,Tuesday,449465,1,1,100.00%,0,0.00%,1,1,100.00%,0,0.00%,1,0,$0.00,1,0.00%,0,0,$0.00,0,0.00%,0,0,0,$0.00,$0.00,$0.00,$0.00,$0.00,$0.00,$0.00,$0.00,$0.00,$0.00,0.00%,0,0.00%,$0.00,0.00%,0,0.00%,$0.00,0.00%,0,0.00%,$0.00,0.00%,0,0.00%,$0.00,0.00%,$0.00,$0.20,$0.00,$0.00,$0.00,$0.00,0.00%,$0.00,0.00%,$0.00,0.00%,$0.20,0.00%,$-0.20,0.00%
"45 - zCLOSED_RM_45_QUANT_CBSL_SpecifiConLLC_2894_25K",1,"MoJack Mower Deck Lift","DP1 V3",Visa,Tuesday,443047,1,1,100.00%,0,0.00%,1,1,100.00%,0,0.00%,1,0,$0.00,1,0.00%,0,0,$0.00,0,0.00%,0,0,0,$0.00,$0.00,$0.00,$0.00,$0.00,$0.00,$0.00,$0.00,$0.00,$0.00,0.00%,0,0.00%,$0.00,0.00%,0,0.00%,$0.00,0.00%,0,0.00%,$0.00,0.00%,0,0.00%,$0.00,0.00%,$0.00,$0.20,$0.00,$0.00,$0.00,$0.00,0.00%,$0.00,0.00%,$0.00,0.00%,$0.20,0.00%,$-0.20,0.00%
"45 - zCLOSED_RM_45_QUANT_CBSL_SpecifiConLLC_2894_25K",1,"Stihl ZeroTurn Lawn Mower","DP1 V3",Visa,Tuesday,423223,1,1,100.00%,0,0.00%,1,1,100.00%,0,0.00%,1,0,$0.00,1,0.00%,0,0,$0.00,0,0.00%,0,0,0,$0.00,$0.00,$0.00,$0.00,$0.00,$0.00,$0.00,$0.00,$0.00,$0.00,0.00%,0,0.00%,$0.00,0.00%,0,0.00%,$0.00,0.00%,0,0.00%,$0.00,0.00%,0,0.00%,$0.00,0.00%,$0.00,$0.20,$0.00,$0.00,$0.00,$0.00,0.00%,$0.00,0.00%,$0.00,0.00%,$0.20,0.00%,$-0.20,0.00%
"45 - zCLOSED_RM_45_QUANT_CBSL_SpecifiConLLC_2894_25K",1,"Tory Burch Tote Bag Blue","DP1 V3",Visa,Tuesday,407087,1,1,100.00%,0,0.00%,1,1,100.00%,0,0.00%,1,0,$0.00,1,0.00%,0,0,$0.00,0,0.00%,0,0,0,$0.00,$0.00,$0.00,$0.00,$0.00,$0.00,$0.00,$0.00,$0.00,$0.00,0.00%,0,0.00%,$0.00,0.00%,0,0.00%,$0.00,0.00%,0,0.00%,$0.00,0.00%,0,0.00%,$0.00,0.00%,$0.00,$0.20,$0.00,$0.00,$0.00,$0.00,0.00%,$0.00,0.00%,$0.00,0.00%,$0.20,0.00%,$-0.20,0.00%
"45 - zCLOSED_RM_45_QUANT_CBSL_SpecifiConLLC_2894_25K",1,"Tory Burch Tote Bag Blue","DP1 V3",Visa,Tuesday,434257,1,1,100.00%,0,0.00%,1,1,100.00%,0,0.00%,1,0,$0.00,1,0.00%,0,0,$0.00,0,0.00%,0,0,0,$0.00,$0.00,$0.00,$0.00,$0.00,$0.00,$0.00,$0.00,$0.00,$0.00,0.00%,0,0.00%,$0.00,0.00%,0,0.00%,$0.00,0.00%,0,0.00%,$0.00,0.00%,0,0.00%,$0.00,0.00%,$0.00,$0.20,$0.00,$0.00,$0.00,$0.00,0.00%,$0.00,0.00%,$0.00,0.00%,$0.20,0.00%,$-0.20,0.00%
"46 - zCLOSED_RM_46_QUANT_CBSL_SpecifiConLLC_2886_25K",1,"5 Domestic flights","DP1 V3",Mastercard,Tuesday,544317,1,1,100.00%,0,0.00%,1,1,100.00%,0,0.00%,1,0,$0.00,1,0.00%,0,0,$0.00,0,0.00%,0,0,0,$0.00,$0.00,$0.00,$0.00,$0.00,$0.00,$0.00,$0.00,$0.00,$0.00,0.00%,0,0.00%,$0.00,0.00%,0,0.00%,$0.00,0.00%,0,0.00%,$0.00,0.00%,0,0.00%,$0.00,0.00%,$0.00,$0.20,$0.00,$0.00,$0.00,$0.00,0.00%,$0.00,0.00%,$0.00,0.00%,$0.20,0.00%,$-0.20,0.00%
"46 - zCLOSED_RM_46_QUANT_CBSL_SpecifiConLLC_2886_25K",1,"BOGG Bag","DP1 V3",Visa,Tuesday,410064,1,0,0.00%,1,100.00%,1,0,0.00%,1,100.00%,1,1,$12.89,0,100.00%,0,0,$0.00,0,0.00%,1,1,1,$12.89,$0.00,$0.00,$12.89,$0.00,$0.00,$12.89,$0.00,$12.89,$0.00,0.00%,0,0.00%,$0.00,0.00%,0,0.00%,$0.00,0.00%,0,0.00%,$0.00,0.00%,0,0.00%,$0.00,0.00%,$12.89,$0.84,$0.00,$0.00,$0.00,$0.00,0.00%,$0.00,0.00%,$0.00,0.00%,$0.84,6.52%,$12.05,93.48%
"46 - zCLOSED_RM_46_QUANT_CBSL_SpecifiConLLC_2886_25K",1,"Harley Davidson Evo Helmet","DP1 V3",Mastercard,Tuesday,541458,1,1,100.00%,0,0.00%,1,1,100.00%,0,0.00%,1,0,$0.00,1,0.00%,0,0,$0.00,0,0.00%,0,0,0,$0.00,$0.00,$0.00,$0.00,$0.00,$0.00,$0.00,$0.00,$0.00,$0.00,0.00%,0,0.00%,$0.00,0.00%,0,0.00%,$0.00,0.00%,0,0.00%,$0.00,0.00%,0,0.00%,$0.00,0.00%,$0.00,$0.20,$0.00,$0.00,$0.00,$0.00,0.00%,$0.00,0.00%,$0.00,0.00%,$0.20,0.00%,$-0.20,0.00%
"46 - zCLOSED_RM_46_QUANT_CBSL_SpecifiConLLC_2886_25K",1,"Harley Davidson Tailgate Bundle","DP1 V3",Visa,Tuesday,435983,1,1,100.00%,0,0.00%,1,1,100.00%,0,0.00%,1,0,$0.00,1,0.00%,0,0,$0.00,0,0.00%,0,0,0,$0.00,$0.00,$0.00,$0.00,$0.00,$0.00,$0.00,$0.00,$0.00,$0.00,0.00%,0,0.00%,$0.00,0.00%,0,0.00%,$0.00,0.00%,0,0.00%,$0.00,0.00%,0,0.00%,$0.00,0.00%,$0.00,$0.20,$0.00,$0.00,$0.00,$0.00,0.00%,$0.00,0.00%,$0.00,0.00%,$0.20,0.00%,$-0.20,0.00%
"46 - zCLOSED_RM_46_QUANT_CBSL_SpecifiConLLC_2886_25K",1,"Steambow M10 Tactical","DP1 V3",Visa,Tuesday,401543,1,1,100.00%,0,0.00%,1,1,100.00%,0,0.00%,1,0,$0.00,1,0.00%,0,0,$0.00,0,0.00%,0,0,0,$0.00,$0.00,$0.00,$0.00,$0.00,$0.00,$0.00,$0.00,$0.00,$0.00,0.00%,0,0.00%,$0.00,0.00%,0,0.00%,$0.00,0.00%,0,0.00%,$0.00,0.00%,0,0.00%,$0.00,0.00%,$0.00,$0.20,$0.00,$0.00,$0.00,$0.00,0.00%,$0.00,0.00%,$0.00,0.00%,$0.20,0.00%,$-0.20,0.00%
"46 - zCLOSED_RM_46_QUANT_CBSL_SpecifiConLLC_2886_25K",1,"Steambow M10 Tactical","DP1 V3",Visa,Tuesday,435546,1,0,0.00%,1,100.00%,1,0,0.00%,1,100.00%,1,1,$12.89,0,100.00%,0,0,$0.00,0,0.00%,1,1,1,$12.89,$0.00,$0.00,$12.89,$0.00,$0.00,$12.89,$0.00,$12.89,$0.00,0.00%,0,0.00%,$0.00,0.00%,0,0.00%,$0.00,0.00%,0,0.00%,$0.00,0.00%,0,0.00%,$0.00,0.00%,$12.89,$0.84,$0.00,$0.00,$0.00,$0.00,0.00%,$0.00,0.00%,$0.00,0.00%,$0.84,6.52%,$12.05,93.48%
"46 - zCLOSED_RM_46_QUANT_CBSL_SpecifiConLLC_2886_25K",1,"Stihl ZeroTurn Lawn Mower","DP1 V3",Visa,Tuesday,423698,1,0,0.00%,1,100.00%,1,0,0.00%,1,100.00%,1,1,$12.89,0,100.00%,0,0,$0.00,0,0.00%,1,1,1,$12.89,$0.00,$0.00,$12.89,$0.00,$0.00,$12.89,$0.00,$12.89,$0.00,0.00%,0,0.00%,$0.00,0.00%,0,0.00%,$0.00,0.00%,0,0.00%,$0.00,0.00%,0,0.00%,$0.00,0.00%,$12.89,$0.84,$0.00,$0.00,$0.00,$0.00,0.00%,$0.00,0.00%,$0.00,0.00%,$0.84,6.52%,$12.05,93.48%
"46 - zCLOSED_RM_46_QUANT_CBSL_SpecifiConLLC_2886_25K",1,"Tory Burch Tote Bag","DP1 V3",Visa,Tuesday,414720,1,0,0.00%,1,100.00%,1,0,0.00%,1,100.00%,1,1,$12.89,0,100.00%,0,0,$0.00,0,0.00%,1,1,1,$12.89,$0.00,$0.00,$12.89,$0.00,$0.00,$12.89,$0.00,$12.89,$12.89,100.00%,0,0.00%,$0.00,0.00%,0,0.00%,$0.00,0.00%,0,0.00%,$0.00,0.00%,1,100.00%,$12.89,100.00%,$0.00,$0.84,$0.00,$0.00,$0.00,$0.00,0.00%,$0.00,0.00%,$0.00,0.00%,$0.84,6.52%,$-0.84,-6.52%
"48 - RM_48_PAYARC_EVO_PrimeSmartSolutionsLLC_0345_65K",1,"BOGG Bag","DP1 V3",Mastercard,Tuesday,515676,1,1,100.00%,0,0.00%,1,1,100.00%,0,0.00%,1,0,$0.00,1,0.00%,0,0,$0.00,0,0.00%,0,0,0,$0.00,$0.00,$0.00,$0.00,$0.00,$0.00,$0.00,$0.00,$0.00,$0.00,0.00%,0,0.00%,$0.00,0.00%,0,0.00%,$0.00,0.00%,0,0.00%,$0.00,0.00%,0,0.00%,$0.00,0.00%,$0.00,$0.20,$0.00,$0.00,$0.00,$0.00,0.00%,$0.00,0.00%,$0.00,0.00%,$0.20,0.00%,$-0.20,0.00%
"48 - RM_48_PAYARC_EVO_PrimeSmartSolutionsLLC_0345_65K",1,"Coors Light Tailgate Bundle","DP1 V3",Visa,Tuesday,432359,1,1,100.00%,0,0.00%,1,1,100.00%,0,0.00%,1,0,$0.00,1,0.00%,0,0,$0.00,0,0.00%,0,0,0,$0.00,$0.00,$0.00,$0.00,$0.00,$0.00,$0.00,$0.00,$0.00,$0.00,0.00%,0,0.00%,$0.00,0.00%,0,0.00%,$0.00,0.00%,0,0.00%,$0.00,0.00%,0,0.00%,$0.00,0.00%,$0.00,$0.20,$0.00,$0.00,$0.00,$0.00,0.00%,$0.00,0.00%,$0.00,0.00%,$0.20,0.00%,$-0.20,0.00%
"48 - RM_48_PAYARC_EVO_PrimeSmartSolutionsLLC_0345_65K",1,"Harley Davidson Evo Helmet","DP1 V3",Mastercard,Tuesday,515678,1,1,100.00%,0,0.00%,1,1,100.00%,0,0.00%,1,0,$0.00,1,0.00%,0,0,$0.00,0,0.00%,0,0,0,$0.00,$0.00,$0.00,$0.00,$0.00,$0.00,$0.00,$0.00,$0.00,$0.00,0.00%,0,0.00%,$0.00,0.00%,0,0.00%,$0.00,0.00%,0,0.00%,$0.00,0.00%,0,0.00%,$0.00,0.00%,$0.00,$0.20,$0.00,$0.00,$0.00,$0.00,0.00%,$0.00,0.00%,$0.00,0.00%,$0.20,0.00%,$-0.20,0.00%
"48 - RM_48_PAYARC_EVO_PrimeSmartSolutionsLLC_0345_65K",1,"Harley Davidson Evo Helmet","DP1 V3",Visa,Tuesday,400908,1,0,0.00%,1,100.00%,1,0,0.00%,1,100.00%,1,1,$12.89,0,100.00%,0,0,$0.00,0,0.00%,1,1,1,$12.89,$0.00,$0.00,$12.89,$0.00,$0.00,$12.89,$0.00,$12.89,$0.00,0.00%,0,0.00%,$0.00,0.00%,0,0.00%,$0.00,0.00%,0,0.00%,$0.00,0.00%,0,0.00%,$0.00,0.00%,$12.89,$0.84,$0.00,$0.00,$0.00,$0.00,0.00%,$0.00,0.00%,$0.00,0.00%,$0.84,6.52%,$12.05,93.48%
"48 - RM_48_PAYARC_EVO_PrimeSmartSolutionsLLC_0345_65K",1,"Harley Davidson Evo Helmet","DP1 V3",Visa,Tuesday,473310,1,1,100.00%,0,0.00%,1,1,100.00%,0,0.00%,1,0,$0.00,1,0.00%,0,0,$0.00,0,0.00%,0,0,0,$0.00,$0.00,$0.00,$0.00,$0.00,$0.00,$0.00,$0.00,$0.00,$0.00,0.00%,0,0.00%,$0.00,0.00%,0,0.00%,$0.00,0.00%,0,0.00%,$0.00,0.00%,0,0.00%,$0.00,0.00%,$0.00,$0.20,$0.00,$0.00,$0.00,$0.00,0.00%,$0.00,0.00%,$0.00,0.00%,$0.20,0.00%,$-0.20,0.00%
"48 - RM_48_PAYARC_EVO_PrimeSmartSolutionsLLC_0345_65K",1,"Harley Davidson Tailgate Bundle","DP1 V3",Mastercard,Tuesday,529580,1,0,0.00%,1,100.00%,1,0,0.00%,1,100.00%,1,1,$12.89,0,100.00%,0,0,$0.00,0,0.00%,1,1,1,$12.89,$0.00,$0.00,$12.89,$0.00,$0.00,$12.89,$0.00,$12.89,$0.00,0.00%,0,0.00%,$0.00,0.00%,0,0.00%,$0.00,0.00%,0,0.00%,$0.00,0.00%,0,0.00%,$0.00,0.00%,$12.89,$0.84,$0.00,$0.00,$0.00,$0.00,0.00%,$0.00,0.00%,$0.00,0.00%,$0.84,6.52%,$12.05,93.48%
"48 - RM_48_PAYARC_EVO_PrimeSmartSolutionsLLC_0345_65K",1,"Harley Davidson Tailgate Bundle","DP1 V3",Visa,Tuesday,402201,1,0,0.00%,1,100.00%,1,0,0.00%,1,100.00%,1,1,$12.89,0,100.00%,0,0,$0.00,0,0.00%,1,1,1,$12.89,$0.00,$0.00,$12.89,$0.00,$0.00,$12.89,$0.00,$12.89,$0.00,0.00%,0,0.00%,$0.00,0.00%,0,0.00%,$0.00,0.00%,0,0.00%,$0.00,0.00%,0,0.00%,$0.00,0.00%,$12.89,$0.84,$0.00,$0.00,$0.00,$0.00,0.00%,$0.00,0.00%,$0.00,0.00%,$0.84,6.52%,$12.05,93.48%
"48 - RM_48_PAYARC_EVO_PrimeSmartSolutionsLLC_0345_65K",1,"Miller Lite Tailgate Combo Pack","DP1 V3",Visa,Tuesday,447437,1,1,100.00%,0,0.00%,1,1,100.00%,0,0.00%,1,0,$0.00,1,0.00%,0,0,$0.00,0,0.00%,0,0,0,$0.00,$0.00,$0.00,$0.00,$0.00,$0.00,$0.00,$0.00,$0.00,$0.00,0.00%,0,0.00%,$0.00,0.00%,0,0.00%,$0.00,0.00%,0,0.00%,$0.00,0.00%,0,0.00%,$0.00,0.00%,$0.00,$0.20,$0.00,$0.00,$0.00,$0.00,0.00%,$0.00,0.00%,$0.00,0.00%,$0.20,0.00%,$-0.20,0.00%
"48 - RM_48_PAYARC_EVO_PrimeSmartSolutionsLLC_0345_65K",1,"MoJack Mower Deck Lift","DP1 V3",Mastercard,Tuesday,512106,1,0,0.00%,1,100.00%,1,0,0.00%,1,100.00%,1,1,$12.89,0,100.00%,0,0,$0.00,0,0.00%,1,1,1,$12.89,$0.00,$0.00,$12.89,$0.00,$0.00,$12.89,$0.00,$12.89,$0.00,0.00%,0,0.00%,$0.00,0.00%,0,0.00%,$0.00,0.00%,0,0.00%,$0.00,0.00%,0,0.00%,$0.00,0.00%,$12.89,$0.84,$0.00,$0.00,$0.00,$0.00,0.00%,$0.00,0.00%,$0.00,0.00%,$0.84,6.52%,$12.05,93.48%
"48 - RM_48_PAYARC_EVO_PrimeSmartSolutionsLLC_0345_65K",1,"MoJack Mower Deck Lift","DP1 V3",Mastercard,Tuesday,527854,1,1,100.00%,0,0.00%,1,1,100.00%,0,0.00%,1,0,$0.00,1,0.00%,0,0,$0.00,0,0.00%,0,0,0,$0.00,$0.00,$0.00,$0.00,$0.00,$0.00,$0.00,$0.00,$0.00,$0.00,0.00%,0,0.00%,$0.00,0.00%,0,0.00%,$0.00,0.00%,0,0.00%,$0.00,0.00%,0,0.00%,$0.00,0.00%,$0.00,$0.20,$0.00,$0.00,$0.00,$0.00,0.00%,$0.00,0.00%,$0.00,0.00%,$0.20,0.00%,$-0.20,0.00%
"48 - RM_48_PAYARC_EVO_PrimeSmartSolutionsLLC_0345_65K",1,"Stihl ZeroTurn Lawn Mower","DP1 V3",Visa,Tuesday,410836,1,1,100.00%,0,0.00%,1,1,100.00%,0,0.00%,1,0,$0.00,1,0.00%,0,0,$0.00,0,0.00%,0,0,0,$0.00,$0.00,$0.00,$0.00,$0.00,$0.00,$0.00,$0.00,$0.00,$0.00,0.00%,0,0.00%,$0.00,0.00%,0,0.00%,$0.00,0.00%,0,0.00%,$0.00,0.00%,0,0.00%,$0.00,0.00%,$0.00,$0.20,$0.00,$0.00,$0.00,$0.00,0.00%,$0.00,0.00%,$0.00,0.00%,$0.20,0.00%,$-0.20,0.00%
"49 - NR1_RM_49_PAYARC_EVO_PrimeSmartSolutionsLLC_0352_65K",1,"5 Domestic flights","DP1 V3",Visa,Tuesday,451162,1,1,100.00%,0,0.00%,1,1,100.00%,0,0.00%,1,0,$0.00,1,0.00%,0,0,$0.00,0,0.00%,0,0,0,$0.00,$0.00,$0.00,$0.00,$0.00,$0.00,$0.00,$0.00,$0.00,$0.00,0.00%,0,0.00%,$0.00,0.00%,0,0.00%,$0.00,0.00%,0,0.00%,$0.00,0.00%,0,0.00%,$0.00,0.00%,$0.00,$0.20,$0.00,$0.00,$0.00,$0.00,0.00%,$0.00,0.00%,$0.00,0.00%,$0.20,0.00%,$-0.20,0.00%
"49 - NR1_RM_49_PAYARC_EVO_PrimeSmartSolutionsLLC_0352_65K",1,"Harley Davidson Evo Helmet","DP1 V3",Mastercard,Tuesday,553511,1,1,100.00%,0,0.00%,1,1,100.00%,0,0.00%,1,0,$0.00,1,0.00%,0,0,$0.00,0,0.00%,0,0,0,$0.00,$0.00,$0.00,$0.00,$0.00,$0.00,$0.00,$0.00,$0.00,$0.00,0.00%,0,0.00%,$0.00,0.00%,0,0.00%,$0.00,0.00%,0,0.00%,$0.00,0.00%,0,0.00%,$0.00,0.00%,$0.00,$0.20,$0.00,$0.00,$0.00,$0.00,0.00%,$0.00,0.00%,$0.00,0.00%,$0.20,0.00%,$-0.20,0.00%
"49 - NR1_RM_49_PAYARC_EVO_PrimeSmartSolutionsLLC_0352_65K",1,"Harley Davidson Evo Helmet","DP1 V3",Visa,Tuesday,435983,1,1,100.00%,0,0.00%,1,1,100.00%,0,0.00%,1,0,$0.00,1,0.00%,0,0,$0.00,0,0.00%,0,0,0,$0.00,$0.00,$0.00,$0.00,$0.00,$0.00,$0.00,$0.00,$0.00,$0.00,0.00%,0,0.00%,$0.00,0.00%,0,0.00%,$0.00,0.00%,0,0.00%,$0.00,0.00%,0,0.00%,$0.00,0.00%,$0.00,$0.20,$0.00,$0.00,$0.00,$0.00,0.00%,$0.00,0.00%,$0.00,0.00%,$0.20,0.00%,$-0.20,0.00%
"49 - NR1_RM_49_PAYARC_EVO_PrimeSmartSolutionsLLC_0352_65K",1,"Harley Davidson Tailgate Bundle","DP1 V3",Mastercard,Tuesday,527845,1,0,0.00%,1,100.00%,1,0,0.00%,1,100.00%,1,1,$12.89,0,100.00%,0,0,$0.00,0,0.00%,1,1,1,$12.89,$0.00,$0.00,$12.89,$0.00,$0.00,$12.89,$0.00,$12.89,$0.00,0.00%,0,0.00%,$0.00,0.00%,0,0.00%,$0.00,0.00%,0,0.00%,$0.00,0.00%,0,0.00%,$0.00,0.00%,$12.89,$0.84,$0.00,$0.00,$0.00,$0.00,0.00%,$0.00,0.00%,$0.00,0.00%,$0.84,6.52%,$12.05,93.48%
"49 - NR1_RM_49_PAYARC_EVO_PrimeSmartSolutionsLLC_0352_65K",1,"Miller Lite Tailgate Combo Pack","DP1 V3",Mastercard,Tuesday,546197,1,0,0.00%,1,100.00%,1,0,0.00%,1,100.00%,1,1,$12.89,0,100.00%,0,0,$0.00,0,0.00%,1,1,1,$12.89,$0.00,$0.00,$12.89,$0.00,$0.00,$12.89,$0.00,$12.89,$0.00,0.00%,0,0.00%,$0.00,0.00%,0,0.00%,$0.00,0.00%,0,0.00%,$0.00,0.00%,0,0.00%,$0.00,0.00%,$12.89,$0.84,$0.00,$0.00,$0.00,$0.00,0.00%,$0.00,0.00%,$0.00,0.00%,$0.84,6.52%,$12.05,93.48%
"49 - NR1_RM_49_PAYARC_EVO_PrimeSmartSolutionsLLC_0352_65K",1,"MoJack Mower Deck Lift","DP1 V3",Mastercard,Tuesday,519611,1,1,100.00%,0,0.00%,1,1,100.00%,0,0.00%,1,0,$0.00,1,0.00%,0,0,$0.00,0,0.00%,0,0,0,$0.00,$0.00,$0.00,$0.00,$0.00,$0.00,$0.00,$0.00,$0.00,$0.00,0.00%,0,0.00%,$0.00,0.00%,0,0.00%,$0.00,0.00%,0,0.00%,$0.00,0.00%,0,0.00%,$0.00,0.00%,$0.00,$0.20,$0.00,$0.00,$0.00,$0.00,0.00%,$0.00,0.00%,$0.00,0.00%,$0.20,0.00%,$-0.20,0.00%
"5 - zCLOSED_RM_5_NET_ESQ_SpecifiConLLC_8918_45K",1,"5 Domestic flights","DP1 V3",Visa,Tuesday,429819,1,0,0.00%,1,100.00%,1,0,0.00%,1,100.00%,1,1,$12.89,0,100.00%,0,0,$0.00,0,0.00%,1,1,1,$12.89,$0.00,$0.00,$12.89,$0.00,$0.00,$12.89,$0.00,$12.89,$0.00,0.00%,0,0.00%,$0.00,0.00%,0,0.00%,$0.00,0.00%,0,0.00%,$0.00,0.00%,0,0.00%,$0.00,0.00%,$12.89,$0.84,$0.00,$0.00,$0.00,$0.00,0.00%,$0.00,0.00%,$0.00,0.00%,$0.84,6.52%,$12.05,93.48%
"5 - zCLOSED_RM_5_NET_ESQ_SpecifiConLLC_8918_45K",1,"Coors Light Tailgate Bundle","DP1 V3",Mastercard,Tuesday,517800,1,1,100.00%,0,0.00%,1,1,100.00%,0,0.00%,1,0,$0.00,1,0.00%,0,0,$0.00,0,0.00%,0,0,0,$0.00,$0.00,$0.00,$0.00,$0.00,$0.00,$0.00,$0.00,$0.00,$0.00,0.00%,0,0.00%,$0.00,0.00%,0,0.00%,$0.00,0.00%,0,0.00%,$0.00,0.00%,0,0.00%,$0.00,0.00%,$0.00,$0.20,$0.00,$0.00,$0.00,$0.00,0.00%,$0.00,0.00%,$0.00,0.00%,$0.20,0.00%,$-0.20,0.00%
"5 - zCLOSED_RM_5_NET_ESQ_SpecifiConLLC_8918_45K",1,"Harley Davidson Evo Helmet","DP1 V3",Visa,Tuesday,418940,1,1,100.00%,0,0.00%,1,1,100.00%,0,0.00%,1,0,$0.00,1,0.00%,0,0,$0.00,0,0.00%,0,0,0,$0.00,$0.00,$0.00,$0.00,$0.00,$0.00,$0.00,$0.00,$0.00,$0.00,0.00%,0,0.00%,$0.00,0.00%,0,0.00%,$0.00,0.00%,0,0.00%,$0.00,0.00%,0,0.00%,$0.00,0.00%,$0.00,$0.20,$0.00,$0.00,$0.00,$0.00,0.00%,$0.00,0.00%,$0.00,0.00%,$0.20,0.00%,$-0.20,0.00%
"5 - zCLOSED_RM_5_NET_ESQ_SpecifiConLLC_8918_45K",1,"Harley Davidson Evo Helmet","DP1 V3",Visa,Tuesday,435983,1,1,100.00%,0,0.00%,1,1,100.00%,0,0.00%,1,0,$0.00,1,0.00%,0,0,$0.00,0,0.00%,0,0,0,$0.00,$0.00,$0.00,$0.00,$0.00,$0.00,$0.00,$0.00,$0.00,$0.00,0.00%,0,0.00%,$0.00,0.00%,0,0.00%,$0.00,0.00%,0,0.00%,$0.00,0.00%,0,0.00%,$0.00,0.00%,$0.00,$0.20,$0.00,$0.00,$0.00,$0.00,0.00%,$0.00,0.00%,$0.00,0.00%,$0.20,0.00%,$-0.20,0.00%
"5 - zCLOSED_RM_5_NET_ESQ_SpecifiConLLC_8918_45K",1,"Harley Davidson Tailgate Bundle","DP1 V3",Mastercard,Tuesday,514377,1,0,0.00%,1,100.00%,1,0,0.00%,1,100.00%,1,1,$12.89,0,100.00%,0,0,$0.00,0,0.00%,1,1,1,$12.89,$0.00,$0.00,$12.89,$0.00,$0.00,$12.89,$0.00,$12.89,$0.00,0.00%,0,0.00%,$0.00,0.00%,0,0.00%,$0.00,0.00%,0,0.00%,$0.00,0.00%,0,0.00%,$0.00,0.00%,$12.89,$0.84,$0.00,$0.00,$0.00,$0.00,0.00%,$0.00,0.00%,$0.00,0.00%,$0.84,6.52%,$12.05,93.48%
"5 - zCLOSED_RM_5_NET_ESQ_SpecifiConLLC_8918_45K",1,"Miller Lite Tailgate Combo Pack","DP1 V3",Mastercard,Tuesday,527068,1,0,0.00%,1,100.00%,1,0,0.00%,1,100.00%,1,1,$12.89,0,100.00%,0,0,$0.00,0,0.00%,1,1,1,$12.89,$0.00,$0.00,$12.89,$0.00,$0.00,$12.89,$0.00,$12.89,$0.00,0.00%,0,0.00%,$0.00,0.00%,0,0.00%,$0.00,0.00%,0,0.00%,$0.00,0.00%,0,0.00%,$0.00,0.00%,$12.89,$0.84,$0.00,$0.00,$0.00,$0.00,0.00%,$0.00,0.00%,$0.00,0.00%,$0.84,6.52%,$12.05,93.48%
"5 - zCLOSED_RM_5_NET_ESQ_SpecifiConLLC_8918_45K",1,"Miller Lite Tailgate Combo Pack","DP1 V3",Visa,Tuesday,414720,1,0,0.00%,1,100.00%,1,0,0.00%,1,100.00%,1,1,$12.89,0,100.00%,0,0,$0.00,0,0.00%,1,1,1,$12.89,$0.00,$0.00,$12.89,$0.00,$0.00,$12.89,$0.00,$12.89,$12.89,100.00%,0,0.00%,$0.00,0.00%,0,0.00%,$0.00,0.00%,0,0.00%,$0.00,0.00%,1,100.00%,$12.89,100.00%,$0.00,$0.84,$0.00,$0.00,$0.00,$0.00,0.00%,$0.00,0.00%,$0.00,0.00%,$0.84,6.52%,$-0.84,-6.52%
"5 - zCLOSED_RM_5_NET_ESQ_SpecifiConLLC_8918_45K",1,"Tory Burch Tote Bag Blue","DP1 V3",Mastercard,Tuesday,542418,1,0,0.00%,1,100.00%,1,0,0.00%,1,100.00%,1,1,$12.89,0,100.00%,0,0,$0.00,0,0.00%,1,1,1,$12.89,$0.00,$0.00,$12.89,$0.00,$0.00,$12.89,$0.00,$12.89,$0.00,0.00%,0,0.00%,$0.00,0.00%,0,0.00%,$0.00,0.00%,0,0.00%,$0.00,0.00%,0,0.00%,$0.00,0.00%,$12.89,$0.84,$0.00,$0.00,$0.00,$0.00,0.00%,$0.00,0.00%,$0.00,0.00%,$0.84,6.52%,$12.05,93.48%
"50 - N12_RM_50_PRIOR_SYN_PrimeSmartSolutionsLLC_0577_75K",1,"5 Domestic flights","DP1 V3",Mastercard,Tuesday,544317,1,1,100.00%,0,0.00%,1,1,100.00%,0,0.00%,1,0,$0.00,1,0.00%,0,0,$0.00,0,0.00%,0,0,0,$0.00,$0.00,$0.00,$0.00,$0.00,$0.00,$0.00,$0.00,$0.00,$0.00,0.00%,0,0.00%,$0.00,0.00%,0,0.00%,$0.00,0.00%,0,0.00%,$0.00,0.00%,0,0.00%,$0.00,0.00%,$0.00,$0.20,$0.00,$0.00,$0.00,$0.00,0.00%,$0.00,0.00%,$0.00,0.00%,$0.20,0.00%,$-0.20,0.00%
"50 - N12_RM_50_PRIOR_SYN_PrimeSmartSolutionsLLC_0577_75K",1,"Harley Davidson Evo Helmet","DP1 V3",Visa,Tuesday,425838,1,1,100.00%,0,0.00%,1,1,100.00%,0,0.00%,1,0,$0.00,1,0.00%,0,0,$0.00,0,0.00%,0,0,0,$0.00,$0.00,$0.00,$0.00,$0.00,$0.00,$0.00,$0.00,$0.00,$0.00,0.00%,0,0.00%,$0.00,0.00%,0,0.00%,$0.00,0.00%,0,0.00%,$0.00,0.00%,0,0.00%,$0.00,0.00%,$0.00,$0.20,$0.00,$0.00,$0.00,$0.00,0.00%,$0.00,0.00%,$0.00,0.00%,$0.20,0.00%,$-0.20,0.00%
"50 - N12_RM_50_PRIOR_SYN_PrimeSmartSolutionsLLC_0577_75K",1,"Harley Davidson Tailgate Bundle","DP1 V3",Visa,Tuesday,445216,1,1,100.00%,0,0.00%,1,1,100.00%,0,0.00%,1,0,$0.00,1,0.00%,0,0,$0.00,0,0.00%,0,0,0,$0.00,$0.00,$0.00,$0.00,$0.00,$0.00,$0.00,$0.00,$0.00,$0.00,0.00%,0,0.00%,$0.00,0.00%,0,0.00%,$0.00,0.00%,0,0.00%,$0.00,0.00%,0,0.00%,$0.00,0.00%,$0.00,$0.20,$0.00,$0.00,$0.00,$0.00,0.00%,$0.00,0.00%,$0.00,0.00%,$0.20,0.00%,$-0.20,0.00%
"51 - RM_51_PRIOR_SYN_PrimeSmartSolutionsLLC_5208_75K",1,"5 Domestic flights","DP1 V3",Visa,Tuesday,412451,1,1,100.00%,0,0.00%,1,1,100.00%,0,0.00%,1,0,$0.00,1,0.00%,0,0,$0.00,0,0.00%,0,0,0,$0.00,$0.00,$0.00,$0.00,$0.00,$0.00,$0.00,$0.00,$0.00,$0.00,0.00%,0,0.00%,$0.00,0.00%,0,0.00%,$0.00,0.00%,0,0.00%,$0.00,0.00%,0,0.00%,$0.00,0.00%,$0.00,$0.20,$0.00,$0.00,$0.00,$0.00,0.00%,$0.00,0.00%,$0.00,0.00%,$0.20,0.00%,$-0.20,0.00%
"51 - RM_51_PRIOR_SYN_PrimeSmartSolutionsLLC_5208_75K",1,"5 Domestic flights","DP1 V3",Visa,Tuesday,438854,1,1,100.00%,0,0.00%,1,1,100.00%,0,0.00%,1,0,$0.00,1,0.00%,0,0,$0.00,0,0.00%,0,0,0,$0.00,$0.00,$0.00,$0.00,$0.00,$0.00,$0.00,$0.00,$0.00,$0.00,0.00%,0,0.00%,$0.00,0.00%,0,0.00%,$0.00,0.00%,0,0.00%,$0.00,0.00%,0,0.00%,$0.00,0.00%,$0.00,$0.20,$0.00,$0.00,$0.00,$0.00,0.00%,$0.00,0.00%,$0.00,0.00%,$0.20,0.00%,$-0.20,0.00%
"51 - RM_51_PRIOR_SYN_PrimeSmartSolutionsLLC_5208_75K",1,"BOGG Bag","DP1 V3",Mastercard,Tuesday,520691,1,0,0.00%,1,100.00%,1,0,0.00%,1,100.00%,1,1,$12.89,0,100.00%,0,0,$0.00,0,0.00%,1,1,1,$12.89,$0.00,$0.00,$12.89,$0.00,$0.00,$12.89,$0.00,$12.89,$0.00,0.00%,0,0.00%,$0.00,0.00%,0,0.00%,$0.00,0.00%,0,0.00%,$0.00,0.00%,0,0.00%,$0.00,0.00%,$12.89,$0.84,$0.00,$0.00,$0.00,$0.00,0.00%,$0.00,0.00%,$0.00,0.00%,$0.84,6.52%,$12.05,93.48%
"51 - RM_51_PRIOR_SYN_PrimeSmartSolutionsLLC_5208_75K",1,"BOGG Bag","DP1 V3",Visa,Tuesday,474477,1,1,100.00%,0,0.00%,1,1,100.00%,0,0.00%,1,0,$0.00,1,0.00%,0,0,$0.00,0,0.00%,0,0,0,$0.00,$0.00,$0.00,$0.00,$0.00,$0.00,$0.00,$0.00,$0.00,$0.00,0.00%,0,0.00%,$0.00,0.00%,0,0.00%,$0.00,0.00%,0,0.00%,$0.00,0.00%,0,0.00%,$0.00,0.00%,$0.00,$0.20,$0.00,$0.00,$0.00,$0.00,0.00%,$0.00,0.00%,$0.00,0.00%,$0.20,0.00%,$-0.20,0.00%
"51 - RM_51_PRIOR_SYN_PrimeSmartSolutionsLLC_5208_75K",1,"BOGG Bag","DP1 V3",Visa,Tuesday,499190,1,1,100.00%,0,0.00%,1,1,100.00%,0,0.00%,1,0,$0.00,1,0.00%,0,0,$0.00,0,0.00%,0,0,0,$0.00,$0.00,$0.00,$0.00,$0.00,$0.00,$0.00,$0.00,$0.00,$0.00,0.00%,0,0.00%,$0.00,0.00%,0,0.00%,$0.00,0.00%,0,0.00%,$0.00,0.00%,0,0.00%,$0.00,0.00%,$0.00,$0.20,$0.00,$0.00,$0.00,$0.00,0.00%,$0.00,0.00%,$0.00,0.00%,$0.20,0.00%,$-0.20,0.00%
"51 - RM_51_PRIOR_SYN_PrimeSmartSolutionsLLC_5208_75K",1,"Harley Davidson Evo Helmet","DP1 V3",Mastercard,Tuesday,517546,1,0,0.00%,1,100.00%,1,0,0.00%,1,100.00%,1,1,$12.89,0,100.00%,0,0,$0.00,0,0.00%,1,1,1,$12.89,$0.00,$0.00,$12.89,$0.00,$0.00,$12.89,$0.00,$12.89,$0.00,0.00%,0,0.00%,$0.00,0.00%,0,0.00%,$0.00,0.00%,0,0.00%,$0.00,0.00%,0,0.00%,$0.00,0.00%,$12.89,$0.84,$0.00,$0.00,$0.00,$0.00,0.00%,$0.00,0.00%,$0.00,0.00%,$0.84,6.52%,$12.05,93.48%
"51 - RM_51_PRIOR_SYN_PrimeSmartSolutionsLLC_5208_75K",1,"Harley Davidson Evo Helmet","DP1 V3",Visa,Tuesday,434256,1,1,100.00%,0,0.00%,1,1,100.00%,0,0.00%,1,0,$0.00,1,0.00%,0,0,$0.00,0,0.00%,0,0,0,$0.00,$0.00,$0.00,$0.00,$0.00,$0.00,$0.00,$0.00,$0.00,$0.00,0.00%,0,0.00%,$0.00,0.00%,0,0.00%,$0.00,0.00%,0,0.00%,$0.00,0.00%,0,0.00%,$0.00,0.00%,$0.00,$0.20,$0.00,$0.00,$0.00,$0.00,0.00%,$0.00,0.00%,$0.00,0.00%,$0.20,0.00%,$-0.20,0.00%
"51 - RM_51_PRIOR_SYN_PrimeSmartSolutionsLLC_5208_75K",1,"Harley Davidson Tailgate Bundle","DP1 V3",Visa,Tuesday,447227,1,1,100.00%,0,0.00%,1,1,100.00%,0,0.00%,1,0,$0.00,1,0.00%,0,0,$0.00,0,0.00%,0,0,0,$0.00,$0.00,$0.00,$0.00,$0.00,$0.00,$0.00,$0.00,$0.00,$0.00,0.00%,0,0.00%,$0.00,0.00%,0,0.00%,$0.00,0.00%,0,0.00%,$0.00,0.00%,0,0.00%,$0.00,0.00%,$0.00,$0.20,$0.00,$0.00,$0.00,$0.00,0.00%,$0.00,0.00%,$0.00,0.00%,$0.20,0.00%,$-0.20,0.00%
"51 - RM_51_PRIOR_SYN_PrimeSmartSolutionsLLC_5208_75K",1,"Miller Lite Tailgate Combo Pack","DP1 V3",Visa,Tuesday,498503,1,1,100.00%,0,0.00%,1,1,100.00%,0,0.00%,1,0,$0.00,1,0.00%,0,0,$0.00,0,0.00%,0,0,0,$0.00,$0.00,$0.00,$0.00,$0.00,$0.00,$0.00,$0.00,$0.00,$0.00,0.00%,0,0.00%,$0.00,0.00%,0,0.00%,$0.00,0.00%,0,0.00%,$0.00,0.00%,0,0.00%,$0.00,0.00%,$0.00,$0.20,$0.00,$0.00,$0.00,$0.00,0.00%,$0.00,0.00%,$0.00,0.00%,$0.20,0.00%,$-0.20,0.00%
"52 - N2_RM_52_PRIOR_SYN_PrimeSmartSolutionsLLC_9568_75K",1,"BOGG Bag","DP1 V3",Mastercard,Tuesday,515676,1,1,100.00%,0,0.00%,1,1,100.00%,0,0.00%,1,0,$0.00,1,0.00%,0,0,$0.00,0,0.00%,0,0,0,$0.00,$0.00,$0.00,$0.00,$0.00,$0.00,$0.00,$0.00,$0.00,$0.00,0.00%,0,0.00%,$0.00,0.00%,0,0.00%,$0.00,0.00%,0,0.00%,$0.00,0.00%,0,0.00%,$0.00,0.00%,$0.00,$0.20,$0.00,$0.00,$0.00,$0.00,0.00%,$0.00,0.00%,$0.00,0.00%,$0.20,0.00%,$-0.20,0.00%
"52 - N2_RM_52_PRIOR_SYN_PrimeSmartSolutionsLLC_9568_75K",1,"BOGG Bag","DP1 V3",Visa,Tuesday,407166,1,0,0.00%,1,100.00%,1,0,0.00%,1,100.00%,1,1,$12.89,0,100.00%,0,0,$0.00,0,0.00%,1,1,1,$12.89,$0.00,$0.00,$12.89,$0.00,$0.00,$12.89,$0.00,$12.89,$0.00,0.00%,0,0.00%,$0.00,0.00%,0,0.00%,$0.00,0.00%,0,0.00%,$0.00,0.00%,0,0.00%,$0.00,0.00%,$12.89,$0.84,$0.00,$0.00,$0.00,$0.00,0.00%,$0.00,0.00%,$0.00,0.00%,$0.84,6.52%,$12.05,93.48%
"52 - N2_RM_52_PRIOR_SYN_PrimeSmartSolutionsLLC_9568_75K",1,"BOGG Bag","DP1 V3",Visa,Tuesday,414512,1,1,100.00%,0,0.00%,1,1,100.00%,0,0.00%,1,0,$0.00,1,0.00%,0,0,$0.00,0,0.00%,0,0,0,$0.00,$0.00,$0.00,$0.00,$0.00,$0.00,$0.00,$0.00,$0.00,$0.00,0.00%,0,0.00%,$0.00,0.00%,0,0.00%,$0.00,0.00%,0,0.00%,$0.00,0.00%,0,0.00%,$0.00,0.00%,$0.00,$0.20,$0.00,$0.00,$0.00,$0.00,0.00%,$0.00,0.00%,$0.00,0.00%,$0.20,0.00%,$-0.20,0.00%
"52 - N2_RM_52_PRIOR_SYN_PrimeSmartSolutionsLLC_9568_75K",1,"Harley Davidson Evo Helmet","DP1 V3",Mastercard,Tuesday,545955,1,0,0.00%,1,100.00%,1,0,0.00%,1,100.00%,1,1,$12.89,0,100.00%,0,0,$0.00,0,0.00%,1,1,1,$12.89,$0.00,$0.00,$12.89,$0.00,$0.00,$12.89,$0.00,$12.89,$0.00,0.00%,0,0.00%,$0.00,0.00%,0,0.00%,$0.00,0.00%,0,0.00%,$0.00,0.00%,0,0.00%,$0.00,0.00%,$12.89,$0.84,$0.00,$0.00,$0.00,$0.00,0.00%,$0.00,0.00%,$0.00,0.00%,$0.84,6.52%,$12.05,93.48%
"52 - N2_RM_52_PRIOR_SYN_PrimeSmartSolutionsLLC_9568_75K",1,"Harley Davidson Evo Helmet","DP1 V3",Visa,Tuesday,431196,1,1,100.00%,0,0.00%,1,1,100.00%,0,0.00%,1,0,$0.00,1,0.00%,0,0,$0.00,0,0.00%,0,0,0,$0.00,$0.00,$0.00,$0.00,$0.00,$0.00,$0.00,$0.00,$0.00,$0.00,0.00%,0,0.00%,$0.00,0.00%,0,0.00%,$0.00,0.00%,0,0.00%,$0.00,0.00%,0,0.00%,$0.00,0.00%,$0.00,$0.20,$0.00,$0.00,$0.00,$0.00,0.00%,$0.00,0.00%,$0.00,0.00%,$0.20,0.00%,$-0.20,0.00%
"52 - N2_RM_52_PRIOR_SYN_PrimeSmartSolutionsLLC_9568_75K",1,"Steambow M10 Tactical","DP1 V3",Mastercard,Tuesday,512333,1,1,100.00%,0,0.00%,1,1,100.00%,0,0.00%,1,0,$0.00,1,0.00%,0,0,$0.00,0,0.00%,0,0,0,$0.00,$0.00,$0.00,$0.00,$0.00,$0.00,$0.00,$0.00,$0.00,$0.00,0.00%,0,0.00%,$0.00,0.00%,0,0.00%,$0.00,0.00%,0,0.00%,$0.00,0.00%,0,0.00%,$0.00,0.00%,$0.00,$0.20,$0.00,$0.00,$0.00,$0.00,0.00%,$0.00,0.00%,$0.00,0.00%,$0.20,0.00%,$-0.20,0.00%
"52 - N2_RM_52_PRIOR_SYN_PrimeSmartSolutionsLLC_9568_75K",1,"Steambow M10 Tactical","DP1 V3",Mastercard,Tuesday,551731,1,0,0.00%,1,100.00%,1,0,0.00%,1,100.00%,1,1,$12.89,0,100.00%,0,0,$0.00,0,0.00%,1,1,1,$12.89,$0.00,$0.00,$12.89,$0.00,$0.00,$12.89,$0.00,$12.89,$0.00,0.00%,0,0.00%,$0.00,0.00%,0,0.00%,$0.00,0.00%,0,0.00%,$0.00,0.00%,0,0.00%,$0.00,0.00%,$12.89,$0.84,$0.00,$0.00,$0.00,$0.00,0.00%,$0.00,0.00%,$0.00,0.00%,$0.84,6.52%,$12.05,93.48%
"52 - N2_RM_52_PRIOR_SYN_PrimeSmartSolutionsLLC_9568_75K",1,"Steambow M10 Tactical","DP1 V3",Visa,Tuesday,477761,1,0,0.00%,1,100.00%,1,0,0.00%,1,100.00%,1,1,$12.89,0,100.00%,0,0,$0.00,0,0.00%,1,1,1,$12.89,$0.00,$0.00,$12.89,$0.00,$0.00,$12.89,$0.00,$12.89,$0.00,0.00%,0,0.00%,$0.00,0.00%,0,0.00%,$0.00,0.00%,0,0.00%,$0.00,0.00%,0,0.00%,$0.00,0.00%,$12.89,$0.84,$0.00,$0.00,$0.00,$0.00,0.00%,$0.00,0.00%,$0.00,0.00%,$0.84,6.52%,$12.05,93.48%
"52 - N2_RM_52_PRIOR_SYN_PrimeSmartSolutionsLLC_9568_75K",1,"Stihl ZeroTurn Lawn Mower","DP1 V3",Visa,Tuesday,401154,1,0,0.00%,1,100.00%,1,0,0.00%,1,100.00%,1,1,$12.89,0,100.00%,0,0,$0.00,0,0.00%,1,1,1,$12.89,$0.00,$0.00,$12.89,$0.00,$0.00,$12.89,$0.00,$12.89,$0.00,0.00%,0,0.00%,$0.00,0.00%,0,0.00%,$0.00,0.00%,0,0.00%,$0.00,0.00%,0,0.00%,$0.00,0.00%,$12.89,$0.84,$0.00,$0.00,$0.00,$0.00,0.00%,$0.00,0.00%,$0.00,0.00%,$0.84,6.52%,$12.05,93.48%
"53 - N2R2_RM_53_PRIOR_SYN_DiamondSphereLLC_3847_75K",1,"BOGG Bag","DP1 V3",Visa,Tuesday,441837,1,1,100.00%,0,0.00%,1,1,100.00%,0,0.00%,1,0,$0.00,1,0.00%,0,0,$0.00,0,0.00%,0,0,0,$0.00,$0.00,$0.00,$0.00,$0.00,$0.00,$0.00,$0.00,$0.00,$0.00,0.00%,0,0.00%,$0.00,0.00%,0,0.00%,$0.00,0.00%,0,0.00%,$0.00,0.00%,0,0.00%,$0.00,0.00%,$0.00,$0.20,$0.00,$0.00,$0.00,$0.00,0.00%,$0.00,0.00%,$0.00,0.00%,$0.20,0.00%,$-0.20,0.00%
"53 - N2R2_RM_53_PRIOR_SYN_DiamondSphereLLC_3847_75K",1,"Harley Davidson Evo Helmet","DP1 V3",Visa,Tuesday,445170,1,1,100.00%,0,0.00%,1,1,100.00%,0,0.00%,1,0,$0.00,1,0.00%,0,0,$0.00,0,0.00%,0,0,0,$0.00,$0.00,$0.00,$0.00,$0.00,$0.00,$0.00,$0.00,$0.00,$0.00,0.00%,0,0.00%,$0.00,0.00%,0,0.00%,$0.00,0.00%,0,0.00%,$0.00,0.00%,0,0.00%,$0.00,0.00%,$0.00,$0.20,$0.00,$0.00,$0.00,$0.00,0.00%,$0.00,0.00%,$0.00,0.00%,$0.20,0.00%,$-0.20,0.00%
"53 - N2R2_RM_53_PRIOR_SYN_DiamondSphereLLC_3847_75K",1,"Harley Davidson Tailgate Bundle","DP1 V3",Mastercard,Tuesday,514658,1,0,0.00%,1,100.00%,1,0,0.00%,1,100.00%,1,1,$12.89,0,100.00%,0,0,$0.00,0,0.00%,1,1,1,$12.89,$0.00,$0.00,$12.89,$0.00,$0.00,$12.89,$0.00,$12.89,$0.00,0.00%,0,0.00%,$0.00,0.00%,0,0.00%,$0.00,0.00%,0,0.00%,$0.00,0.00%,0,0.00%,$0.00,0.00%,$12.89,$0.84,$0.00,$0.00,$0.00,$0.00,0.00%,$0.00,0.00%,$0.00,0.00%,$0.84,6.52%,$12.05,93.48%
"53 - N2R2_RM_53_PRIOR_SYN_DiamondSphereLLC_3847_75K",1,"Harley Davidson Tailgate Bundle","DP1 V3",Mastercard,Tuesday,521333,1,0,0.00%,1,100.00%,1,0,0.00%,1,100.00%,1,1,$12.89,0,100.00%,0,0,$0.00,0,0.00%,1,1,1,$12.89,$0.00,$0.00,$12.89,$0.00,$0.00,$12.89,$0.00,$12.89,$0.00,0.00%,0,0.00%,$0.00,0.00%,0,0.00%,$0.00,0.00%,0,0.00%,$0.00,0.00%,0,0.00%,$0.00,0.00%,$12.89,$0.84,$0.00,$0.00,$0.00,$0.00,0.00%,$0.00,0.00%,$0.00,0.00%,$0.84,6.52%,$12.05,93.48%
"53 - N2R2_RM_53_PRIOR_SYN_DiamondSphereLLC_3847_75K",1,"Miller Lite Tailgate Combo Pack","DP1 V3",Mastercard,Tuesday,532104,1,1,100.00%,0,0.00%,1,1,100.00%,0,0.00%,1,0,$0.00,1,0.00%,0,0,$0.00,0,0.00%,0,0,0,$0.00,$0.00,$0.00,$0.00,$0.00,$0.00,$0.00,$0.00,$0.00,$0.00,0.00%,0,0.00%,$0.00,0.00%,0,0.00%,$0.00,0.00%,0,0.00%,$0.00,0.00%,0,0.00%,$0.00,0.00%,$0.00,$0.20,$0.00,$0.00,$0.00,$0.00,0.00%,$0.00,0.00%,$0.00,0.00%,$0.20,0.00%,$-0.20,0.00%
"53 - N2R2_RM_53_PRIOR_SYN_DiamondSphereLLC_3847_75K",1,"Stihl ZeroTurn Lawn Mower","DP1 V3",Mastercard,Tuesday,552030,1,1,100.00%,0,0.00%,1,1,100.00%,0,0.00%,1,0,$0.00,1,0.00%,0,0,$0.00,0,0.00%,0,0,0,$0.00,$0.00,$0.00,$0.00,$0.00,$0.00,$0.00,$0.00,$0.00,$0.00,0.00%,0,0.00%,$0.00,0.00%,0,0.00%,$0.00,0.00%,0,0.00%,$0.00,0.00%,0,0.00%,$0.00,0.00%,$0.00,$0.20,$0.00,$0.00,$0.00,$0.00,0.00%,$0.00,0.00%,$0.00,0.00%,$0.20,0.00%,$-0.20,0.00%
"56 - N12R1_RM_56_NET_ESQ_PrimeSmartSolutionsLLC_3949_65K",1,"Harley Davidson Evo Helmet","DP1 V3",Mastercard,Tuesday,531255,1,1,100.00%,0,0.00%,1,1,100.00%,0,0.00%,1,0,$0.00,1,0.00%,0,0,$0.00,0,0.00%,0,0,0,$0.00,$0.00,$0.00,$0.00,$0.00,$0.00,$0.00,$0.00,$0.00,$0.00,0.00%,0,0.00%,$0.00,0.00%,0,0.00%,$0.00,0.00%,0,0.00%,$0.00,0.00%,0,0.00%,$0.00,0.00%,$0.00,$0.20,$0.00,$0.00,$0.00,$0.00,0.00%,$0.00,0.00%,$0.00,0.00%,$0.20,0.00%,$-0.20,0.00%
"56 - N12R1_RM_56_NET_ESQ_PrimeSmartSolutionsLLC_3949_65K",1,"Harley Davidson Evo Helmet","DP1 V3",Visa,Tuesday,403766,1,1,100.00%,0,0.00%,1,1,100.00%,0,0.00%,1,0,$0.00,1,0.00%,0,0,$0.00,0,0.00%,0,0,0,$0.00,$0.00,$0.00,$0.00,$0.00,$0.00,$0.00,$0.00,$0.00,$0.00,0.00%,0,0.00%,$0.00,0.00%,0,0.00%,$0.00,0.00%,0,0.00%,$0.00,0.00%,0,0.00%,$0.00,0.00%,$0.00,$0.20,$0.00,$0.00,$0.00,$0.00,0.00%,$0.00,0.00%,$0.00,0.00%,$0.20,0.00%,$-0.20,0.00%
"56 - N12R1_RM_56_NET_ESQ_PrimeSmartSolutionsLLC_3949_65K",1,"Harley Davidson Evo Helmet","DP1 V3",Visa,Tuesday,446602,1,1,100.00%,0,0.00%,1,1,100.00%,0,0.00%,1,0,$0.00,1,0.00%,0,0,$0.00,0,0.00%,0,0,0,$0.00,$0.00,$0.00,$0.00,$0.00,$0.00,$0.00,$0.00,$0.00,$0.00,0.00%,0,0.00%,$0.00,0.00%,0,0.00%,$0.00,0.00%,0,0.00%,$0.00,0.00%,0,0.00%,$0.00,0.00%,$0.00,$0.20,$0.00,$0.00,$0.00,$0.00,0.00%,$0.00,0.00%,$0.00,0.00%,$0.20,0.00%,$-0.20,0.00%
"56 - N12R1_RM_56_NET_ESQ_PrimeSmartSolutionsLLC_3949_65K",1,"Harley Davidson Evo Helmet","DP1 V3",Visa,Tuesday,488866,1,0,0.00%,1,100.00%,1,0,0.00%,1,100.00%,1,1,$12.89,0,100.00%,0,0,$0.00,0,0.00%,1,1,1,$12.89,$0.00,$0.00,$12.89,$0.00,$0.00,$12.89,$0.00,$12.89,$0.00,0.00%,0,0.00%,$0.00,0.00%,0,0.00%,$0.00,0.00%,0,0.00%,$0.00,0.00%,0,0.00%,$0.00,0.00%,$12.89,$0.84,$0.00,$0.00,$0.00,$0.00,0.00%,$0.00,0.00%,$0.00,0.00%,$0.84,6.52%,$12.05,93.48%
"56 - N12R1_RM_56_NET_ESQ_PrimeSmartSolutionsLLC_3949_65K",1,"Harley Davidson Tailgate Bundle","DP1 V3",Visa,Tuesday,443040,1,1,100.00%,0,0.00%,1,1,100.00%,0,0.00%,1,0,$0.00,1,0.00%,0,0,$0.00,0,0.00%,0,0,0,$0.00,$0.00,$0.00,$0.00,$0.00,$0.00,$0.00,$0.00,$0.00,$0.00,0.00%,0,0.00%,$0.00,0.00%,0,0.00%,$0.00,0.00%,0,0.00%,$0.00,0.00%,0,0.00%,$0.00,0.00%,$0.00,$0.20,$0.00,$0.00,$0.00,$0.00,0.00%,$0.00,0.00%,$0.00,0.00%,$0.20,0.00%,$-0.20,0.00%
"56 - N12R1_RM_56_NET_ESQ_PrimeSmartSolutionsLLC_3949_65K",1,"Miller Lite Tailgate Combo Pack","DP1 V3",Mastercard,Tuesday,518725,1,1,100.00%,0,0.00%,1,1,100.00%,0,0.00%,1,0,$0.00,1,0.00%,0,0,$0.00,0,0.00%,0,0,0,$0.00,$0.00,$0.00,$0.00,$0.00,$0.00,$0.00,$0.00,$0.00,$0.00,0.00%,0,0.00%,$0.00,0.00%,0,0.00%,$0.00,0.00%,0,0.00%,$0.00,0.00%,0,0.00%,$0.00,0.00%,$0.00,$0.20,$0.00,$0.00,$0.00,$0.00,0.00%,$0.00,0.00%,$0.00,0.00%,$0.20,0.00%,$-0.20,0.00%
"56 - N12R1_RM_56_NET_ESQ_PrimeSmartSolutionsLLC_3949_65K",1,"MoJack Mower Deck Lift","DP1 V3",Visa,Tuesday,415417,1,1,100.00%,0,0.00%,1,1,100.00%,0,0.00%,1,0,$0.00,1,0.00%,0,0,$0.00,0,0.00%,0,0,0,$0.00,$0.00,$0.00,$0.00,$0.00,$0.00,$0.00,$0.00,$0.00,$0.00,0.00%,0,0.00%,$0.00,0.00%,0,0.00%,$0.00,0.00%,0,0.00%,$0.00,0.00%,0,0.00%,$0.00,0.00%,$0.00,$0.20,$0.00,$0.00,$0.00,$0.00,0.00%,$0.00,0.00%,$0.00,0.00%,$0.20,0.00%,$-0.20,0.00%
"56 - N12R1_RM_56_NET_ESQ_PrimeSmartSolutionsLLC_3949_65K",1,"MoJack Mower Deck Lift","DP1 V3",Visa,Tuesday,458437,1,1,100.00%,0,0.00%,1,1,100.00%,0,0.00%,1,0,$0.00,1,0.00%,0,0,$0.00,0,0.00%,0,0,0,$0.00,$0.00,$0.00,$0.00,$0.00,$0.00,$0.00,$0.00,$0.00,$0.00,0.00%,0,0.00%,$0.00,0.00%,0,0.00%,$0.00,0.00%,0,0.00%,$0.00,0.00%,0,0.00%,$0.00,0.00%,$0.00,$0.20,$0.00,$0.00,$0.00,$0.00,0.00%,$0.00,0.00%,$0.00,0.00%,$0.20,0.00%,$-0.20,0.00%
"56 - N12R1_RM_56_NET_ESQ_PrimeSmartSolutionsLLC_3949_65K",1,"Steambow M10 Tactical","DP1 V3",Mastercard,Tuesday,514136,1,1,100.00%,0,0.00%,1,1,100.00%,0,0.00%,1,0,$0.00,1,0.00%,0,0,$0.00,0,0.00%,0,0,0,$0.00,$0.00,$0.00,$0.00,$0.00,$0.00,$0.00,$0.00,$0.00,$0.00,0.00%,0,0.00%,$0.00,0.00%,0,0.00%,$0.00,0.00%,0,0.00%,$0.00,0.00%,0,0.00%,$0.00,0.00%,$0.00,$0.20,$0.00,$0.00,$0.00,$0.00,0.00%,$0.00,0.00%,$0.00,0.00%,$0.20,0.00%,$-0.20,0.00%
"56 - N12R1_RM_56_NET_ESQ_PrimeSmartSolutionsLLC_3949_65K",1,"Steambow M10 Tactical","DP1 V3",Visa,Tuesday,434769,1,1,100.00%,0,0.00%,1,1,100.00%,0,0.00%,1,0,$0.00,1,0.00%,0,0,$0.00,0,0.00%,0,0,0,$0.00,$0.00,$0.00,$0.00,$0.00,$0.00,$0.00,$0.00,$0.00,$0.00,0.00%,0,0.00%,$0.00,0.00%,0,0.00%,$0.00,0.00%,0,0.00%,$0.00,0.00%,0,0.00%,$0.00,0.00%,$0.00,$0.20,$0.00,$0.00,$0.00,$0.00,0.00%,$0.00,0.00%,$0.00,0.00%,$0.20,0.00%,$-0.20,0.00%
"56 - N12R1_RM_56_NET_ESQ_PrimeSmartSolutionsLLC_3949_65K",1,"Steambow M10 Tactical","DP1 V3",Visa,Tuesday,474487,1,1,100.00%,0,0.00%,1,1,100.00%,0,0.00%,1,0,$0.00,1,0.00%,0,0,$0.00,0,0.00%,0,0,0,$0.00,$0.00,$0.00,$0.00,$0.00,$0.00,$0.00,$0.00,$0.00,$0.00,0.00%,0,0.00%,$0.00,0.00%,0,0.00%,$0.00,0.00%,0,0.00%,$0.00,0.00%,0,0.00%,$0.00,0.00%,$0.00,$0.20,$0.00,$0.00,$0.00,$0.00,0.00%,$0.00,0.00%,$0.00,0.00%,$0.20,0.00%,$-0.20,0.00%
"56 - N12R1_RM_56_NET_ESQ_PrimeSmartSolutionsLLC_3949_65K",1,"Stihl ZeroTurn Lawn Mower","DP1 V3",Mastercard,Tuesday,510894,1,1,100.00%,0,0.00%,1,1,100.00%,0,0.00%,1,0,$0.00,1,0.00%,0,0,$0.00,0,0.00%,0,0,0,$0.00,$0.00,$0.00,$0.00,$0.00,$0.00,$0.00,$0.00,$0.00,$0.00,0.00%,0,0.00%,$0.00,0.00%,0,0.00%,$0.00,0.00%,0,0.00%,$0.00,0.00%,0,0.00%,$0.00,0.00%,$0.00,$0.20,$0.00,$0.00,$0.00,$0.00,0.00%,$0.00,0.00%,$0.00,0.00%,$0.20,0.00%,$-0.20,0.00%
"57 - N2R2_RM_57_NET_ESQ_PrimeSmartSolutionsLLC_3998_65K",1,"5 Domestic flights","DP1 V3",Mastercard,Tuesday,549460,1,0,0.00%,1,100.00%,1,0,0.00%,1,100.00%,1,1,$12.89,0,100.00%,0,0,$0.00,0,0.00%,1,1,1,$12.89,$0.00,$0.00,$12.89,$0.00,$0.00,$12.89,$0.00,$12.89,$0.00,0.00%,0,0.00%,$0.00,0.00%,0,0.00%,$0.00,0.00%,0,0.00%,$0.00,0.00%,0,0.00%,$0.00,0.00%,$12.89,$0.84,$0.00,$0.00,$0.00,$0.00,0.00%,$0.00,0.00%,$0.00,0.00%,$0.84,6.52%,$12.05,93.48%
"57 - N2R2_RM_57_NET_ESQ_PrimeSmartSolutionsLLC_3998_65K",1,"Harley Davidson Evo Helmet","DP1 V3",Mastercard,Tuesday,517800,1,1,100.00%,0,0.00%,1,1,100.00%,0,0.00%,1,0,$0.00,1,0.00%,0,0,$0.00,0,0.00%,0,0,0,$0.00,$0.00,$0.00,$0.00,$0.00,$0.00,$0.00,$0.00,$0.00,$0.00,0.00%,0,0.00%,$0.00,0.00%,0,0.00%,$0.00,0.00%,0,0.00%,$0.00,0.00%,0,0.00%,$0.00,0.00%,$0.00,$0.20,$0.00,$0.00,$0.00,$0.00,0.00%,$0.00,0.00%,$0.00,0.00%,$0.20,0.00%,$-0.20,0.00%
"57 - N2R2_RM_57_NET_ESQ_PrimeSmartSolutionsLLC_3998_65K",1,"Harley Davidson Evo Helmet","DP1 V3",Visa,Tuesday,470793,1,1,100.00%,0,0.00%,1,1,100.00%,0,0.00%,1,0,$0.00,1,0.00%,0,0,$0.00,0,0.00%,0,0,0,$0.00,$0.00,$0.00,$0.00,$0.00,$0.00,$0.00,$0.00,$0.00,$0.00,0.00%,0,0.00%,$0.00,0.00%,0,0.00%,$0.00,0.00%,0,0.00%,$0.00,0.00%,0,0.00%,$0.00,0.00%,$0.00,$0.20,$0.00,$0.00,$0.00,$0.00,0.00%,$0.00,0.00%,$0.00,0.00%,$0.20,0.00%,$-0.20,0.00%
"57 - N2R2_RM_57_NET_ESQ_PrimeSmartSolutionsLLC_3998_65K",1,"Harley Davidson Evo Helmet","DP1 V3",Visa,Tuesday,498563,1,1,100.00%,0,0.00%,1,1,100.00%,0,0.00%,1,0,$0.00,1,0.00%,0,0,$0.00,0,0.00%,0,0,0,$0.00,$0.00,$0.00,$0.00,$0.00,$0.00,$0.00,$0.00,$0.00,$0.00,0.00%,0,0.00%,$0.00,0.00%,0,0.00%,$0.00,0.00%,0,0.00%,$0.00,0.00%,0,0.00%,$0.00,0.00%,$0.00,$0.20,$0.00,$0.00,$0.00,$0.00,0.00%,$0.00,0.00%,$0.00,0.00%,$0.20,0.00%,$-0.20,0.00%
"57 - N2R2_RM_57_NET_ESQ_PrimeSmartSolutionsLLC_3998_65K",1,"Harley Davidson Tailgate Bundle","DP1 V3",Mastercard,Tuesday,527515,1,1,100.00%,0,0.00%,1,1,100.00%,0,0.00%,1,0,$0.00,1,0.00%,0,0,$0.00,0,0.00%,0,0,0,$0.00,$0.00,$0.00,$0.00,$0.00,$0.00,$0.00,$0.00,$0.00,$0.00,0.00%,0,0.00%,$0.00,0.00%,0,0.00%,$0.00,0.00%,0,0.00%,$0.00,0.00%,0,0.00%,$0.00,0.00%,$0.00,$0.20,$0.00,$0.00,$0.00,$0.00,0.00%,$0.00,0.00%,$0.00,0.00%,$0.20,0.00%,$-0.20,0.00%
"57 - N2R2_RM_57_NET_ESQ_PrimeSmartSolutionsLLC_3998_65K",1,"Harley Davidson Tailgate Bundle","DP1 V3",Mastercard,Tuesday,550932,1,0,0.00%,1,100.00%,1,0,0.00%,1,100.00%,1,1,$12.89,0,100.00%,0,0,$0.00,0,0.00%,1,1,1,$12.89,$0.00,$0.00,$12.89,$0.00,$0.00,$12.89,$0.00,$12.89,$0.00,0.00%,0,0.00%,$0.00,0.00%,0,0.00%,$0.00,0.00%,0,0.00%,$0.00,0.00%,0,0.00%,$0.00,0.00%,$12.89,$0.84,$0.00,$0.00,$0.00,$0.00,0.00%,$0.00,0.00%,$0.00,0.00%,$0.84,6.52%,$12.05,93.48%
"57 - N2R2_RM_57_NET_ESQ_PrimeSmartSolutionsLLC_3998_65K",1,"Harley Davidson Tailgate Bundle","DP1 V3",Visa,Tuesday,423223,1,1,100.00%,0,0.00%,1,1,100.00%,0,0.00%,1,0,$0.00,1,0.00%,0,0,$0.00,0,0.00%,0,0,0,$0.00,$0.00,$0.00,$0.00,$0.00,$0.00,$0.00,$0.00,$0.00,$0.00,0.00%,0,0.00%,$0.00,0.00%,0,0.00%,$0.00,0.00%,0,0.00%,$0.00,0.00%,0,0.00%,$0.00,0.00%,$0.00,$0.20,$0.00,$0.00,$0.00,$0.00,0.00%,$0.00,0.00%,$0.00,0.00%,$0.20,0.00%,$-0.20,0.00%
"57 - N2R2_RM_57_NET_ESQ_PrimeSmartSolutionsLLC_3998_65K",1,"Harley Davidson Tailgate Bundle","DP1 V3",Visa,Tuesday,434769,1,0,0.00%,1,100.00%,1,0,0.00%,1,100.00%,1,1,$12.89,0,100.00%,0,0,$0.00,0,0.00%,1,1,1,$12.89,$0.00,$0.00,$12.89,$0.00,$0.00,$12.89,$0.00,$12.89,$0.00,0.00%,0,0.00%,$0.00,0.00%,0,0.00%,$0.00,0.00%,0,0.00%,$0.00,0.00%,0,0.00%,$0.00,0.00%,$12.89,$0.84,$0.00,$0.00,$0.00,$0.00,0.00%,$0.00,0.00%,$0.00,0.00%,$0.84,6.52%,$12.05,93.48%
"57 - N2R2_RM_57_NET_ESQ_PrimeSmartSolutionsLLC_3998_65K",1,"Harley Davidson Tailgate Bundle","DP1 V3",Visa,Tuesday,435983,1,1,100.00%,0,0.00%,1,1,100.00%,0,0.00%,1,0,$0.00,1,0.00%,0,0,$0.00,0,0.00%,0,0,0,$0.00,$0.00,$0.00,$0.00,$0.00,$0.00,$0.00,$0.00,$0.00,$0.00,0.00%,0,0.00%,$0.00,0.00%,0,0.00%,$0.00,0.00%,0,0.00%,$0.00,0.00%,0,0.00%,$0.00,0.00%,$0.00,$0.20,$0.00,$0.00,$0.00,$0.00,0.00%,$0.00,0.00%,$0.00,0.00%,$0.20,0.00%,$-0.20,0.00%
"57 - N2R2_RM_57_NET_ESQ_PrimeSmartSolutionsLLC_3998_65K",1,"Harley Davidson Tailgate Bundle","DP1 V3",Visa,Tuesday,444796,1,1,100.00%,0,0.00%,1,1,100.00%,0,0.00%,1,0,$0.00,1,0.00%,0,0,$0.00,0,0.00%,0,0,0,$0.00,$0.00,$0.00,$0.00,$0.00,$0.00,$0.00,$0.00,$0.00,$0.00,0.00%,0,0.00%,$0.00,0.00%,0,0.00%,$0.00,0.00%,0,0.00%,$0.00,0.00%,0,0.00%,$0.00,0.00%,$0.00,$0.20,$0.00,$0.00,$0.00,$0.00,0.00%,$0.00,0.00%,$0.00,0.00%,$0.20,0.00%,$-0.20,0.00%
"58 - NR2_RM_58_NET_ESQ_PrimeSmartSolutionsLLC_3931_65K",1,"5 Domestic flights","DP1 V3",Visa,Tuesday,434256,1,1,100.00%,0,0.00%,1,1,100.00%,0,0.00%,1,0,$0.00,1,0.00%,0,0,$0.00,0,0.00%,0,0,0,$0.00,$0.00,$0.00,$0.00,$0.00,$0.00,$0.00,$0.00,$0.00,$0.00,0.00%,0,0.00%,$0.00,0.00%,0,0.00%,$0.00,0.00%,0,0.00%,$0.00,0.00%,0,0.00%,$0.00,0.00%,$0.00,$0.20,$0.00,$0.00,$0.00,$0.00,0.00%,$0.00,0.00%,$0.00,0.00%,$0.20,0.00%,$-0.20,0.00%
"58 - NR2_RM_58_NET_ESQ_PrimeSmartSolutionsLLC_3931_65K",1,"Coors Light Tailgate Bundle","DP1 V3",Mastercard,Tuesday,510917,1,0,0.00%,1,100.00%,1,0,0.00%,1,100.00%,1,1,$12.89,0,100.00%,0,0,$0.00,0,0.00%,1,1,1,$12.89,$0.00,$0.00,$12.89,$0.00,$0.00,$12.89,$0.00,$12.89,$0.00,0.00%,0,0.00%,$0.00,0.00%,0,0.00%,$0.00,0.00%,0,0.00%,$0.00,0.00%,0,0.00%,$0.00,0.00%,$12.89,$0.84,$0.00,$0.00,$0.00,$0.00,0.00%,$0.00,0.00%,$0.00,0.00%,$0.84,6.52%,$12.05,93.48%
"58 - NR2_RM_58_NET_ESQ_PrimeSmartSolutionsLLC_3931_65K",1,"Coors Light Tailgate Bundle","DP1 V3",Visa,Tuesday,434256,1,1,100.00%,0,0.00%,1,1,100.00%,0,0.00%,1,0,$0.00,1,0.00%,0,0,$0.00,0,0.00%,0,0,0,$0.00,$0.00,$0.00,$0.00,$0.00,$0.00,$0.00,$0.00,$0.00,$0.00,0.00%,0,0.00%,$0.00,0.00%,0,0.00%,$0.00,0.00%,0,0.00%,$0.00,0.00%,0,0.00%,$0.00,0.00%,$0.00,$0.20,$0.00,$0.00,$0.00,$0.00,0.00%,$0.00,0.00%,$0.00,0.00%,$0.20,0.00%,$-0.20,0.00%
"58 - NR2_RM_58_NET_ESQ_PrimeSmartSolutionsLLC_3931_65K",1,"Coors Light Tailgate Bundle","DP1 V3",Visa,Tuesday,448775,1,0,0.00%,1,100.00%,1,0,0.00%,1,100.00%,1,1,$12.89,0,100.00%,0,0,$0.00,0,0.00%,1,1,1,$12.89,$0.00,$0.00,$12.89,$0.00,$0.00,$12.89,$0.00,$12.89,$0.00,0.00%,0,0.00%,$0.00,0.00%,0,0.00%,$0.00,0.00%,0,0.00%,$0.00,0.00%,0,0.00%,$0.00,0.00%,$12.89,$0.84,$0.00,$0.00,$0.00,$0.00,0.00%,$0.00,0.00%,$0.00,0.00%,$0.84,6.52%,$12.05,93.48%
"58 - NR2_RM_58_NET_ESQ_PrimeSmartSolutionsLLC_3931_65K",1,"Harley Davidson Evo Helmet","DP1 V3",Mastercard,Tuesday,514366,1,0,0.00%,1,100.00%,1,0,0.00%,1,100.00%,1,1,$12.89,0,100.00%,0,0,$0.00,0,0.00%,1,1,1,$12.89,$0.00,$0.00,$12.89,$0.00,$0.00,$12.89,$0.00,$12.89,$0.00,0.00%,0,0.00%,$0.00,0.00%,0,0.00%,$0.00,0.00%,0,0.00%,$0.00,0.00%,0,0.00%,$0.00,0.00%,$12.89,$0.84,$0.00,$0.00,$0.00,$0.00,0.00%,$0.00,0.00%,$0.00,0.00%,$0.84,6.52%,$12.05,93.48%
"58 - NR2_RM_58_NET_ESQ_PrimeSmartSolutionsLLC_3931_65K",1,"Harley Davidson Tailgate Bundle","DP1 V3",Mastercard,Tuesday,546316,1,0,0.00%,1,100.00%,1,0,0.00%,1,100.00%,1,1,$12.89,0,100.00%,0,0,$0.00,0,0.00%,1,1,1,$12.89,$0.00,$0.00,$12.89,$0.00,$0.00,$12.89,$0.00,$12.89,$0.00,0.00%,0,0.00%,$0.00,0.00%,0,0.00%,$0.00,0.00%,0,0.00%,$0.00,0.00%,0,0.00%,$0.00,0.00%,$12.89,$0.84,$0.00,$0.00,$0.00,$0.00,0.00%,$0.00,0.00%,$0.00,0.00%,$0.84,6.52%,$12.05,93.48%
"58 - NR2_RM_58_NET_ESQ_PrimeSmartSolutionsLLC_3931_65K",1,"Harley Davidson Tailgate Bundle","DP1 V3",Mastercard,Tuesday,549806,1,1,100.00%,0,0.00%,1,1,100.00%,0,0.00%,1,0,$0.00,1,0.00%,0,0,$0.00,0,0.00%,0,0,0,$0.00,$0.00,$0.00,$0.00,$0.00,$0.00,$0.00,$0.00,$0.00,$0.00,0.00%,0,0.00%,$0.00,0.00%,0,0.00%,$0.00,0.00%,0,0.00%,$0.00,0.00%,0,0.00%,$0.00,0.00%,$0.00,$0.20,$0.00,$0.00,$0.00,$0.00,0.00%,$0.00,0.00%,$0.00,0.00%,$0.20,0.00%,$-0.20,0.00%
"58 - NR2_RM_58_NET_ESQ_PrimeSmartSolutionsLLC_3931_65K",1,"Harley Davidson Tailgate Bundle","DP1 V3",Visa,Tuesday,401842,1,1,100.00%,0,0.00%,1,1,100.00%,0,0.00%,1,0,$0.00,1,0.00%,0,0,$0.00,0,0.00%,0,0,0,$0.00,$0.00,$0.00,$0.00,$0.00,$0.00,$0.00,$0.00,$0.00,$0.00,0.00%,0,0.00%,$0.00,0.00%,0,0.00%,$0.00,0.00%,0,0.00%,$0.00,0.00%,0,0.00%,$0.00,0.00%,$0.00,$0.20,$0.00,$0.00,$0.00,$0.00,0.00%,$0.00,0.00%,$0.00,0.00%,$0.20,0.00%,$-0.20,0.00%
"58 - NR2_RM_58_NET_ESQ_PrimeSmartSolutionsLLC_3931_65K",1,"Harley Davidson Tailgate Bundle","DP1 V3",Visa,Tuesday,406095,1,1,100.00%,0,0.00%,1,1,100.00%,0,0.00%,1,0,$0.00,1,0.00%,0,0,$0.00,0,0.00%,0,0,0,$0.00,$0.00,$0.00,$0.00,$0.00,$0.00,$0.00,$0.00,$0.00,$0.00,0.00%,0,0.00%,$0.00,0.00%,0,0.00%,$0.00,0.00%,0,0.00%,$0.00,0.00%,0,0.00%,$0.00,0.00%,$0.00,$0.20,$0.00,$0.00,$0.00,$0.00,0.00%,$0.00,0.00%,$0.00,0.00%,$0.20,0.00%,$-0.20,0.00%
"58 - NR2_RM_58_NET_ESQ_PrimeSmartSolutionsLLC_3931_65K",1,"Harley Davidson Tailgate Bundle","DP1 V3",Visa,Tuesday,457431,1,1,100.00%,0,0.00%,1,1,100.00%,0,0.00%,1,0,$0.00,1,0.00%,0,0,$0.00,0,0.00%,0,0,0,$0.00,$0.00,$0.00,$0.00,$0.00,$0.00,$0.00,$0.00,$0.00,$0.00,0.00%,0,0.00%,$0.00,0.00%,0,0.00%,$0.00,0.00%,0,0.00%,$0.00,0.00%,0,0.00%,$0.00,0.00%,$0.00,$0.20,$0.00,$0.00,$0.00,$0.00,0.00%,$0.00,0.00%,$0.00,0.00%,$0.20,0.00%,$-0.20,0.00%
"58 - NR2_RM_58_NET_ESQ_PrimeSmartSolutionsLLC_3931_65K",1,"Harley Davidson Tailgate Bundle","DP1 V3",Visa,Tuesday,489287,1,0,0.00%,1,100.00%,1,0,0.00%,1,100.00%,1,1,$12.89,0,100.00%,0,0,$0.00,0,0.00%,1,1,1,$12.89,$0.00,$0.00,$12.89,$0.00,$0.00,$12.89,$0.00,$12.89,$0.00,0.00%,0,0.00%,$0.00,0.00%,0,0.00%,$0.00,0.00%,0,0.00%,$0.00,0.00%,0,0.00%,$0.00,0.00%,$12.89,$0.84,$0.00,$0.00,$0.00,$0.00,0.00%,$0.00,0.00%,$0.00,0.00%,$0.84,6.52%,$12.05,93.48%
"58 - NR2_RM_58_NET_ESQ_PrimeSmartSolutionsLLC_3931_65K",1,"Miller Lite Tailgate Combo Pack","DP1 V3",Mastercard,Tuesday,554085,1,1,100.00%,0,0.00%,1,1,100.00%,0,0.00%,1,0,$0.00,1,0.00%,0,0,$0.00,0,0.00%,0,0,0,$0.00,$0.00,$0.00,$0.00,$0.00,$0.00,$0.00,$0.00,$0.00,$0.00,0.00%,0,0.00%,$0.00,0.00%,0,0.00%,$0.00,0.00%,0,0.00%,$0.00,0.00%,0,0.00%,$0.00,0.00%,$0.00,$0.20,$0.00,$0.00,$0.00,$0.00,0.00%,$0.00,0.00%,$0.00,0.00%,$0.20,0.00%,$-0.20,0.00%
"58 - NR2_RM_58_NET_ESQ_PrimeSmartSolutionsLLC_3931_65K",1,"Miller Lite Tailgate Combo Pack","DP1 V3",Visa,Tuesday,400022,1,0,0.00%,1,100.00%,1,0,0.00%,1,100.00%,1,1,$12.89,0,100.00%,0,0,$0.00,0,0.00%,1,1,1,$12.89,$0.00,$0.00,$12.89,$0.00,$0.00,$12.89,$0.00,$12.89,$0.00,0.00%,0,0.00%,$0.00,0.00%,0,0.00%,$0.00,0.00%,0,0.00%,$0.00,0.00%,0,0.00%,$0.00,0.00%,$12.89,$0.84,$0.00,$0.00,$0.00,$0.00,0.00%,$0.00,0.00%,$0.00,0.00%,$0.84,6.52%,$12.05,93.48%
"58 - NR2_RM_58_NET_ESQ_PrimeSmartSolutionsLLC_3931_65K",1,"Miller Lite Tailgate Combo Pack","DP1 V3",Visa,Tuesday,447825,1,0,0.00%,1,100.00%,1,0,0.00%,1,100.00%,1,1,$12.89,0,100.00%,0,0,$0.00,0,0.00%,1,1,1,$12.89,$0.00,$0.00,$12.89,$0.00,$0.00,$12.89,$0.00,$12.89,$0.00,0.00%,0,0.00%,$0.00,0.00%,0,0.00%,$0.00,0.00%,0,0.00%,$0.00,0.00%,0,0.00%,$0.00,0.00%,$12.89,$0.84,$0.00,$0.00,$0.00,$0.00,0.00%,$0.00,0.00%,$0.00,0.00%,$0.84,6.52%,$12.05,93.48%
"58 - NR2_RM_58_NET_ESQ_PrimeSmartSolutionsLLC_3931_65K",1,"Steambow M10 Tactical","DP1 V3",Mastercard,Tuesday,518725,1,1,100.00%,0,0.00%,1,1,100.00%,0,0.00%,1,0,$0.00,1,0.00%,0,0,$0.00,0,0.00%,0,0,0,$0.00,$0.00,$0.00,$0.00,$0.00,$0.00,$0.00,$0.00,$0.00,$0.00,0.00%,0,0.00%,$0.00,0.00%,0,0.00%,$0.00,0.00%,0,0.00%,$0.00,0.00%,0,0.00%,$0.00,0.00%,$0.00,$0.20,$0.00,$0.00,$0.00,$0.00,0.00%,$0.00,0.00%,$0.00,0.00%,$0.20,0.00%,$-0.20,0.00%
"58 - NR2_RM_58_NET_ESQ_PrimeSmartSolutionsLLC_3931_65K",1,"Steambow M10 Tactical","DP1 V3",Visa,Tuesday,474165,1,1,100.00%,0,0.00%,1,1,100.00%,0,0.00%,1,0,$0.00,1,0.00%,0,0,$0.00,0,0.00%,0,0,0,$0.00,$0.00,$0.00,$0.00,$0.00,$0.00,$0.00,$0.00,$0.00,$0.00,0.00%,0,0.00%,$0.00,0.00%,0,0.00%,$0.00,0.00%,0,0.00%,$0.00,0.00%,0,0.00%,$0.00,0.00%,$0.00,$0.20,$0.00,$0.00,$0.00,$0.00,0.00%,$0.00,0.00%,$0.00,0.00%,$0.20,0.00%,$-0.20,0.00%
"58 - NR2_RM_58_NET_ESQ_PrimeSmartSolutionsLLC_3931_65K",1,"Tory Burch Tote Bag Blue","DP1 V3",Mastercard,Tuesday,526188,1,0,0.00%,1,100.00%,1,0,0.00%,1,100.00%,1,1,$12.89,0,100.00%,0,0,$0.00,0,0.00%,1,1,1,$12.89,$0.00,$0.00,$12.89,$0.00,$0.00,$12.89,$0.00,$12.89,$0.00,0.00%,0,0.00%,$0.00,0.00%,0,0.00%,$0.00,0.00%,0,0.00%,$0.00,0.00%,0,0.00%,$0.00,0.00%,$12.89,$0.84,$0.00,$0.00,$0.00,$0.00,0.00%,$0.00,0.00%,$0.00,0.00%,$0.84,6.52%,$12.05,93.48%
"58 - NR2_RM_58_NET_ESQ_PrimeSmartSolutionsLLC_3931_65K",1,"Tory Burch Tote Bag Blue","DP1 V3",Visa,Tuesday,448261,1,1,100.00%,0,0.00%,1,1,100.00%,0,0.00%,1,0,$0.00,1,0.00%,0,0,$0.00,0,0.00%,0,0,0,$0.00,$0.00,$0.00,$0.00,$0.00,$0.00,$0.00,$0.00,$0.00,$0.00,0.00%,0,0.00%,$0.00,0.00%,0,0.00%,$0.00,0.00%,0,0.00%,$0.00,0.00%,0,0.00%,$0.00,0.00%,$0.00,$0.20,$0.00,$0.00,$0.00,$0.00,0.00%,$0.00,0.00%,$0.00,0.00%,$0.20,0.00%,$-0.20,0.00%
"59 - RM_59_PRIOR_SYN_DiamondSphereLLC_2940_75K",1,"Coors Light Tailgate Bundle","DP1 V3",Visa,Tuesday,407773,1,1,100.00%,0,0.00%,1,1,100.00%,0,0.00%,1,0,$0.00,1,0.00%,0,0,$0.00,0,0.00%,0,0,0,$0.00,$0.00,$0.00,$0.00,$0.00,$0.00,$0.00,$0.00,$0.00,$0.00,0.00%,0,0.00%,$0.00,0.00%,0,0.00%,$0.00,0.00%,0,0.00%,$0.00,0.00%,0,0.00%,$0.00,0.00%,$0.00,$0.20,$0.00,$0.00,$0.00,$0.00,0.00%,$0.00,0.00%,$0.00,0.00%,$0.20,0.00%,$-0.20,0.00%
"59 - RM_59_PRIOR_SYN_DiamondSphereLLC_2940_75K",1,"Harley Davidson Evo Helmet","DP1 V3",Mastercard,Tuesday,528505,1,1,100.00%,0,0.00%,1,1,100.00%,0,0.00%,1,0,$0.00,1,0.00%,0,0,$0.00,0,0.00%,0,0,0,$0.00,$0.00,$0.00,$0.00,$0.00,$0.00,$0.00,$0.00,$0.00,$0.00,0.00%,0,0.00%,$0.00,0.00%,0,0.00%,$0.00,0.00%,0,0.00%,$0.00,0.00%,0,0.00%,$0.00,0.00%,$0.00,$0.20,$0.00,$0.00,$0.00,$0.00,0.00%,$0.00,0.00%,$0.00,0.00%,$0.20,0.00%,$-0.20,0.00%
"59 - RM_59_PRIOR_SYN_DiamondSphereLLC_2940_75K",1,"Harley Davidson Tailgate Bundle","DP1 V3",Mastercard,Tuesday,514656,1,0,0.00%,1,100.00%,1,0,0.00%,1,100.00%,1,1,$12.89,0,100.00%,0,0,$0.00,0,0.00%,1,1,1,$12.89,$0.00,$0.00,$12.89,$0.00,$0.00,$12.89,$0.00,$12.89,$0.00,0.00%,0,0.00%,$0.00,0.00%,0,0.00%,$0.00,0.00%,0,0.00%,$0.00,0.00%,0,0.00%,$0.00,0.00%,$12.89,$0.84,$0.00,$0.00,$0.00,$0.00,0.00%,$0.00,0.00%,$0.00,0.00%,$0.84,6.52%,$12.05,93.48%
"59 - RM_59_PRIOR_SYN_DiamondSphereLLC_2940_75K",1,"Harley Davidson Tailgate Bundle","DP1 V3",Mastercard,Tuesday,521267,1,1,100.00%,0,0.00%,1,1,100.00%,0,0.00%,1,0,$0.00,1,0.00%,0,0,$0.00,0,0.00%,0,0,0,$0.00,$0.00,$0.00,$0.00,$0.00,$0.00,$0.00,$0.00,$0.00,$0.00,0.00%,0,0.00%,$0.00,0.00%,0,0.00%,$0.00,0.00%,0,0.00%,$0.00,0.00%,0,0.00%,$0.00,0.00%,$0.00,$0.20,$0.00,$0.00,$0.00,$0.00,0.00%,$0.00,0.00%,$0.00,0.00%,$0.20,0.00%,$-0.20,0.00%
"59 - RM_59_PRIOR_SYN_DiamondSphereLLC_2940_75K",1,"Harley Davidson Tailgate Bundle","DP1 V3",Visa,Tuesday,406032,1,0,0.00%,1,100.00%,1,0,0.00%,1,100.00%,1,1,$12.89,0,100.00%,0,0,$0.00,0,0.00%,1,1,1,$12.89,$0.00,$0.00,$12.89,$0.00,$0.00,$12.89,$0.00,$12.89,$0.00,0.00%,0,0.00%,$0.00,0.00%,0,0.00%,$0.00,0.00%,0,0.00%,$0.00,0.00%,0,0.00%,$0.00,0.00%,$12.89,$0.84,$0.00,$0.00,$0.00,$0.00,0.00%,$0.00,0.00%,$0.00,0.00%,$0.84,6.52%,$12.05,93.48%
"59 - RM_59_PRIOR_SYN_DiamondSphereLLC_2940_75K",1,"Harley Davidson Tailgate Bundle","DP1 V3",Visa,Tuesday,444796,1,1,100.00%,0,0.00%,1,1,100.00%,0,0.00%,1,0,$0.00,1,0.00%,0,0,$0.00,0,0.00%,0,0,0,$0.00,$0.00,$0.00,$0.00,$0.00,$0.00,$0.00,$0.00,$0.00,$0.00,0.00%,0,0.00%,$0.00,0.00%,0,0.00%,$0.00,0.00%,0,0.00%,$0.00,0.00%,0,0.00%,$0.00,0.00%,$0.00,$0.20,$0.00,$0.00,$0.00,$0.00,0.00%,$0.00,0.00%,$0.00,0.00%,$0.20,0.00%,$-0.20,0.00%
"59 - RM_59_PRIOR_SYN_DiamondSphereLLC_2940_75K",1,"Stihl ZeroTurn Lawn Mower","DP1 V3",Mastercard,Tuesday,527854,1,1,100.00%,0,0.00%,1,1,100.00%,0,0.00%,1,0,$0.00,1,0.00%,0,0,$0.00,0,0.00%,0,0,0,$0.00,$0.00,$0.00,$0.00,$0.00,$0.00,$0.00,$0.00,$0.00,$0.00,0.00%,0,0.00%,$0.00,0.00%,0,0.00%,$0.00,0.00%,0,0.00%,$0.00,0.00%,0,0.00%,$0.00,0.00%,$0.00,$0.20,$0.00,$0.00,$0.00,$0.00,0.00%,$0.00,0.00%,$0.00,0.00%,$0.20,0.00%,$-0.20,0.00%
"59 - RM_59_PRIOR_SYN_DiamondSphereLLC_2940_75K",1,"Tory Burch Tote Bag","DP1 V3",Mastercard,Tuesday,527515,1,0,0.00%,1,100.00%,1,0,0.00%,1,100.00%,1,1,$12.89,0,100.00%,0,0,$0.00,0,0.00%,1,1,1,$12.89,$0.00,$0.00,$12.89,$0.00,$0.00,$12.89,$0.00,$12.89,$0.00,0.00%,0,0.00%,$0.00,0.00%,0,0.00%,$0.00,0.00%,0,0.00%,$0.00,0.00%,0,0.00%,$0.00,0.00%,$12.89,$0.84,$0.00,$0.00,$0.00,$0.00,0.00%,$0.00,0.00%,$0.00,0.00%,$0.84,6.52%,$12.05,93.48%
"60 - N2R2_RM_60_PRIOR_SYN_DiamondSphereLLC_0921_75K",1,"5 Domestic flights","DP1 V3",Mastercard,Tuesday,518941,1,0,0.00%,1,100.00%,1,0,0.00%,1,100.00%,1,1,$12.89,0,100.00%,0,0,$0.00,0,0.00%,1,1,1,$12.89,$0.00,$0.00,$12.89,$0.00,$0.00,$12.89,$0.00,$12.89,$0.00,0.00%,0,0.00%,$0.00,0.00%,0,0.00%,$0.00,0.00%,0,0.00%,$0.00,0.00%,0,0.00%,$0.00,0.00%,$12.89,$0.84,$0.00,$0.00,$0.00,$0.00,0.00%,$0.00,0.00%,$0.00,0.00%,$0.84,6.52%,$12.05,93.48%
"60 - N2R2_RM_60_PRIOR_SYN_DiamondSphereLLC_0921_75K",1,"BOGG Bag","DP1 V3",Mastercard,Tuesday,548042,1,1,100.00%,0,0.00%,1,1,100.00%,0,0.00%,1,0,$0.00,1,0.00%,0,0,$0.00,0,0.00%,0,0,0,$0.00,$0.00,$0.00,$0.00,$0.00,$0.00,$0.00,$0.00,$0.00,$0.00,0.00%,0,0.00%,$0.00,0.00%,0,0.00%,$0.00,0.00%,0,0.00%,$0.00,0.00%,0,0.00%,$0.00,0.00%,$0.00,$0.20,$0.00,$0.00,$0.00,$0.00,0.00%,$0.00,0.00%,$0.00,0.00%,$0.20,0.00%,$-0.20,0.00%
"60 - N2R2_RM_60_PRIOR_SYN_DiamondSphereLLC_0921_75K",1,"BOGG Bag","DP1 V3",Visa,Tuesday,434258,1,0,0.00%,1,100.00%,1,0,0.00%,1,100.00%,1,1,$12.89,0,100.00%,0,0,$0.00,0,0.00%,1,1,1,$12.89,$0.00,$0.00,$12.89,$0.00,$0.00,$12.89,$0.00,$12.89,$0.00,0.00%,0,0.00%,$0.00,0.00%,0,0.00%,$0.00,0.00%,0,0.00%,$0.00,0.00%,0,0.00%,$0.00,0.00%,$12.89,$0.84,$0.00,$0.00,$0.00,$0.00,0.00%,$0.00,0.00%,$0.00,0.00%,$0.84,6.52%,$12.05,93.48%
"60 - N2R2_RM_60_PRIOR_SYN_DiamondSphereLLC_0921_75K",1,"Harley Davidson Evo Helmet","DP1 V3",Mastercard,Tuesday,514759,1,1,100.00%,0,0.00%,1,1,100.00%,0,0.00%,1,0,$0.00,1,0.00%,0,0,$0.00,0,0.00%,0,0,0,$0.00,$0.00,$0.00,$0.00,$0.00,$0.00,$0.00,$0.00,$0.00,$0.00,0.00%,0,0.00%,$0.00,0.00%,0,0.00%,$0.00,0.00%,0,0.00%,$0.00,0.00%,0,0.00%,$0.00,0.00%,$0.00,$0.20,$0.00,$0.00,$0.00,$0.00,0.00%,$0.00,0.00%,$0.00,0.00%,$0.20,0.00%,$-0.20,0.00%
"60 - N2R2_RM_60_PRIOR_SYN_DiamondSphereLLC_0921_75K",1,"Harley Davidson Evo Helmet","DP1 V3",Mastercard,Tuesday,523568,1,1,100.00%,0,0.00%,1,1,100.00%,0,0.00%,1,0,$0.00,1,0.00%,0,0,$0.00,0,0.00%,0,0,0,$0.00,$0.00,$0.00,$0.00,$0.00,$0.00,$0.00,$0.00,$0.00,$0.00,0.00%,0,0.00%,$0.00,0.00%,0,0.00%,$0.00,0.00%,0,0.00%,$0.00,0.00%,0,0.00%,$0.00,0.00%,$0.00,$0.20,$0.00,$0.00,$0.00,$0.00,0.00%,$0.00,0.00%,$0.00,0.00%,$0.20,0.00%,$-0.20,0.00%
"60 - N2R2_RM_60_PRIOR_SYN_DiamondSphereLLC_0921_75K",1,"Harley Davidson Evo Helmet","DP1 V3",Mastercard,Tuesday,557567,1,1,100.00%,0,0.00%,1,1,100.00%,0,0.00%,1,0,$0.00,1,0.00%,0,0,$0.00,0,0.00%,0,0,0,$0.00,$0.00,$0.00,$0.00,$0.00,$0.00,$0.00,$0.00,$0.00,$0.00,0.00%,0,0.00%,$0.00,0.00%,0,0.00%,$0.00,0.00%,0,0.00%,$0.00,0.00%,0,0.00%,$0.00,0.00%,$0.00,$0.20,$0.00,$0.00,$0.00,$0.00,0.00%,$0.00,0.00%,$0.00,0.00%,$0.20,0.00%,$-0.20,0.00%
"60 - N2R2_RM_60_PRIOR_SYN_DiamondSphereLLC_0921_75K",1,"Harley Davidson Evo Helmet","DP1 V3",Visa,Tuesday,470523,1,1,100.00%,0,0.00%,1,1,100.00%,0,0.00%,1,0,$0.00,1,0.00%,0,0,$0.00,0,0.00%,0,0,0,$0.00,$0.00,$0.00,$0.00,$0.00,$0.00,$0.00,$0.00,$0.00,$0.00,0.00%,0,0.00%,$0.00,0.00%,0,0.00%,$0.00,0.00%,0,0.00%,$0.00,0.00%,0,0.00%,$0.00,0.00%,$0.00,$0.20,$0.00,$0.00,$0.00,$0.00,0.00%,$0.00,0.00%,$0.00,0.00%,$0.20,0.00%,$-0.20,0.00%
"60 - N2R2_RM_60_PRIOR_SYN_DiamondSphereLLC_0921_75K",1,"Harley Davidson Tailgate Bundle","DP1 V3",Mastercard,Tuesday,521044,1,0,0.00%,1,100.00%,1,0,0.00%,1,100.00%,1,1,$12.89,0,100.00%,0,0,$0.00,0,0.00%,1,1,1,$12.89,$0.00,$0.00,$12.89,$0.00,$0.00,$12.89,$0.00,$12.89,$0.00,0.00%,0,0.00%,$0.00,0.00%,0,0.00%,$0.00,0.00%,0,0.00%,$0.00,0.00%,0,0.00%,$0.00,0.00%,$12.89,$0.84,$0.00,$0.00,$0.00,$0.00,0.00%,$0.00,0.00%,$0.00,0.00%,$0.84,6.52%,$12.05,93.48%
"60 - N2R2_RM_60_PRIOR_SYN_DiamondSphereLLC_0921_75K",1,"Miller Lite Tailgate Combo Pack","DP1 V3",Mastercard,Tuesday,546325,1,1,100.00%,0,0.00%,1,1,100.00%,0,0.00%,1,0,$0.00,1,0.00%,0,0,$0.00,0,0.00%,0,0,0,$0.00,$0.00,$0.00,$0.00,$0.00,$0.00,$0.00,$0.00,$0.00,$0.00,0.00%,0,0.00%,$0.00,0.00%,0,0.00%,$0.00,0.00%,0,0.00%,$0.00,0.00%,0,0.00%,$0.00,0.00%,$0.00,$0.20,$0.00,$0.00,$0.00,$0.00,0.00%,$0.00,0.00%,$0.00,0.00%,$0.20,0.00%,$-0.20,0.00%
"60 - N2R2_RM_60_PRIOR_SYN_DiamondSphereLLC_0921_75K",1,"Miller Lite Tailgate Combo Pack","DP1 V3",Visa,Tuesday,453598,1,0,0.00%,1,100.00%,1,0,0.00%,1,100.00%,1,1,$12.89,0,100.00%,0,0,$0.00,0,0.00%,1,1,1,$12.89,$0.00,$0.00,$12.89,$0.00,$0.00,$12.89,$0.00,$12.89,$0.00,0.00%,0,0.00%,$0.00,0.00%,0,0.00%,$0.00,0.00%,0,0.00%,$0.00,0.00%,0,0.00%,$0.00,0.00%,$12.89,$0.84,$0.00,$0.00,$0.00,$0.00,0.00%,$0.00,0.00%,$0.00,0.00%,$0.84,6.52%,$12.05,93.48%
"60 - N2R2_RM_60_PRIOR_SYN_DiamondSphereLLC_0921_75K",1,"MoJack Mower Deck Lift","DP1 V3",Visa,Tuesday,421783,1,1,100.00%,0,0.00%,1,1,100.00%,0,0.00%,1,0,$0.00,1,0.00%,0,0,$0.00,0,0.00%,0,0,0,$0.00,$0.00,$0.00,$0.00,$0.00,$0.00,$0.00,$0.00,$0.00,$0.00,0.00%,0,0.00%,$0.00,0.00%,0,0.00%,$0.00,0.00%,0,0.00%,$0.00,0.00%,0,0.00%,$0.00,0.00%,$0.00,$0.20,$0.00,$0.00,$0.00,$0.00,0.00%,$0.00,0.00%,$0.00,0.00%,$0.20,0.00%,$-0.20,0.00%
"60 - N2R2_RM_60_PRIOR_SYN_DiamondSphereLLC_0921_75K",1,"Steambow M10 Tactical","DP1 V3",Visa,Tuesday,423223,1,1,100.00%,0,0.00%,1,1,100.00%,0,0.00%,1,0,$0.00,1,0.00%,0,0,$0.00,0,0.00%,0,0,0,$0.00,$0.00,$0.00,$0.00,$0.00,$0.00,$0.00,$0.00,$0.00,$0.00,0.00%,0,0.00%,$0.00,0.00%,0,0.00%,$0.00,0.00%,0,0.00%,$0.00,0.00%,0,0.00%,$0.00,0.00%,$0.00,$0.20,$0.00,$0.00,$0.00,$0.00,0.00%,$0.00,0.00%,$0.00,0.00%,$0.20,0.00%,$-0.20,0.00%
"62 - N2R12_RM_62_NET_ESQ_DiamondSphereLLC_9352_65K",1,"Harley Davidson Evo Helmet","DP1 V3",Visa,Tuesday,447464,1,0,0.00%,1,100.00%,1,0,0.00%,1,100.00%,1,1,$12.89,0,100.00%,0,0,$0.00,0,0.00%,1,1,1,$12.89,$0.00,$0.00,$12.89,$0.00,$0.00,$12.89,$0.00,$12.89,$0.00,0.00%,0,0.00%,$0.00,0.00%,0,0.00%,$0.00,0.00%,0,0.00%,$0.00,0.00%,0,0.00%,$0.00,0.00%,$12.89,$0.84,$0.00,$0.00,$0.00,$0.00,0.00%,$0.00,0.00%,$0.00,0.00%,$0.84,6.52%,$12.05,93.48%
"63 - NR2_RM_63_NET_ESQ_DiamondSphereLLC_9345_45K",1,"BOGG Bag","DP1 V3",Mastercard,Tuesday,517279,1,0,0.00%,1,100.00%,1,0,0.00%,1,100.00%,1,1,$12.89,0,100.00%,0,0,$0.00,0,0.00%,1,1,1,$12.89,$0.00,$0.00,$12.89,$0.00,$0.00,$12.89,$0.00,$12.89,$0.00,0.00%,0,0.00%,$0.00,0.00%,0,0.00%,$0.00,0.00%,0,0.00%,$0.00,0.00%,0,0.00%,$0.00,0.00%,$12.89,$0.84,$0.00,$0.00,$0.00,$0.00,0.00%,$0.00,0.00%,$0.00,0.00%,$0.84,6.52%,$12.05,93.48%
"64 - NR2_RM_64_NET_ESQ_DiamondSphereLLC_9337_65K",1,"BOGG Bag","DP1 V3",Mastercard,Tuesday,546325,1,1,100.00%,0,0.00%,1,1,100.00%,0,0.00%,1,0,$0.00,1,0.00%,0,0,$0.00,0,0.00%,0,0,0,$0.00,$0.00,$0.00,$0.00,$0.00,$0.00,$0.00,$0.00,$0.00,$0.00,0.00%,0,0.00%,$0.00,0.00%,0,0.00%,$0.00,0.00%,0,0.00%,$0.00,0.00%,0,0.00%,$0.00,0.00%,$0.00,$0.20,$0.00,$0.00,$0.00,$0.00,0.00%,$0.00,0.00%,$0.00,0.00%,$0.20,0.00%,$-0.20,0.00%
"64 - NR2_RM_64_NET_ESQ_DiamondSphereLLC_9337_65K",1,"BOGG Bag","DP1 V3",Visa,Tuesday,447227,1,1,100.00%,0,0.00%,1,1,100.00%,0,0.00%,1,0,$0.00,1,0.00%,0,0,$0.00,0,0.00%,0,0,0,$0.00,$0.00,$0.00,$0.00,$0.00,$0.00,$0.00,$0.00,$0.00,$0.00,0.00%,0,0.00%,$0.00,0.00%,0,0.00%,$0.00,0.00%,0,0.00%,$0.00,0.00%,0,0.00%,$0.00,0.00%,$0.00,$0.20,$0.00,$0.00,$0.00,$0.00,0.00%,$0.00,0.00%,$0.00,0.00%,$0.20,0.00%,$-0.20,0.00%
"64 - NR2_RM_64_NET_ESQ_DiamondSphereLLC_9337_65K",1,"Harley Davidson Evo Helmet","DP1 V3",Visa,Tuesday,400022,1,1,100.00%,0,0.00%,1,1,100.00%,0,0.00%,1,0,$0.00,1,0.00%,0,0,$0.00,0,0.00%,0,0,0,$0.00,$0.00,$0.00,$0.00,$0.00,$0.00,$0.00,$0.00,$0.00,$0.00,0.00%,0,0.00%,$0.00,0.00%,0,0.00%,$0.00,0.00%,0,0.00%,$0.00,0.00%,0,0.00%,$0.00,0.00%,$0.00,$0.20,$0.00,$0.00,$0.00,$0.00,0.00%,$0.00,0.00%,$0.00,0.00%,$0.20,0.00%,$-0.20,0.00%
"65 - N2_RM_65_PSF_BBVA_BrightAdvantageLLC_8842_50K",1,"BOGG Bag","DP1 V3",Visa,Tuesday,403766,1,1,100.00%,0,0.00%,1,1,100.00%,0,0.00%,1,0,$0.00,1,0.00%,0,0,$0.00,0,0.00%,0,0,0,$0.00,$0.00,$0.00,$0.00,$0.00,$0.00,$0.00,$0.00,$0.00,$0.00,0.00%,0,0.00%,$0.00,0.00%,0,0.00%,$0.00,0.00%,0,0.00%,$0.00,0.00%,0,0.00%,$0.00,0.00%,$0.00,$0.20,$0.00,$0.00,$0.00,$0.00,0.00%,$0.00,0.00%,$0.00,0.00%,$0.20,0.00%,$-0.20,0.00%
"65 - N2_RM_65_PSF_BBVA_BrightAdvantageLLC_8842_50K",1,"Coors Light Tailgate Bundle","DP1 V3",Visa,Tuesday,430654,1,1,100.00%,0,0.00%,1,1,100.00%,0,0.00%,1,0,$0.00,1,0.00%,0,0,$0.00,0,0.00%,0,0,0,$0.00,$0.00,$0.00,$0.00,$0.00,$0.00,$0.00,$0.00,$0.00,$0.00,0.00%,0,0.00%,$0.00,0.00%,0,0.00%,$0.00,0.00%,0,0.00%,$0.00,0.00%,0,0.00%,$0.00,0.00%,$0.00,$0.20,$0.00,$0.00,$0.00,$0.00,0.00%,$0.00,0.00%,$0.00,0.00%,$0.20,0.00%,$-0.20,0.00%
"65 - N2_RM_65_PSF_BBVA_BrightAdvantageLLC_8842_50K",1,"Harley Davidson Evo Helmet","DP1 V3",Mastercard,Tuesday,552342,1,1,100.00%,0,0.00%,1,1,100.00%,0,0.00%,1,0,$0.00,1,0.00%,0,0,$0.00,0,0.00%,0,0,0,$0.00,$0.00,$0.00,$0.00,$0.00,$0.00,$0.00,$0.00,$0.00,$0.00,0.00%,0,0.00%,$0.00,0.00%,0,0.00%,$0.00,0.00%,0,0.00%,$0.00,0.00%,0,0.00%,$0.00,0.00%,$0.00,$0.20,$0.00,$0.00,$0.00,$0.00,0.00%,$0.00,0.00%,$0.00,0.00%,$0.20,0.00%,$-0.20,0.00%
"65 - N2_RM_65_PSF_BBVA_BrightAdvantageLLC_8842_50K",1,"Harley Davidson Evo Helmet","DP1 V3",Visa,Tuesday,423223,1,1,100.00%,0,0.00%,1,1,100.00%,0,0.00%,1,0,$0.00,1,0.00%,0,0,$0.00,0,0.00%,0,0,0,$0.00,$0.00,$0.00,$0.00,$0.00,$0.00,$0.00,$0.00,$0.00,$0.00,0.00%,0,0.00%,$0.00,0.00%,0,0.00%,$0.00,0.00%,0,0.00%,$0.00,0.00%,0,0.00%,$0.00,0.00%,$0.00,$0.20,$0.00,$0.00,$0.00,$0.00,0.00%,$0.00,0.00%,$0.00,0.00%,$0.20,0.00%,$-0.20,0.00%
"65 - N2_RM_65_PSF_BBVA_BrightAdvantageLLC_8842_50K",1,"Harley Davidson Evo Helmet","DP1 V3",Visa,Tuesday,424631,1,1,100.00%,0,0.00%,1,1,100.00%,0,0.00%,1,0,$0.00,1,0.00%,0,0,$0.00,0,0.00%,0,0,0,$0.00,$0.00,$0.00,$0.00,$0.00,$0.00,$0.00,$0.00,$0.00,$0.00,0.00%,0,0.00%,$0.00,0.00%,0,0.00%,$0.00,0.00%,0,0.00%,$0.00,0.00%,0,0.00%,$0.00,0.00%,$0.00,$0.20,$0.00,$0.00,$0.00,$0.00,0.00%,$0.00,0.00%,$0.00,0.00%,$0.20,0.00%,$-0.20,0.00%
"65 - N2_RM_65_PSF_BBVA_BrightAdvantageLLC_8842_50K",1,"Harley Davidson Evo Helmet","DP1 V3",Visa,Tuesday,434257,1,1,100.00%,0,0.00%,1,1,100.00%,0,0.00%,1,0,$0.00,1,0.00%,0,0,$0.00,0,0.00%,0,0,0,$0.00,$0.00,$0.00,$0.00,$0.00,$0.00,$0.00,$0.00,$0.00,$0.00,0.00%,0,0.00%,$0.00,0.00%,0,0.00%,$0.00,0.00%,0,0.00%,$0.00,0.00%,0,0.00%,$0.00,0.00%,$0.00,$0.20,$0.00,$0.00,$0.00,$0.00,0.00%,$0.00,0.00%,$0.00,0.00%,$0.20,0.00%,$-0.20,0.00%
"65 - N2_RM_65_PSF_BBVA_BrightAdvantageLLC_8842_50K",1,"Harley Davidson Evo Helmet","DP1 V3",Visa,Tuesday,446613,1,1,100.00%,0,0.00%,1,1,100.00%,0,0.00%,1,0,$0.00,1,0.00%,0,0,$0.00,0,0.00%,0,0,0,$0.00,$0.00,$0.00,$0.00,$0.00,$0.00,$0.00,$0.00,$0.00,$0.00,0.00%,0,0.00%,$0.00,0.00%,0,0.00%,$0.00,0.00%,0,0.00%,$0.00,0.00%,0,0.00%,$0.00,0.00%,$0.00,$0.20,$0.00,$0.00,$0.00,$0.00,0.00%,$0.00,0.00%,$0.00,0.00%,$0.20,0.00%,$-0.20,0.00%
"65 - N2_RM_65_PSF_BBVA_BrightAdvantageLLC_8842_50K",1,"Harley Davidson Evo Helmet","DP1 V3",Visa,Tuesday,473703,1,0,0.00%,1,100.00%,1,0,0.00%,1,100.00%,1,1,$12.89,0,100.00%,0,0,$0.00,0,0.00%,1,1,1,$12.89,$0.00,$0.00,$12.89,$0.00,$0.00,$12.89,$0.00,$12.89,$0.00,0.00%,0,0.00%,$0.00,0.00%,0,0.00%,$0.00,0.00%,0,0.00%,$0.00,0.00%,0,0.00%,$0.00,0.00%,$12.89,$0.84,$0.00,$0.00,$0.00,$0.00,0.00%,$0.00,0.00%,$0.00,0.00%,$0.84,6.52%,$12.05,93.48%
"65 - N2_RM_65_PSF_BBVA_BrightAdvantageLLC_8842_50K",1,"Harley Davidson Tailgate Bundle","DP1 V3",Mastercard,Tuesday,514077,1,1,100.00%,0,0.00%,1,1,100.00%,0,0.00%,1,0,$0.00,1,0.00%,0,0,$0.00,0,0.00%,0,0,0,$0.00,$0.00,$0.00,$0.00,$0.00,$0.00,$0.00,$0.00,$0.00,$0.00,0.00%,0,0.00%,$0.00,0.00%,0,0.00%,$0.00,0.00%,0,0.00%,$0.00,0.00%,0,0.00%,$0.00,0.00%,$0.00,$0.20,$0.00,$0.00,$0.00,$0.00,0.00%,$0.00,0.00%,$0.00,0.00%,$0.20,0.00%,$-0.20,0.00%
"65 - N2_RM_65_PSF_BBVA_BrightAdvantageLLC_8842_50K",1,"Harley Davidson Tailgate Bundle","DP1 V3",Mastercard,Tuesday,517279,1,1,100.00%,0,0.00%,1,1,100.00%,0,0.00%,1,0,$0.00,1,0.00%,0,0,$0.00,0,0.00%,0,0,0,$0.00,$0.00,$0.00,$0.00,$0.00,$0.00,$0.00,$0.00,$0.00,$0.00,0.00%,0,0.00%,$0.00,0.00%,0,0.00%,$0.00,0.00%,0,0.00%,$0.00,0.00%,0,0.00%,$0.00,0.00%,$0.00,$0.20,$0.00,$0.00,$0.00,$0.00,0.00%,$0.00,0.00%,$0.00,0.00%,$0.20,0.00%,$-0.20,0.00%
"65 - N2_RM_65_PSF_BBVA_BrightAdvantageLLC_8842_50K",1,"Harley Davidson Tailgate Bundle","DP1 V3",Mastercard,Tuesday,523011,1,0,0.00%,1,100.00%,1,0,0.00%,1,100.00%,1,1,$12.89,0,100.00%,0,0,$0.00,0,0.00%,1,1,1,$12.89,$0.00,$0.00,$12.89,$0.00,$0.00,$12.89,$0.00,$12.89,$0.00,0.00%,0,0.00%,$0.00,0.00%,0,0.00%,$0.00,0.00%,0,0.00%,$0.00,0.00%,0,0.00%,$0.00,0.00%,$12.89,$0.84,$0.00,$0.00,$0.00,$0.00,0.00%,$0.00,0.00%,$0.00,0.00%,$0.84,6.52%,$12.05,93.48%
"65 - N2_RM_65_PSF_BBVA_BrightAdvantageLLC_8842_50K",1,"Harley Davidson Tailgate Bundle","DP1 V3",Mastercard,Tuesday,544951,1,1,100.00%,0,0.00%,1,1,100.00%,0,0.00%,1,0,$0.00,1,0.00%,0,0,$0.00,0,0.00%,0,0,0,$0.00,$0.00,$0.00,$0.00,$0.00,$0.00,$0.00,$0.00,$0.00,$0.00,0.00%,0,0.00%,$0.00,0.00%,0,0.00%,$0.00,0.00%,0,0.00%,$0.00,0.00%,0,0.00%,$0.00,0.00%,$0.00,$0.20,$0.00,$0.00,$0.00,$0.00,0.00%,$0.00,0.00%,$0.00,0.00%,$0.20,0.00%,$-0.20,0.00%
"65 - N2_RM_65_PSF_BBVA_BrightAdvantageLLC_8842_50K",1,"Harley Davidson Tailgate Bundle","DP1 V3",Mastercard,Tuesday,546325,1,1,100.00%,0,0.00%,1,1,100.00%,0,0.00%,1,0,$0.00,1,0.00%,0,0,$0.00,0,0.00%,0,0,0,$0.00,$0.00,$0.00,$0.00,$0.00,$0.00,$0.00,$0.00,$0.00,$0.00,0.00%,0,0.00%,$0.00,0.00%,0,0.00%,$0.00,0.00%,0,0.00%,$0.00,0.00%,0,0.00%,$0.00,0.00%,$0.00,$0.20,$0.00,$0.00,$0.00,$0.00,0.00%,$0.00,0.00%,$0.00,0.00%,$0.20,0.00%,$-0.20,0.00%
"65 - N2_RM_65_PSF_BBVA_BrightAdvantageLLC_8842_50K",1,"Harley Davidson Tailgate Bundle","DP1 V3",Mastercard,Tuesday,551574,1,1,100.00%,0,0.00%,1,1,100.00%,0,0.00%,1,0,$0.00,1,0.00%,0,0,$0.00,0,0.00%,0,0,0,$0.00,$0.00,$0.00,$0.00,$0.00,$0.00,$0.00,$0.00,$0.00,$0.00,0.00%,0,0.00%,$0.00,0.00%,0,0.00%,$0.00,0.00%,0,0.00%,$0.00,0.00%,0,0.00%,$0.00,0.00%,$0.00,$0.20,$0.00,$0.00,$0.00,$0.00,0.00%,$0.00,0.00%,$0.00,0.00%,$0.20,0.00%,$-0.20,0.00%
"65 - N2_RM_65_PSF_BBVA_BrightAdvantageLLC_8842_50K",1,"Harley Davidson Tailgate Bundle","DP1 V3",Visa,Tuesday,410064,1,1,100.00%,0,0.00%,1,1,100.00%,0,0.00%,1,0,$0.00,1,0.00%,0,0,$0.00,0,0.00%,0,0,0,$0.00,$0.00,$0.00,$0.00,$0.00,$0.00,$0.00,$0.00,$0.00,$0.00,0.00%,0,0.00%,$0.00,0.00%,0,0.00%,$0.00,0.00%,0,0.00%,$0.00,0.00%,0,0.00%,$0.00,0.00%,$0.00,$0.20,$0.00,$0.00,$0.00,$0.00,0.00%,$0.00,0.00%,$0.00,0.00%,$0.20,0.00%,$-0.20,0.00%
"65 - N2_RM_65_PSF_BBVA_BrightAdvantageLLC_8842_50K",1,"Harley Davidson Tailgate Bundle","DP1 V3",Visa,Tuesday,435793,1,0,0.00%,1,100.00%,1,0,0.00%,1,100.00%,1,1,$12.89,0,100.00%,0,0,$0.00,0,0.00%,1,1,1,$12.89,$0.00,$0.00,$12.89,$0.00,$0.00,$12.89,$0.00,$12.89,$0.00,0.00%,0,0.00%,$0.00,0.00%,0,0.00%,$0.00,0.00%,0,0.00%,$0.00,0.00%,0,0.00%,$0.00,0.00%,$12.89,$0.84,$0.00,$0.00,$0.00,$0.00,0.00%,$0.00,0.00%,$0.00,0.00%,$0.84,6.52%,$12.05,93.48%
"65 - N2_RM_65_PSF_BBVA_BrightAdvantageLLC_8842_50K",1,"Miller Lite Tailgate Combo Pack","DP1 V3",Mastercard,Tuesday,546325,1,1,100.00%,0,0.00%,1,1,100.00%,0,0.00%,1,0,$0.00,1,0.00%,0,0,$0.00,0,0.00%,0,0,0,$0.00,$0.00,$0.00,$0.00,$0.00,$0.00,$0.00,$0.00,$0.00,$0.00,0.00%,0,0.00%,$0.00,0.00%,0,0.00%,$0.00,0.00%,0,0.00%,$0.00,0.00%,0,0.00%,$0.00,0.00%,$0.00,$0.20,$0.00,$0.00,$0.00,$0.00,0.00%,$0.00,0.00%,$0.00,0.00%,$0.20,0.00%,$-0.20,0.00%
"65 - N2_RM_65_PSF_BBVA_BrightAdvantageLLC_8842_50K",1,"Miller Lite Tailgate Combo Pack","DP1 V3",Mastercard,Tuesday,558158,1,1,100.00%,0,0.00%,1,1,100.00%,0,0.00%,1,0,$0.00,1,0.00%,0,0,$0.00,0,0.00%,0,0,0,$0.00,$0.00,$0.00,$0.00,$0.00,$0.00,$0.00,$0.00,$0.00,$0.00,0.00%,0,0.00%,$0.00,0.00%,0,0.00%,$0.00,0.00%,0,0.00%,$0.00,0.00%,0,0.00%,$0.00,0.00%,$0.00,$0.20,$0.00,$0.00,$0.00,$0.00,0.00%,$0.00,0.00%,$0.00,0.00%,$0.20,0.00%,$-0.20,0.00%
"66 - zCLOSED_N2_RM_66_PSF_BBVA_SpecifiConLLC_8859_50K",1,"BOGG Bag","DP1 V3",Visa,Tuesday,473702,1,1,100.00%,0,0.00%,1,1,100.00%,0,0.00%,1,0,$0.00,1,0.00%,0,0,$0.00,0,0.00%,0,0,0,$0.00,$0.00,$0.00,$0.00,$0.00,$0.00,$0.00,$0.00,$0.00,$0.00,0.00%,0,0.00%,$0.00,0.00%,0,0.00%,$0.00,0.00%,0,0.00%,$0.00,0.00%,0,0.00%,$0.00,0.00%,$0.00,$0.20,$0.00,$0.00,$0.00,$0.00,0.00%,$0.00,0.00%,$0.00,0.00%,$0.20,0.00%,$-0.20,0.00%
"66 - zCLOSED_N2_RM_66_PSF_BBVA_SpecifiConLLC_8859_50K",1,"Harley Davidson Evo Helmet","DP1 V3",Mastercard,Tuesday,515676,1,1,100.00%,0,0.00%,1,1,100.00%,0,0.00%,1,0,$0.00,1,0.00%,0,0,$0.00,0,0.00%,0,0,0,$0.00,$0.00,$0.00,$0.00,$0.00,$0.00,$0.00,$0.00,$0.00,$0.00,0.00%,0,0.00%,$0.00,0.00%,0,0.00%,$0.00,0.00%,0,0.00%,$0.00,0.00%,0,0.00%,$0.00,0.00%,$0.00,$0.20,$0.00,$0.00,$0.00,$0.00,0.00%,$0.00,0.00%,$0.00,0.00%,$0.20,0.00%,$-0.20,0.00%
"66 - zCLOSED_N2_RM_66_PSF_BBVA_SpecifiConLLC_8859_50K",1,"Harley Davidson Evo Helmet","DP1 V3",Mastercard,Tuesday,517576,1,0,0.00%,1,100.00%,1,0,0.00%,1,100.00%,1,1,$12.89,0,100.00%,0,0,$0.00,0,0.00%,1,1,1,$12.89,$0.00,$0.00,$12.89,$0.00,$0.00,$12.89,$0.00,$12.89,$12.89,100.00%,0,0.00%,$0.00,0.00%,0,0.00%,$0.00,0.00%,0,0.00%,$0.00,0.00%,1,100.00%,$12.89,100.00%,$0.00,$0.84,$0.00,$0.00,$0.00,$0.00,0.00%,$0.00,0.00%,$0.00,0.00%,$0.84,6.52%,$-0.84,-6.52%
"66 - zCLOSED_N2_RM_66_PSF_BBVA_SpecifiConLLC_8859_50K",1,"Harley Davidson Evo Helmet","DP1 V3",Visa,Tuesday,438857,1,1,100.00%,0,0.00%,1,1,100.00%,0,0.00%,1,0,$0.00,1,0.00%,0,0,$0.00,0,0.00%,0,0,0,$0.00,$0.00,$0.00,$0.00,$0.00,$0.00,$0.00,$0.00,$0.00,$0.00,0.00%,0,0.00%,$0.00,0.00%,0,0.00%,$0.00,0.00%,0,0.00%,$0.00,0.00%,0,0.00%,$0.00,0.00%,$0.00,$0.20,$0.00,$0.00,$0.00,$0.00,0.00%,$0.00,0.00%,$0.00,0.00%,$0.20,0.00%,$-0.20,0.00%
"66 - zCLOSED_N2_RM_66_PSF_BBVA_SpecifiConLLC_8859_50K",1,"Harley Davidson Evo Helmet","DP1 V3",Visa,Tuesday,446613,1,0,0.00%,1,100.00%,1,0,0.00%,1,100.00%,1,1,$12.89,0,100.00%,0,0,$0.00,0,0.00%,1,1,1,$12.89,$0.00,$0.00,$12.89,$0.00,$0.00,$12.89,$0.00,$12.89,$0.00,0.00%,0,0.00%,$0.00,0.00%,0,0.00%,$0.00,0.00%,0,0.00%,$0.00,0.00%,0,0.00%,$0.00,0.00%,$12.89,$0.84,$0.00,$0.00,$0.00,$0.00,0.00%,$0.00,0.00%,$0.00,0.00%,$0.84,6.52%,$12.05,93.48%
"66 - zCLOSED_N2_RM_66_PSF_BBVA_SpecifiConLLC_8859_50K",1,"Harley Davidson Evo Helmet","DP1 V3",Visa,Tuesday,483950,1,1,100.00%,0,0.00%,1,1,100.00%,0,0.00%,1,0,$0.00,1,0.00%,0,0,$0.00,0,0.00%,0,0,0,$0.00,$0.00,$0.00,$0.00,$0.00,$0.00,$0.00,$0.00,$0.00,$0.00,0.00%,0,0.00%,$0.00,0.00%,0,0.00%,$0.00,0.00%,0,0.00%,$0.00,0.00%,0,0.00%,$0.00,0.00%,$0.00,$0.20,$0.00,$0.00,$0.00,$0.00,0.00%,$0.00,0.00%,$0.00,0.00%,$0.20,0.00%,$-0.20,0.00%
"66 - zCLOSED_N2_RM_66_PSF_BBVA_SpecifiConLLC_8859_50K",1,"Harley Davidson Tailgate Bundle","DP1 V3",Mastercard,Tuesday,542539,1,0,0.00%,1,100.00%,1,0,0.00%,1,100.00%,1,1,$12.89,0,100.00%,0,0,$0.00,0,0.00%,1,1,1,$12.89,$0.00,$0.00,$12.89,$0.00,$0.00,$12.89,$0.00,$12.89,$12.89,100.00%,0,0.00%,$0.00,0.00%,0,0.00%,$0.00,0.00%,0,0.00%,$0.00,0.00%,1,100.00%,$12.89,100.00%,$0.00,$0.84,$0.00,$0.00,$0.00,$0.00,0.00%,$0.00,0.00%,$0.00,0.00%,$0.84,6.52%,$-0.84,-6.52%
"66 - zCLOSED_N2_RM_66_PSF_BBVA_SpecifiConLLC_8859_50K",1,"Harley Davidson Tailgate Bundle","DP1 V3",Visa,Tuesday,411870,1,0,0.00%,1,100.00%,1,0,0.00%,1,100.00%,1,1,$12.89,0,100.00%,0,0,$0.00,0,0.00%,1,1,1,$12.89,$0.00,$0.00,$12.89,$0.00,$0.00,$12.89,$0.00,$12.89,$0.00,0.00%,0,0.00%,$0.00,0.00%,0,0.00%,$0.00,0.00%,0,0.00%,$0.00,0.00%,0,0.00%,$0.00,0.00%,$12.89,$0.84,$0.00,$0.00,$0.00,$0.00,0.00%,$0.00,0.00%,$0.00,0.00%,$0.84,6.52%,$12.05,93.48%
"66 - zCLOSED_N2_RM_66_PSF_BBVA_SpecifiConLLC_8859_50K",1,"Harley Davidson Tailgate Bundle","DP1 V3",Visa,Tuesday,435761,1,0,0.00%,1,100.00%,1,0,0.00%,1,100.00%,1,1,$12.89,0,100.00%,0,0,$0.00,0,0.00%,1,1,1,$12.89,$0.00,$0.00,$12.89,$0.00,$0.00,$12.89,$0.00,$12.89,$0.00,0.00%,0,0.00%,$0.00,0.00%,0,0.00%,$0.00,0.00%,0,0.00%,$0.00,0.00%,0,0.00%,$0.00,0.00%,$12.89,$0.84,$0.00,$0.00,$0.00,$0.00,0.00%,$0.00,0.00%,$0.00,0.00%,$0.84,6.52%,$12.05,93.48%
"66 - zCLOSED_N2_RM_66_PSF_BBVA_SpecifiConLLC_8859_50K",1,"Harley Davidson Tailgate Bundle","DP1 V3",Visa,Tuesday,442756,1,0,0.00%,1,100.00%,1,0,0.00%,1,100.00%,1,1,$12.89,0,100.00%,0,0,$0.00,0,0.00%,1,1,1,$12.89,$0.00,$0.00,$12.89,$0.00,$0.00,$12.89,$0.00,$12.89,$0.00,0.00%,0,0.00%,$0.00,0.00%,0,0.00%,$0.00,0.00%,0,0.00%,$0.00,0.00%,0,0.00%,$0.00,0.00%,$12.89,$0.84,$0.00,$0.00,$0.00,$0.00,0.00%,$0.00,0.00%,$0.00,0.00%,$0.84,6.52%,$12.05,93.48%
"66 - zCLOSED_N2_RM_66_PSF_BBVA_SpecifiConLLC_8859_50K",1,"Harley Davidson Tailgate Bundle","DP1 V3",Visa,Tuesday,457431,1,1,100.00%,0,0.00%,1,1,100.00%,0,0.00%,1,0,$0.00,1,0.00%,0,0,$0.00,0,0.00%,0,0,0,$0.00,$0.00,$0.00,$0.00,$0.00,$0.00,$0.00,$0.00,$0.00,$0.00,0.00%,0,0.00%,$0.00,0.00%,0,0.00%,$0.00,0.00%,0,0.00%,$0.00,0.00%,0,0.00%,$0.00,0.00%,$0.00,$0.20,$0.00,$0.00,$0.00,$0.00,0.00%,$0.00,0.00%,$0.00,0.00%,$0.20,0.00%,$-0.20,0.00%
"66 - zCLOSED_N2_RM_66_PSF_BBVA_SpecifiConLLC_8859_50K",1,"Harley Davidson Tailgate Bundle","DP1 V3",Visa,Tuesday,473703,1,1,100.00%,0,0.00%,1,1,100.00%,0,0.00%,1,0,$0.00,1,0.00%,0,0,$0.00,0,0.00%,0,0,0,$0.00,$0.00,$0.00,$0.00,$0.00,$0.00,$0.00,$0.00,$0.00,$0.00,0.00%,0,0.00%,$0.00,0.00%,0,0.00%,$0.00,0.00%,0,0.00%,$0.00,0.00%,0,0.00%,$0.00,0.00%,$0.00,$0.20,$0.00,$0.00,$0.00,$0.00,0.00%,$0.00,0.00%,$0.00,0.00%,$0.20,0.00%,$-0.20,0.00%
"66 - zCLOSED_N2_RM_66_PSF_BBVA_SpecifiConLLC_8859_50K",1,"Harley Davidson Tailgate Bundle","DP1 V3",Visa,Tuesday,498503,1,1,100.00%,0,0.00%,1,1,100.00%,0,0.00%,1,0,$0.00,1,0.00%,0,0,$0.00,0,0.00%,0,0,0,$0.00,$0.00,$0.00,$0.00,$0.00,$0.00,$0.00,$0.00,$0.00,$0.00,0.00%,0,0.00%,$0.00,0.00%,0,0.00%,$0.00,0.00%,0,0.00%,$0.00,0.00%,0,0.00%,$0.00,0.00%,$0.00,$0.20,$0.00,$0.00,$0.00,$0.00,0.00%,$0.00,0.00%,$0.00,0.00%,$0.20,0.00%,$-0.20,0.00%
"66 - zCLOSED_N2_RM_66_PSF_BBVA_SpecifiConLLC_8859_50K",1,"Steambow M10 Tactical","DP1 V3",Visa,Tuesday,410881,1,1,100.00%,0,0.00%,1,1,100.00%,0,0.00%,1,0,$0.00,1,0.00%,0,0,$0.00,0,0.00%,0,0,0,$0.00,$0.00,$0.00,$0.00,$0.00,$0.00,$0.00,$0.00,$0.00,$0.00,0.00%,0,0.00%,$0.00,0.00%,0,0.00%,$0.00,0.00%,0,0.00%,$0.00,0.00%,0,0.00%,$0.00,0.00%,$0.00,$0.20,$0.00,$0.00,$0.00,$0.00,0.00%,$0.00,0.00%,$0.00,0.00%,$0.20,0.00%,$-0.20,0.00%
"66 - zCLOSED_N2_RM_66_PSF_BBVA_SpecifiConLLC_8859_50K",1,"Stihl ZeroTurn Lawn Mower","DP1 V3",Mastercard,Tuesday,532277,1,0,0.00%,1,100.00%,1,0,0.00%,1,100.00%,1,1,$12.89,0,100.00%,0,0,$0.00,0,0.00%,1,1,1,$12.89,$0.00,$0.00,$12.89,$0.00,$0.00,$12.89,$0.00,$12.89,$0.00,0.00%,0,0.00%,$0.00,0.00%,0,0.00%,$0.00,0.00%,0,0.00%,$0.00,0.00%,0,0.00%,$0.00,0.00%,$12.89,$0.84,$0.00,$0.00,$0.00,$0.00,0.00%,$0.00,0.00%,$0.00,0.00%,$0.84,6.52%,$12.05,93.48%
"67 - N2_RM_67_PSF_BBVA_DiamondSphereLLC_8875_50K",1,"5 Domestic flights","DP1 V3",Mastercard,Tuesday,552475,1,1,100.00%,0,0.00%,1,1,100.00%,0,0.00%,1,0,$0.00,1,0.00%,0,0,$0.00,0,0.00%,0,0,0,$0.00,$0.00,$0.00,$0.00,$0.00,$0.00,$0.00,$0.00,$0.00,$0.00,0.00%,0,0.00%,$0.00,0.00%,0,0.00%,$0.00,0.00%,0,0.00%,$0.00,0.00%,0,0.00%,$0.00,0.00%,$0.00,$0.20,$0.00,$0.00,$0.00,$0.00,0.00%,$0.00,0.00%,$0.00,0.00%,$0.20,0.00%,$-0.20,0.00%
"67 - N2_RM_67_PSF_BBVA_DiamondSphereLLC_8875_50K",1,"BOGG Bag","DP1 V3",Visa,Tuesday,407773,1,1,100.00%,0,0.00%,1,1,100.00%,0,0.00%,1,0,$0.00,1,0.00%,0,0,$0.00,0,0.00%,0,0,0,$0.00,$0.00,$0.00,$0.00,$0.00,$0.00,$0.00,$0.00,$0.00,$0.00,0.00%,0,0.00%,$0.00,0.00%,0,0.00%,$0.00,0.00%,0,0.00%,$0.00,0.00%,0,0.00%,$0.00,0.00%,$0.00,$0.20,$0.00,$0.00,$0.00,$0.00,0.00%,$0.00,0.00%,$0.00,0.00%,$0.20,0.00%,$-0.20,0.00%
"67 - N2_RM_67_PSF_BBVA_DiamondSphereLLC_8875_50K",1,"BOGG Bag","DP1 V3",Visa,Tuesday,433190,1,0,0.00%,1,100.00%,1,0,0.00%,1,100.00%,1,1,$12.89,0,100.00%,0,0,$0.00,0,0.00%,1,1,1,$12.89,$0.00,$0.00,$12.89,$0.00,$0.00,$12.89,$0.00,$12.89,$0.00,0.00%,0,0.00%,$0.00,0.00%,0,0.00%,$0.00,0.00%,0,0.00%,$0.00,0.00%,0,0.00%,$0.00,0.00%,$12.89,$0.84,$0.00,$0.00,$0.00,$0.00,0.00%,$0.00,0.00%,$0.00,0.00%,$0.84,6.52%,$12.05,93.48%
"67 - N2_RM_67_PSF_BBVA_DiamondSphereLLC_8875_50K",1,"BOGG Bag","DP1 V3",Visa,Tuesday,439707,1,1,100.00%,0,0.00%,1,1,100.00%,0,0.00%,1,0,$0.00,1,0.00%,0,0,$0.00,0,0.00%,0,0,0,$0.00,$0.00,$0.00,$0.00,$0.00,$0.00,$0.00,$0.00,$0.00,$0.00,0.00%,0,0.00%,$0.00,0.00%,0,0.00%,$0.00,0.00%,0,0.00%,$0.00,0.00%,0,0.00%,$0.00,0.00%,$0.00,$0.20,$0.00,$0.00,$0.00,$0.00,0.00%,$0.00,0.00%,$0.00,0.00%,$0.20,0.00%,$-0.20,0.00%
"67 - N2_RM_67_PSF_BBVA_DiamondSphereLLC_8875_50K",1,"BOGG Bag","DP1 V3",Visa,Tuesday,446616,1,1,100.00%,0,0.00%,1,1,100.00%,0,0.00%,1,0,$0.00,1,0.00%,0,0,$0.00,0,0.00%,0,0,0,$0.00,$0.00,$0.00,$0.00,$0.00,$0.00,$0.00,$0.00,$0.00,$0.00,0.00%,0,0.00%,$0.00,0.00%,0,0.00%,$0.00,0.00%,0,0.00%,$0.00,0.00%,0,0.00%,$0.00,0.00%,$0.00,$0.20,$0.00,$0.00,$0.00,$0.00,0.00%,$0.00,0.00%,$0.00,0.00%,$0.20,0.00%,$-0.20,0.00%
"67 - N2_RM_67_PSF_BBVA_DiamondSphereLLC_8875_50K",1,"Harley Davidson Evo Helmet","DP1 V3",Mastercard,Tuesday,525112,1,0,0.00%,1,100.00%,1,0,0.00%,1,100.00%,1,1,$12.89,0,100.00%,0,0,$0.00,0,0.00%,1,1,1,$12.89,$0.00,$0.00,$12.89,$0.00,$0.00,$12.89,$0.00,$12.89,$0.00,0.00%,0,0.00%,$0.00,0.00%,0,0.00%,$0.00,0.00%,0,0.00%,$0.00,0.00%,0,0.00%,$0.00,0.00%,$12.89,$0.84,$0.00,$0.00,$0.00,$0.00,0.00%,$0.00,0.00%,$0.00,0.00%,$0.84,6.52%,$12.05,93.48%
"67 - N2_RM_67_PSF_BBVA_DiamondSphereLLC_8875_50K",1,"Harley Davidson Evo Helmet","DP1 V3",Mastercard,Tuesday,525362,1,0,0.00%,1,100.00%,1,0,0.00%,1,100.00%,1,1,$12.89,0,100.00%,0,0,$0.00,0,0.00%,1,1,1,$12.89,$0.00,$0.00,$12.89,$0.00,$0.00,$12.89,$0.00,$12.89,$0.00,0.00%,0,0.00%,$0.00,0.00%,0,0.00%,$0.00,0.00%,0,0.00%,$0.00,0.00%,0,0.00%,$0.00,0.00%,$12.89,$0.84,$0.00,$0.00,$0.00,$0.00,0.00%,$0.00,0.00%,$0.00,0.00%,$0.84,6.52%,$12.05,93.48%
"67 - N2_RM_67_PSF_BBVA_DiamondSphereLLC_8875_50K",1,"Harley Davidson Evo Helmet","DP1 V3",Visa,Tuesday,470793,1,1,100.00%,0,0.00%,1,1,100.00%,0,0.00%,1,0,$0.00,1,0.00%,0,0,$0.00,0,0.00%,0,0,0,$0.00,$0.00,$0.00,$0.00,$0.00,$0.00,$0.00,$0.00,$0.00,$0.00,0.00%,0,0.00%,$0.00,0.00%,0,0.00%,$0.00,0.00%,0,0.00%,$0.00,0.00%,0,0.00%,$0.00,0.00%,$0.00,$0.20,$0.00,$0.00,$0.00,$0.00,0.00%,$0.00,0.00%,$0.00,0.00%,$0.20,0.00%,$-0.20,0.00%
"67 - N2_RM_67_PSF_BBVA_DiamondSphereLLC_8875_50K",1,"Harley Davidson Tailgate Bundle","DP1 V3",Mastercard,Tuesday,514759,1,1,100.00%,0,0.00%,1,1,100.00%,0,0.00%,1,0,$0.00,1,0.00%,0,0,$0.00,0,0.00%,0,0,0,$0.00,$0.00,$0.00,$0.00,$0.00,$0.00,$0.00,$0.00,$0.00,$0.00,0.00%,0,0.00%,$0.00,0.00%,0,0.00%,$0.00,0.00%,0,0.00%,$0.00,0.00%,0,0.00%,$0.00,0.00%,$0.00,$0.20,$0.00,$0.00,$0.00,$0.00,0.00%,$0.00,0.00%,$0.00,0.00%,$0.20,0.00%,$-0.20,0.00%
"67 - N2_RM_67_PSF_BBVA_DiamondSphereLLC_8875_50K",1,"Harley Davidson Tailgate Bundle","DP1 V3",Mastercard,Tuesday,521991,1,0,0.00%,1,100.00%,1,0,0.00%,1,100.00%,1,1,$12.89,0,100.00%,0,0,$0.00,0,0.00%,1,1,1,$12.89,$0.00,$0.00,$12.89,$0.00,$0.00,$12.89,$0.00,$12.89,$0.00,0.00%,0,0.00%,$0.00,0.00%,0,0.00%,$0.00,0.00%,0,0.00%,$0.00,0.00%,0,0.00%,$0.00,0.00%,$12.89,$0.84,$0.00,$0.00,$0.00,$0.00,0.00%,$0.00,0.00%,$0.00,0.00%,$0.84,6.52%,$12.05,93.48%
"67 - N2_RM_67_PSF_BBVA_DiamondSphereLLC_8875_50K",1,"Harley Davidson Tailgate Bundle","DP1 V3",Mastercard,Tuesday,550807,1,0,0.00%,1,100.00%,1,0,0.00%,1,100.00%,1,1,$12.89,0,100.00%,0,0,$0.00,0,0.00%,1,1,1,$12.89,$0.00,$0.00,$12.89,$0.00,$0.00,$12.89,$0.00,$12.89,$0.00,0.00%,0,0.00%,$0.00,0.00%,0,0.00%,$0.00,0.00%,0,0.00%,$0.00,0.00%,0,0.00%,$0.00,0.00%,$12.89,$0.84,$0.00,$0.00,$0.00,$0.00,0.00%,$0.00,0.00%,$0.00,0.00%,$0.84,6.52%,$12.05,93.48%
"67 - N2_RM_67_PSF_BBVA_DiamondSphereLLC_8875_50K",1,"Harley Davidson Tailgate Bundle","DP1 V3",Visa,Tuesday,443047,1,0,0.00%,1,100.00%,1,0,0.00%,1,100.00%,1,1,$12.89,0,100.00%,0,0,$0.00,0,0.00%,1,1,1,$12.89,$0.00,$0.00,$12.89,$0.00,$0.00,$12.89,$0.00,$12.89,$0.00,0.00%,0,0.00%,$0.00,0.00%,0,0.00%,$0.00,0.00%,0,0.00%,$0.00,0.00%,0,0.00%,$0.00,0.00%,$12.89,$0.84,$0.00,$0.00,$0.00,$0.00,0.00%,$0.00,0.00%,$0.00,0.00%,$0.84,6.52%,$12.05,93.48%
"67 - N2_RM_67_PSF_BBVA_DiamondSphereLLC_8875_50K",1,"Harley Davidson Tailgate Bundle","DP1 V3",Visa,Tuesday,473151,1,0,0.00%,1,100.00%,1,0,0.00%,1,100.00%,1,1,$12.89,0,100.00%,0,0,$0.00,0,0.00%,1,1,1,$12.89,$0.00,$0.00,$12.89,$0.00,$0.00,$12.89,$0.00,$12.89,$0.00,0.00%,0,0.00%,$0.00,0.00%,0,0.00%,$0.00,0.00%,0,0.00%,$0.00,0.00%,0,0.00%,$0.00,0.00%,$12.89,$0.84,$0.00,$0.00,$0.00,$0.00,0.00%,$0.00,0.00%,$0.00,0.00%,$0.84,6.52%,$12.05,93.48%
"67 - N2_RM_67_PSF_BBVA_DiamondSphereLLC_8875_50K",1,"Miller Lite Tailgate Combo Pack","DP1 V3",Visa,Tuesday,410894,1,0,0.00%,1,100.00%,1,0,0.00%,1,100.00%,1,1,$12.89,0,100.00%,0,0,$0.00,0,0.00%,1,1,1,$12.89,$0.00,$0.00,$12.89,$0.00,$0.00,$12.89,$0.00,$12.89,$0.00,0.00%,0,0.00%,$0.00,0.00%,0,0.00%,$0.00,0.00%,0,0.00%,$0.00,0.00%,0,0.00%,$0.00,0.00%,$12.89,$0.84,$0.00,$0.00,$0.00,$0.00,0.00%,$0.00,0.00%,$0.00,0.00%,$0.84,6.52%,$12.05,93.48%
"67 - N2_RM_67_PSF_BBVA_DiamondSphereLLC_8875_50K",1,"Stihl ZeroTurn Lawn Mower","DP1 V3",Visa,Tuesday,446601,1,0,0.00%,1,100.00%,1,0,0.00%,1,100.00%,1,1,$12.89,0,100.00%,0,0,$0.00,0,0.00%,1,1,1,$12.89,$0.00,$0.00,$12.89,$0.00,$0.00,$12.89,$0.00,$12.89,$0.00,0.00%,0,0.00%,$0.00,0.00%,0,0.00%,$0.00,0.00%,0,0.00%,$0.00,0.00%,0,0.00%,$0.00,0.00%,$12.89,$0.84,$0.00,$0.00,$0.00,$0.00,0.00%,$0.00,0.00%,$0.00,0.00%,$0.84,6.52%,$12.05,93.48%
"68 - zCLOSED_R2ONLY_RM_68_SIGNA_ESQ_DiamondSphereLLC_5100_50K",1,"BOGG Bag","DP1 V3",Visa,Tuesday,411773,1,0,0.00%,1,100.00%,1,0,0.00%,1,100.00%,1,1,$12.89,0,100.00%,0,0,$0.00,0,0.00%,1,1,1,$12.89,$0.00,$0.00,$12.89,$0.00,$0.00,$12.89,$0.00,$12.89,$12.89,100.00%,0,0.00%,$0.00,0.00%,0,0.00%,$0.00,0.00%,0,0.00%,$0.00,0.00%,1,100.00%,$12.89,100.00%,$0.00,$0.84,$0.00,$0.00,$0.00,$0.00,0.00%,$0.00,0.00%,$0.00,0.00%,$0.84,6.52%,$-0.84,-6.52%
"68 - zCLOSED_R2ONLY_RM_68_SIGNA_ESQ_DiamondSphereLLC_5100_50K",1,"Harley Davidson Evo Helmet","DP1 V3",Mastercard,Tuesday,546325,1,1,100.00%,0,0.00%,1,1,100.00%,0,0.00%,1,0,$0.00,1,0.00%,0,0,$0.00,0,0.00%,0,0,0,$0.00,$0.00,$0.00,$0.00,$0.00,$0.00,$0.00,$0.00,$0.00,$0.00,0.00%,0,0.00%,$0.00,0.00%,0,0.00%,$0.00,0.00%,0,0.00%,$0.00,0.00%,0,0.00%,$0.00,0.00%,$0.00,$0.20,$0.00,$0.00,$0.00,$0.00,0.00%,$0.00,0.00%,$0.00,0.00%,$0.20,0.00%,$-0.20,0.00%
"68 - zCLOSED_R2ONLY_RM_68_SIGNA_ESQ_DiamondSphereLLC_5100_50K",1,"Harley Davidson Evo Helmet","DP1 V3",Visa,Tuesday,481583,1,0,0.00%,1,100.00%,1,0,0.00%,1,100.00%,1,1,$12.89,0,100.00%,0,0,$0.00,0,0.00%,1,1,1,$12.89,$0.00,$0.00,$12.89,$0.00,$0.00,$12.89,$0.00,$12.89,$0.00,0.00%,0,0.00%,$0.00,0.00%,0,0.00%,$0.00,0.00%,0,0.00%,$0.00,0.00%,0,0.00%,$0.00,0.00%,$12.89,$0.84,$0.00,$0.00,$0.00,$0.00,0.00%,$0.00,0.00%,$0.00,0.00%,$0.84,6.52%,$12.05,93.48%
"68 - zCLOSED_R2ONLY_RM_68_SIGNA_ESQ_DiamondSphereLLC_5100_50K",1,"Harley Davidson Tailgate Bundle","DP1 V3",Mastercard,Tuesday,517546,1,1,100.00%,0,0.00%,1,1,100.00%,0,0.00%,1,0,$0.00,1,0.00%,0,0,$0.00,0,0.00%,0,0,0,$0.00,$0.00,$0.00,$0.00,$0.00,$0.00,$0.00,$0.00,$0.00,$0.00,0.00%,0,0.00%,$0.00,0.00%,0,0.00%,$0.00,0.00%,0,0.00%,$0.00,0.00%,0,0.00%,$0.00,0.00%,$0.00,$0.20,$0.00,$0.00,$0.00,$0.00,0.00%,$0.00,0.00%,$0.00,0.00%,$0.20,0.00%,$-0.20,0.00%
"68 - zCLOSED_R2ONLY_RM_68_SIGNA_ESQ_DiamondSphereLLC_5100_50K",1,"Harley Davidson Tailgate Bundle","DP1 V3",Mastercard,Tuesday,545313,1,0,0.00%,1,100.00%,1,0,0.00%,1,100.00%,1,1,$12.89,0,100.00%,0,0,$0.00,0,0.00%,1,1,1,$12.89,$0.00,$0.00,$12.89,$0.00,$0.00,$12.89,$0.00,$12.89,$0.00,0.00%,0,0.00%,$0.00,0.00%,0,0.00%,$0.00,0.00%,0,0.00%,$0.00,0.00%,0,0.00%,$0.00,0.00%,$12.89,$0.84,$0.00,$0.00,$0.00,$0.00,0.00%,$0.00,0.00%,$0.00,0.00%,$0.84,6.52%,$12.05,93.48%
"68 - zCLOSED_R2ONLY_RM_68_SIGNA_ESQ_DiamondSphereLLC_5100_50K",1,"Harley Davidson Tailgate Bundle","DP1 V3",Mastercard,Tuesday,552342,2,2,100.00%,0,0.00%,2,2,100.00%,0,0.00%,2,0,$0.00,2,0.00%,0,0,$0.00,0,0.00%,0,0,0,$0.00,$0.00,$0.00,$0.00,$0.00,$0.00,$0.00,$0.00,$0.00,$0.00,0.00%,0,0.00%,$0.00,0.00%,0,0.00%,$0.00,0.00%,0,0.00%,$0.00,0.00%,0,0.00%,$0.00,0.00%,$0.00,$0.40,$0.00,$0.00,$0.00,$0.00,0.00%,$0.00,0.00%,$0.00,0.00%,$0.40,0.00%,$-0.40,0.00%
"68 - zCLOSED_R2ONLY_RM_68_SIGNA_ESQ_DiamondSphereLLC_5100_50K",1,"Harley Davidson Tailgate Bundle","DP1 V3",Visa,Tuesday,423223,1,1,100.00%,0,0.00%,1,1,100.00%,0,0.00%,1,0,$0.00,1,0.00%,0,0,$0.00,0,0.00%,0,0,0,$0.00,$0.00,$0.00,$0.00,$0.00,$0.00,$0.00,$0.00,$0.00,$0.00,0.00%,0,0.00%,$0.00,0.00%,0,0.00%,$0.00,0.00%,0,0.00%,$0.00,0.00%,0,0.00%,$0.00,0.00%,$0.00,$0.20,$0.00,$0.00,$0.00,$0.00,0.00%,$0.00,0.00%,$0.00,0.00%,$0.20,0.00%,$-0.20,0.00%
"68 - zCLOSED_R2ONLY_RM_68_SIGNA_ESQ_DiamondSphereLLC_5100_50K",1,"Harley Davidson Tailgate Bundle","DP1 V3",Visa,Tuesday,426684,1,1,100.00%,0,0.00%,1,1,100.00%,0,0.00%,1,0,$0.00,1,0.00%,0,0,$0.00,0,0.00%,0,0,0,$0.00,$0.00,$0.00,$0.00,$0.00,$0.00,$0.00,$0.00,$0.00,$0.00,0.00%,0,0.00%,$0.00,0.00%,0,0.00%,$0.00,0.00%,0,0.00%,$0.00,0.00%,0,0.00%,$0.00,0.00%,$0.00,$0.20,$0.00,$0.00,$0.00,$0.00,0.00%,$0.00,0.00%,$0.00,0.00%,$0.20,0.00%,$-0.20,0.00%
"68 - zCLOSED_R2ONLY_RM_68_SIGNA_ESQ_DiamondSphereLLC_5100_50K",1,"Stihl ZeroTurn Lawn Mower","DP1 V3",Visa,Tuesday,498503,1,1,100.00%,0,0.00%,1,1,100.00%,0,0.00%,1,0,$0.00,1,0.00%,0,0,$0.00,0,0.00%,0,0,0,$0.00,$0.00,$0.00,$0.00,$0.00,$0.00,$0.00,$0.00,$0.00,$0.00,0.00%,0,0.00%,$0.00,0.00%,0,0.00%,$0.00,0.00%,0,0.00%,$0.00,0.00%,0,0.00%,$0.00,0.00%,$0.00,$0.20,$0.00,$0.00,$0.00,$0.00,0.00%,$0.00,0.00%,$0.00,0.00%,$0.20,0.00%,$-0.20,0.00%
"69 - zCLOSED_R2ONLY_RM_69_SIGNA_ESQ_DiamondSphereLLC_5126_50K",1,"Coors Light Tailgate Bundle","DP1 V3",Mastercard,Tuesday,517148,1,1,100.00%,0,0.00%,1,1,100.00%,0,0.00%,1,0,$0.00,1,0.00%,0,0,$0.00,0,0.00%,0,0,0,$0.00,$0.00,$0.00,$0.00,$0.00,$0.00,$0.00,$0.00,$0.00,$0.00,0.00%,0,0.00%,$0.00,0.00%,0,0.00%,$0.00,0.00%,0,0.00%,$0.00,0.00%,0,0.00%,$0.00,0.00%,$0.00,$0.20,$0.00,$0.00,$0.00,$0.00,0.00%,$0.00,0.00%,$0.00,0.00%,$0.20,0.00%,$-0.20,0.00%
"69 - zCLOSED_R2ONLY_RM_69_SIGNA_ESQ_DiamondSphereLLC_5126_50K",1,"Harley Davidson Tailgate Bundle","DP1 V3",Visa,Tuesday,434256,1,0,0.00%,1,100.00%,1,0,0.00%,1,100.00%,1,1,$12.89,0,100.00%,0,0,$0.00,0,0.00%,1,1,1,$12.89,$0.00,$0.00,$12.89,$0.00,$0.00,$12.89,$0.00,$12.89,$0.00,0.00%,0,0.00%,$0.00,0.00%,0,0.00%,$0.00,0.00%,0,0.00%,$0.00,0.00%,0,0.00%,$0.00,0.00%,$12.89,$0.84,$0.00,$0.00,$0.00,$0.00,0.00%,$0.00,0.00%,$0.00,0.00%,$0.84,6.52%,$12.05,93.48%
"69 - zCLOSED_R2ONLY_RM_69_SIGNA_ESQ_DiamondSphereLLC_5126_50K",1,"Harley Davidson Tailgate Bundle","DP1 V3",Visa,Tuesday,480213,1,0,0.00%,1,100.00%,1,0,0.00%,1,100.00%,1,1,$12.89,0,100.00%,0,0,$0.00,0,0.00%,1,1,1,$12.89,$0.00,$0.00,$12.89,$0.00,$0.00,$12.89,$0.00,$12.89,$0.00,0.00%,0,0.00%,$0.00,0.00%,0,0.00%,$0.00,0.00%,0,0.00%,$0.00,0.00%,0,0.00%,$0.00,0.00%,$12.89,$0.84,$0.00,$0.00,$0.00,$0.00,0.00%,$0.00,0.00%,$0.00,0.00%,$0.84,6.52%,$12.05,93.48%
"69 - zCLOSED_R2ONLY_RM_69_SIGNA_ESQ_DiamondSphereLLC_5126_50K",1,"Miller Lite Tailgate Combo Pack","DP1 V3",Mastercard,Tuesday,515676,1,1,100.00%,0,0.00%,1,1,100.00%,0,0.00%,1,0,$0.00,1,0.00%,0,0,$0.00,0,0.00%,0,0,0,$0.00,$0.00,$0.00,$0.00,$0.00,$0.00,$0.00,$0.00,$0.00,$0.00,0.00%,0,0.00%,$0.00,0.00%,0,0.00%,$0.00,0.00%,0,0.00%,$0.00,0.00%,0,0.00%,$0.00,0.00%,$0.00,$0.20,$0.00,$0.00,$0.00,$0.00,0.00%,$0.00,0.00%,$0.00,0.00%,$0.20,0.00%,$-0.20,0.00%
"69 - zCLOSED_R2ONLY_RM_69_SIGNA_ESQ_DiamondSphereLLC_5126_50K",1,"MoJack Mower Deck Lift","DP1 V3",Visa,Tuesday,401543,1,1,100.00%,0,0.00%,1,1,100.00%,0,0.00%,1,0,$0.00,1,0.00%,0,0,$0.00,0,0.00%,0,0,0,$0.00,$0.00,$0.00,$0.00,$0.00,$0.00,$0.00,$0.00,$0.00,$0.00,0.00%,0,0.00%,$0.00,0.00%,0,0.00%,$0.00,0.00%,0,0.00%,$0.00,0.00%,0,0.00%,$0.00,0.00%,$0.00,$0.20,$0.00,$0.00,$0.00,$0.00,0.00%,$0.00,0.00%,$0.00,0.00%,$0.20,0.00%,$-0.20,0.00%
"69 - zCLOSED_R2ONLY_RM_69_SIGNA_ESQ_DiamondSphereLLC_5126_50K",1,"Steambow M10 Tactical","DP1 V3",Mastercard,Tuesday,534348,1,1,100.00%,0,0.00%,1,1,100.00%,0,0.00%,1,0,$0.00,1,0.00%,0,0,$0.00,0,0.00%,0,0,0,$0.00,$0.00,$0.00,$0.00,$0.00,$0.00,$0.00,$0.00,$0.00,$0.00,0.00%,0,0.00%,$0.00,0.00%,0,0.00%,$0.00,0.00%,0,0.00%,$0.00,0.00%,0,0.00%,$0.00,0.00%,$0.00,$0.20,$0.00,$0.00,$0.00,$0.00,0.00%,$0.00,0.00%,$0.00,0.00%,$0.20,0.00%,$-0.20,0.00%
"69 - zCLOSED_R2ONLY_RM_69_SIGNA_ESQ_DiamondSphereLLC_5126_50K",1,"Steambow M10 Tactical","DP1 V3",Visa,Tuesday,444796,1,1,100.00%,0,0.00%,1,1,100.00%,0,0.00%,1,0,$0.00,1,0.00%,0,0,$0.00,0,0.00%,0,0,0,$0.00,$0.00,$0.00,$0.00,$0.00,$0.00,$0.00,$0.00,$0.00,$0.00,0.00%,0,0.00%,$0.00,0.00%,0,0.00%,$0.00,0.00%,0,0.00%,$0.00,0.00%,0,0.00%,$0.00,0.00%,$0.00,$0.20,$0.00,$0.00,$0.00,$0.00,0.00%,$0.00,0.00%,$0.00,0.00%,$0.20,0.00%,$-0.20,0.00%
"69 - zCLOSED_R2ONLY_RM_69_SIGNA_ESQ_DiamondSphereLLC_5126_50K",1,"Stihl ZeroTurn Lawn Mower","DP1 V3",Mastercard,Tuesday,552342,1,0,0.00%,1,100.00%,1,0,0.00%,1,100.00%,1,1,$12.89,0,100.00%,0,0,$0.00,0,0.00%,1,1,1,$12.89,$0.00,$0.00,$12.89,$0.00,$0.00,$12.89,$0.00,$12.89,$0.00,0.00%,0,0.00%,$0.00,0.00%,0,0.00%,$0.00,0.00%,0,0.00%,$0.00,0.00%,0,0.00%,$0.00,0.00%,$12.89,$0.84,$0.00,$0.00,$0.00,$0.00,0.00%,$0.00,0.00%,$0.00,0.00%,$0.84,6.52%,$12.05,93.48%
"7 - GY_N2_RM_7_PAYARC_EVO_BrightAdvantageLLC_4041_65K",1,"BOGG Bag","DP1 V3",Visa,Tuesday,435387,1,0,0.00%,1,100.00%,1,0,0.00%,1,100.00%,1,1,$12.89,0,100.00%,0,0,$0.00,0,0.00%,1,1,1,$12.89,$0.00,$0.00,$12.89,$0.00,$0.00,$12.89,$0.00,$12.89,$0.00,0.00%,0,0.00%,$0.00,0.00%,0,0.00%,$0.00,0.00%,0,0.00%,$0.00,0.00%,0,0.00%,$0.00,0.00%,$12.89,$0.84,$0.00,$0.00,$0.00,$0.00,0.00%,$0.00,0.00%,$0.00,0.00%,$0.84,6.52%,$12.05,93.48%
"7 - GY_N2_RM_7_PAYARC_EVO_BrightAdvantageLLC_4041_65K",1,"BOGG Bag","DP1 V3",Visa,Tuesday,438857,1,1,100.00%,0,0.00%,1,1,100.00%,0,0.00%,1,0,$0.00,1,0.00%,0,0,$0.00,0,0.00%,0,0,0,$0.00,$0.00,$0.00,$0.00,$0.00,$0.00,$0.00,$0.00,$0.00,$0.00,0.00%,0,0.00%,$0.00,0.00%,0,0.00%,$0.00,0.00%,0,0.00%,$0.00,0.00%,0,0.00%,$0.00,0.00%,$0.00,$0.20,$0.00,$0.00,$0.00,$0.00,0.00%,$0.00,0.00%,$0.00,0.00%,$0.20,0.00%,$-0.20,0.00%
"7 - GY_N2_RM_7_PAYARC_EVO_BrightAdvantageLLC_4041_65K",1,"BOGG Bag","DP1 V3",Visa,Tuesday,481109,1,0,0.00%,1,100.00%,1,0,0.00%,1,100.00%,1,1,$12.89,0,100.00%,0,0,$0.00,0,0.00%,1,1,1,$12.89,$0.00,$0.00,$12.89,$0.00,$0.00,$12.89,$0.00,$12.89,$0.00,0.00%,0,0.00%,$0.00,0.00%,0,0.00%,$0.00,0.00%,0,0.00%,$0.00,0.00%,0,0.00%,$0.00,0.00%,$12.89,$0.84,$0.00,$0.00,$0.00,$0.00,0.00%,$0.00,0.00%,$0.00,0.00%,$0.84,6.52%,$12.05,93.48%
"7 - GY_N2_RM_7_PAYARC_EVO_BrightAdvantageLLC_4041_65K",1,"Harley Davidson Evo Helmet","DP1 V3",Mastercard,Tuesday,550114,1,1,100.00%,0,0.00%,1,1,100.00%,0,0.00%,1,0,$0.00,1,0.00%,0,0,$0.00,0,0.00%,0,0,0,$0.00,$0.00,$0.00,$0.00,$0.00,$0.00,$0.00,$0.00,$0.00,$0.00,0.00%,0,0.00%,$0.00,0.00%,0,0.00%,$0.00,0.00%,0,0.00%,$0.00,0.00%,0,0.00%,$0.00,0.00%,$0.00,$0.20,$0.00,$0.00,$0.00,$0.00,0.00%,$0.00,0.00%,$0.00,0.00%,$0.20,0.00%,$-0.20,0.00%
"7 - GY_N2_RM_7_PAYARC_EVO_BrightAdvantageLLC_4041_65K",1,"Harley Davidson Evo Helmet","DP1 V3",Visa,Tuesday,423223,1,1,100.00%,0,0.00%,1,1,100.00%,0,0.00%,1,0,$0.00,1,0.00%,0,0,$0.00,0,0.00%,0,0,0,$0.00,$0.00,$0.00,$0.00,$0.00,$0.00,$0.00,$0.00,$0.00,$0.00,0.00%,0,0.00%,$0.00,0.00%,0,0.00%,$0.00,0.00%,0,0.00%,$0.00,0.00%,0,0.00%,$0.00,0.00%,$0.00,$0.20,$0.00,$0.00,$0.00,$0.00,0.00%,$0.00,0.00%,$0.00,0.00%,$0.20,0.00%,$-0.20,0.00%
"7 - GY_N2_RM_7_PAYARC_EVO_BrightAdvantageLLC_4041_65K",1,"Harley Davidson Evo Helmet","DP1 V3",Visa,Tuesday,476752,1,0,0.00%,1,100.00%,1,0,0.00%,1,100.00%,1,1,$12.89,0,100.00%,0,0,$0.00,0,0.00%,1,1,1,$12.89,$0.00,$0.00,$12.89,$0.00,$0.00,$12.89,$0.00,$12.89,$0.00,0.00%,0,0.00%,$0.00,0.00%,0,0.00%,$0.00,0.00%,0,0.00%,$0.00,0.00%,0,0.00%,$0.00,0.00%,$12.89,$0.84,$0.00,$0.00,$0.00,$0.00,0.00%,$0.00,0.00%,$0.00,0.00%,$0.84,6.52%,$12.05,93.48%
"7 - GY_N2_RM_7_PAYARC_EVO_BrightAdvantageLLC_4041_65K",1,"Harley Davidson Tailgate Bundle","DP1 V3",Mastercard,Tuesday,546604,1,1,100.00%,0,0.00%,1,1,100.00%,0,0.00%,1,0,$0.00,1,0.00%,0,0,$0.00,0,0.00%,0,0,0,$0.00,$0.00,$0.00,$0.00,$0.00,$0.00,$0.00,$0.00,$0.00,$0.00,0.00%,0,0.00%,$0.00,0.00%,0,0.00%,$0.00,0.00%,0,0.00%,$0.00,0.00%,0,0.00%,$0.00,0.00%,$0.00,$0.20,$0.00,$0.00,$0.00,$0.00,0.00%,$0.00,0.00%,$0.00,0.00%,$0.20,0.00%,$-0.20,0.00%
"7 - GY_N2_RM_7_PAYARC_EVO_BrightAdvantageLLC_4041_65K",1,"Harley Davidson Tailgate Bundle","DP1 V3",Mastercard,Tuesday,546616,1,0,0.00%,1,100.00%,1,0,0.00%,1,100.00%,1,1,$12.89,0,100.00%,0,0,$0.00,0,0.00%,1,1,1,$12.89,$0.00,$0.00,$12.89,$0.00,$0.00,$12.89,$0.00,$12.89,$12.89,100.00%,0,0.00%,$0.00,0.00%,0,0.00%,$0.00,0.00%,0,0.00%,$0.00,0.00%,1,100.00%,$12.89,100.00%,$0.00,$0.84,$0.00,$0.00,$0.00,$0.00,0.00%,$0.00,0.00%,$0.00,0.00%,$0.84,6.52%,$-0.84,-6.52%
"7 - GY_N2_RM_7_PAYARC_EVO_BrightAdvantageLLC_4041_65K",1,"Harley Davidson Tailgate Bundle","DP1 V3",Mastercard,Tuesday,551574,1,1,100.00%,0,0.00%,1,1,100.00%,0,0.00%,1,0,$0.00,1,0.00%,0,0,$0.00,0,0.00%,0,0,0,$0.00,$0.00,$0.00,$0.00,$0.00,$0.00,$0.00,$0.00,$0.00,$0.00,0.00%,0,0.00%,$0.00,0.00%,0,0.00%,$0.00,0.00%,0,0.00%,$0.00,0.00%,0,0.00%,$0.00,0.00%,$0.00,$0.20,$0.00,$0.00,$0.00,$0.00,0.00%,$0.00,0.00%,$0.00,0.00%,$0.20,0.00%,$-0.20,0.00%
"7 - GY_N2_RM_7_PAYARC_EVO_BrightAdvantageLLC_4041_65K",1,"Harley Davidson Tailgate Bundle","DP1 V3",Visa,Tuesday,421783,1,1,100.00%,0,0.00%,1,1,100.00%,0,0.00%,1,0,$0.00,1,0.00%,0,0,$0.00,0,0.00%,0,0,0,$0.00,$0.00,$0.00,$0.00,$0.00,$0.00,$0.00,$0.00,$0.00,$0.00,0.00%,0,0.00%,$0.00,0.00%,0,0.00%,$0.00,0.00%,0,0.00%,$0.00,0.00%,0,0.00%,$0.00,0.00%,$0.00,$0.20,$0.00,$0.00,$0.00,$0.00,0.00%,$0.00,0.00%,$0.00,0.00%,$0.20,0.00%,$-0.20,0.00%
"7 - GY_N2_RM_7_PAYARC_EVO_BrightAdvantageLLC_4041_65K",1,"Harley Davidson Tailgate Bundle","DP1 V3",Visa,Tuesday,446602,1,1,100.00%,0,0.00%,1,1,100.00%,0,0.00%,1,0,$0.00,1,0.00%,0,0,$0.00,0,0.00%,0,0,0,$0.00,$0.00,$0.00,$0.00,$0.00,$0.00,$0.00,$0.00,$0.00,$0.00,0.00%,0,0.00%,$0.00,0.00%,0,0.00%,$0.00,0.00%,0,0.00%,$0.00,0.00%,0,0.00%,$0.00,0.00%,$0.00,$0.20,$0.00,$0.00,$0.00,$0.00,0.00%,$0.00,0.00%,$0.00,0.00%,$0.20,0.00%,$-0.20,0.00%
"7 - GY_N2_RM_7_PAYARC_EVO_BrightAdvantageLLC_4041_65K",1,"Miller Lite Tailgate Combo Pack","DP1 V3",Visa,Tuesday,434257,1,0,0.00%,1,100.00%,1,0,0.00%,1,100.00%,1,1,$12.89,0,100.00%,0,0,$0.00,0,0.00%,1,1,1,$12.89,$0.00,$0.00,$12.89,$0.00,$0.00,$12.89,$0.00,$12.89,$0.00,0.00%,0,0.00%,$0.00,0.00%,0,0.00%,$0.00,0.00%,0,0.00%,$0.00,0.00%,0,0.00%,$0.00,0.00%,$12.89,$0.84,$0.00,$0.00,$0.00,$0.00,0.00%,$0.00,0.00%,$0.00,0.00%,$0.84,6.52%,$12.05,93.48%
"7 - GY_N2_RM_7_PAYARC_EVO_BrightAdvantageLLC_4041_65K",1,"Stihl ZeroTurn Lawn Mower","DP1 V3",Visa,Tuesday,414740,1,1,100.00%,0,0.00%,1,1,100.00%,0,0.00%,1,0,$0.00,1,0.00%,0,0,$0.00,0,0.00%,0,0,0,$0.00,$0.00,$0.00,$0.00,$0.00,$0.00,$0.00,$0.00,$0.00,$0.00,0.00%,0,0.00%,$0.00,0.00%,0,0.00%,$0.00,0.00%,0,0.00%,$0.00,0.00%,0,0.00%,$0.00,0.00%,$0.00,$0.20,$0.00,$0.00,$0.00,$0.00,0.00%,$0.00,0.00%,$0.00,0.00%,$0.20,0.00%,$-0.20,0.00%
"70 - zCLOSED_RM_70_QUANT_CBSL_SpecifiConLLC_4767_25K",1,"Harley Davidson Evo Helmet","DP1 V3",Mastercard,Tuesday,544448,1,0,0.00%,1,100.00%,1,0,0.00%,1,100.00%,1,1,$12.89,0,100.00%,0,0,$0.00,0,0.00%,1,1,1,$12.89,$0.00,$0.00,$12.89,$0.00,$0.00,$12.89,$0.00,$12.89,$12.89,100.00%,0,0.00%,$0.00,0.00%,0,0.00%,$0.00,0.00%,0,0.00%,$0.00,0.00%,1,100.00%,$12.89,100.00%,$0.00,$0.84,$0.00,$0.00,$0.00,$0.00,0.00%,$0.00,0.00%,$0.00,0.00%,$0.84,6.52%,$-0.84,-6.52%
"70 - zCLOSED_RM_70_QUANT_CBSL_SpecifiConLLC_4767_25K",1,"Harley Davidson Evo Helmet","DP1 V3",Visa,Tuesday,403216,1,1,100.00%,0,0.00%,1,1,100.00%,0,0.00%,1,0,$0.00,1,0.00%,0,0,$0.00,0,0.00%,0,0,0,$0.00,$0.00,$0.00,$0.00,$0.00,$0.00,$0.00,$0.00,$0.00,$0.00,0.00%,0,0.00%,$0.00,0.00%,0,0.00%,$0.00,0.00%,0,0.00%,$0.00,0.00%,0,0.00%,$0.00,0.00%,$0.00,$0.20,$0.00,$0.00,$0.00,$0.00,0.00%,$0.00,0.00%,$0.00,0.00%,$0.20,0.00%,$-0.20,0.00%
"70 - zCLOSED_RM_70_QUANT_CBSL_SpecifiConLLC_4767_25K",1,"Harley Davidson Evo Helmet","DP1 V3",Visa,Tuesday,443264,1,0,0.00%,1,100.00%,1,0,0.00%,1,100.00%,1,1,$12.89,0,100.00%,0,0,$0.00,0,0.00%,1,1,1,$12.89,$0.00,$0.00,$12.89,$0.00,$0.00,$12.89,$0.00,$12.89,$0.00,0.00%,0,0.00%,$0.00,0.00%,0,0.00%,$0.00,0.00%,0,0.00%,$0.00,0.00%,0,0.00%,$0.00,0.00%,$12.89,$0.84,$0.00,$0.00,$0.00,$0.00,0.00%,$0.00,0.00%,$0.00,0.00%,$0.84,6.52%,$12.05,93.48%
"70 - zCLOSED_RM_70_QUANT_CBSL_SpecifiConLLC_4767_25K",1,"Harley Davidson Evo Helmet","DP1 V3",Visa,Tuesday,481176,1,0,0.00%,1,100.00%,1,0,0.00%,1,100.00%,1,1,$12.89,0,100.00%,0,0,$0.00,0,0.00%,1,1,1,$12.89,$0.00,$0.00,$12.89,$0.00,$0.00,$12.89,$0.00,$12.89,$0.00,0.00%,0,0.00%,$0.00,0.00%,0,0.00%,$0.00,0.00%,0,0.00%,$0.00,0.00%,0,0.00%,$0.00,0.00%,$12.89,$0.84,$0.00,$0.00,$0.00,$0.00,0.00%,$0.00,0.00%,$0.00,0.00%,$0.84,6.52%,$12.05,93.48%
"70 - zCLOSED_RM_70_QUANT_CBSL_SpecifiConLLC_4767_25K",1,"Harley Davidson Evo Helmet","DP1 V3",Visa,Tuesday,486796,1,1,100.00%,0,0.00%,1,1,100.00%,0,0.00%,1,0,$0.00,1,0.00%,0,0,$0.00,0,0.00%,0,0,0,$0.00,$0.00,$0.00,$0.00,$0.00,$0.00,$0.00,$0.00,$0.00,$0.00,0.00%,0,0.00%,$0.00,0.00%,0,0.00%,$0.00,0.00%,0,0.00%,$0.00,0.00%,0,0.00%,$0.00,0.00%,$0.00,$0.20,$0.00,$0.00,$0.00,$0.00,0.00%,$0.00,0.00%,$0.00,0.00%,$0.20,0.00%,$-0.20,0.00%
"70 - zCLOSED_RM_70_QUANT_CBSL_SpecifiConLLC_4767_25K",1,"Harley Davidson Tailgate Bundle","DP1 V3",Mastercard,Tuesday,536914,1,0,0.00%,1,100.00%,1,0,0.00%,1,100.00%,1,1,$12.89,0,100.00%,0,0,$0.00,0,0.00%,1,1,1,$12.89,$0.00,$0.00,$12.89,$0.00,$0.00,$12.89,$0.00,$12.89,$0.00,0.00%,0,0.00%,$0.00,0.00%,0,0.00%,$0.00,0.00%,0,0.00%,$0.00,0.00%,0,0.00%,$0.00,0.00%,$12.89,$0.84,$0.00,$0.00,$0.00,$0.00,0.00%,$0.00,0.00%,$0.00,0.00%,$0.84,6.52%,$12.05,93.48%
"70 - zCLOSED_RM_70_QUANT_CBSL_SpecifiConLLC_4767_25K",1,"MoJack Mower Deck Lift","DP1 V3",Mastercard,Tuesday,521333,1,1,100.00%,0,0.00%,1,1,100.00%,0,0.00%,1,0,$0.00,1,0.00%,0,0,$0.00,0,0.00%,0,0,0,$0.00,$0.00,$0.00,$0.00,$0.00,$0.00,$0.00,$0.00,$0.00,$0.00,0.00%,0,0.00%,$0.00,0.00%,0,0.00%,$0.00,0.00%,0,0.00%,$0.00,0.00%,0,0.00%,$0.00,0.00%,$0.00,$0.20,$0.00,$0.00,$0.00,$0.00,0.00%,$0.00,0.00%,$0.00,0.00%,$0.20,0.00%,$-0.20,0.00%
"73 - zCLOSED_N1_RM_73_PAYARC_EVO_SpecifiConLLC_3455_45K",1,"Harley Davidson Tailgate Bundle","DP1 V3",Mastercard,Tuesday,529275,1,1,100.00%,0,0.00%,1,1,100.00%,0,0.00%,1,0,$0.00,1,0.00%,0,0,$0.00,0,0.00%,0,0,0,$0.00,$0.00,$0.00,$0.00,$0.00,$0.00,$0.00,$0.00,$0.00,$0.00,0.00%,0,0.00%,$0.00,0.00%,0,0.00%,$0.00,0.00%,0,0.00%,$0.00,0.00%,0,0.00%,$0.00,0.00%,$0.00,$0.20,$0.00,$0.00,$0.00,$0.00,0.00%,$0.00,0.00%,$0.00,0.00%,$0.20,0.00%,$-0.20,0.00%
"73 - zCLOSED_N1_RM_73_PAYARC_EVO_SpecifiConLLC_3455_45K",1,"Miller Lite Tailgate Combo Pack","DP1 V3",Visa,Tuesday,473702,1,1,100.00%,0,0.00%,1,1,100.00%,0,0.00%,1,0,$0.00,1,0.00%,0,0,$0.00,0,0.00%,0,0,0,$0.00,$0.00,$0.00,$0.00,$0.00,$0.00,$0.00,$0.00,$0.00,$0.00,0.00%,0,0.00%,$0.00,0.00%,0,0.00%,$0.00,0.00%,0,0.00%,$0.00,0.00%,0,0.00%,$0.00,0.00%,$0.00,$0.20,$0.00,$0.00,$0.00,$0.00,0.00%,$0.00,0.00%,$0.00,0.00%,$0.20,0.00%,$-0.20,0.00%
"73 - zCLOSED_N1_RM_73_PAYARC_EVO_SpecifiConLLC_3455_45K",1,"MoJack Mower Deck Lift","DP1 V3",Mastercard,Tuesday,542539,1,0,0.00%,1,100.00%,1,0,0.00%,1,100.00%,1,1,$12.89,0,100.00%,0,0,$0.00,0,0.00%,1,1,1,$12.89,$0.00,$0.00,$12.89,$0.00,$0.00,$12.89,$0.00,$12.89,$0.00,0.00%,0,0.00%,$0.00,0.00%,0,0.00%,$0.00,0.00%,0,0.00%,$0.00,0.00%,0,0.00%,$0.00,0.00%,$12.89,$0.84,$0.00,$0.00,$0.00,$0.00,0.00%,$0.00,0.00%,$0.00,0.00%,$0.84,6.52%,$12.05,93.48%
"73 - zCLOSED_N1_RM_73_PAYARC_EVO_SpecifiConLLC_3455_45K",1,"Steambow M10 Tactical","DP1 V3",Visa,Tuesday,446542,1,1,100.00%,0,0.00%,1,1,100.00%,0,0.00%,1,0,$0.00,1,0.00%,0,0,$0.00,0,0.00%,0,0,0,$0.00,$0.00,$0.00,$0.00,$0.00,$0.00,$0.00,$0.00,$0.00,$0.00,0.00%,0,0.00%,$0.00,0.00%,0,0.00%,$0.00,0.00%,0,0.00%,$0.00,0.00%,0,0.00%,$0.00,0.00%,$0.00,$0.20,$0.00,$0.00,$0.00,$0.00,0.00%,$0.00,0.00%,$0.00,0.00%,$0.20,0.00%,$-0.20,0.00%
"73 - zCLOSED_N1_RM_73_PAYARC_EVO_SpecifiConLLC_3455_45K",1,"Stihl ZeroTurn Lawn Mower","DP1 V3",Visa,Tuesday,484722,1,0,0.00%,1,100.00%,1,0,0.00%,1,100.00%,1,1,$12.89,0,100.00%,0,0,$0.00,0,0.00%,1,1,1,$12.89,$0.00,$0.00,$12.89,$0.00,$0.00,$12.89,$0.00,$12.89,$0.00,0.00%,0,0.00%,$0.00,0.00%,0,0.00%,$0.00,0.00%,0,0.00%,$0.00,0.00%,0,0.00%,$0.00,0.00%,$12.89,$0.84,$0.00,$0.00,$0.00,$0.00,0.00%,$0.00,0.00%,$0.00,0.00%,$0.84,6.52%,$12.05,93.48%
"75 - NR2_RM_75_QUANT_CBSL_DiamondsphereLLC_4874_25K",1,"5 Domestic flights","DP1 V3",Mastercard,Tuesday,518941,1,0,0.00%,1,100.00%,1,0,0.00%,1,100.00%,1,1,$12.89,0,100.00%,0,0,$0.00,0,0.00%,1,1,1,$12.89,$0.00,$0.00,$12.89,$0.00,$0.00,$12.89,$0.00,$12.89,$0.00,0.00%,0,0.00%,$0.00,0.00%,0,0.00%,$0.00,0.00%,0,0.00%,$0.00,0.00%,0,0.00%,$0.00,0.00%,$12.89,$0.84,$0.00,$0.00,$0.00,$0.00,0.00%,$0.00,0.00%,$0.00,0.00%,$0.84,6.52%,$12.05,93.48%
"75 - NR2_RM_75_QUANT_CBSL_DiamondsphereLLC_4874_25K",1,"Harley Davidson Evo Helmet","DP1 V3",Mastercard,Tuesday,514819,1,0,0.00%,1,100.00%,1,0,0.00%,1,100.00%,1,1,$12.89,0,100.00%,0,0,$0.00,0,0.00%,1,1,1,$12.89,$0.00,$0.00,$12.89,$0.00,$0.00,$12.89,$0.00,$12.89,$0.00,0.00%,0,0.00%,$0.00,0.00%,0,0.00%,$0.00,0.00%,0,0.00%,$0.00,0.00%,0,0.00%,$0.00,0.00%,$12.89,$0.84,$0.00,$0.00,$0.00,$0.00,0.00%,$0.00,0.00%,$0.00,0.00%,$0.84,6.52%,$12.05,93.48%
"75 - NR2_RM_75_QUANT_CBSL_DiamondsphereLLC_4874_25K",1,"Harley Davidson Evo Helmet","DP1 V3",Mastercard,Tuesday,542418,1,0,0.00%,1,100.00%,1,0,0.00%,1,100.00%,1,1,$12.89,0,100.00%,0,0,$0.00,0,0.00%,1,1,1,$12.89,$0.00,$0.00,$12.89,$0.00,$0.00,$12.89,$0.00,$12.89,$0.00,0.00%,0,0.00%,$0.00,0.00%,0,0.00%,$0.00,0.00%,0,0.00%,$0.00,0.00%,0,0.00%,$0.00,0.00%,$12.89,$0.84,$0.00,$0.00,$0.00,$0.00,0.00%,$0.00,0.00%,$0.00,0.00%,$0.84,6.52%,$12.05,93.48%
"75 - NR2_RM_75_QUANT_CBSL_DiamondsphereLLC_4874_25K",1,"Harley Davidson Evo Helmet","DP1 V3",Visa,Tuesday,401099,1,0,0.00%,1,100.00%,1,0,0.00%,1,100.00%,1,1,$12.89,0,100.00%,0,0,$0.00,0,0.00%,1,1,1,$12.89,$0.00,$0.00,$12.89,$0.00,$0.00,$12.89,$0.00,$12.89,$0.00,0.00%,0,0.00%,$0.00,0.00%,0,0.00%,$0.00,0.00%,0,0.00%,$0.00,0.00%,0,0.00%,$0.00,0.00%,$12.89,$0.84,$0.00,$0.00,$0.00,$0.00,0.00%,$0.00,0.00%,$0.00,0.00%,$0.84,6.52%,$12.05,93.48%
"75 - NR2_RM_75_QUANT_CBSL_DiamondsphereLLC_4874_25K",1,"Harley Davidson Evo Helmet","DP1 V3",Visa,Tuesday,413790,1,1,100.00%,0,0.00%,1,1,100.00%,0,0.00%,1,0,$0.00,1,0.00%,0,0,$0.00,0,0.00%,0,0,0,$0.00,$0.00,$0.00,$0.00,$0.00,$0.00,$0.00,$0.00,$0.00,$0.00,0.00%,0,0.00%,$0.00,0.00%,0,0.00%,$0.00,0.00%,0,0.00%,$0.00,0.00%,0,0.00%,$0.00,0.00%,$0.00,$0.20,$0.00,$0.00,$0.00,$0.00,0.00%,$0.00,0.00%,$0.00,0.00%,$0.20,0.00%,$-0.20,0.00%
"75 - NR2_RM_75_QUANT_CBSL_DiamondsphereLLC_4874_25K",1,"Harley Davidson Evo Helmet","DP1 V3",Visa,Tuesday,470793,1,1,100.00%,0,0.00%,1,1,100.00%,0,0.00%,1,0,$0.00,1,0.00%,0,0,$0.00,0,0.00%,0,0,0,$0.00,$0.00,$0.00,$0.00,$0.00,$0.00,$0.00,$0.00,$0.00,$0.00,0.00%,0,0.00%,$0.00,0.00%,0,0.00%,$0.00,0.00%,0,0.00%,$0.00,0.00%,0,0.00%,$0.00,0.00%,$0.00,$0.20,$0.00,$0.00,$0.00,$0.00,0.00%,$0.00,0.00%,$0.00,0.00%,$0.20,0.00%,$-0.20,0.00%
"75 - NR2_RM_75_QUANT_CBSL_DiamondsphereLLC_4874_25K",1,"Harley Davidson Tailgate Bundle","DP1 V3",Mastercard,Tuesday,510277,1,1,100.00%,0,0.00%,1,1,100.00%,0,0.00%,1,0,$0.00,1,0.00%,0,0,$0.00,0,0.00%,0,0,0,$0.00,$0.00,$0.00,$0.00,$0.00,$0.00,$0.00,$0.00,$0.00,$0.00,0.00%,0,0.00%,$0.00,0.00%,0,0.00%,$0.00,0.00%,0,0.00%,$0.00,0.00%,0,0.00%,$0.00,0.00%,$0.00,$0.20,$0.00,$0.00,$0.00,$0.00,0.00%,$0.00,0.00%,$0.00,0.00%,$0.20,0.00%,$-0.20,0.00%
"75 - NR2_RM_75_QUANT_CBSL_DiamondsphereLLC_4874_25K",1,"Harley Davidson Tailgate Bundle","DP1 V3",Mastercard,Tuesday,518941,1,1,100.00%,0,0.00%,1,1,100.00%,0,0.00%,1,0,$0.00,1,0.00%,0,0,$0.00,0,0.00%,0,0,0,$0.00,$0.00,$0.00,$0.00,$0.00,$0.00,$0.00,$0.00,$0.00,$0.00,0.00%,0,0.00%,$0.00,0.00%,0,0.00%,$0.00,0.00%,0,0.00%,$0.00,0.00%,0,0.00%,$0.00,0.00%,$0.00,$0.20,$0.00,$0.00,$0.00,$0.00,0.00%,$0.00,0.00%,$0.00,0.00%,$0.20,0.00%,$-0.20,0.00%
"75 - NR2_RM_75_QUANT_CBSL_DiamondsphereLLC_4874_25K",1,"Harley Davidson Tailgate Bundle","DP1 V3",Visa,Tuesday,441297,1,1,100.00%,0,0.00%,1,1,100.00%,0,0.00%,1,0,$0.00,1,0.00%,0,0,$0.00,0,0.00%,0,0,0,$0.00,$0.00,$0.00,$0.00,$0.00,$0.00,$0.00,$0.00,$0.00,$0.00,0.00%,0,0.00%,$0.00,0.00%,0,0.00%,$0.00,0.00%,0,0.00%,$0.00,0.00%,0,0.00%,$0.00,0.00%,$0.00,$0.20,$0.00,$0.00,$0.00,$0.00,0.00%,$0.00,0.00%,$0.00,0.00%,$0.20,0.00%,$-0.20,0.00%
"75 - NR2_RM_75_QUANT_CBSL_DiamondsphereLLC_4874_25K",1,"Harley Davidson Tailgate Bundle","DP1 V3",Visa,Tuesday,483316,1,0,0.00%,1,100.00%,1,0,0.00%,1,100.00%,1,1,$12.89,0,100.00%,0,0,$0.00,0,0.00%,1,1,1,$12.89,$0.00,$0.00,$12.89,$0.00,$0.00,$12.89,$0.00,$12.89,$0.00,0.00%,0,0.00%,$0.00,0.00%,0,0.00%,$0.00,0.00%,0,0.00%,$0.00,0.00%,0,0.00%,$0.00,0.00%,$12.89,$0.84,$0.00,$0.00,$0.00,$0.00,0.00%,$0.00,0.00%,$0.00,0.00%,$0.84,6.52%,$12.05,93.48%
"75 - NR2_RM_75_QUANT_CBSL_DiamondsphereLLC_4874_25K",1,"Steambow M10 Tactical","DP1 V3",Mastercard,Tuesday,515676,1,1,100.00%,0,0.00%,1,1,100.00%,0,0.00%,1,0,$0.00,1,0.00%,0,0,$0.00,0,0.00%,0,0,0,$0.00,$0.00,$0.00,$0.00,$0.00,$0.00,$0.00,$0.00,$0.00,$0.00,0.00%,0,0.00%,$0.00,0.00%,0,0.00%,$0.00,0.00%,0,0.00%,$0.00,0.00%,0,0.00%,$0.00,0.00%,$0.00,$0.20,$0.00,$0.00,$0.00,$0.00,0.00%,$0.00,0.00%,$0.00,0.00%,$0.20,0.00%,$-0.20,0.00%
"75 - NR2_RM_75_QUANT_CBSL_DiamondsphereLLC_4874_25K",1,"Stihl ZeroTurn Lawn Mower","DP1 V3",Mastercard,Tuesday,531257,1,1,100.00%,0,0.00%,1,1,100.00%,0,0.00%,1,0,$0.00,1,0.00%,0,0,$0.00,0,0.00%,0,0,0,$0.00,$0.00,$0.00,$0.00,$0.00,$0.00,$0.00,$0.00,$0.00,$0.00,0.00%,0,0.00%,$0.00,0.00%,0,0.00%,$0.00,0.00%,0,0.00%,$0.00,0.00%,0,0.00%,$0.00,0.00%,$0.00,$0.20,$0.00,$0.00,$0.00,$0.00,0.00%,$0.00,0.00%,$0.00,0.00%,$0.20,0.00%,$-0.20,0.00%
"76 - N1_RM_76_QUANT_CBSL_DiamondsphereLLC_4890_25K",1,"Harley Davidson Tailgate Bundle","DP1 V3",Mastercard,Tuesday,515735,1,1,100.00%,0,0.00%,1,1,100.00%,0,0.00%,1,0,$0.00,1,0.00%,0,0,$0.00,0,0.00%,0,0,0,$0.00,$0.00,$0.00,$0.00,$0.00,$0.00,$0.00,$0.00,$0.00,$0.00,0.00%,0,0.00%,$0.00,0.00%,0,0.00%,$0.00,0.00%,0,0.00%,$0.00,0.00%,0,0.00%,$0.00,0.00%,$0.00,$0.20,$0.00,$0.00,$0.00,$0.00,0.00%,$0.00,0.00%,$0.00,0.00%,$0.20,0.00%,$-0.20,0.00%
"76 - N1_RM_76_QUANT_CBSL_DiamondsphereLLC_4890_25K",1,"Miller Lite Tailgate Combo Pack","DP1 V3",Visa,Tuesday,451650,1,0,0.00%,1,100.00%,1,0,0.00%,1,100.00%,1,1,$12.89,0,100.00%,0,0,$0.00,0,0.00%,1,1,1,$12.89,$0.00,$0.00,$12.89,$0.00,$0.00,$12.89,$0.00,$12.89,$0.00,0.00%,0,0.00%,$0.00,0.00%,0,0.00%,$0.00,0.00%,0,0.00%,$0.00,0.00%,0,0.00%,$0.00,0.00%,$12.89,$0.84,$0.00,$0.00,$0.00,$0.00,0.00%,$0.00,0.00%,$0.00,0.00%,$0.84,6.52%,$12.05,93.48%
"76 - N1_RM_76_QUANT_CBSL_DiamondsphereLLC_4890_25K",1,"Miller Lite Tailgate Combo Pack","DP1 V3",Visa,Tuesday,480636,1,0,0.00%,1,100.00%,1,0,0.00%,1,100.00%,1,1,$12.89,0,100.00%,0,0,$0.00,0,0.00%,1,1,1,$12.89,$0.00,$0.00,$12.89,$0.00,$0.00,$12.89,$0.00,$12.89,$0.00,0.00%,0,0.00%,$0.00,0.00%,0,0.00%,$0.00,0.00%,0,0.00%,$0.00,0.00%,0,0.00%,$0.00,0.00%,$12.89,$0.84,$0.00,$0.00,$0.00,$0.00,0.00%,$0.00,0.00%,$0.00,0.00%,$0.84,6.52%,$12.05,93.48%
"76 - N1_RM_76_QUANT_CBSL_DiamondsphereLLC_4890_25K",1,"MoJack Mower Deck Lift","DP1 V3",Mastercard,Tuesday,517800,1,0,0.00%,1,100.00%,1,0,0.00%,1,100.00%,1,1,$12.89,0,100.00%,0,0,$0.00,0,0.00%,1,1,1,$12.89,$0.00,$0.00,$12.89,$0.00,$0.00,$12.89,$0.00,$12.89,$12.89,100.00%,0,0.00%,$0.00,0.00%,0,0.00%,$0.00,0.00%,0,0.00%,$0.00,0.00%,1,100.00%,$12.89,100.00%,$0.00,$0.84,$0.00,$0.00,$0.00,$0.00,0.00%,$0.00,0.00%,$0.00,0.00%,$0.84,6.52%,$-0.84,-6.52%
"77 - NR12_RM_77_QUANT_CBSL_DiamondsphereLLC_5293_25K",1,"BOGG Bag","DP1 V3",Mastercard,Tuesday,524366,1,0,0.00%,1,100.00%,1,0,0.00%,1,100.00%,1,1,$12.89,0,100.00%,0,0,$0.00,0,0.00%,1,1,1,$12.89,$0.00,$0.00,$12.89,$0.00,$0.00,$12.89,$0.00,$12.89,$12.89,100.00%,0,0.00%,$0.00,0.00%,1,100.00%,$12.89,100.00%,0,0.00%,$0.00,0.00%,0,0.00%,$0.00,0.00%,$0.00,$0.84,$0.00,$0.00,$0.00,$0.00,0.00%,$0.00,0.00%,$0.00,0.00%,$0.84,6.52%,$-0.84,-6.52%
"77 - NR12_RM_77_QUANT_CBSL_DiamondsphereLLC_5293_25K",1,"BOGG Bag","DP1 V3",Mastercard,Tuesday,551263,1,0,0.00%,1,100.00%,1,0,0.00%,1,100.00%,1,1,$12.89,0,100.00%,0,0,$0.00,0,0.00%,1,1,1,$12.89,$0.00,$0.00,$12.89,$0.00,$0.00,$12.89,$0.00,$12.89,$12.89,100.00%,0,0.00%,$0.00,0.00%,0,0.00%,$0.00,0.00%,0,0.00%,$0.00,0.00%,1,100.00%,$12.89,100.00%,$0.00,$0.84,$0.00,$0.00,$0.00,$0.00,0.00%,$0.00,0.00%,$0.00,0.00%,$0.84,6.52%,$-0.84,-6.52%
"77 - NR12_RM_77_QUANT_CBSL_DiamondsphereLLC_5293_25K",1,"Harley Davidson Tailgate Bundle","DP1 V3",Visa,Tuesday,426938,1,0,0.00%,1,100.00%,1,0,0.00%,1,100.00%,1,1,$12.89,0,100.00%,0,0,$0.00,0,0.00%,1,1,1,$12.89,$0.00,$0.00,$12.89,$0.00,$0.00,$12.89,$0.00,$12.89,$0.00,0.00%,0,0.00%,$0.00,0.00%,0,0.00%,$0.00,0.00%,0,0.00%,$0.00,0.00%,0,0.00%,$0.00,0.00%,$12.89,$0.84,$0.00,$0.00,$0.00,$0.00,0.00%,$0.00,0.00%,$0.00,0.00%,$0.84,6.52%,$12.05,93.48%
"8 - NR12_RM_8_PAYARC_EVO_BrightAdvantagellc_4025_65K",1,"BOGG Bag","DP1 V3",Mastercard,Tuesday,515676,1,0,0.00%,1,100.00%,1,0,0.00%,1,100.00%,1,1,$12.89,0,100.00%,0,0,$0.00,0,0.00%,1,1,1,$12.89,$0.00,$0.00,$12.89,$0.00,$0.00,$12.89,$0.00,$12.89,$0.00,0.00%,0,0.00%,$0.00,0.00%,0,0.00%,$0.00,0.00%,0,0.00%,$0.00,0.00%,0,0.00%,$0.00,0.00%,$12.89,$0.84,$0.00,$0.00,$0.00,$0.00,0.00%,$0.00,0.00%,$0.00,0.00%,$0.84,6.52%,$12.05,93.48%
"8 - NR12_RM_8_PAYARC_EVO_BrightAdvantagellc_4025_65K",1,"BOGG Bag","DP1 V3",Visa,Tuesday,425589,1,1,100.00%,0,0.00%,1,1,100.00%,0,0.00%,1,0,$0.00,1,0.00%,0,0,$0.00,0,0.00%,0,0,0,$0.00,$0.00,$0.00,$0.00,$0.00,$0.00,$0.00,$0.00,$0.00,$0.00,0.00%,0,0.00%,$0.00,0.00%,0,0.00%,$0.00,0.00%,0,0.00%,$0.00,0.00%,0,0.00%,$0.00,0.00%,$0.00,$0.20,$0.00,$0.00,$0.00,$0.00,0.00%,$0.00,0.00%,$0.00,0.00%,$0.20,0.00%,$-0.20,0.00%
"8 - NR12_RM_8_PAYARC_EVO_BrightAdvantagellc_4025_65K",1,"Coors Light Tailgate Bundle","DP1 V3",Mastercard,Tuesday,546325,1,0,0.00%,1,100.00%,1,0,0.00%,1,100.00%,1,1,$12.89,0,100.00%,0,0,$0.00,0,0.00%,1,1,1,$12.89,$0.00,$0.00,$12.89,$0.00,$0.00,$12.89,$0.00,$12.89,$0.00,0.00%,0,0.00%,$0.00,0.00%,0,0.00%,$0.00,0.00%,0,0.00%,$0.00,0.00%,0,0.00%,$0.00,0.00%,$12.89,$0.84,$0.00,$0.00,$0.00,$0.00,0.00%,$0.00,0.00%,$0.00,0.00%,$0.84,6.52%,$12.05,93.48%
"8 - NR12_RM_8_PAYARC_EVO_BrightAdvantagellc_4025_65K",1,"Harley Davidson Evo Helmet","DP1 V3",Mastercard,Tuesday,525362,1,0,0.00%,1,100.00%,1,0,0.00%,1,100.00%,1,1,$12.89,0,100.00%,0,0,$0.00,0,0.00%,1,1,1,$12.89,$0.00,$0.00,$12.89,$0.00,$0.00,$12.89,$0.00,$12.89,$0.00,0.00%,0,0.00%,$0.00,0.00%,0,0.00%,$0.00,0.00%,0,0.00%,$0.00,0.00%,0,0.00%,$0.00,0.00%,$12.89,$0.84,$0.00,$0.00,$0.00,$0.00,0.00%,$0.00,0.00%,$0.00,0.00%,$0.84,6.52%,$12.05,93.48%
"8 - NR12_RM_8_PAYARC_EVO_BrightAdvantagellc_4025_65K",1,"Harley Davidson Tailgate Bundle","DP1 V3",Mastercard,Tuesday,515061,1,1,100.00%,0,0.00%,1,1,100.00%,0,0.00%,1,0,$0.00,1,0.00%,0,0,$0.00,0,0.00%,0,0,0,$0.00,$0.00,$0.00,$0.00,$0.00,$0.00,$0.00,$0.00,$0.00,$0.00,0.00%,0,0.00%,$0.00,0.00%,0,0.00%,$0.00,0.00%,0,0.00%,$0.00,0.00%,0,0.00%,$0.00,0.00%,$0.00,$0.20,$0.00,$0.00,$0.00,$0.00,0.00%,$0.00,0.00%,$0.00,0.00%,$0.20,0.00%,$-0.20,0.00%
"8 - NR12_RM_8_PAYARC_EVO_BrightAdvantagellc_4025_65K",1,"Harley Davidson Tailgate Bundle","DP1 V3",Visa,Tuesday,436127,1,0,0.00%,1,100.00%,1,0,0.00%,1,100.00%,1,1,$12.89,0,100.00%,0,0,$0.00,0,0.00%,1,1,1,$12.89,$0.00,$0.00,$12.89,$0.00,$0.00,$12.89,$0.00,$12.89,$0.00,0.00%,0,0.00%,$0.00,0.00%,0,0.00%,$0.00,0.00%,0,0.00%,$0.00,0.00%,0,0.00%,$0.00,0.00%,$12.89,$0.84,$0.00,$0.00,$0.00,$0.00,0.00%,$0.00,0.00%,$0.00,0.00%,$0.84,6.52%,$12.05,93.48%
"8 - NR12_RM_8_PAYARC_EVO_BrightAdvantagellc_4025_65K",1,"Harley Davidson Tailgate Bundle","DP1 V3",Visa,Tuesday,491239,1,1,100.00%,0,0.00%,1,1,100.00%,0,0.00%,1,0,$0.00,1,0.00%,0,0,$0.00,0,0.00%,0,0,0,$0.00,$0.00,$0.00,$0.00,$0.00,$0.00,$0.00,$0.00,$0.00,$0.00,0.00%,0,0.00%,$0.00,0.00%,0,0.00%,$0.00,0.00%,0,0.00%,$0.00,0.00%,0,0.00%,$0.00,0.00%,$0.00,$0.20,$0.00,$0.00,$0.00,$0.00,0.00%,$0.00,0.00%,$0.00,0.00%,$0.20,0.00%,$-0.20,0.00%
"8 - NR12_RM_8_PAYARC_EVO_BrightAdvantagellc_4025_65K",1,"Miller Lite Tailgate Combo Pack","DP1 V3",Mastercard,Tuesday,550114,1,1,100.00%,0,0.00%,1,1,100.00%,0,0.00%,1,0,$0.00,1,0.00%,0,0,$0.00,0,0.00%,0,0,0,$0.00,$0.00,$0.00,$0.00,$0.00,$0.00,$0.00,$0.00,$0.00,$0.00,0.00%,0,0.00%,$0.00,0.00%,0,0.00%,$0.00,0.00%,0,0.00%,$0.00,0.00%,0,0.00%,$0.00,0.00%,$0.00,$0.20,$0.00,$0.00,$0.00,$0.00,0.00%,$0.00,0.00%,$0.00,0.00%,$0.20,0.00%,$-0.20,0.00%
"8 - NR12_RM_8_PAYARC_EVO_BrightAdvantagellc_4025_65K",1,"Miller Lite Tailgate Combo Pack","DP1 V3",Visa,Tuesday,410040,1,0,0.00%,1,100.00%,1,0,0.00%,1,100.00%,1,1,$12.89,0,100.00%,0,0,$0.00,0,0.00%,1,1,1,$12.89,$0.00,$0.00,$12.89,$0.00,$0.00,$12.89,$0.00,$12.89,$0.00,0.00%,0,0.00%,$0.00,0.00%,0,0.00%,$0.00,0.00%,0,0.00%,$0.00,0.00%,0,0.00%,$0.00,0.00%,$12.89,$0.84,$0.00,$0.00,$0.00,$0.00,0.00%,$0.00,0.00%,$0.00,0.00%,$0.84,6.52%,$12.05,93.48%
"8 - NR12_RM_8_PAYARC_EVO_BrightAdvantagellc_4025_65K",1,"Miller Lite Tailgate Combo Pack","DP1 V3",Visa,Tuesday,426684,1,0,0.00%,1,100.00%,1,0,0.00%,1,100.00%,1,1,$12.89,0,100.00%,0,0,$0.00,0,0.00%,1,1,1,$12.89,$0.00,$0.00,$12.89,$0.00,$0.00,$12.89,$0.00,$12.89,$0.00,0.00%,0,0.00%,$0.00,0.00%,0,0.00%,$0.00,0.00%,0,0.00%,$0.00,0.00%,0,0.00%,$0.00,0.00%,$12.89,$0.84,$0.00,$0.00,$0.00,$0.00,0.00%,$0.00,0.00%,$0.00,0.00%,$0.84,6.52%,$12.05,93.48%
"8 - NR12_RM_8_PAYARC_EVO_BrightAdvantagellc_4025_65K",1,"Miller Lite Tailgate Combo Pack","DP1 V3",Visa,Tuesday,432672,1,1,100.00%,0,0.00%,1,1,100.00%,0,0.00%,1,0,$0.00,1,0.00%,0,0,$0.00,0,0.00%,0,0,0,$0.00,$0.00,$0.00,$0.00,$0.00,$0.00,$0.00,$0.00,$0.00,$0.00,0.00%,0,0.00%,$0.00,0.00%,0,0.00%,$0.00,0.00%,0,0.00%,$0.00,0.00%,0,0.00%,$0.00,0.00%,$0.00,$0.20,$0.00,$0.00,$0.00,$0.00,0.00%,$0.00,0.00%,$0.00,0.00%,$0.20,0.00%,$-0.20,0.00%
"8 - NR12_RM_8_PAYARC_EVO_BrightAdvantagellc_4025_65K",1,"Steambow M10 Tactical","DP1 V3",Mastercard,Tuesday,515676,1,1,100.00%,0,0.00%,1,1,100.00%,0,0.00%,1,0,$0.00,1,0.00%,0,0,$0.00,0,0.00%,0,0,0,$0.00,$0.00,$0.00,$0.00,$0.00,$0.00,$0.00,$0.00,$0.00,$0.00,0.00%,0,0.00%,$0.00,0.00%,0,0.00%,$0.00,0.00%,0,0.00%,$0.00,0.00%,0,0.00%,$0.00,0.00%,$0.00,$0.20,$0.00,$0.00,$0.00,$0.00,0.00%,$0.00,0.00%,$0.00,0.00%,$0.20,0.00%,$-0.20,0.00%
"81 - NR12_RM_81_QUANT_CBSL_DiamondsphereLLC_4866_25K",1,"5 Domestic flights","DP1 V3",Visa,Tuesday,403784,1,1,100.00%,0,0.00%,1,1,100.00%,0,0.00%,1,0,$0.00,1,0.00%,0,0,$0.00,0,0.00%,0,0,0,$0.00,$0.00,$0.00,$0.00,$0.00,$0.00,$0.00,$0.00,$0.00,$0.00,0.00%,0,0.00%,$0.00,0.00%,0,0.00%,$0.00,0.00%,0,0.00%,$0.00,0.00%,0,0.00%,$0.00,0.00%,$0.00,$0.20,$0.00,$0.00,$0.00,$0.00,0.00%,$0.00,0.00%,$0.00,0.00%,$0.20,0.00%,$-0.20,0.00%
"81 - NR12_RM_81_QUANT_CBSL_DiamondsphereLLC_4866_25K",1,"BOGG Bag","DP1 V3",Visa,Tuesday,443047,1,1,100.00%,0,0.00%,1,1,100.00%,0,0.00%,1,0,$0.00,1,0.00%,0,0,$0.00,0,0.00%,0,0,0,$0.00,$0.00,$0.00,$0.00,$0.00,$0.00,$0.00,$0.00,$0.00,$0.00,0.00%,0,0.00%,$0.00,0.00%,0,0.00%,$0.00,0.00%,0,0.00%,$0.00,0.00%,0,0.00%,$0.00,0.00%,$0.00,$0.20,$0.00,$0.00,$0.00,$0.00,0.00%,$0.00,0.00%,$0.00,0.00%,$0.20,0.00%,$-0.20,0.00%
"81 - NR12_RM_81_QUANT_CBSL_DiamondsphereLLC_4866_25K",1,"Harley Davidson Evo Helmet","DP1 V3",Mastercard,Tuesday,542539,1,0,0.00%,1,100.00%,1,0,0.00%,1,100.00%,1,1,$12.89,0,100.00%,0,0,$0.00,0,0.00%,1,1,1,$12.89,$0.00,$0.00,$12.89,$0.00,$0.00,$12.89,$0.00,$12.89,$0.00,0.00%,0,0.00%,$0.00,0.00%,0,0.00%,$0.00,0.00%,0,0.00%,$0.00,0.00%,0,0.00%,$0.00,0.00%,$12.89,$0.84,$0.00,$0.00,$0.00,$0.00,0.00%,$0.00,0.00%,$0.00,0.00%,$0.84,6.52%,$12.05,93.48%
"81 - NR12_RM_81_QUANT_CBSL_DiamondsphereLLC_4866_25K",1,"Harley Davidson Evo Helmet","DP1 V3",Visa,Tuesday,414709,1,1,100.00%,0,0.00%,1,1,100.00%,0,0.00%,1,0,$0.00,1,0.00%,0,0,$0.00,0,0.00%,0,0,0,$0.00,$0.00,$0.00,$0.00,$0.00,$0.00,$0.00,$0.00,$0.00,$0.00,0.00%,0,0.00%,$0.00,0.00%,0,0.00%,$0.00,0.00%,0,0.00%,$0.00,0.00%,0,0.00%,$0.00,0.00%,$0.00,$0.20,$0.00,$0.00,$0.00,$0.00,0.00%,$0.00,0.00%,$0.00,0.00%,$0.20,0.00%,$-0.20,0.00%
"81 - NR12_RM_81_QUANT_CBSL_DiamondsphereLLC_4866_25K",1,"Harley Davidson Tailgate Bundle","DP1 V3",Visa,Tuesday,475570,1,0,0.00%,1,100.00%,1,0,0.00%,1,100.00%,1,1,$12.89,0,100.00%,0,0,$0.00,0,0.00%,1,1,1,$12.89,$0.00,$0.00,$12.89,$0.00,$0.00,$12.89,$0.00,$12.89,$0.00,0.00%,0,0.00%,$0.00,0.00%,0,0.00%,$0.00,0.00%,0,0.00%,$0.00,0.00%,0,0.00%,$0.00,0.00%,$12.89,$0.84,$0.00,$0.00,$0.00,$0.00,0.00%,$0.00,0.00%,$0.00,0.00%,$0.84,6.52%,$12.05,93.48%
"81 - NR12_RM_81_QUANT_CBSL_DiamondsphereLLC_4866_25K",1,"Harley Davidson Tailgate Bundle","DP1 V3",Visa,Tuesday,486796,1,0,0.00%,1,100.00%,1,0,0.00%,1,100.00%,1,1,$12.89,0,100.00%,0,0,$0.00,0,0.00%,1,1,1,$12.89,$0.00,$0.00,$12.89,$0.00,$0.00,$12.89,$0.00,$12.89,$0.00,0.00%,0,0.00%,$0.00,0.00%,0,0.00%,$0.00,0.00%,0,0.00%,$0.00,0.00%,0,0.00%,$0.00,0.00%,$12.89,$0.84,$0.00,$0.00,$0.00,$0.00,0.00%,$0.00,0.00%,$0.00,0.00%,$0.84,6.52%,$12.05,93.48%
"81 - NR12_RM_81_QUANT_CBSL_DiamondsphereLLC_4866_25K",1,"Steambow M10 Tactical","DP1 V3",Visa,Tuesday,423223,1,1,100.00%,0,0.00%,1,1,100.00%,0,0.00%,1,0,$0.00,1,0.00%,0,0,$0.00,0,0.00%,0,0,0,$0.00,$0.00,$0.00,$0.00,$0.00,$0.00,$0.00,$0.00,$0.00,$0.00,0.00%,0,0.00%,$0.00,0.00%,0,0.00%,$0.00,0.00%,0,0.00%,$0.00,0.00%,0,0.00%,$0.00,0.00%,$0.00,$0.20,$0.00,$0.00,$0.00,$0.00,0.00%,$0.00,0.00%,$0.00,0.00%,$0.20,0.00%,$-0.20,0.00%
"81 - NR12_RM_81_QUANT_CBSL_DiamondsphereLLC_4866_25K",1,"Stihl ZeroTurn Lawn Mower","DP1 V3",Visa,Tuesday,448044,1,0,0.00%,1,100.00%,1,0,0.00%,1,100.00%,1,1,$12.89,0,100.00%,0,0,$0.00,0,0.00%,1,1,1,$12.89,$0.00,$0.00,$12.89,$0.00,$0.00,$12.89,$0.00,$12.89,$0.00,0.00%,0,0.00%,$0.00,0.00%,0,0.00%,$0.00,0.00%,0,0.00%,$0.00,0.00%,0,0.00%,$0.00,0.00%,$12.89,$0.84,$0.00,$0.00,$0.00,$0.00,0.00%,$0.00,0.00%,$0.00,0.00%,$0.84,6.52%,$12.05,93.48%
"86 - N12_RM_86_PSF_BBVA_PrimeSmartSolutionsLLC_2687_50K",1,"Harley Davidson Evo Helmet","DP1 V3",Visa,Tuesday,426684,1,0,0.00%,1,100.00%,1,0,0.00%,1,100.00%,1,1,$12.89,0,100.00%,0,0,$0.00,0,0.00%,1,1,1,$12.89,$0.00,$0.00,$12.89,$0.00,$0.00,$12.89,$0.00,$12.89,$0.00,0.00%,0,0.00%,$0.00,0.00%,0,0.00%,$0.00,0.00%,0,0.00%,$0.00,0.00%,0,0.00%,$0.00,0.00%,$12.89,$0.84,$0.00,$0.00,$0.00,$0.00,0.00%,$0.00,0.00%,$0.00,0.00%,$0.84,6.52%,$12.05,93.48%
"9 - zCLOSED_N2_RM_9_PRIOR_SYN_SpecifiConLLC_3238_75K",1,"5 Domestic flights","DP1 V3",Visa,Tuesday,414778,1,1,100.00%,0,0.00%,1,1,100.00%,0,0.00%,1,0,$0.00,1,0.00%,0,0,$0.00,0,0.00%,0,0,0,$0.00,$0.00,$0.00,$0.00,$0.00,$0.00,$0.00,$0.00,$0.00,$0.00,0.00%,0,0.00%,$0.00,0.00%,0,0.00%,$0.00,0.00%,0,0.00%,$0.00,0.00%,0,0.00%,$0.00,0.00%,$0.00,$0.20,$0.00,$0.00,$0.00,$0.00,0.00%,$0.00,0.00%,$0.00,0.00%,$0.20,0.00%,$-0.20,0.00%
"9 - zCLOSED_N2_RM_9_PRIOR_SYN_SpecifiConLLC_3238_75K",1,"5 Domestic flights","DP1 V3",Visa,Tuesday,443044,1,1,100.00%,0,0.00%,1,1,100.00%,0,0.00%,1,0,$0.00,1,0.00%,0,0,$0.00,0,0.00%,0,0,0,$0.00,$0.00,$0.00,$0.00,$0.00,$0.00,$0.00,$0.00,$0.00,$0.00,0.00%,0,0.00%,$0.00,0.00%,0,0.00%,$0.00,0.00%,0,0.00%,$0.00,0.00%,0,0.00%,$0.00,0.00%,$0.00,$0.20,$0.00,$0.00,$0.00,$0.00,0.00%,$0.00,0.00%,$0.00,0.00%,$0.20,0.00%,$-0.20,0.00%
"9 - zCLOSED_N2_RM_9_PRIOR_SYN_SpecifiConLLC_3238_75K",1,"BOGG Bag","DP1 V3",Mastercard,Tuesday,514425,1,1,100.00%,0,0.00%,1,1,100.00%,0,0.00%,1,0,$0.00,1,0.00%,0,0,$0.00,0,0.00%,0,0,0,$0.00,$0.00,$0.00,$0.00,$0.00,$0.00,$0.00,$0.00,$0.00,$0.00,0.00%,0,0.00%,$0.00,0.00%,0,0.00%,$0.00,0.00%,0,0.00%,$0.00,0.00%,0,0.00%,$0.00,0.00%,$0.00,$0.20,$0.00,$0.00,$0.00,$0.00,0.00%,$0.00,0.00%,$0.00,0.00%,$0.20,0.00%,$-0.20,0.00%
"9 - zCLOSED_N2_RM_9_PRIOR_SYN_SpecifiConLLC_3238_75K",1,"BOGG Bag","DP1 V3",Visa,Tuesday,429123,1,1,100.00%,0,0.00%,1,1,100.00%,0,0.00%,1,0,$0.00,1,0.00%,0,0,$0.00,0,0.00%,0,0,0,$0.00,$0.00,$0.00,$0.00,$0.00,$0.00,$0.00,$0.00,$0.00,$0.00,0.00%,0,0.00%,$0.00,0.00%,0,0.00%,$0.00,0.00%,0,0.00%,$0.00,0.00%,0,0.00%,$0.00,0.00%,$0.00,$0.20,$0.00,$0.00,$0.00,$0.00,0.00%,$0.00,0.00%,$0.00,0.00%,$0.20,0.00%,$-0.20,0.00%
"9 - zCLOSED_N2_RM_9_PRIOR_SYN_SpecifiConLLC_3238_75K",1,"BOGG Bag","DP1 V3",Visa,Tuesday,474665,1,1,100.00%,0,0.00%,1,1,100.00%,0,0.00%,1,0,$0.00,1,0.00%,0,0,$0.00,0,0.00%,0,0,0,$0.00,$0.00,$0.00,$0.00,$0.00,$0.00,$0.00,$0.00,$0.00,$0.00,0.00%,0,0.00%,$0.00,0.00%,0,0.00%,$0.00,0.00%,0,0.00%,$0.00,0.00%,0,0.00%,$0.00,0.00%,$0.00,$0.20,$0.00,$0.00,$0.00,$0.00,0.00%,$0.00,0.00%,$0.00,0.00%,$0.20,0.00%,$-0.20,0.00%
"9 - zCLOSED_N2_RM_9_PRIOR_SYN_SpecifiConLLC_3238_75K",1,"Coors Light Tailgate Bundle","DP1 V3",Visa,Tuesday,426684,1,1,100.00%,0,0.00%,1,1,100.00%,0,0.00%,1,0,$0.00,1,0.00%,0,0,$0.00,0,0.00%,0,0,0,$0.00,$0.00,$0.00,$0.00,$0.00,$0.00,$0.00,$0.00,$0.00,$0.00,0.00%,0,0.00%,$0.00,0.00%,0,0.00%,$0.00,0.00%,0,0.00%,$0.00,0.00%,0,0.00%,$0.00,0.00%,$0.00,$0.20,$0.00,$0.00,$0.00,$0.00,0.00%,$0.00,0.00%,$0.00,0.00%,$0.20,0.00%,$-0.20,0.00%
"9 - zCLOSED_N2_RM_9_PRIOR_SYN_SpecifiConLLC_3238_75K",1,"Harley Davidson Evo Helmet","DP1 V3",Mastercard,Tuesday,512992,1,1,100.00%,0,0.00%,1,1,100.00%,0,0.00%,1,0,$0.00,1,0.00%,0,0,$0.00,0,0.00%,0,0,0,$0.00,$0.00,$0.00,$0.00,$0.00,$0.00,$0.00,$0.00,$0.00,$0.00,0.00%,0,0.00%,$0.00,0.00%,0,0.00%,$0.00,0.00%,0,0.00%,$0.00,0.00%,0,0.00%,$0.00,0.00%,$0.00,$0.20,$0.00,$0.00,$0.00,$0.00,0.00%,$0.00,0.00%,$0.00,0.00%,$0.20,0.00%,$-0.20,0.00%
"9 - zCLOSED_N2_RM_9_PRIOR_SYN_SpecifiConLLC_3238_75K",1,"Harley Davidson Evo Helmet","DP1 V3",Mastercard,Tuesday,521307,1,1,100.00%,0,0.00%,1,1,100.00%,0,0.00%,1,0,$0.00,1,0.00%,0,0,$0.00,0,0.00%,0,0,0,$0.00,$0.00,$0.00,$0.00,$0.00,$0.00,$0.00,$0.00,$0.00,$0.00,0.00%,0,0.00%,$0.00,0.00%,0,0.00%,$0.00,0.00%,0,0.00%,$0.00,0.00%,0,0.00%,$0.00,0.00%,$0.00,$0.20,$0.00,$0.00,$0.00,$0.00,0.00%,$0.00,0.00%,$0.00,0.00%,$0.20,0.00%,$-0.20,0.00%
"9 - zCLOSED_N2_RM_9_PRIOR_SYN_SpecifiConLLC_3238_75K",1,"Harley Davidson Evo Helmet","DP1 V3",Mastercard,Tuesday,543360,1,0,0.00%,1,100.00%,1,0,0.00%,1,100.00%,1,1,$12.89,0,100.00%,0,0,$0.00,0,0.00%,1,1,1,$12.89,$0.00,$0.00,$12.89,$0.00,$0.00,$12.89,$0.00,$12.89,$0.00,0.00%,0,0.00%,$0.00,0.00%,0,0.00%,$0.00,0.00%,0,0.00%,$0.00,0.00%,0,0.00%,$0.00,0.00%,$12.89,$0.84,$0.00,$0.00,$0.00,$0.00,0.00%,$0.00,0.00%,$0.00,0.00%,$0.84,6.52%,$12.05,93.48%
"9 - zCLOSED_N2_RM_9_PRIOR_SYN_SpecifiConLLC_3238_75K",1,"Harley Davidson Evo Helmet","DP1 V3",Visa,Tuesday,443045,1,1,100.00%,0,0.00%,1,1,100.00%,0,0.00%,1,0,$0.00,1,0.00%,0,0,$0.00,0,0.00%,0,0,0,$0.00,$0.00,$0.00,$0.00,$0.00,$0.00,$0.00,$0.00,$0.00,$0.00,0.00%,0,0.00%,$0.00,0.00%,0,0.00%,$0.00,0.00%,0,0.00%,$0.00,0.00%,0,0.00%,$0.00,0.00%,$0.00,$0.20,$0.00,$0.00,$0.00,$0.00,0.00%,$0.00,0.00%,$0.00,0.00%,$0.20,0.00%,$-0.20,0.00%
"9 - zCLOSED_N2_RM_9_PRIOR_SYN_SpecifiConLLC_3238_75K",1,"Harley Davidson Evo Helmet","DP1 V3",Visa,Tuesday,494638,1,1,100.00%,0,0.00%,1,1,100.00%,0,0.00%,1,0,$0.00,1,0.00%,0,0,$0.00,0,0.00%,0,0,0,$0.00,$0.00,$0.00,$0.00,$0.00,$0.00,$0.00,$0.00,$0.00,$0.00,0.00%,0,0.00%,$0.00,0.00%,0,0.00%,$0.00,0.00%,0,0.00%,$0.00,0.00%,0,0.00%,$0.00,0.00%,$0.00,$0.20,$0.00,$0.00,$0.00,$0.00,0.00%,$0.00,0.00%,$0.00,0.00%,$0.20,0.00%,$-0.20,0.00%
"9 - zCLOSED_N2_RM_9_PRIOR_SYN_SpecifiConLLC_3238_75K",1,"Harley Davidson Tailgate Bundle","DP1 V3",Mastercard,Tuesday,515676,1,1,100.00%,0,0.00%,1,1,100.00%,0,0.00%,1,0,$0.00,1,0.00%,0,0,$0.00,0,0.00%,0,0,0,$0.00,$0.00,$0.00,$0.00,$0.00,$0.00,$0.00,$0.00,$0.00,$0.00,0.00%,0,0.00%,$0.00,0.00%,0,0.00%,$0.00,0.00%,0,0.00%,$0.00,0.00%,0,0.00%,$0.00,0.00%,$0.00,$0.20,$0.00,$0.00,$0.00,$0.00,0.00%,$0.00,0.00%,$0.00,0.00%,$0.20,0.00%,$-0.20,0.00%
"9 - zCLOSED_N2_RM_9_PRIOR_SYN_SpecifiConLLC_3238_75K",1,"Harley Davidson Tailgate Bundle","DP1 V3",Mastercard,Tuesday,532839,1,1,100.00%,0,0.00%,1,1,100.00%,0,0.00%,1,0,$0.00,1,0.00%,0,0,$0.00,0,0.00%,0,0,0,$0.00,$0.00,$0.00,$0.00,$0.00,$0.00,$0.00,$0.00,$0.00,$0.00,0.00%,0,0.00%,$0.00,0.00%,0,0.00%,$0.00,0.00%,0,0.00%,$0.00,0.00%,0,0.00%,$0.00,0.00%,$0.00,$0.20,$0.00,$0.00,$0.00,$0.00,0.00%,$0.00,0.00%,$0.00,0.00%,$0.20,0.00%,$-0.20,0.00%
"9 - zCLOSED_N2_RM_9_PRIOR_SYN_SpecifiConLLC_3238_75K",1,"Harley Davidson Tailgate Bundle","DP1 V3",Visa,Tuesday,431196,1,1,100.00%,0,0.00%,1,1,100.00%,0,0.00%,1,0,$0.00,1,0.00%,0,0,$0.00,0,0.00%,0,0,0,$0.00,$0.00,$0.00,$0.00,$0.00,$0.00,$0.00,$0.00,$0.00,$0.00,0.00%,0,0.00%,$0.00,0.00%,0,0.00%,$0.00,0.00%,0,0.00%,$0.00,0.00%,0,0.00%,$0.00,0.00%,$0.00,$0.20,$0.00,$0.00,$0.00,$0.00,0.00%,$0.00,0.00%,$0.00,0.00%,$0.20,0.00%,$-0.20,0.00%
"9 - zCLOSED_N2_RM_9_PRIOR_SYN_SpecifiConLLC_3238_75K",1,"Harley Davidson Tailgate Bundle","DP1 V3",Visa,Tuesday,448071,1,0,0.00%,1,100.00%,1,0,0.00%,1,100.00%,1,1,$12.89,0,100.00%,0,0,$0.00,0,0.00%,1,1,1,$12.89,$0.00,$0.00,$12.89,$0.00,$0.00,$12.89,$0.00,$12.89,$0.00,0.00%,0,0.00%,$0.00,0.00%,0,0.00%,$0.00,0.00%,0,0.00%,$0.00,0.00%,0,0.00%,$0.00,0.00%,$12.89,$0.84,$0.00,$0.00,$0.00,$0.00,0.00%,$0.00,0.00%,$0.00,0.00%,$0.84,6.52%,$12.05,93.48%
"9 - zCLOSED_N2_RM_9_PRIOR_SYN_SpecifiConLLC_3238_75K",1,"Harley Davidson Tailgate Bundle","DP1 V3",Visa,Tuesday,467169,1,1,100.00%,0,0.00%,1,1,100.00%,0,0.00%,1,0,$0.00,1,0.00%,0,0,$0.00,0,0.00%,0,0,0,$0.00,$0.00,$0.00,$0.00,$0.00,$0.00,$0.00,$0.00,$0.00,$0.00,0.00%,0,0.00%,$0.00,0.00%,0,0.00%,$0.00,0.00%,0,0.00%,$0.00,0.00%,0,0.00%,$0.00,0.00%,$0.00,$0.20,$0.00,$0.00,$0.00,$0.00,0.00%,$0.00,0.00%,$0.00,0.00%,$0.20,0.00%,$-0.20,0.00%
"9 - zCLOSED_N2_RM_9_PRIOR_SYN_SpecifiConLLC_3238_75K",1,"Miller Lite Tailgate Combo Pack","DP1 V3",Visa,Tuesday,407166,1,0,0.00%,1,100.00%,1,0,0.00%,1,100.00%,1,1,$12.89,0,100.00%,0,0,$0.00,0,0.00%,1,1,1,$12.89,$0.00,$0.00,$12.89,$0.00,$0.00,$12.89,$0.00,$12.89,$0.00,0.00%,0,0.00%,$0.00,0.00%,0,0.00%,$0.00,0.00%,0,0.00%,$0.00,0.00%,0,0.00%,$0.00,0.00%,$12.89,$0.84,$0.00,$0.00,$0.00,$0.00,0.00%,$0.00,0.00%,$0.00,0.00%,$0.84,6.52%,$12.05,93.48%
"9 - zCLOSED_N2_RM_9_PRIOR_SYN_SpecifiConLLC_3238_75K",1,"Miller Lite Tailgate Combo Pack","DP1 V3",Visa,Tuesday,464018,1,1,100.00%,0,0.00%,1,1,100.00%,0,0.00%,1,0,$0.00,1,0.00%,0,0,$0.00,0,0.00%,0,0,0,$0.00,$0.00,$0.00,$0.00,$0.00,$0.00,$0.00,$0.00,$0.00,$0.00,0.00%,0,0.00%,$0.00,0.00%,0,0.00%,$0.00,0.00%,0,0.00%,$0.00,0.00%,0,0.00%,$0.00,0.00%,$0.00,$0.20,$0.00,$0.00,$0.00,$0.00,0.00%,$0.00,0.00%,$0.00,0.00%,$0.20,0.00%,$-0.20,0.00%
"9 - zCLOSED_N2_RM_9_PRIOR_SYN_SpecifiConLLC_3238_75K",1,"Miller Lite Tailgate Combo Pack","DP1 V3",Visa,Tuesday,473702,1,1,100.00%,0,0.00%,1,1,100.00%,0,0.00%,1,0,$0.00,1,0.00%,0,0,$0.00,0,0.00%,0,0,0,$0.00,$0.00,$0.00,$0.00,$0.00,$0.00,$0.00,$0.00,$0.00,$0.00,0.00%,0,0.00%,$0.00,0.00%,0,0.00%,$0.00,0.00%,0,0.00%,$0.00,0.00%,0,0.00%,$0.00,0.00%,$0.00,$0.20,$0.00,$0.00,$0.00,$0.00,0.00%,$0.00,0.00%,$0.00,0.00%,$0.20,0.00%,$-0.20,0.00%
"9 - zCLOSED_N2_RM_9_PRIOR_SYN_SpecifiConLLC_3238_75K",1,"Steambow M10 Tactical","DP1 V3",Mastercard,Tuesday,545958,1,0,0.00%,1,100.00%,1,0,0.00%,1,100.00%,1,1,$12.89,0,100.00%,0,0,$0.00,0,0.00%,1,1,1,$12.89,$0.00,$0.00,$12.89,$0.00,$0.00,$12.89,$0.00,$12.89,$0.00,0.00%,0,0.00%,$0.00,0.00%,0,0.00%,$0.00,0.00%,0,0.00%,$0.00,0.00%,0,0.00%,$0.00,0.00%,$12.89,$0.84,$0.00,$0.00,$0.00,$0.00,0.00%,$0.00,0.00%,$0.00,0.00%,$0.84,6.52%,$12.05,93.48%
"9 - zCLOSED_N2_RM_9_PRIOR_SYN_SpecifiConLLC_3238_75K",1,"Steambow M10 Tactical","DP1 V3",Visa,Tuesday,449373,1,0,0.00%,1,100.00%,1,0,0.00%,1,100.00%,1,1,$12.89,0,100.00%,0,0,$0.00,0,0.00%,1,1,1,$12.89,$0.00,$0.00,$12.89,$0.00,$0.00,$12.89,$0.00,$12.89,$0.00,0.00%,0,0.00%,$0.00,0.00%,0,0.00%,$0.00,0.00%,0,0.00%,$0.00,0.00%,0,0.00%,$0.00,0.00%,$12.89,$0.84,$0.00,$0.00,$0.00,$0.00,0.00%,$0.00,0.00%,$0.00,0.00%,$0.84,6.52%,$12.05,93.48%
"9 - zCLOSED_N2_RM_9_PRIOR_SYN_SpecifiConLLC_3238_75K",1,"Tory Burch Tote Bag","DP1 V3",Visa,Tuesday,434256,1,1,100.00%,0,0.00%,1,1,100.00%,0,0.00%,1,0,$0.00,1,0.00%,0,0,$0.00,0,0.00%,0,0,0,$0.00,$0.00,$0.00,$0.00,$0.00,$0.00,$0.00,$0.00,$0.00,$0.00,0.00%,0,0.00%,$0.00,0.00%,0,0.00%,$0.00,0.00%,0,0.00%,$0.00,0.00%,0,0.00%,$0.00,0.00%,$0.00,$0.20,$0.00,$0.00,$0.00,$0.00,0.00%,$0.00,0.00%,$0.00,0.00%,$0.20,0.00%,$-0.20,0.00%
"91 - RM_91_QUANT_CBSL_ClearPoulseLLC_9022_25K",1,"Miller Lite Tailgate Combo Pack","DP1 V3",Visa,Tuesday,414709,1,0,0.00%,1,100.00%,1,0,0.00%,1,100.00%,1,1,$12.89,0,100.00%,0,0,$0.00,0,0.00%,1,1,1,$12.89,$0.00,$0.00,$12.89,$0.00,$0.00,$12.89,$0.00,$12.89,$12.89,100.00%,0,0.00%,$0.00,0.00%,0,0.00%,$0.00,0.00%,0,0.00%,$0.00,0.00%,1,100.00%,$12.89,100.00%,$0.00,$0.84,$0.00,$0.00,$0.00,$0.00,0.00%,$0.00,0.00%,$0.00,0.00%,$0.84,6.52%,$-0.84,-6.52%
"92 - RM_92_QUANT_CBSL_ClearPoulseLLC_9030_25K",1,"Steambow M10 Tactical","DP1 V3",Mastercard,Tuesday,544448,1,0,0.00%,1,100.00%,1,0,0.00%,1,100.00%,1,1,$12.89,0,100.00%,0,0,$0.00,0,0.00%,1,1,1,$12.89,$0.00,$0.00,$12.89,$0.00,$0.00,$12.89,$0.00,$12.89,$0.00,0.00%,0,0.00%,$0.00,0.00%,0,0.00%,$0.00,0.00%,0,0.00%,$0.00,0.00%,0,0.00%,$0.00,0.00%,$12.89,$0.84,$0.00,$0.00,$0.00,$0.00,0.00%,$0.00,0.00%,$0.00,0.00%,$0.84,6.52%,$12.05,93.48%
"93 - RM_93_QUANT_CBSL_ClearPoulseLLC_9048_25K",1,"Harley Davidson Tailgate Bundle","DP1 V3",Visa,Tuesday,433477,1,0,0.00%,1,100.00%,1,0,0.00%,1,100.00%,1,1,$12.89,0,100.00%,0,0,$0.00,0,0.00%,1,1,1,$12.89,$0.00,$0.00,$12.89,$0.00,$0.00,$12.89,$0.00,$12.89,$0.00,0.00%,0,0.00%,$0.00,0.00%,0,0.00%,$0.00,0.00%,0,0.00%,$0.00,0.00%,0,0.00%,$0.00,0.00%,$12.89,$0.84,$0.00,$0.00,$0.00,$0.00,0.00%,$0.00,0.00%,$0.00,0.00%,$0.84,6.52%,$12.05,93.48%
"93 - RM_93_QUANT_CBSL_ClearPoulseLLC_9048_25K",1,"Miller Lite Tailgate Combo Pack","DP1 V3",Visa,Tuesday,443044,1,1,100.00%,0,0.00%,1,1,100.00%,0,0.00%,1,0,$0.00,1,0.00%,0,0,$0.00,0,0.00%,0,0,0,$0.00,$0.00,$0.00,$0.00,$0.00,$0.00,$0.00,$0.00,$0.00,$0.00,0.00%,0,0.00%,$0.00,0.00%,0,0.00%,$0.00,0.00%,0,0.00%,$0.00,0.00%,0,0.00%,$0.00,0.00%,$0.00,$0.20,$0.00,$0.00,$0.00,$0.00,0.00%,$0.00,0.00%,$0.00,0.00%,$0.20,0.00%,$-0.20,0.00%
"94 - RM_94_QUANT_CBSL_ClearPoulseLLC_9055_25K",1,"5 Domestic flights","DP1 V3",Visa,Tuesday,420767,1,0,0.00%,1,100.00%,1,0,0.00%,1,100.00%,1,1,$12.89,0,100.00%,0,0,$0.00,0,0.00%,1,1,1,$12.89,$0.00,$0.00,$12.89,$0.00,$0.00,$12.89,$0.00,$12.89,$12.89,100.00%,0,0.00%,$0.00,0.00%,0,0.00%,$0.00,0.00%,0,0.00%,$0.00,0.00%,1,100.00%,$12.89,100.00%,$0.00,$0.84,$0.00,$0.00,$0.00,$0.00,0.00%,$0.00,0.00%,$0.00,0.00%,$0.84,6.52%,$-0.84,-6.52%
"94 - RM_94_QUANT_CBSL_ClearPoulseLLC_9055_25K",1,"Harley Davidson Tailgate Bundle","DP1 V3",Visa,Tuesday,436618,1,1,100.00%,0,0.00%,1,1,100.00%,0,0.00%,1,0,$0.00,1,0.00%,0,0,$0.00,0,0.00%,0,0,0,$0.00,$0.00,$0.00,$0.00,$0.00,$0.00,$0.00,$0.00,$0.00,$0.00,0.00%,0,0.00%,$0.00,0.00%,0,0.00%,$0.00,0.00%,0,0.00%,$0.00,0.00%,0,0.00%,$0.00,0.00%,$0.00,$0.20,$0.00,$0.00,$0.00,$0.00,0.00%,$0.00,0.00%,$0.00,0.00%,$0.20,0.00%,$-0.20,0.00%
"94 - RM_94_QUANT_CBSL_ClearPoulseLLC_9055_25K",1,"Harley Davidson Tailgate Bundle","DP1 V3",Visa,Tuesday,498503,1,1,100.00%,0,0.00%,1,1,100.00%,0,0.00%,1,0,$0.00,1,0.00%,0,0,$0.00,0,0.00%,0,0,0,$0.00,$0.00,$0.00,$0.00,$0.00,$0.00,$0.00,$0.00,$0.00,$0.00,0.00%,0,0.00%,$0.00,0.00%,0,0.00%,$0.00,0.00%,0,0.00%,$0.00,0.00%,0,0.00%,$0.00,0.00%,$0.00,$0.20,$0.00,$0.00,$0.00,$0.00,0.00%,$0.00,0.00%,$0.00,0.00%,$0.20,0.00%,$-0.20,0.00%
"95 - RM_95_PRIOR_SYN_ClearPoulseLLC_9038_40K",1,"5 Domestic flights","DP1 V3",Visa,Tuesday,411771,1,1,100.00%,0,0.00%,1,1,100.00%,0,0.00%,1,0,$0.00,1,0.00%,0,0,$0.00,0,0.00%,0,0,0,$0.00,$0.00,$0.00,$0.00,$0.00,$0.00,$0.00,$0.00,$0.00,$0.00,0.00%,0,0.00%,$0.00,0.00%,0,0.00%,$0.00,0.00%,0,0.00%,$0.00,0.00%,0,0.00%,$0.00,0.00%,$0.00,$0.20,$0.00,$0.00,$0.00,$0.00,0.00%,$0.00,0.00%,$0.00,0.00%,$0.20,0.00%,$-0.20,0.00%
"95 - RM_95_PRIOR_SYN_ClearPoulseLLC_9038_40K",1,"Steambow M10 Tactical","DP1 V3",Mastercard,Tuesday,517148,1,1,100.00%,0,0.00%,1,1,100.00%,0,0.00%,1,0,$0.00,1,0.00%,0,0,$0.00,0,0.00%,0,0,0,$0.00,$0.00,$0.00,$0.00,$0.00,$0.00,$0.00,$0.00,$0.00,$0.00,0.00%,0,0.00%,$0.00,0.00%,0,0.00%,$0.00,0.00%,0,0.00%,$0.00,0.00%,0,0.00%,$0.00,0.00%,$0.00,$0.20,$0.00,$0.00,$0.00,$0.00,0.00%,$0.00,0.00%,$0.00,0.00%,$0.20,0.00%,$-0.20,0.00%
"95 - RM_95_PRIOR_SYN_ClearPoulseLLC_9038_40K",1,"Steambow M10 Tactical","DP1 V3",Visa,Tuesday,429819,1,0,0.00%,1,100.00%,1,0,0.00%,1,100.00%,1,1,$12.89,0,100.00%,0,0,$0.00,0,0.00%,1,1,1,$12.89,$0.00,$0.00,$12.89,$0.00,$0.00,$12.89,$0.00,$12.89,$0.00,0.00%,0,0.00%,$0.00,0.00%,0,0.00%,$0.00,0.00%,0,0.00%,$0.00,0.00%,0,0.00%,$0.00,0.00%,$12.89,$0.84,$0.00,$0.00,$0.00,$0.00,0.00%,$0.00,0.00%,$0.00,0.00%,$0.84,6.52%,$12.05,93.48%
"96 - RM_96_PRIOR_SYN_ClearPoulseLLC_9678_40K",1,"Miller Lite Tailgate Combo Pack","DP1 V3",Visa,Tuesday,400022,1,0,0.00%,1,100.00%,1,0,0.00%,1,100.00%,1,1,$12.89,0,100.00%,0,0,$0.00,0,0.00%,1,1,1,$12.89,$0.00,$0.00,$12.89,$0.00,$0.00,$12.89,$0.00,$12.89,$0.00,0.00%,0,0.00%,$0.00,0.00%,0,0.00%,$0.00,0.00%,0,0.00%,$0.00,0.00%,0,0.00%,$0.00,0.00%,$12.89,$0.84,$0.00,$0.00,$0.00,$0.00,0.00%,$0.00,0.00%,$0.00,0.00%,$0.84,6.52%,$12.05,93.48%
"99 - RM_99_NET_ESQ_ClearPoulseLLC_8325_75K",1,"5 Domestic flights","DP1 V3",Mastercard,Tuesday,518941,1,0,0.00%,1,100.00%,1,0,0.00%,1,100.00%,1,1,$12.89,0,100.00%,0,0,$0.00,0,0.00%,1,1,1,$12.89,$0.00,$0.00,$12.89,$0.00,$0.00,$12.89,$0.00,$12.89,$0.00,0.00%,0,0.00%,$0.00,0.00%,0,0.00%,$0.00,0.00%,0,0.00%,$0.00,0.00%,0,0.00%,$0.00,0.00%,$12.89,$0.84,$0.00,$0.00,$0.00,$0.00,0.00%,$0.00,0.00%,$0.00,0.00%,$0.84,6.52%,$12.05,93.48%
"99 - RM_99_NET_ESQ_ClearPoulseLLC_8325_75K",1,"Harley Davidson Evo Helmet","DP1 V3",Mastercard,Tuesday,515676,1,1,100.00%,0,0.00%,1,1,100.00%,0,0.00%,1,0,$0.00,1,0.00%,0,0,$0.00,0,0.00%,0,0,0,$0.00,$0.00,$0.00,$0.00,$0.00,$0.00,$0.00,$0.00,$0.00,$0.00,0.00%,0,0.00%,$0.00,0.00%,0,0.00%,$0.00,0.00%,0,0.00%,$0.00,0.00%,0,0.00%,$0.00,0.00%,$0.00,$0.20,$0.00,$0.00,$0.00,$0.00,0.00%,$0.00,0.00%,$0.00,0.00%,$0.20,0.00%,$-0.20,0.00%
