Merchant,"<track>Tracking 1</track>","<track>Tracking 2</track>",Item,"Card Type","Transaction Day Of Week","Card Bin Number","Attempted Charges","Declined Charges","Declined Charge Rate","Successful Charges","Success Charge Rate","Unique Cycle Attempts","Declined Unique Cycle Attempts","Declined Unique Cycle Attempt Rate","Successful Unique Cycle Attempts","Success Unique Cycle Attempt Rate","Cycle 1 Attempts","Cycle 1 Success","Cycle 1 Revenue","Cycle 1 Decline","Cycle 1 Success Rate","Renewal Attempts","Renewal Success","Renewal Revenue","Renewal Decline","Renewal Success Rate","Successful Offers","Item Quantity","Successful Customers","Gross Product Revenue",Discounts,Rewards,"Net Product Revenue",Shipping,"Gift Cards","Total Revenue",Tax,Processed,Adjustments,"Adjustment Rate",Refunds,"Refund Rate","Refunded Revenue","Refunded Revenue Rate",Voids,"Void Rate","Voided Revenue","Void Revenue Rate",Chargebacks,"Chargeback Rate","Chargeback Revenue","Chargeback Revenue Rate",Alerts,"Alert Rate","Alert Revenue","Alert Revenue Rate","Net Revenue","Cost of Revenue","Cost of Goods Sold","Cycle 1 Cost of Goods Sold","Recurring Cost of Goods Sold","Ad Spend","Ad Spend Rate","Chargeback Fees","Chargeback Fees Rate","Alert Fees","Alert Fees Rate","Processing Fees","Processing Fees Rate",Profit,"Profit Margin"
"100 - RM_100_NET_ESQ_ClearPoulseLLC_8341_75K",1,"Ford Mustang Electric Bike Yellow","DP1 V3",Visa,Sunday,411776,1,0,0.00%,1,100.00%,1,0,0.00%,1,100.00%,1,1,$12.89,0,100.00%,0,0,$0.00,0,0.00%,1,1,1,$12.89,$0.00,$0.00,$12.89,$0.00,$0.00,$12.89,$0.00,$12.89,$0.00,0.00%,0,0.00%,$0.00,0.00%,0,0.00%,$0.00,0.00%,0,0.00%,$0.00,0.00%,0,0.00%,$0.00,0.00%,$12.89,$0.84,$0.00,$0.00,$0.00,$0.00,0.00%,$0.00,0.00%,$0.00,0.00%,$0.84,6.52%,$12.05,93.48%
"101 - RM_101_NET_ESQ_ClearPoulseLLC_8333_75K",1,"Milwaukee - Armourtred S7S High-Cut Boots","DP1 V3",Visa,Sunday,498503,1,0,0.00%,1,100.00%,1,0,0.00%,1,100.00%,1,1,$12.89,0,100.00%,0,0,$0.00,0,0.00%,1,1,1,$12.89,$0.00,$0.00,$12.89,$0.00,$0.00,$12.89,$0.00,$12.89,$0.00,0.00%,0,0.00%,$0.00,0.00%,0,0.00%,$0.00,0.00%,0,0.00%,$0.00,0.00%,0,0.00%,$0.00,0.00%,$12.89,$0.84,$0.00,$0.00,$0.00,$0.00,0.00%,$0.00,0.00%,$0.00,0.00%,$0.84,6.52%,$12.05,93.48%
"102 - RM_102_PAYARC_EVO_ClearPoulseLLC_4972_75K",1,"Milwaukee - Armourtred S7S High-Cut Boots","DP1 V3",Mastercard,Sunday,536062,1,0,0.00%,1,100.00%,1,0,0.00%,1,100.00%,1,1,$12.89,0,100.00%,0,0,$0.00,0,0.00%,1,1,1,$12.89,$0.00,$0.00,$12.89,$0.00,$0.00,$12.89,$0.00,$12.89,$0.00,0.00%,0,0.00%,$0.00,0.00%,0,0.00%,$0.00,0.00%,0,0.00%,$0.00,0.00%,0,0.00%,$0.00,0.00%,$12.89,$0.84,$0.00,$0.00,$0.00,$0.00,0.00%,$0.00,0.00%,$0.00,0.00%,$0.84,6.52%,$12.05,93.48%
"103 - RM_103_PAYARC_EVO_ClearPoulseLLC_4964_75K",1,"5 Domestic flights","DP1 V3",Visa,Sunday,454507,1,0,0.00%,1,100.00%,1,0,0.00%,1,100.00%,1,1,$12.89,0,100.00%,0,0,$0.00,0,0.00%,1,1,1,$12.89,$0.00,$0.00,$12.89,$0.00,$0.00,$12.89,$0.00,$12.89,$0.00,0.00%,0,0.00%,$0.00,0.00%,0,0.00%,$0.00,0.00%,0,0.00%,$0.00,0.00%,0,0.00%,$0.00,0.00%,$12.89,$0.84,$0.00,$0.00,$0.00,$0.00,0.00%,$0.00,0.00%,$0.00,0.00%,$0.84,6.52%,$12.05,93.48%
"106 - R2ONLY_RM_106_SIGNA_CBC_ClearPoulseLLC_5728_50K",1,"Ford Mustang Electric Bike Yellow","DP1 V3",Visa,Sunday,435084,1,1,100.00%,0,0.00%,1,1,100.00%,0,0.00%,1,0,$0.00,1,0.00%,0,0,$0.00,0,0.00%,0,0,0,$0.00,$0.00,$0.00,$0.00,$0.00,$0.00,$0.00,$0.00,$0.00,$0.00,0.00%,0,0.00%,$0.00,0.00%,0,0.00%,$0.00,0.00%,0,0.00%,$0.00,0.00%,0,0.00%,$0.00,0.00%,$0.00,$0.20,$0.00,$0.00,$0.00,$0.00,0.00%,$0.00,0.00%,$0.00,0.00%,$0.20,0.00%,$-0.20,0.00%
"106 - R2ONLY_RM_106_SIGNA_CBC_ClearPoulseLLC_5728_50K",1,"Milwaukee - Armourtred S7S High-Cut Boots","DP1 V3",Mastercard,Sunday,530736,1,0,0.00%,1,100.00%,1,0,0.00%,1,100.00%,1,1,$12.89,0,100.00%,0,0,$0.00,0,0.00%,1,1,1,$12.89,$0.00,$0.00,$12.89,$0.00,$0.00,$12.89,$0.00,$12.89,$0.00,0.00%,0,0.00%,$0.00,0.00%,0,0.00%,$0.00,0.00%,0,0.00%,$0.00,0.00%,0,0.00%,$0.00,0.00%,$12.89,$0.84,$0.00,$0.00,$0.00,$0.00,0.00%,$0.00,0.00%,$0.00,0.00%,$0.84,6.52%,$12.05,93.48%
"106 - R2ONLY_RM_106_SIGNA_CBC_ClearPoulseLLC_5728_50K",1,"Milwaukee - Armourtred S7S High-Cut Boots","DP1 V3",Mastercard,Sunday,552342,1,1,100.00%,0,0.00%,1,1,100.00%,0,0.00%,1,0,$0.00,1,0.00%,0,0,$0.00,0,0.00%,0,0,0,$0.00,$0.00,$0.00,$0.00,$0.00,$0.00,$0.00,$0.00,$0.00,$0.00,0.00%,0,0.00%,$0.00,0.00%,0,0.00%,$0.00,0.00%,0,0.00%,$0.00,0.00%,0,0.00%,$0.00,0.00%,$0.00,$0.20,$0.00,$0.00,$0.00,$0.00,0.00%,$0.00,0.00%,$0.00,0.00%,$0.20,0.00%,$-0.20,0.00%
"106 - R2ONLY_RM_106_SIGNA_CBC_ClearPoulseLLC_5728_50K",1,"Stetson Cowboy Hat (White)","DP1 V3",Visa,Sunday,400344,1,1,100.00%,0,0.00%,1,1,100.00%,0,0.00%,1,0,$0.00,1,0.00%,0,0,$0.00,0,0.00%,0,0,0,$0.00,$0.00,$0.00,$0.00,$0.00,$0.00,$0.00,$0.00,$0.00,$0.00,0.00%,0,0.00%,$0.00,0.00%,0,0.00%,$0.00,0.00%,0,0.00%,$0.00,0.00%,0,0.00%,$0.00,0.00%,$0.00,$0.20,$0.00,$0.00,$0.00,$0.00,0.00%,$0.00,0.00%,$0.00,0.00%,$0.20,0.00%,$-0.20,0.00%
"106 - R2ONLY_RM_106_SIGNA_CBC_ClearPoulseLLC_5728_50K",1,"Stetson Cowboy Hat (White)","DP1 V3",Visa,Sunday,425838,1,1,100.00%,0,0.00%,1,1,100.00%,0,0.00%,1,0,$0.00,1,0.00%,0,0,$0.00,0,0.00%,0,0,0,$0.00,$0.00,$0.00,$0.00,$0.00,$0.00,$0.00,$0.00,$0.00,$0.00,0.00%,0,0.00%,$0.00,0.00%,0,0.00%,$0.00,0.00%,0,0.00%,$0.00,0.00%,0,0.00%,$0.00,0.00%,$0.00,$0.20,$0.00,$0.00,$0.00,$0.00,0.00%,$0.00,0.00%,$0.00,0.00%,$0.20,0.00%,$-0.20,0.00%
"107 - R2ONLY_RM_107_SIGNA_CBC_ClearPoulseLLC_5736_50K",1,"Armourtred S7S High-Cut Boots","DP1 V3",Visa,Sunday,498503,1,1,100.00%,0,0.00%,1,1,100.00%,0,0.00%,1,0,$0.00,1,0.00%,0,0,$0.00,0,0.00%,0,0,0,$0.00,$0.00,$0.00,$0.00,$0.00,$0.00,$0.00,$0.00,$0.00,$0.00,0.00%,0,0.00%,$0.00,0.00%,0,0.00%,$0.00,0.00%,0,0.00%,$0.00,0.00%,0,0.00%,$0.00,0.00%,$0.00,$0.20,$0.00,$0.00,$0.00,$0.00,0.00%,$0.00,0.00%,$0.00,0.00%,$0.20,0.00%,$-0.20,0.00%
"107 - R2ONLY_RM_107_SIGNA_CBC_ClearPoulseLLC_5736_50K",1,"Ford Mustang Electric Bike Blue","DP1 V3",Visa,Sunday,449210,1,1,100.00%,0,0.00%,1,1,100.00%,0,0.00%,1,0,$0.00,1,0.00%,0,0,$0.00,0,0.00%,0,0,0,$0.00,$0.00,$0.00,$0.00,$0.00,$0.00,$0.00,$0.00,$0.00,$0.00,0.00%,0,0.00%,$0.00,0.00%,0,0.00%,$0.00,0.00%,0,0.00%,$0.00,0.00%,0,0.00%,$0.00,0.00%,$0.00,$0.20,$0.00,$0.00,$0.00,$0.00,0.00%,$0.00,0.00%,$0.00,0.00%,$0.20,0.00%,$-0.20,0.00%
"107 - R2ONLY_RM_107_SIGNA_CBC_ClearPoulseLLC_5736_50K",1,"Ford Mustang Electric Bike Yellow","DP1 V3",Visa,Sunday,444796,1,0,0.00%,1,100.00%,1,0,0.00%,1,100.00%,1,1,$12.89,0,100.00%,0,0,$0.00,0,0.00%,1,1,1,$12.89,$0.00,$0.00,$12.89,$0.00,$0.00,$12.89,$0.00,$12.89,$0.00,0.00%,0,0.00%,$0.00,0.00%,0,0.00%,$0.00,0.00%,0,0.00%,$0.00,0.00%,0,0.00%,$0.00,0.00%,$12.89,$0.84,$0.00,$0.00,$0.00,$0.00,0.00%,$0.00,0.00%,$0.00,0.00%,$0.84,6.52%,$12.05,93.48%
"11 - zCLOSED_N2_RM_11_PRIOR_SYN_SpecifiConLLC_7274_75K",1,"Armourtred S7S High-Cut Boots","DP1 V3",Mastercard,Sunday,548042,1,1,100.00%,0,0.00%,1,1,100.00%,0,0.00%,1,0,$0.00,1,0.00%,0,0,$0.00,0,0.00%,0,0,0,$0.00,$0.00,$0.00,$0.00,$0.00,$0.00,$0.00,$0.00,$0.00,$0.00,0.00%,0,0.00%,$0.00,0.00%,0,0.00%,$0.00,0.00%,0,0.00%,$0.00,0.00%,0,0.00%,$0.00,0.00%,$0.00,$0.20,$0.00,$0.00,$0.00,$0.00,0.00%,$0.00,0.00%,$0.00,0.00%,$0.20,0.00%,$-0.20,0.00%
"11 - zCLOSED_N2_RM_11_PRIOR_SYN_SpecifiConLLC_7274_75K",1,"Armourtred S7S High-Cut Boots","DP1 V3",Visa,Sunday,415306,1,1,100.00%,0,0.00%,1,1,100.00%,0,0.00%,1,0,$0.00,1,0.00%,0,0,$0.00,0,0.00%,0,0,0,$0.00,$0.00,$0.00,$0.00,$0.00,$0.00,$0.00,$0.00,$0.00,$0.00,0.00%,0,0.00%,$0.00,0.00%,0,0.00%,$0.00,0.00%,0,0.00%,$0.00,0.00%,0,0.00%,$0.00,0.00%,$0.00,$0.20,$0.00,$0.00,$0.00,$0.00,0.00%,$0.00,0.00%,$0.00,0.00%,$0.20,0.00%,$-0.20,0.00%
"11 - zCLOSED_N2_RM_11_PRIOR_SYN_SpecifiConLLC_7274_75K",1,"Armourtred S7S High-Cut Boots","DP1 V3",Visa,Sunday,441105,1,0,0.00%,1,100.00%,1,0,0.00%,1,100.00%,1,1,$12.89,0,100.00%,0,0,$0.00,0,0.00%,1,1,1,$12.89,$0.00,$0.00,$12.89,$0.00,$0.00,$12.89,$0.00,$12.89,$0.00,0.00%,0,0.00%,$0.00,0.00%,0,0.00%,$0.00,0.00%,0,0.00%,$0.00,0.00%,0,0.00%,$0.00,0.00%,$12.89,$0.84,$0.00,$0.00,$0.00,$0.00,0.00%,$0.00,0.00%,$0.00,0.00%,$0.84,6.52%,$12.05,93.48%
"11 - zCLOSED_N2_RM_11_PRIOR_SYN_SpecifiConLLC_7274_75K",1,"Ford Mustang Electric Bike Blue","DP1 V3",Visa,Sunday,416907,1,0,0.00%,1,100.00%,1,0,0.00%,1,100.00%,1,1,$12.89,0,100.00%,0,0,$0.00,0,0.00%,1,1,1,$12.89,$0.00,$0.00,$12.89,$0.00,$0.00,$12.89,$0.00,$12.89,$0.00,0.00%,0,0.00%,$0.00,0.00%,0,0.00%,$0.00,0.00%,0,0.00%,$0.00,0.00%,0,0.00%,$0.00,0.00%,$12.89,$0.84,$0.00,$0.00,$0.00,$0.00,0.00%,$0.00,0.00%,$0.00,0.00%,$0.84,6.52%,$12.05,93.48%
"11 - zCLOSED_N2_RM_11_PRIOR_SYN_SpecifiConLLC_7274_75K",1,"Ford Mustang Electric Bike Blue","DP1 V3",Visa,Sunday,426684,2,1,50.00%,1,50.00%,2,1,50.00%,1,50.00%,2,1,$12.89,1,50.00%,0,0,$0.00,0,0.00%,1,1,1,$12.89,$0.00,$0.00,$12.89,$0.00,$0.00,$12.89,$0.00,$12.89,$0.00,0.00%,0,0.00%,$0.00,0.00%,0,0.00%,$0.00,0.00%,0,0.00%,$0.00,0.00%,0,0.00%,$0.00,0.00%,$12.89,$1.04,$0.00,$0.00,$0.00,$0.00,0.00%,$0.00,0.00%,$0.00,0.00%,$1.04,8.07%,$11.85,91.93%
"11 - zCLOSED_N2_RM_11_PRIOR_SYN_SpecifiConLLC_7274_75K",1,"Ford Mustang Electric Bike Blue","DP1 V3",Visa,Sunday,429371,1,1,100.00%,0,0.00%,1,1,100.00%,0,0.00%,1,0,$0.00,1,0.00%,0,0,$0.00,0,0.00%,0,0,0,$0.00,$0.00,$0.00,$0.00,$0.00,$0.00,$0.00,$0.00,$0.00,$0.00,0.00%,0,0.00%,$0.00,0.00%,0,0.00%,$0.00,0.00%,0,0.00%,$0.00,0.00%,0,0.00%,$0.00,0.00%,$0.00,$0.20,$0.00,$0.00,$0.00,$0.00,0.00%,$0.00,0.00%,$0.00,0.00%,$0.20,0.00%,$-0.20,0.00%
"11 - zCLOSED_N2_RM_11_PRIOR_SYN_SpecifiConLLC_7274_75K",1,"Ford Mustang Electric Bike Blue","DP1 V3",Visa,Sunday,440343,1,1,100.00%,0,0.00%,1,1,100.00%,0,0.00%,1,0,$0.00,1,0.00%,0,0,$0.00,0,0.00%,0,0,0,$0.00,$0.00,$0.00,$0.00,$0.00,$0.00,$0.00,$0.00,$0.00,$0.00,0.00%,0,0.00%,$0.00,0.00%,0,0.00%,$0.00,0.00%,0,0.00%,$0.00,0.00%,0,0.00%,$0.00,0.00%,$0.00,$0.20,$0.00,$0.00,$0.00,$0.00,0.00%,$0.00,0.00%,$0.00,0.00%,$0.20,0.00%,$-0.20,0.00%
"11 - zCLOSED_N2_RM_11_PRIOR_SYN_SpecifiConLLC_7274_75K",1,"Ford Mustang Electric Bike Blue","DP1 V3",Visa,Sunday,470793,1,0,0.00%,1,100.00%,1,0,0.00%,1,100.00%,1,1,$12.89,0,100.00%,0,0,$0.00,0,0.00%,1,1,1,$12.89,$0.00,$0.00,$12.89,$0.00,$0.00,$12.89,$0.00,$12.89,$0.00,0.00%,0,0.00%,$0.00,0.00%,0,0.00%,$0.00,0.00%,0,0.00%,$0.00,0.00%,0,0.00%,$0.00,0.00%,$12.89,$0.84,$0.00,$0.00,$0.00,$0.00,0.00%,$0.00,0.00%,$0.00,0.00%,$0.84,6.52%,$12.05,93.48%
"11 - zCLOSED_N2_RM_11_PRIOR_SYN_SpecifiConLLC_7274_75K",1,"Ford Mustang Electric Bike Yellow","DP1 V3",Mastercard,Sunday,515676,1,1,100.00%,0,0.00%,1,1,100.00%,0,0.00%,1,0,$0.00,1,0.00%,0,0,$0.00,0,0.00%,0,0,0,$0.00,$0.00,$0.00,$0.00,$0.00,$0.00,$0.00,$0.00,$0.00,$0.00,0.00%,0,0.00%,$0.00,0.00%,0,0.00%,$0.00,0.00%,0,0.00%,$0.00,0.00%,0,0.00%,$0.00,0.00%,$0.00,$0.20,$0.00,$0.00,$0.00,$0.00,0.00%,$0.00,0.00%,$0.00,0.00%,$0.20,0.00%,$-0.20,0.00%
"11 - zCLOSED_N2_RM_11_PRIOR_SYN_SpecifiConLLC_7274_75K",1,"John Deere Tailgate Bundle Green","DP1 V3",Mastercard,Sunday,515676,1,1,100.00%,0,0.00%,1,1,100.00%,0,0.00%,1,0,$0.00,1,0.00%,0,0,$0.00,0,0.00%,0,0,0,$0.00,$0.00,$0.00,$0.00,$0.00,$0.00,$0.00,$0.00,$0.00,$0.00,0.00%,0,0.00%,$0.00,0.00%,0,0.00%,$0.00,0.00%,0,0.00%,$0.00,0.00%,0,0.00%,$0.00,0.00%,$0.00,$0.20,$0.00,$0.00,$0.00,$0.00,0.00%,$0.00,0.00%,$0.00,0.00%,$0.20,0.00%,$-0.20,0.00%
"11 - zCLOSED_N2_RM_11_PRIOR_SYN_SpecifiConLLC_7274_75K",1,"Milwaukee - Armourtred S7S High-Cut Boots","DP1 V3",Visa,Sunday,444796,1,1,100.00%,0,0.00%,1,1,100.00%,0,0.00%,1,0,$0.00,1,0.00%,0,0,$0.00,0,0.00%,0,0,0,$0.00,$0.00,$0.00,$0.00,$0.00,$0.00,$0.00,$0.00,$0.00,$0.00,0.00%,0,0.00%,$0.00,0.00%,0,0.00%,$0.00,0.00%,0,0.00%,$0.00,0.00%,0,0.00%,$0.00,0.00%,$0.00,$0.20,$0.00,$0.00,$0.00,$0.00,0.00%,$0.00,0.00%,$0.00,0.00%,$0.20,0.00%,$-0.20,0.00%
"11 - zCLOSED_N2_RM_11_PRIOR_SYN_SpecifiConLLC_7274_75K",1,"Milwaukee - Armourtred S7S High-Cut Boots","DP1 V3",Visa,Sunday,462140,1,1,100.00%,0,0.00%,1,1,100.00%,0,0.00%,1,0,$0.00,1,0.00%,0,0,$0.00,0,0.00%,0,0,0,$0.00,$0.00,$0.00,$0.00,$0.00,$0.00,$0.00,$0.00,$0.00,$0.00,0.00%,0,0.00%,$0.00,0.00%,0,0.00%,$0.00,0.00%,0,0.00%,$0.00,0.00%,0,0.00%,$0.00,0.00%,$0.00,$0.20,$0.00,$0.00,$0.00,$0.00,0.00%,$0.00,0.00%,$0.00,0.00%,$0.20,0.00%,$-0.20,0.00%
"11 - zCLOSED_N2_RM_11_PRIOR_SYN_SpecifiConLLC_7274_75K",1,"Omaha Steaks Meat Box","DP1 V3",Mastercard,Sunday,521701,1,1,100.00%,0,0.00%,1,1,100.00%,0,0.00%,1,0,$0.00,1,0.00%,0,0,$0.00,0,0.00%,0,0,0,$0.00,$0.00,$0.00,$0.00,$0.00,$0.00,$0.00,$0.00,$0.00,$0.00,0.00%,0,0.00%,$0.00,0.00%,0,0.00%,$0.00,0.00%,0,0.00%,$0.00,0.00%,0,0.00%,$0.00,0.00%,$0.00,$0.20,$0.00,$0.00,$0.00,$0.00,0.00%,$0.00,0.00%,$0.00,0.00%,$0.20,0.00%,$-0.20,0.00%
"11 - zCLOSED_N2_RM_11_PRIOR_SYN_SpecifiConLLC_7274_75K",1,"Stetson Cowboy Hat (White)","DP1 V3",Visa,Sunday,402464,1,1,100.00%,0,0.00%,1,1,100.00%,0,0.00%,1,0,$0.00,1,0.00%,0,0,$0.00,0,0.00%,0,0,0,$0.00,$0.00,$0.00,$0.00,$0.00,$0.00,$0.00,$0.00,$0.00,$0.00,0.00%,0,0.00%,$0.00,0.00%,0,0.00%,$0.00,0.00%,0,0.00%,$0.00,0.00%,0,0.00%,$0.00,0.00%,$0.00,$0.20,$0.00,$0.00,$0.00,$0.00,0.00%,$0.00,0.00%,$0.00,0.00%,$0.20,0.00%,$-0.20,0.00%
"11 - zCLOSED_N2_RM_11_PRIOR_SYN_SpecifiConLLC_7274_75K",1,"TaylorMade GT Spider Golf Putter","DP1 V3",Visa,Sunday,478975,1,0,0.00%,1,100.00%,1,0,0.00%,1,100.00%,1,1,$12.89,0,100.00%,0,0,$0.00,0,0.00%,1,1,1,$12.89,$0.00,$0.00,$12.89,$0.00,$0.00,$12.89,$0.00,$12.89,$0.00,0.00%,0,0.00%,$0.00,0.00%,0,0.00%,$0.00,0.00%,0,0.00%,$0.00,0.00%,0,0.00%,$0.00,0.00%,$12.89,$0.84,$0.00,$0.00,$0.00,$0.00,0.00%,$0.00,0.00%,$0.00,0.00%,$0.84,6.52%,$12.05,93.48%
"12 - N2_RM_12_PRIOR_SYN_BrightAdvantageLLC_9068_75K",1,"5 Domestic flights","DP1 V3",Mastercard,Sunday,537800,1,1,100.00%,0,0.00%,1,1,100.00%,0,0.00%,1,0,$0.00,1,0.00%,0,0,$0.00,0,0.00%,0,0,0,$0.00,$0.00,$0.00,$0.00,$0.00,$0.00,$0.00,$0.00,$0.00,$0.00,0.00%,0,0.00%,$0.00,0.00%,0,0.00%,$0.00,0.00%,0,0.00%,$0.00,0.00%,0,0.00%,$0.00,0.00%,$0.00,$0.20,$0.00,$0.00,$0.00,$0.00,0.00%,$0.00,0.00%,$0.00,0.00%,$0.20,0.00%,$-0.20,0.00%
"12 - N2_RM_12_PRIOR_SYN_BrightAdvantageLLC_9068_75K",1,"Armourtred S7S High-Cut Boots","DP1 V3",Visa,Sunday,431503,1,1,100.00%,0,0.00%,1,1,100.00%,0,0.00%,1,0,$0.00,1,0.00%,0,0,$0.00,0,0.00%,0,0,0,$0.00,$0.00,$0.00,$0.00,$0.00,$0.00,$0.00,$0.00,$0.00,$0.00,0.00%,0,0.00%,$0.00,0.00%,0,0.00%,$0.00,0.00%,0,0.00%,$0.00,0.00%,0,0.00%,$0.00,0.00%,$0.00,$0.20,$0.00,$0.00,$0.00,$0.00,0.00%,$0.00,0.00%,$0.00,0.00%,$0.20,0.00%,$-0.20,0.00%
"12 - N2_RM_12_PRIOR_SYN_BrightAdvantageLLC_9068_75K",1,"Armourtred S7S High-Cut Boots","DP1 V3",Visa,Sunday,444796,1,1,100.00%,0,0.00%,1,1,100.00%,0,0.00%,1,0,$0.00,1,0.00%,0,0,$0.00,0,0.00%,0,0,0,$0.00,$0.00,$0.00,$0.00,$0.00,$0.00,$0.00,$0.00,$0.00,$0.00,0.00%,0,0.00%,$0.00,0.00%,0,0.00%,$0.00,0.00%,0,0.00%,$0.00,0.00%,0,0.00%,$0.00,0.00%,$0.00,$0.20,$0.00,$0.00,$0.00,$0.00,0.00%,$0.00,0.00%,$0.00,0.00%,$0.20,0.00%,$-0.20,0.00%
"12 - N2_RM_12_PRIOR_SYN_BrightAdvantageLLC_9068_75K",1,"Ford Mustang Electric Bike Blue","DP1 V3",Mastercard,Sunday,521730,1,0,0.00%,1,100.00%,1,0,0.00%,1,100.00%,1,1,$12.89,0,100.00%,0,0,$0.00,0,0.00%,1,1,1,$12.89,$0.00,$0.00,$12.89,$0.00,$0.00,$12.89,$0.00,$12.89,$0.00,0.00%,0,0.00%,$0.00,0.00%,0,0.00%,$0.00,0.00%,0,0.00%,$0.00,0.00%,0,0.00%,$0.00,0.00%,$12.89,$0.84,$0.00,$0.00,$0.00,$0.00,0.00%,$0.00,0.00%,$0.00,0.00%,$0.84,6.52%,$12.05,93.48%
"12 - N2_RM_12_PRIOR_SYN_BrightAdvantageLLC_9068_75K",1,"Ford Mustang Electric Bike Blue","DP1 V3",Mastercard,Sunday,546325,1,1,100.00%,0,0.00%,1,1,100.00%,0,0.00%,1,0,$0.00,1,0.00%,0,0,$0.00,0,0.00%,0,0,0,$0.00,$0.00,$0.00,$0.00,$0.00,$0.00,$0.00,$0.00,$0.00,$0.00,0.00%,0,0.00%,$0.00,0.00%,0,0.00%,$0.00,0.00%,0,0.00%,$0.00,0.00%,0,0.00%,$0.00,0.00%,$0.00,$0.20,$0.00,$0.00,$0.00,$0.00,0.00%,$0.00,0.00%,$0.00,0.00%,$0.20,0.00%,$-0.20,0.00%
"12 - N2_RM_12_PRIOR_SYN_BrightAdvantageLLC_9068_75K",1,"Ford Mustang Electric Bike Blue","DP1 V3",Visa,Sunday,434256,1,1,100.00%,0,0.00%,1,1,100.00%,0,0.00%,1,0,$0.00,1,0.00%,0,0,$0.00,0,0.00%,0,0,0,$0.00,$0.00,$0.00,$0.00,$0.00,$0.00,$0.00,$0.00,$0.00,$0.00,0.00%,0,0.00%,$0.00,0.00%,0,0.00%,$0.00,0.00%,0,0.00%,$0.00,0.00%,0,0.00%,$0.00,0.00%,$0.00,$0.20,$0.00,$0.00,$0.00,$0.00,0.00%,$0.00,0.00%,$0.00,0.00%,$0.20,0.00%,$-0.20,0.00%
"12 - N2_RM_12_PRIOR_SYN_BrightAdvantageLLC_9068_75K",1,"Ford Mustang Electric Bike Blue","DP1 V3",Visa,Sunday,435983,1,1,100.00%,0,0.00%,1,1,100.00%,0,0.00%,1,0,$0.00,1,0.00%,0,0,$0.00,0,0.00%,0,0,0,$0.00,$0.00,$0.00,$0.00,$0.00,$0.00,$0.00,$0.00,$0.00,$0.00,0.00%,0,0.00%,$0.00,0.00%,0,0.00%,$0.00,0.00%,0,0.00%,$0.00,0.00%,0,0.00%,$0.00,0.00%,$0.00,$0.20,$0.00,$0.00,$0.00,$0.00,0.00%,$0.00,0.00%,$0.00,0.00%,$0.20,0.00%,$-0.20,0.00%
"12 - N2_RM_12_PRIOR_SYN_BrightAdvantageLLC_9068_75K",1,"Ford Mustang Electric Bike Blue","DP1 V3",Visa,Sunday,444796,2,2,100.00%,0,0.00%,2,2,100.00%,0,0.00%,2,0,$0.00,2,0.00%,0,0,$0.00,0,0.00%,0,0,0,$0.00,$0.00,$0.00,$0.00,$0.00,$0.00,$0.00,$0.00,$0.00,$0.00,0.00%,0,0.00%,$0.00,0.00%,0,0.00%,$0.00,0.00%,0,0.00%,$0.00,0.00%,0,0.00%,$0.00,0.00%,$0.00,$0.40,$0.00,$0.00,$0.00,$0.00,0.00%,$0.00,0.00%,$0.00,0.00%,$0.40,0.00%,$-0.40,0.00%
"12 - N2_RM_12_PRIOR_SYN_BrightAdvantageLLC_9068_75K",1,"Ford Mustang Electric Bike Yellow","DP1 V3",Mastercard,Sunday,513063,1,1,100.00%,0,0.00%,1,1,100.00%,0,0.00%,1,0,$0.00,1,0.00%,0,0,$0.00,0,0.00%,0,0,0,$0.00,$0.00,$0.00,$0.00,$0.00,$0.00,$0.00,$0.00,$0.00,$0.00,0.00%,0,0.00%,$0.00,0.00%,0,0.00%,$0.00,0.00%,0,0.00%,$0.00,0.00%,0,0.00%,$0.00,0.00%,$0.00,$0.20,$0.00,$0.00,$0.00,$0.00,0.00%,$0.00,0.00%,$0.00,0.00%,$0.20,0.00%,$-0.20,0.00%
"12 - N2_RM_12_PRIOR_SYN_BrightAdvantageLLC_9068_75K",1,"Ford Mustang Electric Bike Yellow","DP1 V3",Mastercard,Sunday,521853,1,1,100.00%,0,0.00%,1,1,100.00%,0,0.00%,1,0,$0.00,1,0.00%,0,0,$0.00,0,0.00%,0,0,0,$0.00,$0.00,$0.00,$0.00,$0.00,$0.00,$0.00,$0.00,$0.00,$0.00,0.00%,0,0.00%,$0.00,0.00%,0,0.00%,$0.00,0.00%,0,0.00%,$0.00,0.00%,0,0.00%,$0.00,0.00%,$0.00,$0.20,$0.00,$0.00,$0.00,$0.00,0.00%,$0.00,0.00%,$0.00,0.00%,$0.20,0.00%,$-0.20,0.00%
"12 - N2_RM_12_PRIOR_SYN_BrightAdvantageLLC_9068_75K",1,"Ford Mustang Electric Bike Yellow","DP1 V3",Mastercard,Sunday,551461,1,0,0.00%,1,100.00%,1,0,0.00%,1,100.00%,1,1,$12.89,0,100.00%,0,0,$0.00,0,0.00%,1,1,1,$12.89,$0.00,$0.00,$12.89,$0.00,$0.00,$12.89,$0.00,$12.89,$0.00,0.00%,0,0.00%,$0.00,0.00%,0,0.00%,$0.00,0.00%,0,0.00%,$0.00,0.00%,0,0.00%,$0.00,0.00%,$12.89,$0.84,$0.00,$0.00,$0.00,$0.00,0.00%,$0.00,0.00%,$0.00,0.00%,$0.84,6.52%,$12.05,93.48%
"12 - N2_RM_12_PRIOR_SYN_BrightAdvantageLLC_9068_75K",1,"Ford Mustang Electric Bike Yellow","DP1 V3",Visa,Sunday,423223,1,1,100.00%,0,0.00%,1,1,100.00%,0,0.00%,1,0,$0.00,1,0.00%,0,0,$0.00,0,0.00%,0,0,0,$0.00,$0.00,$0.00,$0.00,$0.00,$0.00,$0.00,$0.00,$0.00,$0.00,0.00%,0,0.00%,$0.00,0.00%,0,0.00%,$0.00,0.00%,0,0.00%,$0.00,0.00%,0,0.00%,$0.00,0.00%,$0.00,$0.20,$0.00,$0.00,$0.00,$0.00,0.00%,$0.00,0.00%,$0.00,0.00%,$0.20,0.00%,$-0.20,0.00%
"12 - N2_RM_12_PRIOR_SYN_BrightAdvantageLLC_9068_75K",1,"Ford Mustang Electric Bike Yellow","DP1 V3",Visa,Sunday,434258,1,1,100.00%,0,0.00%,1,1,100.00%,0,0.00%,1,0,$0.00,1,0.00%,0,0,$0.00,0,0.00%,0,0,0,$0.00,$0.00,$0.00,$0.00,$0.00,$0.00,$0.00,$0.00,$0.00,$0.00,0.00%,0,0.00%,$0.00,0.00%,0,0.00%,$0.00,0.00%,0,0.00%,$0.00,0.00%,0,0.00%,$0.00,0.00%,$0.00,$0.20,$0.00,$0.00,$0.00,$0.00,0.00%,$0.00,0.00%,$0.00,0.00%,$0.20,0.00%,$-0.20,0.00%
"12 - N2_RM_12_PRIOR_SYN_BrightAdvantageLLC_9068_75K",1,"Ford Mustang Electric Bike Yellow","DP1 V3",Visa,Sunday,446542,1,1,100.00%,0,0.00%,1,1,100.00%,0,0.00%,1,0,$0.00,1,0.00%,0,0,$0.00,0,0.00%,0,0,0,$0.00,$0.00,$0.00,$0.00,$0.00,$0.00,$0.00,$0.00,$0.00,$0.00,0.00%,0,0.00%,$0.00,0.00%,0,0.00%,$0.00,0.00%,0,0.00%,$0.00,0.00%,0,0.00%,$0.00,0.00%,$0.00,$0.20,$0.00,$0.00,$0.00,$0.00,0.00%,$0.00,0.00%,$0.00,0.00%,$0.20,0.00%,$-0.20,0.00%
"12 - N2_RM_12_PRIOR_SYN_BrightAdvantageLLC_9068_75K",1,"Omaha Steaks Meat Box","DP1 V3",Visa,Sunday,462652,1,1,100.00%,0,0.00%,1,1,100.00%,0,0.00%,1,0,$0.00,1,0.00%,0,0,$0.00,0,0.00%,0,0,0,$0.00,$0.00,$0.00,$0.00,$0.00,$0.00,$0.00,$0.00,$0.00,$0.00,0.00%,0,0.00%,$0.00,0.00%,0,0.00%,$0.00,0.00%,0,0.00%,$0.00,0.00%,0,0.00%,$0.00,0.00%,$0.00,$0.20,$0.00,$0.00,$0.00,$0.00,0.00%,$0.00,0.00%,$0.00,0.00%,$0.20,0.00%,$-0.20,0.00%
"14 - GY_RM_14_PRIOR_SYN_BrightAdvantageLLC_2051_75K",1,"5 Domestic flights","DP1 V3",Mastercard,Sunday,534636,1,1,100.00%,0,0.00%,1,1,100.00%,0,0.00%,1,0,$0.00,1,0.00%,0,0,$0.00,0,0.00%,0,0,0,$0.00,$0.00,$0.00,$0.00,$0.00,$0.00,$0.00,$0.00,$0.00,$0.00,0.00%,0,0.00%,$0.00,0.00%,0,0.00%,$0.00,0.00%,0,0.00%,$0.00,0.00%,0,0.00%,$0.00,0.00%,$0.00,$0.20,$0.00,$0.00,$0.00,$0.00,0.00%,$0.00,0.00%,$0.00,0.00%,$0.20,0.00%,$-0.20,0.00%
"14 - GY_RM_14_PRIOR_SYN_BrightAdvantageLLC_2051_75K",1,"5 Domestic flights","DP1 V3",Visa,Sunday,400022,1,0,0.00%,1,100.00%,1,0,0.00%,1,100.00%,1,1,$12.89,0,100.00%,0,0,$0.00,0,0.00%,1,1,1,$12.89,$0.00,$0.00,$12.89,$0.00,$0.00,$12.89,$0.00,$12.89,$0.00,0.00%,0,0.00%,$0.00,0.00%,0,0.00%,$0.00,0.00%,0,0.00%,$0.00,0.00%,0,0.00%,$0.00,0.00%,$12.89,$0.84,$0.00,$0.00,$0.00,$0.00,0.00%,$0.00,0.00%,$0.00,0.00%,$0.84,6.52%,$12.05,93.48%
"14 - GY_RM_14_PRIOR_SYN_BrightAdvantageLLC_2051_75K",1,"Armourtred S7S High-Cut Boots","DP1 V3",Mastercard,Sunday,539689,1,1,100.00%,0,0.00%,1,1,100.00%,0,0.00%,1,0,$0.00,1,0.00%,0,0,$0.00,0,0.00%,0,0,0,$0.00,$0.00,$0.00,$0.00,$0.00,$0.00,$0.00,$0.00,$0.00,$0.00,0.00%,0,0.00%,$0.00,0.00%,0,0.00%,$0.00,0.00%,0,0.00%,$0.00,0.00%,0,0.00%,$0.00,0.00%,$0.00,$0.20,$0.00,$0.00,$0.00,$0.00,0.00%,$0.00,0.00%,$0.00,0.00%,$0.20,0.00%,$-0.20,0.00%
"14 - GY_RM_14_PRIOR_SYN_BrightAdvantageLLC_2051_75K",1,"Armourtred S7S High-Cut Boots","DP1 V3",Visa,Sunday,423223,1,1,100.00%,0,0.00%,1,1,100.00%,0,0.00%,1,0,$0.00,1,0.00%,0,0,$0.00,0,0.00%,0,0,0,$0.00,$0.00,$0.00,$0.00,$0.00,$0.00,$0.00,$0.00,$0.00,$0.00,0.00%,0,0.00%,$0.00,0.00%,0,0.00%,$0.00,0.00%,0,0.00%,$0.00,0.00%,0,0.00%,$0.00,0.00%,$0.00,$0.20,$0.00,$0.00,$0.00,$0.00,0.00%,$0.00,0.00%,$0.00,0.00%,$0.20,0.00%,$-0.20,0.00%
"14 - GY_RM_14_PRIOR_SYN_BrightAdvantageLLC_2051_75K",1,"Ford Mustang Electric Bike Blue","DP1 V3",Mastercard,Sunday,546541,1,1,100.00%,0,0.00%,1,1,100.00%,0,0.00%,1,0,$0.00,1,0.00%,0,0,$0.00,0,0.00%,0,0,0,$0.00,$0.00,$0.00,$0.00,$0.00,$0.00,$0.00,$0.00,$0.00,$0.00,0.00%,0,0.00%,$0.00,0.00%,0,0.00%,$0.00,0.00%,0,0.00%,$0.00,0.00%,0,0.00%,$0.00,0.00%,$0.00,$0.20,$0.00,$0.00,$0.00,$0.00,0.00%,$0.00,0.00%,$0.00,0.00%,$0.20,0.00%,$-0.20,0.00%
"14 - GY_RM_14_PRIOR_SYN_BrightAdvantageLLC_2051_75K",1,"Ford Mustang Electric Bike Blue","DP1 V3",Visa,Sunday,473703,1,0,0.00%,1,100.00%,1,0,0.00%,1,100.00%,1,1,$12.89,0,100.00%,0,0,$0.00,0,0.00%,1,1,1,$12.89,$0.00,$0.00,$12.89,$0.00,$0.00,$12.89,$0.00,$12.89,$0.00,0.00%,0,0.00%,$0.00,0.00%,0,0.00%,$0.00,0.00%,0,0.00%,$0.00,0.00%,0,0.00%,$0.00,0.00%,$12.89,$0.84,$0.00,$0.00,$0.00,$0.00,0.00%,$0.00,0.00%,$0.00,0.00%,$0.84,6.52%,$12.05,93.48%
"14 - GY_RM_14_PRIOR_SYN_BrightAdvantageLLC_2051_75K",1,"Ford Mustang Electric Bike Yellow","DP1 V3",Mastercard,Sunday,514377,1,1,100.00%,0,0.00%,1,1,100.00%,0,0.00%,1,0,$0.00,1,0.00%,0,0,$0.00,0,0.00%,0,0,0,$0.00,$0.00,$0.00,$0.00,$0.00,$0.00,$0.00,$0.00,$0.00,$0.00,0.00%,0,0.00%,$0.00,0.00%,0,0.00%,$0.00,0.00%,0,0.00%,$0.00,0.00%,0,0.00%,$0.00,0.00%,$0.00,$0.20,$0.00,$0.00,$0.00,$0.00,0.00%,$0.00,0.00%,$0.00,0.00%,$0.20,0.00%,$-0.20,0.00%
"14 - GY_RM_14_PRIOR_SYN_BrightAdvantageLLC_2051_75K",1,"Ford Mustang Electric Bike Yellow","DP1 V3",Mastercard,Sunday,527854,1,1,100.00%,0,0.00%,1,1,100.00%,0,0.00%,1,0,$0.00,1,0.00%,0,0,$0.00,0,0.00%,0,0,0,$0.00,$0.00,$0.00,$0.00,$0.00,$0.00,$0.00,$0.00,$0.00,$0.00,0.00%,0,0.00%,$0.00,0.00%,0,0.00%,$0.00,0.00%,0,0.00%,$0.00,0.00%,0,0.00%,$0.00,0.00%,$0.00,$0.20,$0.00,$0.00,$0.00,$0.00,0.00%,$0.00,0.00%,$0.00,0.00%,$0.20,0.00%,$-0.20,0.00%
"14 - GY_RM_14_PRIOR_SYN_BrightAdvantageLLC_2051_75K",1,"Ford Mustang Electric Bike Yellow","DP1 V3",Visa,Sunday,473703,1,1,100.00%,0,0.00%,1,1,100.00%,0,0.00%,1,0,$0.00,1,0.00%,0,0,$0.00,0,0.00%,0,0,0,$0.00,$0.00,$0.00,$0.00,$0.00,$0.00,$0.00,$0.00,$0.00,$0.00,0.00%,0,0.00%,$0.00,0.00%,0,0.00%,$0.00,0.00%,0,0.00%,$0.00,0.00%,0,0.00%,$0.00,0.00%,$0.00,$0.20,$0.00,$0.00,$0.00,$0.00,0.00%,$0.00,0.00%,$0.00,0.00%,$0.20,0.00%,$-0.20,0.00%
"14 - GY_RM_14_PRIOR_SYN_BrightAdvantageLLC_2051_75K",1,"Omaha Steaks Meat Box","DP1 V3",Mastercard,Sunday,542418,1,0,0.00%,1,100.00%,1,0,0.00%,1,100.00%,1,1,$12.89,0,100.00%,0,0,$0.00,0,0.00%,1,1,1,$12.89,$0.00,$0.00,$12.89,$0.00,$0.00,$12.89,$0.00,$12.89,$25.78,200.00%,0,0.00%,$0.00,0.00%,0,0.00%,$0.00,0.00%,1,100.00%,$12.89,100.00%,1,100.00%,$12.89,100.00%,$-12.89,$35.84,$0.00,$0.00,$0.00,$0.00,0.00%,$35.00,271.53%,$0.00,0.00%,$0.84,6.52%,$-48.73,-378.04%
"14 - GY_RM_14_PRIOR_SYN_BrightAdvantageLLC_2051_75K",1,"Omaha Steaks Meat Box","DP1 V3",Visa,Sunday,400022,1,0,0.00%,1,100.00%,1,0,0.00%,1,100.00%,1,1,$12.89,0,100.00%,0,0,$0.00,0,0.00%,1,1,1,$12.89,$0.00,$0.00,$12.89,$0.00,$0.00,$12.89,$0.00,$12.89,$0.00,0.00%,0,0.00%,$0.00,0.00%,0,0.00%,$0.00,0.00%,0,0.00%,$0.00,0.00%,0,0.00%,$0.00,0.00%,$12.89,$0.84,$0.00,$0.00,$0.00,$0.00,0.00%,$0.00,0.00%,$0.00,0.00%,$0.84,6.52%,$12.05,93.48%
"14 - GY_RM_14_PRIOR_SYN_BrightAdvantageLLC_2051_75K",1,"Omaha Steaks Meat Box","DP1 V3",Visa,Sunday,468012,1,0,0.00%,1,100.00%,1,0,0.00%,1,100.00%,1,1,$12.89,0,100.00%,0,0,$0.00,0,0.00%,1,1,1,$12.89,$0.00,$0.00,$12.89,$0.00,$0.00,$12.89,$0.00,$12.89,$0.00,0.00%,0,0.00%,$0.00,0.00%,0,0.00%,$0.00,0.00%,0,0.00%,$0.00,0.00%,0,0.00%,$0.00,0.00%,$12.89,$0.84,$0.00,$0.00,$0.00,$0.00,0.00%,$0.00,0.00%,$0.00,0.00%,$0.84,6.52%,$12.05,93.48%
"17 - zCLOSED_R2ONLY_RM_17_SIGNA_ESQ_BrightAdvantageLLC_3881_50K",1,"5 Domestic flights","DP1 V3",Mastercard,Sunday,537800,1,1,100.00%,0,0.00%,1,1,100.00%,0,0.00%,1,0,$0.00,1,0.00%,0,0,$0.00,0,0.00%,0,0,0,$0.00,$0.00,$0.00,$0.00,$0.00,$0.00,$0.00,$0.00,$0.00,$0.00,0.00%,0,0.00%,$0.00,0.00%,0,0.00%,$0.00,0.00%,0,0.00%,$0.00,0.00%,0,0.00%,$0.00,0.00%,$0.00,$0.20,$0.00,$0.00,$0.00,$0.00,0.00%,$0.00,0.00%,$0.00,0.00%,$0.20,0.00%,$-0.20,0.00%
"17 - zCLOSED_R2ONLY_RM_17_SIGNA_ESQ_BrightAdvantageLLC_3881_50K",1,"5 Domestic flights","DP1 V3",Visa,Sunday,420231,1,1,100.00%,0,0.00%,1,1,100.00%,0,0.00%,1,0,$0.00,1,0.00%,0,0,$0.00,0,0.00%,0,0,0,$0.00,$0.00,$0.00,$0.00,$0.00,$0.00,$0.00,$0.00,$0.00,$0.00,0.00%,0,0.00%,$0.00,0.00%,0,0.00%,$0.00,0.00%,0,0.00%,$0.00,0.00%,0,0.00%,$0.00,0.00%,$0.00,$0.20,$0.00,$0.00,$0.00,$0.00,0.00%,$0.00,0.00%,$0.00,0.00%,$0.20,0.00%,$-0.20,0.00%
"17 - zCLOSED_R2ONLY_RM_17_SIGNA_ESQ_BrightAdvantageLLC_3881_50K",1,"Armourtred S7S High-Cut Boots","DP1 V3",Visa,Sunday,423223,1,1,100.00%,0,0.00%,1,1,100.00%,0,0.00%,1,0,$0.00,1,0.00%,0,0,$0.00,0,0.00%,0,0,0,$0.00,$0.00,$0.00,$0.00,$0.00,$0.00,$0.00,$0.00,$0.00,$0.00,0.00%,0,0.00%,$0.00,0.00%,0,0.00%,$0.00,0.00%,0,0.00%,$0.00,0.00%,0,0.00%,$0.00,0.00%,$0.00,$0.20,$0.00,$0.00,$0.00,$0.00,0.00%,$0.00,0.00%,$0.00,0.00%,$0.20,0.00%,$-0.20,0.00%
"17 - zCLOSED_R2ONLY_RM_17_SIGNA_ESQ_BrightAdvantageLLC_3881_50K",1,"Ford Mustang Electric Bike Blue","DP1 V3",Mastercard,Sunday,517800,1,1,100.00%,0,0.00%,1,1,100.00%,0,0.00%,1,0,$0.00,1,0.00%,0,0,$0.00,0,0.00%,0,0,0,$0.00,$0.00,$0.00,$0.00,$0.00,$0.00,$0.00,$0.00,$0.00,$0.00,0.00%,0,0.00%,$0.00,0.00%,0,0.00%,$0.00,0.00%,0,0.00%,$0.00,0.00%,0,0.00%,$0.00,0.00%,$0.00,$0.20,$0.00,$0.00,$0.00,$0.00,0.00%,$0.00,0.00%,$0.00,0.00%,$0.20,0.00%,$-0.20,0.00%
"17 - zCLOSED_R2ONLY_RM_17_SIGNA_ESQ_BrightAdvantageLLC_3881_50K",1,"Ford Mustang Electric Bike Blue","DP1 V3",Mastercard,Sunday,518725,1,1,100.00%,0,0.00%,1,1,100.00%,0,0.00%,1,0,$0.00,1,0.00%,0,0,$0.00,0,0.00%,0,0,0,$0.00,$0.00,$0.00,$0.00,$0.00,$0.00,$0.00,$0.00,$0.00,$0.00,0.00%,0,0.00%,$0.00,0.00%,0,0.00%,$0.00,0.00%,0,0.00%,$0.00,0.00%,0,0.00%,$0.00,0.00%,$0.00,$0.20,$0.00,$0.00,$0.00,$0.00,0.00%,$0.00,0.00%,$0.00,0.00%,$0.20,0.00%,$-0.20,0.00%
"17 - zCLOSED_R2ONLY_RM_17_SIGNA_ESQ_BrightAdvantageLLC_3881_50K",1,"Ford Mustang Electric Bike Yellow","DP1 V3",Mastercard,Sunday,521333,1,0,0.00%,1,100.00%,1,0,0.00%,1,100.00%,1,1,$12.89,0,100.00%,0,0,$0.00,0,0.00%,1,1,1,$12.89,$0.00,$0.00,$12.89,$0.00,$0.00,$12.89,$0.00,$12.89,$0.00,0.00%,0,0.00%,$0.00,0.00%,0,0.00%,$0.00,0.00%,0,0.00%,$0.00,0.00%,0,0.00%,$0.00,0.00%,$12.89,$0.84,$0.00,$0.00,$0.00,$0.00,0.00%,$0.00,0.00%,$0.00,0.00%,$0.84,6.52%,$12.05,93.48%
"17 - zCLOSED_R2ONLY_RM_17_SIGNA_ESQ_BrightAdvantageLLC_3881_50K",1,"Milwaukee - Armourtred S7S High-Cut Boots","DP1 V3",Visa,Sunday,443292,1,0,0.00%,1,100.00%,1,0,0.00%,1,100.00%,1,1,$12.89,0,100.00%,0,0,$0.00,0,0.00%,1,1,1,$12.89,$0.00,$0.00,$12.89,$0.00,$0.00,$12.89,$0.00,$12.89,$0.00,0.00%,0,0.00%,$0.00,0.00%,0,0.00%,$0.00,0.00%,0,0.00%,$0.00,0.00%,0,0.00%,$0.00,0.00%,$12.89,$0.84,$0.00,$0.00,$0.00,$0.00,0.00%,$0.00,0.00%,$0.00,0.00%,$0.84,6.52%,$12.05,93.48%
"17 - zCLOSED_R2ONLY_RM_17_SIGNA_ESQ_BrightAdvantageLLC_3881_50K",1,"Milwaukee - Armourtred S7S High-Cut Boots","DP1 V3",Visa,Sunday,475810,1,1,100.00%,0,0.00%,1,1,100.00%,0,0.00%,1,0,$0.00,1,0.00%,0,0,$0.00,0,0.00%,0,0,0,$0.00,$0.00,$0.00,$0.00,$0.00,$0.00,$0.00,$0.00,$0.00,$0.00,0.00%,0,0.00%,$0.00,0.00%,0,0.00%,$0.00,0.00%,0,0.00%,$0.00,0.00%,0,0.00%,$0.00,0.00%,$0.00,$0.20,$0.00,$0.00,$0.00,$0.00,0.00%,$0.00,0.00%,$0.00,0.00%,$0.20,0.00%,$-0.20,0.00%
"17 - zCLOSED_R2ONLY_RM_17_SIGNA_ESQ_BrightAdvantageLLC_3881_50K",1,"Omaha Steaks Meat Box","DP1 V3",Mastercard,Sunday,542418,1,0,0.00%,1,100.00%,1,0,0.00%,1,100.00%,1,1,$12.89,0,100.00%,0,0,$0.00,0,0.00%,1,1,1,$12.89,$0.00,$0.00,$12.89,$0.00,$0.00,$12.89,$0.00,$12.89,$12.89,100.00%,0,0.00%,$0.00,0.00%,0,0.00%,$0.00,0.00%,0,0.00%,$0.00,0.00%,1,100.00%,$12.89,100.00%,$0.00,$0.84,$0.00,$0.00,$0.00,$0.00,0.00%,$0.00,0.00%,$0.00,0.00%,$0.84,6.52%,$-0.84,-6.52%
"17 - zCLOSED_R2ONLY_RM_17_SIGNA_ESQ_BrightAdvantageLLC_3881_50K",1,"Omaha Steaks Meat Box","DP1 V3",Visa,Sunday,431196,1,0,0.00%,1,100.00%,1,0,0.00%,1,100.00%,1,1,$12.89,0,100.00%,0,0,$0.00,0,0.00%,1,1,1,$12.89,$0.00,$0.00,$12.89,$0.00,$0.00,$12.89,$0.00,$12.89,$0.00,0.00%,0,0.00%,$0.00,0.00%,0,0.00%,$0.00,0.00%,0,0.00%,$0.00,0.00%,0,0.00%,$0.00,0.00%,$12.89,$0.84,$0.00,$0.00,$0.00,$0.00,0.00%,$0.00,0.00%,$0.00,0.00%,$0.84,6.52%,$12.05,93.48%
"17 - zCLOSED_R2ONLY_RM_17_SIGNA_ESQ_BrightAdvantageLLC_3881_50K",1,"Omaha Steaks Meat Box","DP1 V3",Visa,Sunday,447004,1,1,100.00%,0,0.00%,1,1,100.00%,0,0.00%,1,0,$0.00,1,0.00%,0,0,$0.00,0,0.00%,0,0,0,$0.00,$0.00,$0.00,$0.00,$0.00,$0.00,$0.00,$0.00,$0.00,$0.00,0.00%,0,0.00%,$0.00,0.00%,0,0.00%,$0.00,0.00%,0,0.00%,$0.00,0.00%,0,0.00%,$0.00,0.00%,$0.00,$0.20,$0.00,$0.00,$0.00,$0.00,0.00%,$0.00,0.00%,$0.00,0.00%,$0.20,0.00%,$-0.20,0.00%
"19 - zCLOSED_R2ONLY_RM_19_SIGNA_ESQ_UniquePlusLLC_4137_50K",1,"5 Domestic flights","DP1 V3",Visa,Sunday,406095,1,1,100.00%,0,0.00%,1,1,100.00%,0,0.00%,1,0,$0.00,1,0.00%,0,0,$0.00,0,0.00%,0,0,0,$0.00,$0.00,$0.00,$0.00,$0.00,$0.00,$0.00,$0.00,$0.00,$0.00,0.00%,0,0.00%,$0.00,0.00%,0,0.00%,$0.00,0.00%,0,0.00%,$0.00,0.00%,0,0.00%,$0.00,0.00%,$0.00,$0.20,$0.00,$0.00,$0.00,$0.00,0.00%,$0.00,0.00%,$0.00,0.00%,$0.20,0.00%,$-0.20,0.00%
"19 - zCLOSED_R2ONLY_RM_19_SIGNA_ESQ_UniquePlusLLC_4137_50K",1,"5 Domestic flights","DP1 V3",Visa,Sunday,420073,1,0,0.00%,1,100.00%,1,0,0.00%,1,100.00%,1,1,$12.89,0,100.00%,0,0,$0.00,0,0.00%,1,1,1,$12.89,$0.00,$0.00,$12.89,$0.00,$0.00,$12.89,$0.00,$12.89,$12.89,100.00%,1,100.00%,$12.89,100.00%,0,0.00%,$0.00,0.00%,0,0.00%,$0.00,0.00%,0,0.00%,$0.00,0.00%,$0.00,$0.84,$0.00,$0.00,$0.00,$0.00,0.00%,$0.00,0.00%,$0.00,0.00%,$0.84,6.52%,$-0.84,-6.52%
"19 - zCLOSED_R2ONLY_RM_19_SIGNA_ESQ_UniquePlusLLC_4137_50K",1,"5 Domestic flights","DP1 V3",Visa,Sunday,438857,1,1,100.00%,0,0.00%,1,1,100.00%,0,0.00%,1,0,$0.00,1,0.00%,0,0,$0.00,0,0.00%,0,0,0,$0.00,$0.00,$0.00,$0.00,$0.00,$0.00,$0.00,$0.00,$0.00,$0.00,0.00%,0,0.00%,$0.00,0.00%,0,0.00%,$0.00,0.00%,0,0.00%,$0.00,0.00%,0,0.00%,$0.00,0.00%,$0.00,$0.20,$0.00,$0.00,$0.00,$0.00,0.00%,$0.00,0.00%,$0.00,0.00%,$0.20,0.00%,$-0.20,0.00%
"19 - zCLOSED_R2ONLY_RM_19_SIGNA_ESQ_UniquePlusLLC_4137_50K",1,"Armourtred S7S High-Cut Boots","DP1 V3",Mastercard,Sunday,515676,1,1,100.00%,0,0.00%,1,1,100.00%,0,0.00%,1,0,$0.00,1,0.00%,0,0,$0.00,0,0.00%,0,0,0,$0.00,$0.00,$0.00,$0.00,$0.00,$0.00,$0.00,$0.00,$0.00,$0.00,0.00%,0,0.00%,$0.00,0.00%,0,0.00%,$0.00,0.00%,0,0.00%,$0.00,0.00%,0,0.00%,$0.00,0.00%,$0.00,$0.20,$0.00,$0.00,$0.00,$0.00,0.00%,$0.00,0.00%,$0.00,0.00%,$0.20,0.00%,$-0.20,0.00%
"19 - zCLOSED_R2ONLY_RM_19_SIGNA_ESQ_UniquePlusLLC_4137_50K",1,"Armourtred S7S High-Cut Boots","DP1 V3",Visa,Sunday,442742,1,1,100.00%,0,0.00%,1,1,100.00%,0,0.00%,1,0,$0.00,1,0.00%,0,0,$0.00,0,0.00%,0,0,0,$0.00,$0.00,$0.00,$0.00,$0.00,$0.00,$0.00,$0.00,$0.00,$0.00,0.00%,0,0.00%,$0.00,0.00%,0,0.00%,$0.00,0.00%,0,0.00%,$0.00,0.00%,0,0.00%,$0.00,0.00%,$0.00,$0.20,$0.00,$0.00,$0.00,$0.00,0.00%,$0.00,0.00%,$0.00,0.00%,$0.20,0.00%,$-0.20,0.00%
"19 - zCLOSED_R2ONLY_RM_19_SIGNA_ESQ_UniquePlusLLC_4137_50K",1,"Ford Mustang Electric Bike Blue","DP1 V3",Mastercard,Sunday,517800,1,1,100.00%,0,0.00%,1,1,100.00%,0,0.00%,1,0,$0.00,1,0.00%,0,0,$0.00,0,0.00%,0,0,0,$0.00,$0.00,$0.00,$0.00,$0.00,$0.00,$0.00,$0.00,$0.00,$0.00,0.00%,0,0.00%,$0.00,0.00%,0,0.00%,$0.00,0.00%,0,0.00%,$0.00,0.00%,0,0.00%,$0.00,0.00%,$0.00,$0.20,$0.00,$0.00,$0.00,$0.00,0.00%,$0.00,0.00%,$0.00,0.00%,$0.20,0.00%,$-0.20,0.00%
"19 - zCLOSED_R2ONLY_RM_19_SIGNA_ESQ_UniquePlusLLC_4137_50K",1,"Ford Mustang Electric Bike Blue","DP1 V3",Mastercard,Sunday,546638,1,1,100.00%,0,0.00%,1,1,100.00%,0,0.00%,1,0,$0.00,1,0.00%,0,0,$0.00,0,0.00%,0,0,0,$0.00,$0.00,$0.00,$0.00,$0.00,$0.00,$0.00,$0.00,$0.00,$0.00,0.00%,0,0.00%,$0.00,0.00%,0,0.00%,$0.00,0.00%,0,0.00%,$0.00,0.00%,0,0.00%,$0.00,0.00%,$0.00,$0.20,$0.00,$0.00,$0.00,$0.00,0.00%,$0.00,0.00%,$0.00,0.00%,$0.20,0.00%,$-0.20,0.00%
"19 - zCLOSED_R2ONLY_RM_19_SIGNA_ESQ_UniquePlusLLC_4137_50K",1,"Ford Mustang Electric Bike Blue","DP1 V3",Mastercard,Sunday,552465,1,1,100.00%,0,0.00%,1,1,100.00%,0,0.00%,1,0,$0.00,1,0.00%,0,0,$0.00,0,0.00%,0,0,0,$0.00,$0.00,$0.00,$0.00,$0.00,$0.00,$0.00,$0.00,$0.00,$0.00,0.00%,0,0.00%,$0.00,0.00%,0,0.00%,$0.00,0.00%,0,0.00%,$0.00,0.00%,0,0.00%,$0.00,0.00%,$0.00,$0.20,$0.00,$0.00,$0.00,$0.00,0.00%,$0.00,0.00%,$0.00,0.00%,$0.20,0.00%,$-0.20,0.00%
"19 - zCLOSED_R2ONLY_RM_19_SIGNA_ESQ_UniquePlusLLC_4137_50K",1,"Ford Mustang Electric Bike Blue","DP1 V3",Visa,Sunday,426684,1,1,100.00%,0,0.00%,1,1,100.00%,0,0.00%,1,0,$0.00,1,0.00%,0,0,$0.00,0,0.00%,0,0,0,$0.00,$0.00,$0.00,$0.00,$0.00,$0.00,$0.00,$0.00,$0.00,$0.00,0.00%,0,0.00%,$0.00,0.00%,0,0.00%,$0.00,0.00%,0,0.00%,$0.00,0.00%,0,0.00%,$0.00,0.00%,$0.00,$0.20,$0.00,$0.00,$0.00,$0.00,0.00%,$0.00,0.00%,$0.00,0.00%,$0.20,0.00%,$-0.20,0.00%
"19 - zCLOSED_R2ONLY_RM_19_SIGNA_ESQ_UniquePlusLLC_4137_50K",1,"Ford Mustang Electric Bike Blue","DP1 V3",Visa,Sunday,447914,1,1,100.00%,0,0.00%,1,1,100.00%,0,0.00%,1,0,$0.00,1,0.00%,0,0,$0.00,0,0.00%,0,0,0,$0.00,$0.00,$0.00,$0.00,$0.00,$0.00,$0.00,$0.00,$0.00,$0.00,0.00%,0,0.00%,$0.00,0.00%,0,0.00%,$0.00,0.00%,0,0.00%,$0.00,0.00%,0,0.00%,$0.00,0.00%,$0.00,$0.20,$0.00,$0.00,$0.00,$0.00,0.00%,$0.00,0.00%,$0.00,0.00%,$0.20,0.00%,$-0.20,0.00%
"19 - zCLOSED_R2ONLY_RM_19_SIGNA_ESQ_UniquePlusLLC_4137_50K",1,"Ford Mustang Electric Bike Blue","DP1 V3",Visa,Sunday,458417,1,0,0.00%,1,100.00%,1,0,0.00%,1,100.00%,1,1,$12.89,0,100.00%,0,0,$0.00,0,0.00%,1,1,1,$12.89,$0.00,$0.00,$12.89,$0.00,$0.00,$12.89,$0.00,$12.89,$0.00,0.00%,0,0.00%,$0.00,0.00%,0,0.00%,$0.00,0.00%,0,0.00%,$0.00,0.00%,0,0.00%,$0.00,0.00%,$12.89,$0.84,$0.00,$0.00,$0.00,$0.00,0.00%,$0.00,0.00%,$0.00,0.00%,$0.84,6.52%,$12.05,93.48%
"19 - zCLOSED_R2ONLY_RM_19_SIGNA_ESQ_UniquePlusLLC_4137_50K",1,"Ford Mustang Electric Bike Blue","DP1 V3",Visa,Sunday,474665,1,1,100.00%,0,0.00%,1,1,100.00%,0,0.00%,1,0,$0.00,1,0.00%,0,0,$0.00,0,0.00%,0,0,0,$0.00,$0.00,$0.00,$0.00,$0.00,$0.00,$0.00,$0.00,$0.00,$0.00,0.00%,0,0.00%,$0.00,0.00%,0,0.00%,$0.00,0.00%,0,0.00%,$0.00,0.00%,0,0.00%,$0.00,0.00%,$0.00,$0.20,$0.00,$0.00,$0.00,$0.00,0.00%,$0.00,0.00%,$0.00,0.00%,$0.20,0.00%,$-0.20,0.00%
"19 - zCLOSED_R2ONLY_RM_19_SIGNA_ESQ_UniquePlusLLC_4137_50K",1,"Ford Mustang Electric Bike Blue","DP1 V3",Visa,Sunday,483480,1,0,0.00%,1,100.00%,1,0,0.00%,1,100.00%,1,1,$12.89,0,100.00%,0,0,$0.00,0,0.00%,1,1,1,$12.89,$0.00,$0.00,$12.89,$0.00,$0.00,$12.89,$0.00,$12.89,$0.00,0.00%,0,0.00%,$0.00,0.00%,0,0.00%,$0.00,0.00%,0,0.00%,$0.00,0.00%,0,0.00%,$0.00,0.00%,$12.89,$0.84,$0.00,$0.00,$0.00,$0.00,0.00%,$0.00,0.00%,$0.00,0.00%,$0.84,6.52%,$12.05,93.48%
"19 - zCLOSED_R2ONLY_RM_19_SIGNA_ESQ_UniquePlusLLC_4137_50K",1,"Ford Mustang Electric Bike Yellow","DP1 V3",Mastercard,Sunday,511029,1,1,100.00%,0,0.00%,1,1,100.00%,0,0.00%,1,0,$0.00,1,0.00%,0,0,$0.00,0,0.00%,0,0,0,$0.00,$0.00,$0.00,$0.00,$0.00,$0.00,$0.00,$0.00,$0.00,$0.00,0.00%,0,0.00%,$0.00,0.00%,0,0.00%,$0.00,0.00%,0,0.00%,$0.00,0.00%,0,0.00%,$0.00,0.00%,$0.00,$0.20,$0.00,$0.00,$0.00,$0.00,0.00%,$0.00,0.00%,$0.00,0.00%,$0.20,0.00%,$-0.20,0.00%
"19 - zCLOSED_R2ONLY_RM_19_SIGNA_ESQ_UniquePlusLLC_4137_50K",1,"Ford Mustang Electric Bike Yellow","DP1 V3",Mastercard,Sunday,514021,1,1,100.00%,0,0.00%,1,1,100.00%,0,0.00%,1,0,$0.00,1,0.00%,0,0,$0.00,0,0.00%,0,0,0,$0.00,$0.00,$0.00,$0.00,$0.00,$0.00,$0.00,$0.00,$0.00,$0.00,0.00%,0,0.00%,$0.00,0.00%,0,0.00%,$0.00,0.00%,0,0.00%,$0.00,0.00%,0,0.00%,$0.00,0.00%,$0.00,$0.20,$0.00,$0.00,$0.00,$0.00,0.00%,$0.00,0.00%,$0.00,0.00%,$0.20,0.00%,$-0.20,0.00%
"19 - zCLOSED_R2ONLY_RM_19_SIGNA_ESQ_UniquePlusLLC_4137_50K",1,"Ford Mustang Electric Bike Yellow","DP1 V3",Mastercard,Sunday,515676,1,1,100.00%,0,0.00%,1,1,100.00%,0,0.00%,1,0,$0.00,1,0.00%,0,0,$0.00,0,0.00%,0,0,0,$0.00,$0.00,$0.00,$0.00,$0.00,$0.00,$0.00,$0.00,$0.00,$0.00,0.00%,0,0.00%,$0.00,0.00%,0,0.00%,$0.00,0.00%,0,0.00%,$0.00,0.00%,0,0.00%,$0.00,0.00%,$0.00,$0.20,$0.00,$0.00,$0.00,$0.00,0.00%,$0.00,0.00%,$0.00,0.00%,$0.20,0.00%,$-0.20,0.00%
"19 - zCLOSED_R2ONLY_RM_19_SIGNA_ESQ_UniquePlusLLC_4137_50K",1,"Ford Mustang Electric Bike Yellow","DP1 V3",Mastercard,Sunday,521702,1,0,0.00%,1,100.00%,1,0,0.00%,1,100.00%,1,1,$12.89,0,100.00%,0,0,$0.00,0,0.00%,1,1,1,$12.89,$0.00,$0.00,$12.89,$0.00,$0.00,$12.89,$0.00,$12.89,$0.00,0.00%,0,0.00%,$0.00,0.00%,0,0.00%,$0.00,0.00%,0,0.00%,$0.00,0.00%,0,0.00%,$0.00,0.00%,$12.89,$0.84,$0.00,$0.00,$0.00,$0.00,0.00%,$0.00,0.00%,$0.00,0.00%,$0.84,6.52%,$12.05,93.48%
"19 - zCLOSED_R2ONLY_RM_19_SIGNA_ESQ_UniquePlusLLC_4137_50K",1,"Ford Mustang Electric Bike Yellow","DP1 V3",Visa,Sunday,403766,1,1,100.00%,0,0.00%,1,1,100.00%,0,0.00%,1,0,$0.00,1,0.00%,0,0,$0.00,0,0.00%,0,0,0,$0.00,$0.00,$0.00,$0.00,$0.00,$0.00,$0.00,$0.00,$0.00,$0.00,0.00%,0,0.00%,$0.00,0.00%,0,0.00%,$0.00,0.00%,0,0.00%,$0.00,0.00%,0,0.00%,$0.00,0.00%,$0.00,$0.20,$0.00,$0.00,$0.00,$0.00,0.00%,$0.00,0.00%,$0.00,0.00%,$0.20,0.00%,$-0.20,0.00%
"19 - zCLOSED_R2ONLY_RM_19_SIGNA_ESQ_UniquePlusLLC_4137_50K",1,"Ford Mustang Electric Bike Yellow","DP1 V3",Visa,Sunday,423223,1,1,100.00%,0,0.00%,1,1,100.00%,0,0.00%,1,0,$0.00,1,0.00%,0,0,$0.00,0,0.00%,0,0,0,$0.00,$0.00,$0.00,$0.00,$0.00,$0.00,$0.00,$0.00,$0.00,$0.00,0.00%,0,0.00%,$0.00,0.00%,0,0.00%,$0.00,0.00%,0,0.00%,$0.00,0.00%,0,0.00%,$0.00,0.00%,$0.00,$0.20,$0.00,$0.00,$0.00,$0.00,0.00%,$0.00,0.00%,$0.00,0.00%,$0.20,0.00%,$-0.20,0.00%
"19 - zCLOSED_R2ONLY_RM_19_SIGNA_ESQ_UniquePlusLLC_4137_50K",1,"Ford Mustang Electric Bike Yellow","DP1 V3",Visa,Sunday,437726,1,1,100.00%,0,0.00%,1,1,100.00%,0,0.00%,1,0,$0.00,1,0.00%,0,0,$0.00,0,0.00%,0,0,0,$0.00,$0.00,$0.00,$0.00,$0.00,$0.00,$0.00,$0.00,$0.00,$0.00,0.00%,0,0.00%,$0.00,0.00%,0,0.00%,$0.00,0.00%,0,0.00%,$0.00,0.00%,0,0.00%,$0.00,0.00%,$0.00,$0.20,$0.00,$0.00,$0.00,$0.00,0.00%,$0.00,0.00%,$0.00,0.00%,$0.20,0.00%,$-0.20,0.00%
"19 - zCLOSED_R2ONLY_RM_19_SIGNA_ESQ_UniquePlusLLC_4137_50K",1,"Ford Mustang Electric Bike Yellow","DP1 V3",Visa,Sunday,470793,1,1,100.00%,0,0.00%,1,1,100.00%,0,0.00%,1,0,$0.00,1,0.00%,0,0,$0.00,0,0.00%,0,0,0,$0.00,$0.00,$0.00,$0.00,$0.00,$0.00,$0.00,$0.00,$0.00,$0.00,0.00%,0,0.00%,$0.00,0.00%,0,0.00%,$0.00,0.00%,0,0.00%,$0.00,0.00%,0,0.00%,$0.00,0.00%,$0.00,$0.20,$0.00,$0.00,$0.00,$0.00,0.00%,$0.00,0.00%,$0.00,0.00%,$0.20,0.00%,$-0.20,0.00%
"19 - zCLOSED_R2ONLY_RM_19_SIGNA_ESQ_UniquePlusLLC_4137_50K",1,"John Deere Tailgate Bundle Green","DP1 V3",Visa,Sunday,426938,1,1,100.00%,0,0.00%,1,1,100.00%,0,0.00%,1,0,$0.00,1,0.00%,0,0,$0.00,0,0.00%,0,0,0,$0.00,$0.00,$0.00,$0.00,$0.00,$0.00,$0.00,$0.00,$0.00,$0.00,0.00%,0,0.00%,$0.00,0.00%,0,0.00%,$0.00,0.00%,0,0.00%,$0.00,0.00%,0,0.00%,$0.00,0.00%,$0.00,$0.20,$0.00,$0.00,$0.00,$0.00,0.00%,$0.00,0.00%,$0.00,0.00%,$0.20,0.00%,$-0.20,0.00%
"19 - zCLOSED_R2ONLY_RM_19_SIGNA_ESQ_UniquePlusLLC_4137_50K",1,"John Deere Tailgate Bundle Green","DP1 V3",Visa,Sunday,474483,1,0,0.00%,1,100.00%,1,0,0.00%,1,100.00%,1,1,$12.89,0,100.00%,0,0,$0.00,0,0.00%,1,1,1,$12.89,$0.00,$0.00,$12.89,$0.00,$0.00,$12.89,$0.00,$12.89,$0.00,0.00%,0,0.00%,$0.00,0.00%,0,0.00%,$0.00,0.00%,0,0.00%,$0.00,0.00%,0,0.00%,$0.00,0.00%,$12.89,$0.84,$0.00,$0.00,$0.00,$0.00,0.00%,$0.00,0.00%,$0.00,0.00%,$0.84,6.52%,$12.05,93.48%
"19 - zCLOSED_R2ONLY_RM_19_SIGNA_ESQ_UniquePlusLLC_4137_50K",1,"Milwaukee - Armourtred S7S High-Cut Boots","DP1 V3",Mastercard,Sunday,515676,1,1,100.00%,0,0.00%,1,1,100.00%,0,0.00%,1,0,$0.00,1,0.00%,0,0,$0.00,0,0.00%,0,0,0,$0.00,$0.00,$0.00,$0.00,$0.00,$0.00,$0.00,$0.00,$0.00,$0.00,0.00%,0,0.00%,$0.00,0.00%,0,0.00%,$0.00,0.00%,0,0.00%,$0.00,0.00%,0,0.00%,$0.00,0.00%,$0.00,$0.20,$0.00,$0.00,$0.00,$0.00,0.00%,$0.00,0.00%,$0.00,0.00%,$0.20,0.00%,$-0.20,0.00%
"19 - zCLOSED_R2ONLY_RM_19_SIGNA_ESQ_UniquePlusLLC_4137_50K",1,"Omaha Steaks Meat Box","DP1 V3",Visa,Sunday,426684,1,1,100.00%,0,0.00%,1,1,100.00%,0,0.00%,1,0,$0.00,1,0.00%,0,0,$0.00,0,0.00%,0,0,0,$0.00,$0.00,$0.00,$0.00,$0.00,$0.00,$0.00,$0.00,$0.00,$0.00,0.00%,0,0.00%,$0.00,0.00%,0,0.00%,$0.00,0.00%,0,0.00%,$0.00,0.00%,0,0.00%,$0.00,0.00%,$0.00,$0.20,$0.00,$0.00,$0.00,$0.00,0.00%,$0.00,0.00%,$0.00,0.00%,$0.20,0.00%,$-0.20,0.00%
"19 - zCLOSED_R2ONLY_RM_19_SIGNA_ESQ_UniquePlusLLC_4137_50K",1,"Omaha Steaks Meat Box","DP1 V3",Visa,Sunday,432653,1,1,100.00%,0,0.00%,1,1,100.00%,0,0.00%,1,0,$0.00,1,0.00%,0,0,$0.00,0,0.00%,0,0,0,$0.00,$0.00,$0.00,$0.00,$0.00,$0.00,$0.00,$0.00,$0.00,$0.00,0.00%,0,0.00%,$0.00,0.00%,0,0.00%,$0.00,0.00%,0,0.00%,$0.00,0.00%,0,0.00%,$0.00,0.00%,$0.00,$0.20,$0.00,$0.00,$0.00,$0.00,0.00%,$0.00,0.00%,$0.00,0.00%,$0.20,0.00%,$-0.20,0.00%
"19 - zCLOSED_R2ONLY_RM_19_SIGNA_ESQ_UniquePlusLLC_4137_50K",1,"Omaha Steaks Meat Box","DP1 V3",Visa,Sunday,483316,1,1,100.00%,0,0.00%,1,1,100.00%,0,0.00%,1,0,$0.00,1,0.00%,0,0,$0.00,0,0.00%,0,0,0,$0.00,$0.00,$0.00,$0.00,$0.00,$0.00,$0.00,$0.00,$0.00,$0.00,0.00%,0,0.00%,$0.00,0.00%,0,0.00%,$0.00,0.00%,0,0.00%,$0.00,0.00%,0,0.00%,$0.00,0.00%,$0.00,$0.20,$0.00,$0.00,$0.00,$0.00,0.00%,$0.00,0.00%,$0.00,0.00%,$0.20,0.00%,$-0.20,0.00%
"19 - zCLOSED_R2ONLY_RM_19_SIGNA_ESQ_UniquePlusLLC_4137_50K",1,"Stetson Cowboy Hat (White)","DP1 V3",Visa,Sunday,475055,1,1,100.00%,0,0.00%,1,1,100.00%,0,0.00%,1,0,$0.00,1,0.00%,0,0,$0.00,0,0.00%,0,0,0,$0.00,$0.00,$0.00,$0.00,$0.00,$0.00,$0.00,$0.00,$0.00,$0.00,0.00%,0,0.00%,$0.00,0.00%,0,0.00%,$0.00,0.00%,0,0.00%,$0.00,0.00%,0,0.00%,$0.00,0.00%,$0.00,$0.20,$0.00,$0.00,$0.00,$0.00,0.00%,$0.00,0.00%,$0.00,0.00%,$0.20,0.00%,$-0.20,0.00%
"2 - zCLOSED_NR2_RM_2_PAYARC_EVO_SpecifiConLLC_9181_55K",1,"5 Domestic flights","DP1 V3",Visa,Sunday,408121,1,0,0.00%,1,100.00%,1,0,0.00%,1,100.00%,1,1,$12.89,0,100.00%,0,0,$0.00,0,0.00%,1,1,1,$12.89,$0.00,$0.00,$12.89,$0.00,$0.00,$12.89,$0.00,$12.89,$0.00,0.00%,0,0.00%,$0.00,0.00%,0,0.00%,$0.00,0.00%,0,0.00%,$0.00,0.00%,0,0.00%,$0.00,0.00%,$12.89,$0.84,$0.00,$0.00,$0.00,$0.00,0.00%,$0.00,0.00%,$0.00,0.00%,$0.84,6.52%,$12.05,93.48%
"2 - zCLOSED_NR2_RM_2_PAYARC_EVO_SpecifiConLLC_9181_55K",1,"5 Domestic flights","DP1 V3",Visa,Sunday,411277,1,1,100.00%,0,0.00%,1,1,100.00%,0,0.00%,1,0,$0.00,1,0.00%,0,0,$0.00,0,0.00%,0,0,0,$0.00,$0.00,$0.00,$0.00,$0.00,$0.00,$0.00,$0.00,$0.00,$0.00,0.00%,0,0.00%,$0.00,0.00%,0,0.00%,$0.00,0.00%,0,0.00%,$0.00,0.00%,0,0.00%,$0.00,0.00%,$0.00,$0.20,$0.00,$0.00,$0.00,$0.00,0.00%,$0.00,0.00%,$0.00,0.00%,$0.20,0.00%,$-0.20,0.00%
"2 - zCLOSED_NR2_RM_2_PAYARC_EVO_SpecifiConLLC_9181_55K",1,"5 Domestic flights","DP1 V3",Visa,Sunday,438857,1,0,0.00%,1,100.00%,1,0,0.00%,1,100.00%,1,1,$12.89,0,100.00%,0,0,$0.00,0,0.00%,1,1,1,$12.89,$0.00,$0.00,$12.89,$0.00,$0.00,$12.89,$0.00,$12.89,$0.00,0.00%,0,0.00%,$0.00,0.00%,0,0.00%,$0.00,0.00%,0,0.00%,$0.00,0.00%,0,0.00%,$0.00,0.00%,$12.89,$0.84,$0.00,$0.00,$0.00,$0.00,0.00%,$0.00,0.00%,$0.00,0.00%,$0.84,6.52%,$12.05,93.48%
"2 - zCLOSED_NR2_RM_2_PAYARC_EVO_SpecifiConLLC_9181_55K",1,"5 Domestic flights","DP1 V3",Visa,Sunday,473083,1,0,0.00%,1,100.00%,1,0,0.00%,1,100.00%,1,1,$12.89,0,100.00%,0,0,$0.00,0,0.00%,1,1,1,$12.89,$0.00,$0.00,$12.89,$0.00,$0.00,$12.89,$0.00,$12.89,$0.00,0.00%,0,0.00%,$0.00,0.00%,0,0.00%,$0.00,0.00%,0,0.00%,$0.00,0.00%,0,0.00%,$0.00,0.00%,$12.89,$0.84,$0.00,$0.00,$0.00,$0.00,0.00%,$0.00,0.00%,$0.00,0.00%,$0.84,6.52%,$12.05,93.48%
"2 - zCLOSED_NR2_RM_2_PAYARC_EVO_SpecifiConLLC_9181_55K",1,"Armourtred S7S High-Cut Boots","DP1 V3",Visa,Sunday,444796,1,0,0.00%,1,100.00%,1,0,0.00%,1,100.00%,1,1,$12.89,0,100.00%,0,0,$0.00,0,0.00%,1,1,1,$12.89,$0.00,$0.00,$12.89,$0.00,$0.00,$12.89,$0.00,$12.89,$0.00,0.00%,0,0.00%,$0.00,0.00%,0,0.00%,$0.00,0.00%,0,0.00%,$0.00,0.00%,0,0.00%,$0.00,0.00%,$12.89,$0.84,$0.00,$0.00,$0.00,$0.00,0.00%,$0.00,0.00%,$0.00,0.00%,$0.84,6.52%,$12.05,93.48%
"2 - zCLOSED_NR2_RM_2_PAYARC_EVO_SpecifiConLLC_9181_55K",1,"Ford Mustang Electric Bike Blue","DP1 V3",Mastercard,Sunday,548042,1,1,100.00%,0,0.00%,1,1,100.00%,0,0.00%,1,0,$0.00,1,0.00%,0,0,$0.00,0,0.00%,0,0,0,$0.00,$0.00,$0.00,$0.00,$0.00,$0.00,$0.00,$0.00,$0.00,$0.00,0.00%,0,0.00%,$0.00,0.00%,0,0.00%,$0.00,0.00%,0,0.00%,$0.00,0.00%,0,0.00%,$0.00,0.00%,$0.00,$0.20,$0.00,$0.00,$0.00,$0.00,0.00%,$0.00,0.00%,$0.00,0.00%,$0.20,0.00%,$-0.20,0.00%
"2 - zCLOSED_NR2_RM_2_PAYARC_EVO_SpecifiConLLC_9181_55K",1,"Ford Mustang Electric Bike Blue","DP1 V3",Visa,Sunday,424631,1,0,0.00%,1,100.00%,1,0,0.00%,1,100.00%,1,1,$12.89,0,100.00%,0,0,$0.00,0,0.00%,1,1,1,$12.89,$0.00,$0.00,$12.89,$0.00,$0.00,$12.89,$0.00,$12.89,$0.00,0.00%,0,0.00%,$0.00,0.00%,0,0.00%,$0.00,0.00%,0,0.00%,$0.00,0.00%,0,0.00%,$0.00,0.00%,$12.89,$0.84,$0.00,$0.00,$0.00,$0.00,0.00%,$0.00,0.00%,$0.00,0.00%,$0.84,6.52%,$12.05,93.48%
"2 - zCLOSED_NR2_RM_2_PAYARC_EVO_SpecifiConLLC_9181_55K",1,"Ford Mustang Electric Bike Blue","DP1 V3",Visa,Sunday,431307,1,1,100.00%,0,0.00%,1,1,100.00%,0,0.00%,1,0,$0.00,1,0.00%,0,0,$0.00,0,0.00%,0,0,0,$0.00,$0.00,$0.00,$0.00,$0.00,$0.00,$0.00,$0.00,$0.00,$0.00,0.00%,0,0.00%,$0.00,0.00%,0,0.00%,$0.00,0.00%,0,0.00%,$0.00,0.00%,0,0.00%,$0.00,0.00%,$0.00,$0.20,$0.00,$0.00,$0.00,$0.00,0.00%,$0.00,0.00%,$0.00,0.00%,$0.20,0.00%,$-0.20,0.00%
"2 - zCLOSED_NR2_RM_2_PAYARC_EVO_SpecifiConLLC_9181_55K",1,"Ford Mustang Electric Bike Blue","DP1 V3",Visa,Sunday,447070,1,1,100.00%,0,0.00%,1,1,100.00%,0,0.00%,1,0,$0.00,1,0.00%,0,0,$0.00,0,0.00%,0,0,0,$0.00,$0.00,$0.00,$0.00,$0.00,$0.00,$0.00,$0.00,$0.00,$0.00,0.00%,0,0.00%,$0.00,0.00%,0,0.00%,$0.00,0.00%,0,0.00%,$0.00,0.00%,0,0.00%,$0.00,0.00%,$0.00,$0.20,$0.00,$0.00,$0.00,$0.00,0.00%,$0.00,0.00%,$0.00,0.00%,$0.20,0.00%,$-0.20,0.00%
"2 - zCLOSED_NR2_RM_2_PAYARC_EVO_SpecifiConLLC_9181_55K",1,"Ford Mustang Electric Bike Blue","DP1 V3",Visa,Sunday,470793,1,1,100.00%,0,0.00%,1,1,100.00%,0,0.00%,1,0,$0.00,1,0.00%,0,0,$0.00,0,0.00%,0,0,0,$0.00,$0.00,$0.00,$0.00,$0.00,$0.00,$0.00,$0.00,$0.00,$0.00,0.00%,0,0.00%,$0.00,0.00%,0,0.00%,$0.00,0.00%,0,0.00%,$0.00,0.00%,0,0.00%,$0.00,0.00%,$0.00,$0.20,$0.00,$0.00,$0.00,$0.00,0.00%,$0.00,0.00%,$0.00,0.00%,$0.20,0.00%,$-0.20,0.00%
"2 - zCLOSED_NR2_RM_2_PAYARC_EVO_SpecifiConLLC_9181_55K",1,"Ford Mustang Electric Bike Yellow","DP1 V3",Mastercard,Sunday,546133,1,0,0.00%,1,100.00%,1,0,0.00%,1,100.00%,1,1,$12.89,0,100.00%,0,0,$0.00,0,0.00%,1,1,1,$12.89,$0.00,$0.00,$12.89,$0.00,$0.00,$12.89,$0.00,$12.89,$0.00,0.00%,0,0.00%,$0.00,0.00%,0,0.00%,$0.00,0.00%,0,0.00%,$0.00,0.00%,0,0.00%,$0.00,0.00%,$12.89,$0.84,$0.00,$0.00,$0.00,$0.00,0.00%,$0.00,0.00%,$0.00,0.00%,$0.84,6.52%,$12.05,93.48%
"2 - zCLOSED_NR2_RM_2_PAYARC_EVO_SpecifiConLLC_9181_55K",1,"Ford Mustang Electric Bike Yellow","DP1 V3",Visa,Sunday,403784,1,1,100.00%,0,0.00%,1,1,100.00%,0,0.00%,1,0,$0.00,1,0.00%,0,0,$0.00,0,0.00%,0,0,0,$0.00,$0.00,$0.00,$0.00,$0.00,$0.00,$0.00,$0.00,$0.00,$0.00,0.00%,0,0.00%,$0.00,0.00%,0,0.00%,$0.00,0.00%,0,0.00%,$0.00,0.00%,0,0.00%,$0.00,0.00%,$0.00,$0.20,$0.00,$0.00,$0.00,$0.00,0.00%,$0.00,0.00%,$0.00,0.00%,$0.20,0.00%,$-0.20,0.00%
"2 - zCLOSED_NR2_RM_2_PAYARC_EVO_SpecifiConLLC_9181_55K",1,"Ford Mustang Electric Bike Yellow","DP1 V3",Visa,Sunday,414720,1,1,100.00%,0,0.00%,1,1,100.00%,0,0.00%,1,0,$0.00,1,0.00%,0,0,$0.00,0,0.00%,0,0,0,$0.00,$0.00,$0.00,$0.00,$0.00,$0.00,$0.00,$0.00,$0.00,$0.00,0.00%,0,0.00%,$0.00,0.00%,0,0.00%,$0.00,0.00%,0,0.00%,$0.00,0.00%,0,0.00%,$0.00,0.00%,$0.00,$0.20,$0.00,$0.00,$0.00,$0.00,0.00%,$0.00,0.00%,$0.00,0.00%,$0.20,0.00%,$-0.20,0.00%
"2 - zCLOSED_NR2_RM_2_PAYARC_EVO_SpecifiConLLC_9181_55K",1,"John Deere Tailgate Bundle Green","DP1 V3",Visa,Sunday,467313,1,0,0.00%,1,100.00%,1,0,0.00%,1,100.00%,1,1,$12.89,0,100.00%,0,0,$0.00,0,0.00%,1,1,1,$12.89,$0.00,$0.00,$12.89,$0.00,$0.00,$12.89,$0.00,$12.89,$0.00,0.00%,0,0.00%,$0.00,0.00%,0,0.00%,$0.00,0.00%,0,0.00%,$0.00,0.00%,0,0.00%,$0.00,0.00%,$12.89,$0.84,$0.00,$0.00,$0.00,$0.00,0.00%,$0.00,0.00%,$0.00,0.00%,$0.84,6.52%,$12.05,93.48%
"2 - zCLOSED_NR2_RM_2_PAYARC_EVO_SpecifiConLLC_9181_55K",1,"Omaha Steaks Meat Box","DP1 V3",Mastercard,Sunday,518941,1,0,0.00%,1,100.00%,1,0,0.00%,1,100.00%,1,1,$12.89,0,100.00%,0,0,$0.00,0,0.00%,1,1,1,$12.89,$0.00,$0.00,$12.89,$0.00,$0.00,$12.89,$0.00,$12.89,$0.00,0.00%,0,0.00%,$0.00,0.00%,0,0.00%,$0.00,0.00%,0,0.00%,$0.00,0.00%,0,0.00%,$0.00,0.00%,$12.89,$0.84,$0.00,$0.00,$0.00,$0.00,0.00%,$0.00,0.00%,$0.00,0.00%,$0.84,6.52%,$12.05,93.48%
"2 - zCLOSED_NR2_RM_2_PAYARC_EVO_SpecifiConLLC_9181_55K",1,"Omaha Steaks Meat Box","DP1 V3",Mastercard,Sunday,521853,1,1,100.00%,0,0.00%,1,1,100.00%,0,0.00%,1,0,$0.00,1,0.00%,0,0,$0.00,0,0.00%,0,0,0,$0.00,$0.00,$0.00,$0.00,$0.00,$0.00,$0.00,$0.00,$0.00,$0.00,0.00%,0,0.00%,$0.00,0.00%,0,0.00%,$0.00,0.00%,0,0.00%,$0.00,0.00%,0,0.00%,$0.00,0.00%,$0.00,$0.20,$0.00,$0.00,$0.00,$0.00,0.00%,$0.00,0.00%,$0.00,0.00%,$0.20,0.00%,$-0.20,0.00%
"2 - zCLOSED_NR2_RM_2_PAYARC_EVO_SpecifiConLLC_9181_55K",1,"Omaha Steaks Meat Box","DP1 V3",Visa,Sunday,449163,1,1,100.00%,0,0.00%,1,1,100.00%,0,0.00%,1,0,$0.00,1,0.00%,0,0,$0.00,0,0.00%,0,0,0,$0.00,$0.00,$0.00,$0.00,$0.00,$0.00,$0.00,$0.00,$0.00,$0.00,0.00%,0,0.00%,$0.00,0.00%,0,0.00%,$0.00,0.00%,0,0.00%,$0.00,0.00%,0,0.00%,$0.00,0.00%,$0.00,$0.20,$0.00,$0.00,$0.00,$0.00,0.00%,$0.00,0.00%,$0.00,0.00%,$0.20,0.00%,$-0.20,0.00%
"2 - zCLOSED_NR2_RM_2_PAYARC_EVO_SpecifiConLLC_9181_55K",1,"Stetson Cowboy Hat (White)","DP1 V3",Mastercard,Sunday,542418,1,0,0.00%,1,100.00%,1,0,0.00%,1,100.00%,1,1,$12.89,0,100.00%,0,0,$0.00,0,0.00%,1,1,1,$12.89,$0.00,$0.00,$12.89,$0.00,$0.00,$12.89,$0.00,$12.89,$0.00,0.00%,0,0.00%,$0.00,0.00%,0,0.00%,$0.00,0.00%,0,0.00%,$0.00,0.00%,0,0.00%,$0.00,0.00%,$12.89,$0.84,$0.00,$0.00,$0.00,$0.00,0.00%,$0.00,0.00%,$0.00,0.00%,$0.84,6.52%,$12.05,93.48%
"2 - zCLOSED_NR2_RM_2_PAYARC_EVO_SpecifiConLLC_9181_55K",1,"Stetson Cowboy Hat (White)","DP1 V3",Visa,Sunday,443040,1,1,100.00%,0,0.00%,1,1,100.00%,0,0.00%,1,0,$0.00,1,0.00%,0,0,$0.00,0,0.00%,0,0,0,$0.00,$0.00,$0.00,$0.00,$0.00,$0.00,$0.00,$0.00,$0.00,$0.00,0.00%,0,0.00%,$0.00,0.00%,0,0.00%,$0.00,0.00%,0,0.00%,$0.00,0.00%,0,0.00%,$0.00,0.00%,$0.00,$0.20,$0.00,$0.00,$0.00,$0.00,0.00%,$0.00,0.00%,$0.00,0.00%,$0.20,0.00%,$-0.20,0.00%
"21 - RM_21_QUANT_CBSL_BrightAdvantageLLC_3462_25K",1,"Armourtred S7S High-Cut Boots","DP1 V3",Visa,Sunday,475056,1,1,100.00%,0,0.00%,1,1,100.00%,0,0.00%,1,0,$0.00,1,0.00%,0,0,$0.00,0,0.00%,0,0,0,$0.00,$0.00,$0.00,$0.00,$0.00,$0.00,$0.00,$0.00,$0.00,$0.00,0.00%,0,0.00%,$0.00,0.00%,0,0.00%,$0.00,0.00%,0,0.00%,$0.00,0.00%,0,0.00%,$0.00,0.00%,$0.00,$0.20,$0.00,$0.00,$0.00,$0.00,0.00%,$0.00,0.00%,$0.00,0.00%,$0.20,0.00%,$-0.20,0.00%
"21 - RM_21_QUANT_CBSL_BrightAdvantageLLC_3462_25K",1,"Ford Mustang Electric Bike Blue","DP1 V3",Mastercard,Sunday,520282,1,0,0.00%,1,100.00%,1,0,0.00%,1,100.00%,1,1,$12.89,0,100.00%,0,0,$0.00,0,0.00%,1,1,1,$12.89,$0.00,$0.00,$12.89,$0.00,$0.00,$12.89,$0.00,$12.89,$0.00,0.00%,0,0.00%,$0.00,0.00%,0,0.00%,$0.00,0.00%,0,0.00%,$0.00,0.00%,0,0.00%,$0.00,0.00%,$12.89,$0.84,$0.00,$0.00,$0.00,$0.00,0.00%,$0.00,0.00%,$0.00,0.00%,$0.84,6.52%,$12.05,93.48%
"21 - RM_21_QUANT_CBSL_BrightAdvantageLLC_3462_25K",1,"Ford Mustang Electric Bike Blue","DP1 V3",Visa,Sunday,419025,1,0,0.00%,1,100.00%,1,0,0.00%,1,100.00%,1,1,$12.89,0,100.00%,0,0,$0.00,0,0.00%,1,1,1,$12.89,$0.00,$0.00,$12.89,$0.00,$0.00,$12.89,$0.00,$12.89,$0.00,0.00%,0,0.00%,$0.00,0.00%,0,0.00%,$0.00,0.00%,0,0.00%,$0.00,0.00%,0,0.00%,$0.00,0.00%,$12.89,$0.84,$0.00,$0.00,$0.00,$0.00,0.00%,$0.00,0.00%,$0.00,0.00%,$0.84,6.52%,$12.05,93.48%
"21 - RM_21_QUANT_CBSL_BrightAdvantageLLC_3462_25K",1,"Ford Mustang Electric Bike Blue","DP1 V3",Visa,Sunday,426684,1,1,100.00%,0,0.00%,1,1,100.00%,0,0.00%,1,0,$0.00,1,0.00%,0,0,$0.00,0,0.00%,0,0,0,$0.00,$0.00,$0.00,$0.00,$0.00,$0.00,$0.00,$0.00,$0.00,$0.00,0.00%,0,0.00%,$0.00,0.00%,0,0.00%,$0.00,0.00%,0,0.00%,$0.00,0.00%,0,0.00%,$0.00,0.00%,$0.00,$0.20,$0.00,$0.00,$0.00,$0.00,0.00%,$0.00,0.00%,$0.00,0.00%,$0.20,0.00%,$-0.20,0.00%
"21 - RM_21_QUANT_CBSL_BrightAdvantageLLC_3462_25K",1,"Ford Mustang Electric Bike Yellow","DP1 V3",Mastercard,Sunday,513063,1,1,100.00%,0,0.00%,1,1,100.00%,0,0.00%,1,0,$0.00,1,0.00%,0,0,$0.00,0,0.00%,0,0,0,$0.00,$0.00,$0.00,$0.00,$0.00,$0.00,$0.00,$0.00,$0.00,$0.00,0.00%,0,0.00%,$0.00,0.00%,0,0.00%,$0.00,0.00%,0,0.00%,$0.00,0.00%,0,0.00%,$0.00,0.00%,$0.00,$0.20,$0.00,$0.00,$0.00,$0.00,0.00%,$0.00,0.00%,$0.00,0.00%,$0.20,0.00%,$-0.20,0.00%
"21 - RM_21_QUANT_CBSL_BrightAdvantageLLC_3462_25K",1,"Ford Mustang Electric Bike Yellow","DP1 V3",Visa,Sunday,498503,1,1,100.00%,0,0.00%,1,1,100.00%,0,0.00%,1,0,$0.00,1,0.00%,0,0,$0.00,0,0.00%,0,0,0,$0.00,$0.00,$0.00,$0.00,$0.00,$0.00,$0.00,$0.00,$0.00,$0.00,0.00%,0,0.00%,$0.00,0.00%,0,0.00%,$0.00,0.00%,0,0.00%,$0.00,0.00%,0,0.00%,$0.00,0.00%,$0.00,$0.20,$0.00,$0.00,$0.00,$0.00,0.00%,$0.00,0.00%,$0.00,0.00%,$0.20,0.00%,$-0.20,0.00%
"21 - RM_21_QUANT_CBSL_BrightAdvantageLLC_3462_25K",1,"Lab DF3 Golf Putter","DP1 V3",Mastercard,Sunday,544372,1,1,100.00%,0,0.00%,1,1,100.00%,0,0.00%,1,0,$0.00,1,0.00%,0,0,$0.00,0,0.00%,0,0,0,$0.00,$0.00,$0.00,$0.00,$0.00,$0.00,$0.00,$0.00,$0.00,$0.00,0.00%,0,0.00%,$0.00,0.00%,0,0.00%,$0.00,0.00%,0,0.00%,$0.00,0.00%,0,0.00%,$0.00,0.00%,$0.00,$0.20,$0.00,$0.00,$0.00,$0.00,0.00%,$0.00,0.00%,$0.00,0.00%,$0.20,0.00%,$-0.20,0.00%
"21 - RM_21_QUANT_CBSL_BrightAdvantageLLC_3462_25K",1,"Omaha Steaks Meat Box","DP1 V3",Mastercard,Sunday,527854,1,1,100.00%,0,0.00%,1,1,100.00%,0,0.00%,1,0,$0.00,1,0.00%,0,0,$0.00,0,0.00%,0,0,0,$0.00,$0.00,$0.00,$0.00,$0.00,$0.00,$0.00,$0.00,$0.00,$0.00,0.00%,0,0.00%,$0.00,0.00%,0,0.00%,$0.00,0.00%,0,0.00%,$0.00,0.00%,0,0.00%,$0.00,0.00%,$0.00,$0.20,$0.00,$0.00,$0.00,$0.00,0.00%,$0.00,0.00%,$0.00,0.00%,$0.20,0.00%,$-0.20,0.00%
"21 - RM_21_QUANT_CBSL_BrightAdvantageLLC_3462_25K",1,"Omaha Steaks Meat Box","DP1 V3",Mastercard,Sunday,542428,1,1,100.00%,0,0.00%,1,1,100.00%,0,0.00%,1,0,$0.00,1,0.00%,0,0,$0.00,0,0.00%,0,0,0,$0.00,$0.00,$0.00,$0.00,$0.00,$0.00,$0.00,$0.00,$0.00,$0.00,0.00%,0,0.00%,$0.00,0.00%,0,0.00%,$0.00,0.00%,0,0.00%,$0.00,0.00%,0,0.00%,$0.00,0.00%,$0.00,$0.20,$0.00,$0.00,$0.00,$0.00,0.00%,$0.00,0.00%,$0.00,0.00%,$0.20,0.00%,$-0.20,0.00%
"21 - RM_21_QUANT_CBSL_BrightAdvantageLLC_3462_25K",1,"Omaha Steaks Meat Box","DP1 V3",Mastercard,Sunday,546616,1,0,0.00%,1,100.00%,1,0,0.00%,1,100.00%,1,1,$12.89,0,100.00%,0,0,$0.00,0,0.00%,1,1,1,$12.89,$0.00,$0.00,$12.89,$0.00,$0.00,$12.89,$0.00,$12.89,$12.89,100.00%,0,0.00%,$0.00,0.00%,0,0.00%,$0.00,0.00%,0,0.00%,$0.00,0.00%,1,100.00%,$12.89,100.00%,$0.00,$0.84,$0.00,$0.00,$0.00,$0.00,0.00%,$0.00,0.00%,$0.00,0.00%,$0.84,6.52%,$-0.84,-6.52%
"21 - RM_21_QUANT_CBSL_BrightAdvantageLLC_3462_25K",1,"Omaha Steaks Meat Box","DP1 V3",Visa,Sunday,403827,1,0,0.00%,1,100.00%,1,0,0.00%,1,100.00%,1,1,$12.89,0,100.00%,0,0,$0.00,0,0.00%,1,1,1,$12.89,$0.00,$0.00,$12.89,$0.00,$0.00,$12.89,$0.00,$12.89,$0.00,0.00%,0,0.00%,$0.00,0.00%,0,0.00%,$0.00,0.00%,0,0.00%,$0.00,0.00%,0,0.00%,$0.00,0.00%,$12.89,$0.84,$0.00,$0.00,$0.00,$0.00,0.00%,$0.00,0.00%,$0.00,0.00%,$0.84,6.52%,$12.05,93.48%
"21 - RM_21_QUANT_CBSL_BrightAdvantageLLC_3462_25K",1,"Omaha Steaks Meat Box","DP1 V3",Visa,Sunday,464455,1,0,0.00%,1,100.00%,1,0,0.00%,1,100.00%,1,1,$12.89,0,100.00%,0,0,$0.00,0,0.00%,1,1,1,$12.89,$0.00,$0.00,$12.89,$0.00,$0.00,$12.89,$0.00,$12.89,$0.00,0.00%,0,0.00%,$0.00,0.00%,0,0.00%,$0.00,0.00%,0,0.00%,$0.00,0.00%,0,0.00%,$0.00,0.00%,$12.89,$0.84,$0.00,$0.00,$0.00,$0.00,0.00%,$0.00,0.00%,$0.00,0.00%,$0.84,6.52%,$12.05,93.48%
"21 - RM_21_QUANT_CBSL_BrightAdvantageLLC_3462_25K",1,"Omaha Steaks Meat Box","DP1 V3",Visa,Sunday,498503,1,1,100.00%,0,0.00%,1,1,100.00%,0,0.00%,1,0,$0.00,1,0.00%,0,0,$0.00,0,0.00%,0,0,0,$0.00,$0.00,$0.00,$0.00,$0.00,$0.00,$0.00,$0.00,$0.00,$0.00,0.00%,0,0.00%,$0.00,0.00%,0,0.00%,$0.00,0.00%,0,0.00%,$0.00,0.00%,0,0.00%,$0.00,0.00%,$0.00,$0.20,$0.00,$0.00,$0.00,$0.00,0.00%,$0.00,0.00%,$0.00,0.00%,$0.20,0.00%,$-0.20,0.00%
"21 - RM_21_QUANT_CBSL_BrightAdvantageLLC_3462_25K",1,"Stetson Cowboy Hat (White)","DP1 V3",Mastercard,Sunday,527690,1,0,0.00%,1,100.00%,1,0,0.00%,1,100.00%,1,1,$12.89,0,100.00%,0,0,$0.00,0,0.00%,1,1,1,$12.89,$0.00,$0.00,$12.89,$0.00,$0.00,$12.89,$0.00,$12.89,$12.89,100.00%,0,0.00%,$0.00,0.00%,0,0.00%,$0.00,0.00%,0,0.00%,$0.00,0.00%,1,100.00%,$12.89,100.00%,$0.00,$0.84,$0.00,$0.00,$0.00,$0.00,0.00%,$0.00,0.00%,$0.00,0.00%,$0.84,6.52%,$-0.84,-6.52%
"22 - RM_22_QUANT_CBSL_BrightAdvantageLLC_3454_25K",1,"Armourtred S7S High-Cut Boots","DP1 V3",Visa,Sunday,475686,1,0,0.00%,1,100.00%,1,0,0.00%,1,100.00%,1,1,$12.89,0,100.00%,0,0,$0.00,0,0.00%,1,1,1,$12.89,$0.00,$0.00,$12.89,$0.00,$0.00,$12.89,$0.00,$12.89,$0.00,0.00%,0,0.00%,$0.00,0.00%,0,0.00%,$0.00,0.00%,0,0.00%,$0.00,0.00%,0,0.00%,$0.00,0.00%,$12.89,$0.84,$0.00,$0.00,$0.00,$0.00,0.00%,$0.00,0.00%,$0.00,0.00%,$0.84,6.52%,$12.05,93.48%
"22 - RM_22_QUANT_CBSL_BrightAdvantageLLC_3454_25K",1,"Ford Mustang Electric Bike Blue","DP1 V3",Visa,Sunday,403784,1,1,100.00%,0,0.00%,1,1,100.00%,0,0.00%,1,0,$0.00,1,0.00%,0,0,$0.00,0,0.00%,0,0,0,$0.00,$0.00,$0.00,$0.00,$0.00,$0.00,$0.00,$0.00,$0.00,$0.00,0.00%,0,0.00%,$0.00,0.00%,0,0.00%,$0.00,0.00%,0,0.00%,$0.00,0.00%,0,0.00%,$0.00,0.00%,$0.00,$0.20,$0.00,$0.00,$0.00,$0.00,0.00%,$0.00,0.00%,$0.00,0.00%,$0.20,0.00%,$-0.20,0.00%
"22 - RM_22_QUANT_CBSL_BrightAdvantageLLC_3454_25K",1,"Ford Mustang Electric Bike Blue","DP1 V3",Visa,Sunday,430605,1,0,0.00%,1,100.00%,1,0,0.00%,1,100.00%,1,1,$12.89,0,100.00%,0,0,$0.00,0,0.00%,1,1,1,$12.89,$0.00,$0.00,$12.89,$0.00,$0.00,$12.89,$0.00,$12.89,$0.00,0.00%,0,0.00%,$0.00,0.00%,0,0.00%,$0.00,0.00%,0,0.00%,$0.00,0.00%,0,0.00%,$0.00,0.00%,$12.89,$0.84,$0.00,$0.00,$0.00,$0.00,0.00%,$0.00,0.00%,$0.00,0.00%,$0.84,6.52%,$12.05,93.48%
"22 - RM_22_QUANT_CBSL_BrightAdvantageLLC_3454_25K",1,"Ford Mustang Electric Bike Yellow","DP1 V3",Visa,Sunday,415977,1,0,0.00%,1,100.00%,1,0,0.00%,1,100.00%,1,1,$12.89,0,100.00%,0,0,$0.00,0,0.00%,1,1,1,$12.89,$0.00,$0.00,$12.89,$0.00,$0.00,$12.89,$0.00,$12.89,$0.00,0.00%,0,0.00%,$0.00,0.00%,0,0.00%,$0.00,0.00%,0,0.00%,$0.00,0.00%,0,0.00%,$0.00,0.00%,$12.89,$0.84,$0.00,$0.00,$0.00,$0.00,0.00%,$0.00,0.00%,$0.00,0.00%,$0.84,6.52%,$12.05,93.48%
"22 - RM_22_QUANT_CBSL_BrightAdvantageLLC_3454_25K",1,"Ford Mustang Electric Bike Yellow","DP1 V3",Visa,Sunday,423223,1,1,100.00%,0,0.00%,1,1,100.00%,0,0.00%,1,0,$0.00,1,0.00%,0,0,$0.00,0,0.00%,0,0,0,$0.00,$0.00,$0.00,$0.00,$0.00,$0.00,$0.00,$0.00,$0.00,$0.00,0.00%,0,0.00%,$0.00,0.00%,0,0.00%,$0.00,0.00%,0,0.00%,$0.00,0.00%,0,0.00%,$0.00,0.00%,$0.00,$0.20,$0.00,$0.00,$0.00,$0.00,0.00%,$0.00,0.00%,$0.00,0.00%,$0.20,0.00%,$-0.20,0.00%
"22 - RM_22_QUANT_CBSL_BrightAdvantageLLC_3454_25K",1,"Ford Mustang Electric Bike Yellow","DP1 V3",Visa,Sunday,426684,1,1,100.00%,0,0.00%,1,1,100.00%,0,0.00%,1,0,$0.00,1,0.00%,0,0,$0.00,0,0.00%,0,0,0,$0.00,$0.00,$0.00,$0.00,$0.00,$0.00,$0.00,$0.00,$0.00,$0.00,0.00%,0,0.00%,$0.00,0.00%,0,0.00%,$0.00,0.00%,0,0.00%,$0.00,0.00%,0,0.00%,$0.00,0.00%,$0.00,$0.20,$0.00,$0.00,$0.00,$0.00,0.00%,$0.00,0.00%,$0.00,0.00%,$0.20,0.00%,$-0.20,0.00%
"22 - RM_22_QUANT_CBSL_BrightAdvantageLLC_3454_25K",1,"Ford Mustang Electric Bike Yellow","DP1 V3",Visa,Sunday,434257,1,0,0.00%,1,100.00%,1,0,0.00%,1,100.00%,1,1,$12.89,0,100.00%,0,0,$0.00,0,0.00%,1,1,1,$12.89,$0.00,$0.00,$12.89,$0.00,$0.00,$12.89,$0.00,$12.89,$12.89,100.00%,0,0.00%,$0.00,0.00%,1,100.00%,$12.89,100.00%,0,0.00%,$0.00,0.00%,0,0.00%,$0.00,0.00%,$0.00,$0.84,$0.00,$0.00,$0.00,$0.00,0.00%,$0.00,0.00%,$0.00,0.00%,$0.84,6.52%,$-0.84,-6.52%
"22 - RM_22_QUANT_CBSL_BrightAdvantageLLC_3454_25K",1,"Ford Mustang Electric Bike Yellow","DP1 V3",Visa,Sunday,457431,1,1,100.00%,0,0.00%,1,1,100.00%,0,0.00%,1,0,$0.00,1,0.00%,0,0,$0.00,0,0.00%,0,0,0,$0.00,$0.00,$0.00,$0.00,$0.00,$0.00,$0.00,$0.00,$0.00,$0.00,0.00%,0,0.00%,$0.00,0.00%,0,0.00%,$0.00,0.00%,0,0.00%,$0.00,0.00%,0,0.00%,$0.00,0.00%,$0.00,$0.20,$0.00,$0.00,$0.00,$0.00,0.00%,$0.00,0.00%,$0.00,0.00%,$0.20,0.00%,$-0.20,0.00%
"22 - RM_22_QUANT_CBSL_BrightAdvantageLLC_3454_25K",1,"Omaha Steaks Meat Box","DP1 V3",Visa,Sunday,468839,1,1,100.00%,0,0.00%,1,1,100.00%,0,0.00%,1,0,$0.00,1,0.00%,0,0,$0.00,0,0.00%,0,0,0,$0.00,$0.00,$0.00,$0.00,$0.00,$0.00,$0.00,$0.00,$0.00,$0.00,0.00%,0,0.00%,$0.00,0.00%,0,0.00%,$0.00,0.00%,0,0.00%,$0.00,0.00%,0,0.00%,$0.00,0.00%,$0.00,$0.20,$0.00,$0.00,$0.00,$0.00,0.00%,$0.00,0.00%,$0.00,0.00%,$0.20,0.00%,$-0.20,0.00%
"24 - GY_RM_24_QUANT_CBSL_BrightAdvantageLLC_3488_25K",1,"Armourtred S7S High-Cut Boots","DP1 V3",Mastercard,Sunday,550442,1,1,100.00%,0,0.00%,1,1,100.00%,0,0.00%,1,0,$0.00,1,0.00%,0,0,$0.00,0,0.00%,0,0,0,$0.00,$0.00,$0.00,$0.00,$0.00,$0.00,$0.00,$0.00,$0.00,$0.00,0.00%,0,0.00%,$0.00,0.00%,0,0.00%,$0.00,0.00%,0,0.00%,$0.00,0.00%,0,0.00%,$0.00,0.00%,$0.00,$0.20,$0.00,$0.00,$0.00,$0.00,0.00%,$0.00,0.00%,$0.00,0.00%,$0.20,0.00%,$-0.20,0.00%
"24 - GY_RM_24_QUANT_CBSL_BrightAdvantageLLC_3488_25K",1,"Armourtred S7S High-Cut Boots","DP1 V3",Visa,Sunday,403784,1,1,100.00%,0,0.00%,1,1,100.00%,0,0.00%,1,0,$0.00,1,0.00%,0,0,$0.00,0,0.00%,0,0,0,$0.00,$0.00,$0.00,$0.00,$0.00,$0.00,$0.00,$0.00,$0.00,$0.00,0.00%,0,0.00%,$0.00,0.00%,0,0.00%,$0.00,0.00%,0,0.00%,$0.00,0.00%,0,0.00%,$0.00,0.00%,$0.00,$0.20,$0.00,$0.00,$0.00,$0.00,0.00%,$0.00,0.00%,$0.00,0.00%,$0.20,0.00%,$-0.20,0.00%
"24 - GY_RM_24_QUANT_CBSL_BrightAdvantageLLC_3488_25K",1,"Ford Mustang Electric Bike Blue","DP1 V3",Mastercard,Sunday,521260,1,1,100.00%,0,0.00%,1,1,100.00%,0,0.00%,1,0,$0.00,1,0.00%,0,0,$0.00,0,0.00%,0,0,0,$0.00,$0.00,$0.00,$0.00,$0.00,$0.00,$0.00,$0.00,$0.00,$0.00,0.00%,0,0.00%,$0.00,0.00%,0,0.00%,$0.00,0.00%,0,0.00%,$0.00,0.00%,0,0.00%,$0.00,0.00%,$0.00,$0.20,$0.00,$0.00,$0.00,$0.00,0.00%,$0.00,0.00%,$0.00,0.00%,$0.20,0.00%,$-0.20,0.00%
"24 - GY_RM_24_QUANT_CBSL_BrightAdvantageLLC_3488_25K",1,"Ford Mustang Electric Bike Blue","DP1 V3",Mastercard,Sunday,546309,1,1,100.00%,0,0.00%,1,1,100.00%,0,0.00%,1,0,$0.00,1,0.00%,0,0,$0.00,0,0.00%,0,0,0,$0.00,$0.00,$0.00,$0.00,$0.00,$0.00,$0.00,$0.00,$0.00,$0.00,0.00%,0,0.00%,$0.00,0.00%,0,0.00%,$0.00,0.00%,0,0.00%,$0.00,0.00%,0,0.00%,$0.00,0.00%,$0.00,$0.20,$0.00,$0.00,$0.00,$0.00,0.00%,$0.00,0.00%,$0.00,0.00%,$0.20,0.00%,$-0.20,0.00%
"24 - GY_RM_24_QUANT_CBSL_BrightAdvantageLLC_3488_25K",1,"Ford Mustang Electric Bike Blue","DP1 V3",Visa,Sunday,444796,1,0,0.00%,1,100.00%,1,0,0.00%,1,100.00%,1,1,$12.89,0,100.00%,0,0,$0.00,0,0.00%,1,1,1,$12.89,$0.00,$0.00,$12.89,$0.00,$0.00,$12.89,$0.00,$12.89,$12.89,100.00%,0,0.00%,$0.00,0.00%,0,0.00%,$0.00,0.00%,0,0.00%,$0.00,0.00%,1,100.00%,$12.89,100.00%,$0.00,$0.84,$0.00,$0.00,$0.00,$0.00,0.00%,$0.00,0.00%,$0.00,0.00%,$0.84,6.52%,$-0.84,-6.52%
"24 - GY_RM_24_QUANT_CBSL_BrightAdvantageLLC_3488_25K",1,"Ford Mustang Electric Bike Blue","DP1 V3",Visa,Sunday,498503,1,1,100.00%,0,0.00%,1,1,100.00%,0,0.00%,1,0,$0.00,1,0.00%,0,0,$0.00,0,0.00%,0,0,0,$0.00,$0.00,$0.00,$0.00,$0.00,$0.00,$0.00,$0.00,$0.00,$0.00,0.00%,0,0.00%,$0.00,0.00%,0,0.00%,$0.00,0.00%,0,0.00%,$0.00,0.00%,0,0.00%,$0.00,0.00%,$0.00,$0.20,$0.00,$0.00,$0.00,$0.00,0.00%,$0.00,0.00%,$0.00,0.00%,$0.20,0.00%,$-0.20,0.00%
"24 - GY_RM_24_QUANT_CBSL_BrightAdvantageLLC_3488_25K",1,"Ford Mustang Electric Bike Yellow","DP1 V3",Mastercard,Sunday,526926,1,1,100.00%,0,0.00%,1,1,100.00%,0,0.00%,1,0,$0.00,1,0.00%,0,0,$0.00,0,0.00%,0,0,0,$0.00,$0.00,$0.00,$0.00,$0.00,$0.00,$0.00,$0.00,$0.00,$0.00,0.00%,0,0.00%,$0.00,0.00%,0,0.00%,$0.00,0.00%,0,0.00%,$0.00,0.00%,0,0.00%,$0.00,0.00%,$0.00,$0.20,$0.00,$0.00,$0.00,$0.00,0.00%,$0.00,0.00%,$0.00,0.00%,$0.20,0.00%,$-0.20,0.00%
"24 - GY_RM_24_QUANT_CBSL_BrightAdvantageLLC_3488_25K",1,"Ford Mustang Electric Bike Yellow","DP1 V3",Mastercard,Sunday,546213,1,0,0.00%,1,100.00%,1,0,0.00%,1,100.00%,1,1,$12.89,0,100.00%,0,0,$0.00,0,0.00%,1,1,1,$12.89,$0.00,$0.00,$12.89,$0.00,$0.00,$12.89,$0.00,$12.89,$0.00,0.00%,0,0.00%,$0.00,0.00%,0,0.00%,$0.00,0.00%,0,0.00%,$0.00,0.00%,0,0.00%,$0.00,0.00%,$12.89,$0.84,$0.00,$0.00,$0.00,$0.00,0.00%,$0.00,0.00%,$0.00,0.00%,$0.84,6.52%,$12.05,93.48%
"24 - GY_RM_24_QUANT_CBSL_BrightAdvantageLLC_3488_25K",1,"Ford Mustang Electric Bike Yellow","DP1 V3",Visa,Sunday,400022,1,0,0.00%,1,100.00%,1,0,0.00%,1,100.00%,1,1,$12.89,0,100.00%,0,0,$0.00,0,0.00%,1,1,1,$12.89,$0.00,$0.00,$12.89,$0.00,$0.00,$12.89,$0.00,$12.89,$0.00,0.00%,0,0.00%,$0.00,0.00%,0,0.00%,$0.00,0.00%,0,0.00%,$0.00,0.00%,0,0.00%,$0.00,0.00%,$12.89,$0.84,$0.00,$0.00,$0.00,$0.00,0.00%,$0.00,0.00%,$0.00,0.00%,$0.84,6.52%,$12.05,93.48%
"24 - GY_RM_24_QUANT_CBSL_BrightAdvantageLLC_3488_25K",1,"Ford Mustang Electric Bike Yellow","DP1 V3",Visa,Sunday,423223,1,1,100.00%,0,0.00%,1,1,100.00%,0,0.00%,1,0,$0.00,1,0.00%,0,0,$0.00,0,0.00%,0,0,0,$0.00,$0.00,$0.00,$0.00,$0.00,$0.00,$0.00,$0.00,$0.00,$0.00,0.00%,0,0.00%,$0.00,0.00%,0,0.00%,$0.00,0.00%,0,0.00%,$0.00,0.00%,0,0.00%,$0.00,0.00%,$0.00,$0.20,$0.00,$0.00,$0.00,$0.00,0.00%,$0.00,0.00%,$0.00,0.00%,$0.20,0.00%,$-0.20,0.00%
"24 - GY_RM_24_QUANT_CBSL_BrightAdvantageLLC_3488_25K",1,"Ford Mustang Electric Bike Yellow","DP1 V3",Visa,Sunday,444796,1,1,100.00%,0,0.00%,1,1,100.00%,0,0.00%,1,0,$0.00,1,0.00%,0,0,$0.00,0,0.00%,0,0,0,$0.00,$0.00,$0.00,$0.00,$0.00,$0.00,$0.00,$0.00,$0.00,$0.00,0.00%,0,0.00%,$0.00,0.00%,0,0.00%,$0.00,0.00%,0,0.00%,$0.00,0.00%,0,0.00%,$0.00,0.00%,$0.00,$0.20,$0.00,$0.00,$0.00,$0.00,0.00%,$0.00,0.00%,$0.00,0.00%,$0.20,0.00%,$-0.20,0.00%
"24 - GY_RM_24_QUANT_CBSL_BrightAdvantageLLC_3488_25K",1,"Ford Mustang Electric Bike Yellow","DP1 V3",Visa,Sunday,445208,1,1,100.00%,0,0.00%,1,1,100.00%,0,0.00%,1,0,$0.00,1,0.00%,0,0,$0.00,0,0.00%,0,0,0,$0.00,$0.00,$0.00,$0.00,$0.00,$0.00,$0.00,$0.00,$0.00,$0.00,0.00%,0,0.00%,$0.00,0.00%,0,0.00%,$0.00,0.00%,0,0.00%,$0.00,0.00%,0,0.00%,$0.00,0.00%,$0.00,$0.20,$0.00,$0.00,$0.00,$0.00,0.00%,$0.00,0.00%,$0.00,0.00%,$0.20,0.00%,$-0.20,0.00%
"24 - GY_RM_24_QUANT_CBSL_BrightAdvantageLLC_3488_25K",1,"Garmin - ECHOMAP Fish Finder","DP1 V3",Visa,Sunday,403924,1,1,100.00%,0,0.00%,1,1,100.00%,0,0.00%,1,0,$0.00,1,0.00%,0,0,$0.00,0,0.00%,0,0,0,$0.00,$0.00,$0.00,$0.00,$0.00,$0.00,$0.00,$0.00,$0.00,$0.00,0.00%,0,0.00%,$0.00,0.00%,0,0.00%,$0.00,0.00%,0,0.00%,$0.00,0.00%,0,0.00%,$0.00,0.00%,$0.00,$0.20,$0.00,$0.00,$0.00,$0.00,0.00%,$0.00,0.00%,$0.00,0.00%,$0.20,0.00%,$-0.20,0.00%
"24 - GY_RM_24_QUANT_CBSL_BrightAdvantageLLC_3488_25K",1,"John Deere Merchandise Set","DP1 V3",Mastercard,Sunday,521333,1,1,100.00%,0,0.00%,1,1,100.00%,0,0.00%,1,0,$0.00,1,0.00%,0,0,$0.00,0,0.00%,0,0,0,$0.00,$0.00,$0.00,$0.00,$0.00,$0.00,$0.00,$0.00,$0.00,$0.00,0.00%,0,0.00%,$0.00,0.00%,0,0.00%,$0.00,0.00%,0,0.00%,$0.00,0.00%,0,0.00%,$0.00,0.00%,$0.00,$0.20,$0.00,$0.00,$0.00,$0.00,0.00%,$0.00,0.00%,$0.00,0.00%,$0.20,0.00%,$-0.20,0.00%
"24 - GY_RM_24_QUANT_CBSL_BrightAdvantageLLC_3488_25K",1,"Lab DF3 Golf Putter","DP1 V3",Visa,Sunday,443047,1,0,0.00%,1,100.00%,1,0,0.00%,1,100.00%,1,1,$12.89,0,100.00%,0,0,$0.00,0,0.00%,1,1,1,$12.89,$0.00,$0.00,$12.89,$0.00,$0.00,$12.89,$0.00,$12.89,$0.00,0.00%,0,0.00%,$0.00,0.00%,0,0.00%,$0.00,0.00%,0,0.00%,$0.00,0.00%,0,0.00%,$0.00,0.00%,$12.89,$0.84,$0.00,$0.00,$0.00,$0.00,0.00%,$0.00,0.00%,$0.00,0.00%,$0.84,6.52%,$12.05,93.48%
"24 - GY_RM_24_QUANT_CBSL_BrightAdvantageLLC_3488_25K",1,"Milwaukee - Armourtred S7S High-Cut Boots","DP1 V3",Visa,Sunday,433177,1,1,100.00%,0,0.00%,1,1,100.00%,0,0.00%,1,0,$0.00,1,0.00%,0,0,$0.00,0,0.00%,0,0,0,$0.00,$0.00,$0.00,$0.00,$0.00,$0.00,$0.00,$0.00,$0.00,$0.00,0.00%,0,0.00%,$0.00,0.00%,0,0.00%,$0.00,0.00%,0,0.00%,$0.00,0.00%,0,0.00%,$0.00,0.00%,$0.00,$0.20,$0.00,$0.00,$0.00,$0.00,0.00%,$0.00,0.00%,$0.00,0.00%,$0.20,0.00%,$-0.20,0.00%
"24 - GY_RM_24_QUANT_CBSL_BrightAdvantageLLC_3488_25K",1,"Omaha Steaks Meat Box","DP1 V3",Mastercard,Sunday,541065,1,0,0.00%,1,100.00%,1,0,0.00%,1,100.00%,1,1,$12.89,0,100.00%,0,0,$0.00,0,0.00%,1,1,1,$12.89,$0.00,$0.00,$12.89,$0.00,$0.00,$12.89,$0.00,$12.89,$0.00,0.00%,0,0.00%,$0.00,0.00%,0,0.00%,$0.00,0.00%,0,0.00%,$0.00,0.00%,0,0.00%,$0.00,0.00%,$12.89,$0.84,$0.00,$0.00,$0.00,$0.00,0.00%,$0.00,0.00%,$0.00,0.00%,$0.84,6.52%,$12.05,93.48%
"25 - GY_NR1_RM_25_QUANT_CBSL_UniquePlusLLC_3389_25K",1,"5 Domestic flights","DP1 V3",Mastercard,Sunday,515036,1,0,0.00%,1,100.00%,1,0,0.00%,1,100.00%,1,1,$12.89,0,100.00%,0,0,$0.00,0,0.00%,1,1,1,$12.89,$0.00,$0.00,$12.89,$0.00,$0.00,$12.89,$0.00,$12.89,$0.00,0.00%,0,0.00%,$0.00,0.00%,0,0.00%,$0.00,0.00%,0,0.00%,$0.00,0.00%,0,0.00%,$0.00,0.00%,$12.89,$0.84,$0.00,$0.00,$0.00,$0.00,0.00%,$0.00,0.00%,$0.00,0.00%,$0.84,6.52%,$12.05,93.48%
"25 - GY_NR1_RM_25_QUANT_CBSL_UniquePlusLLC_3389_25K",1,"Armourtred S7S High-Cut Boots","DP1 V3",Mastercard,Sunday,514377,1,0,0.00%,1,100.00%,1,0,0.00%,1,100.00%,1,1,$12.89,0,100.00%,0,0,$0.00,0,0.00%,1,1,1,$12.89,$0.00,$0.00,$12.89,$0.00,$0.00,$12.89,$0.00,$12.89,$0.00,0.00%,0,0.00%,$0.00,0.00%,0,0.00%,$0.00,0.00%,0,0.00%,$0.00,0.00%,0,0.00%,$0.00,0.00%,$12.89,$0.84,$0.00,$0.00,$0.00,$0.00,0.00%,$0.00,0.00%,$0.00,0.00%,$0.84,6.52%,$12.05,93.48%
"25 - GY_NR1_RM_25_QUANT_CBSL_UniquePlusLLC_3389_25K",1,"Armourtred S7S High-Cut Boots","DP1 V3",Mastercard,Sunday,517546,1,0,0.00%,1,100.00%,1,0,0.00%,1,100.00%,1,1,$12.89,0,100.00%,0,0,$0.00,0,0.00%,1,1,1,$12.89,$0.00,$0.00,$12.89,$0.00,$0.00,$12.89,$0.00,$12.89,$0.00,0.00%,0,0.00%,$0.00,0.00%,0,0.00%,$0.00,0.00%,0,0.00%,$0.00,0.00%,0,0.00%,$0.00,0.00%,$12.89,$0.84,$0.00,$0.00,$0.00,$0.00,0.00%,$0.00,0.00%,$0.00,0.00%,$0.84,6.52%,$12.05,93.48%
"25 - GY_NR1_RM_25_QUANT_CBSL_UniquePlusLLC_3389_25K",1,"Ford Mustang Electric Bike Blue","DP1 V3",Mastercard,Sunday,517546,1,1,100.00%,0,0.00%,1,1,100.00%,0,0.00%,1,0,$0.00,1,0.00%,0,0,$0.00,0,0.00%,0,0,0,$0.00,$0.00,$0.00,$0.00,$0.00,$0.00,$0.00,$0.00,$0.00,$0.00,0.00%,0,0.00%,$0.00,0.00%,0,0.00%,$0.00,0.00%,0,0.00%,$0.00,0.00%,0,0.00%,$0.00,0.00%,$0.00,$0.20,$0.00,$0.00,$0.00,$0.00,0.00%,$0.00,0.00%,$0.00,0.00%,$0.20,0.00%,$-0.20,0.00%
"25 - GY_NR1_RM_25_QUANT_CBSL_UniquePlusLLC_3389_25K",1,"Ford Mustang Electric Bike Blue","DP1 V3",Visa,Sunday,434256,1,0,0.00%,1,100.00%,1,0,0.00%,1,100.00%,1,1,$12.89,0,100.00%,0,0,$0.00,0,0.00%,1,1,1,$12.89,$0.00,$0.00,$12.89,$0.00,$0.00,$12.89,$0.00,$12.89,$0.00,0.00%,0,0.00%,$0.00,0.00%,0,0.00%,$0.00,0.00%,0,0.00%,$0.00,0.00%,0,0.00%,$0.00,0.00%,$12.89,$0.84,$0.00,$0.00,$0.00,$0.00,0.00%,$0.00,0.00%,$0.00,0.00%,$0.84,6.52%,$12.05,93.48%
"25 - GY_NR1_RM_25_QUANT_CBSL_UniquePlusLLC_3389_25K",1,"Ford Mustang Electric Bike Yellow","DP1 V3",Mastercard,Sunday,514377,1,1,100.00%,0,0.00%,1,1,100.00%,0,0.00%,1,0,$0.00,1,0.00%,0,0,$0.00,0,0.00%,0,0,0,$0.00,$0.00,$0.00,$0.00,$0.00,$0.00,$0.00,$0.00,$0.00,$0.00,0.00%,0,0.00%,$0.00,0.00%,0,0.00%,$0.00,0.00%,0,0.00%,$0.00,0.00%,0,0.00%,$0.00,0.00%,$0.00,$0.20,$0.00,$0.00,$0.00,$0.00,0.00%,$0.00,0.00%,$0.00,0.00%,$0.20,0.00%,$-0.20,0.00%
"25 - GY_NR1_RM_25_QUANT_CBSL_UniquePlusLLC_3389_25K",1,"Ford Mustang Electric Bike Yellow","DP1 V3",Mastercard,Sunday,526219,1,0,0.00%,1,100.00%,1,0,0.00%,1,100.00%,1,1,$12.89,0,100.00%,0,0,$0.00,0,0.00%,1,1,1,$12.89,$0.00,$0.00,$12.89,$0.00,$0.00,$12.89,$0.00,$12.89,$25.78,200.00%,0,0.00%,$0.00,0.00%,0,0.00%,$0.00,0.00%,1,100.00%,$12.89,100.00%,1,100.00%,$12.89,100.00%,$-12.89,$35.84,$0.00,$0.00,$0.00,$0.00,0.00%,$35.00,271.53%,$0.00,0.00%,$0.84,6.52%,$-48.73,-378.04%
"27 - GY_RM_27_QUANT_CBSL_UniquePlusLLC_3363_25K",1,"5 Domestic flights","DP1 V3",Mastercard,Sunday,518752,1,1,100.00%,0,0.00%,1,1,100.00%,0,0.00%,1,0,$0.00,1,0.00%,0,0,$0.00,0,0.00%,0,0,0,$0.00,$0.00,$0.00,$0.00,$0.00,$0.00,$0.00,$0.00,$0.00,$0.00,0.00%,0,0.00%,$0.00,0.00%,0,0.00%,$0.00,0.00%,0,0.00%,$0.00,0.00%,0,0.00%,$0.00,0.00%,$0.00,$0.20,$0.00,$0.00,$0.00,$0.00,0.00%,$0.00,0.00%,$0.00,0.00%,$0.20,0.00%,$-0.20,0.00%
"27 - GY_RM_27_QUANT_CBSL_UniquePlusLLC_3363_25K",1,"5 Domestic flights","DP1 V3",Mastercard,Sunday,543701,1,1,100.00%,0,0.00%,1,1,100.00%,0,0.00%,1,0,$0.00,1,0.00%,0,0,$0.00,0,0.00%,0,0,0,$0.00,$0.00,$0.00,$0.00,$0.00,$0.00,$0.00,$0.00,$0.00,$0.00,0.00%,0,0.00%,$0.00,0.00%,0,0.00%,$0.00,0.00%,0,0.00%,$0.00,0.00%,0,0.00%,$0.00,0.00%,$0.00,$0.20,$0.00,$0.00,$0.00,$0.00,0.00%,$0.00,0.00%,$0.00,0.00%,$0.20,0.00%,$-0.20,0.00%
"27 - GY_RM_27_QUANT_CBSL_UniquePlusLLC_3363_25K",1,"Armourtred S7S High-Cut Boots","DP1 V3",Visa,Sunday,414709,1,1,100.00%,0,0.00%,1,1,100.00%,0,0.00%,1,0,$0.00,1,0.00%,0,0,$0.00,0,0.00%,0,0,0,$0.00,$0.00,$0.00,$0.00,$0.00,$0.00,$0.00,$0.00,$0.00,$0.00,0.00%,0,0.00%,$0.00,0.00%,0,0.00%,$0.00,0.00%,0,0.00%,$0.00,0.00%,0,0.00%,$0.00,0.00%,$0.00,$0.20,$0.00,$0.00,$0.00,$0.00,0.00%,$0.00,0.00%,$0.00,0.00%,$0.20,0.00%,$-0.20,0.00%
"27 - GY_RM_27_QUANT_CBSL_UniquePlusLLC_3363_25K",1,"Armourtred S7S High-Cut Boots","DP1 V3",Visa,Sunday,433419,1,1,100.00%,0,0.00%,1,1,100.00%,0,0.00%,1,0,$0.00,1,0.00%,0,0,$0.00,0,0.00%,0,0,0,$0.00,$0.00,$0.00,$0.00,$0.00,$0.00,$0.00,$0.00,$0.00,$0.00,0.00%,0,0.00%,$0.00,0.00%,0,0.00%,$0.00,0.00%,0,0.00%,$0.00,0.00%,0,0.00%,$0.00,0.00%,$0.00,$0.20,$0.00,$0.00,$0.00,$0.00,0.00%,$0.00,0.00%,$0.00,0.00%,$0.20,0.00%,$-0.20,0.00%
"27 - GY_RM_27_QUANT_CBSL_UniquePlusLLC_3363_25K",1,"Armourtred S7S High-Cut Boots","DP1 V3",Visa,Sunday,475055,1,1,100.00%,0,0.00%,1,1,100.00%,0,0.00%,1,0,$0.00,1,0.00%,0,0,$0.00,0,0.00%,0,0,0,$0.00,$0.00,$0.00,$0.00,$0.00,$0.00,$0.00,$0.00,$0.00,$0.00,0.00%,0,0.00%,$0.00,0.00%,0,0.00%,$0.00,0.00%,0,0.00%,$0.00,0.00%,0,0.00%,$0.00,0.00%,$0.00,$0.20,$0.00,$0.00,$0.00,$0.00,0.00%,$0.00,0.00%,$0.00,0.00%,$0.20,0.00%,$-0.20,0.00%
"27 - GY_RM_27_QUANT_CBSL_UniquePlusLLC_3363_25K",1,"Armourtred S7S High-Cut Boots","DP1 V3",Visa,Sunday,498503,1,1,100.00%,0,0.00%,1,1,100.00%,0,0.00%,1,0,$0.00,1,0.00%,0,0,$0.00,0,0.00%,0,0,0,$0.00,$0.00,$0.00,$0.00,$0.00,$0.00,$0.00,$0.00,$0.00,$0.00,0.00%,0,0.00%,$0.00,0.00%,0,0.00%,$0.00,0.00%,0,0.00%,$0.00,0.00%,0,0.00%,$0.00,0.00%,$0.00,$0.20,$0.00,$0.00,$0.00,$0.00,0.00%,$0.00,0.00%,$0.00,0.00%,$0.20,0.00%,$-0.20,0.00%
"27 - GY_RM_27_QUANT_CBSL_UniquePlusLLC_3363_25K",1,"Ford Mustang Electric Bike Blue","DP1 V3",Mastercard,Sunday,510137,1,1,100.00%,0,0.00%,1,1,100.00%,0,0.00%,1,0,$0.00,1,0.00%,0,0,$0.00,0,0.00%,0,0,0,$0.00,$0.00,$0.00,$0.00,$0.00,$0.00,$0.00,$0.00,$0.00,$0.00,0.00%,0,0.00%,$0.00,0.00%,0,0.00%,$0.00,0.00%,0,0.00%,$0.00,0.00%,0,0.00%,$0.00,0.00%,$0.00,$0.20,$0.00,$0.00,$0.00,$0.00,0.00%,$0.00,0.00%,$0.00,0.00%,$0.20,0.00%,$-0.20,0.00%
"27 - GY_RM_27_QUANT_CBSL_UniquePlusLLC_3363_25K",1,"Ford Mustang Electric Bike Blue","DP1 V3",Visa,Sunday,445171,1,1,100.00%,0,0.00%,1,1,100.00%,0,0.00%,1,0,$0.00,1,0.00%,0,0,$0.00,0,0.00%,0,0,0,$0.00,$0.00,$0.00,$0.00,$0.00,$0.00,$0.00,$0.00,$0.00,$0.00,0.00%,0,0.00%,$0.00,0.00%,0,0.00%,$0.00,0.00%,0,0.00%,$0.00,0.00%,0,0.00%,$0.00,0.00%,$0.00,$0.20,$0.00,$0.00,$0.00,$0.00,0.00%,$0.00,0.00%,$0.00,0.00%,$0.20,0.00%,$-0.20,0.00%
"27 - GY_RM_27_QUANT_CBSL_UniquePlusLLC_3363_25K",1,"Ford Mustang Electric Bike Yellow","DP1 V3",Mastercard,Sunday,514377,1,1,100.00%,0,0.00%,1,1,100.00%,0,0.00%,1,0,$0.00,1,0.00%,0,0,$0.00,0,0.00%,0,0,0,$0.00,$0.00,$0.00,$0.00,$0.00,$0.00,$0.00,$0.00,$0.00,$0.00,0.00%,0,0.00%,$0.00,0.00%,0,0.00%,$0.00,0.00%,0,0.00%,$0.00,0.00%,0,0.00%,$0.00,0.00%,$0.00,$0.20,$0.00,$0.00,$0.00,$0.00,0.00%,$0.00,0.00%,$0.00,0.00%,$0.20,0.00%,$-0.20,0.00%
"27 - GY_RM_27_QUANT_CBSL_UniquePlusLLC_3363_25K",1,"Ford Mustang Electric Bike Yellow","DP1 V3",Mastercard,Sunday,532839,1,1,100.00%,0,0.00%,1,1,100.00%,0,0.00%,1,0,$0.00,1,0.00%,0,0,$0.00,0,0.00%,0,0,0,$0.00,$0.00,$0.00,$0.00,$0.00,$0.00,$0.00,$0.00,$0.00,$0.00,0.00%,0,0.00%,$0.00,0.00%,0,0.00%,$0.00,0.00%,0,0.00%,$0.00,0.00%,0,0.00%,$0.00,0.00%,$0.00,$0.20,$0.00,$0.00,$0.00,$0.00,0.00%,$0.00,0.00%,$0.00,0.00%,$0.20,0.00%,$-0.20,0.00%
"27 - GY_RM_27_QUANT_CBSL_UniquePlusLLC_3363_25K",1,"Ford Mustang Electric Bike Yellow","DP1 V3",Mastercard,Sunday,551017,1,0,0.00%,1,100.00%,1,0,0.00%,1,100.00%,1,1,$12.89,0,100.00%,0,0,$0.00,0,0.00%,1,1,1,$12.89,$0.00,$0.00,$12.89,$0.00,$0.00,$12.89,$0.00,$12.89,$12.89,100.00%,0,0.00%,$0.00,0.00%,0,0.00%,$0.00,0.00%,0,0.00%,$0.00,0.00%,1,100.00%,$12.89,100.00%,$0.00,$0.84,$0.00,$0.00,$0.00,$0.00,0.00%,$0.00,0.00%,$0.00,0.00%,$0.84,6.52%,$-0.84,-6.52%
"27 - GY_RM_27_QUANT_CBSL_UniquePlusLLC_3363_25K",1,"Ford Mustang Electric Bike Yellow","DP1 V3",Visa,Sunday,400344,1,1,100.00%,0,0.00%,1,1,100.00%,0,0.00%,1,0,$0.00,1,0.00%,0,0,$0.00,0,0.00%,0,0,0,$0.00,$0.00,$0.00,$0.00,$0.00,$0.00,$0.00,$0.00,$0.00,$0.00,0.00%,0,0.00%,$0.00,0.00%,0,0.00%,$0.00,0.00%,0,0.00%,$0.00,0.00%,0,0.00%,$0.00,0.00%,$0.00,$0.20,$0.00,$0.00,$0.00,$0.00,0.00%,$0.00,0.00%,$0.00,0.00%,$0.20,0.00%,$-0.20,0.00%
"27 - GY_RM_27_QUANT_CBSL_UniquePlusLLC_3363_25K",1,"Ford Mustang Electric Bike Yellow","DP1 V3",Visa,Sunday,412115,1,0,0.00%,1,100.00%,1,0,0.00%,1,100.00%,1,1,$12.89,0,100.00%,0,0,$0.00,0,0.00%,1,1,1,$12.89,$0.00,$0.00,$12.89,$0.00,$0.00,$12.89,$0.00,$12.89,$0.00,0.00%,0,0.00%,$0.00,0.00%,0,0.00%,$0.00,0.00%,0,0.00%,$0.00,0.00%,0,0.00%,$0.00,0.00%,$12.89,$0.84,$0.00,$0.00,$0.00,$0.00,0.00%,$0.00,0.00%,$0.00,0.00%,$0.84,6.52%,$12.05,93.48%
"27 - GY_RM_27_QUANT_CBSL_UniquePlusLLC_3363_25K",1,"Ford Mustang Electric Bike Yellow","DP1 V3",Visa,Sunday,419455,1,1,100.00%,0,0.00%,1,1,100.00%,0,0.00%,1,0,$0.00,1,0.00%,0,0,$0.00,0,0.00%,0,0,0,$0.00,$0.00,$0.00,$0.00,$0.00,$0.00,$0.00,$0.00,$0.00,$0.00,0.00%,0,0.00%,$0.00,0.00%,0,0.00%,$0.00,0.00%,0,0.00%,$0.00,0.00%,0,0.00%,$0.00,0.00%,$0.00,$0.20,$0.00,$0.00,$0.00,$0.00,0.00%,$0.00,0.00%,$0.00,0.00%,$0.20,0.00%,$-0.20,0.00%
"27 - GY_RM_27_QUANT_CBSL_UniquePlusLLC_3363_25K",1,"Ford Mustang Electric Bike Yellow","DP1 V3",Visa,Sunday,429475,1,0,0.00%,1,100.00%,1,0,0.00%,1,100.00%,1,1,$12.89,0,100.00%,0,0,$0.00,0,0.00%,1,1,1,$12.89,$0.00,$0.00,$12.89,$0.00,$0.00,$12.89,$0.00,$12.89,$0.00,0.00%,0,0.00%,$0.00,0.00%,0,0.00%,$0.00,0.00%,0,0.00%,$0.00,0.00%,0,0.00%,$0.00,0.00%,$12.89,$0.84,$0.00,$0.00,$0.00,$0.00,0.00%,$0.00,0.00%,$0.00,0.00%,$0.84,6.52%,$12.05,93.48%
"27 - GY_RM_27_QUANT_CBSL_UniquePlusLLC_3363_25K",1,"Ford Mustang Electric Bike Yellow","DP1 V3",Visa,Sunday,434257,1,1,100.00%,0,0.00%,1,1,100.00%,0,0.00%,1,0,$0.00,1,0.00%,0,0,$0.00,0,0.00%,0,0,0,$0.00,$0.00,$0.00,$0.00,$0.00,$0.00,$0.00,$0.00,$0.00,$0.00,0.00%,0,0.00%,$0.00,0.00%,0,0.00%,$0.00,0.00%,0,0.00%,$0.00,0.00%,0,0.00%,$0.00,0.00%,$0.00,$0.20,$0.00,$0.00,$0.00,$0.00,0.00%,$0.00,0.00%,$0.00,0.00%,$0.20,0.00%,$-0.20,0.00%
"27 - GY_RM_27_QUANT_CBSL_UniquePlusLLC_3363_25K",1,"Garmin - ECHOMAP Fish Finder","DP1 V3",Visa,Sunday,444796,1,0,0.00%,1,100.00%,1,0,0.00%,1,100.00%,1,1,$12.89,0,100.00%,0,0,$0.00,0,0.00%,1,1,1,$12.89,$0.00,$0.00,$12.89,$0.00,$0.00,$12.89,$0.00,$12.89,$0.00,0.00%,0,0.00%,$0.00,0.00%,0,0.00%,$0.00,0.00%,0,0.00%,$0.00,0.00%,0,0.00%,$0.00,0.00%,$12.89,$0.84,$0.00,$0.00,$0.00,$0.00,0.00%,$0.00,0.00%,$0.00,0.00%,$0.84,6.52%,$12.05,93.48%
"27 - GY_RM_27_QUANT_CBSL_UniquePlusLLC_3363_25K",1,"Milwaukee - Armourtred S7S High-Cut Boots","DP1 V3",Visa,Sunday,435853,1,0,0.00%,1,100.00%,1,0,0.00%,1,100.00%,1,1,$12.89,0,100.00%,0,0,$0.00,0,0.00%,1,1,1,$12.89,$0.00,$0.00,$12.89,$0.00,$0.00,$12.89,$0.00,$12.89,$0.00,0.00%,0,0.00%,$0.00,0.00%,0,0.00%,$0.00,0.00%,0,0.00%,$0.00,0.00%,0,0.00%,$0.00,0.00%,$12.89,$0.84,$0.00,$0.00,$0.00,$0.00,0.00%,$0.00,0.00%,$0.00,0.00%,$0.84,6.52%,$12.05,93.48%
"27 - GY_RM_27_QUANT_CBSL_UniquePlusLLC_3363_25K",1,"Omaha Steaks Meat Box","DP1 V3",Mastercard,Sunday,518941,1,0,0.00%,1,100.00%,1,0,0.00%,1,100.00%,1,1,$12.89,0,100.00%,0,0,$0.00,0,0.00%,1,1,1,$12.89,$0.00,$0.00,$12.89,$0.00,$0.00,$12.89,$0.00,$12.89,$0.00,0.00%,0,0.00%,$0.00,0.00%,0,0.00%,$0.00,0.00%,0,0.00%,$0.00,0.00%,0,0.00%,$0.00,0.00%,$12.89,$0.84,$0.00,$0.00,$0.00,$0.00,0.00%,$0.00,0.00%,$0.00,0.00%,$0.84,6.52%,$12.05,93.48%
"27 - GY_RM_27_QUANT_CBSL_UniquePlusLLC_3363_25K",1,"Omaha Steaks Meat Box","DP1 V3",Mastercard,Sunday,536759,1,1,100.00%,0,0.00%,1,1,100.00%,0,0.00%,1,0,$0.00,1,0.00%,0,0,$0.00,0,0.00%,0,0,0,$0.00,$0.00,$0.00,$0.00,$0.00,$0.00,$0.00,$0.00,$0.00,$0.00,0.00%,0,0.00%,$0.00,0.00%,0,0.00%,$0.00,0.00%,0,0.00%,$0.00,0.00%,0,0.00%,$0.00,0.00%,$0.00,$0.20,$0.00,$0.00,$0.00,$0.00,0.00%,$0.00,0.00%,$0.00,0.00%,$0.20,0.00%,$-0.20,0.00%
"27 - GY_RM_27_QUANT_CBSL_UniquePlusLLC_3363_25K",1,"Omaha Steaks Meat Box","DP1 V3",Visa,Sunday,431196,1,1,100.00%,0,0.00%,1,1,100.00%,0,0.00%,1,0,$0.00,1,0.00%,0,0,$0.00,0,0.00%,0,0,0,$0.00,$0.00,$0.00,$0.00,$0.00,$0.00,$0.00,$0.00,$0.00,$0.00,0.00%,0,0.00%,$0.00,0.00%,0,0.00%,$0.00,0.00%,0,0.00%,$0.00,0.00%,0,0.00%,$0.00,0.00%,$0.00,$0.20,$0.00,$0.00,$0.00,$0.00,0.00%,$0.00,0.00%,$0.00,0.00%,$0.20,0.00%,$-0.20,0.00%
"27 - GY_RM_27_QUANT_CBSL_UniquePlusLLC_3363_25K",1,"Omaha Steaks Meat Box","DP1 V3",Visa,Sunday,439707,1,1,100.00%,0,0.00%,1,1,100.00%,0,0.00%,1,0,$0.00,1,0.00%,0,0,$0.00,0,0.00%,0,0,0,$0.00,$0.00,$0.00,$0.00,$0.00,$0.00,$0.00,$0.00,$0.00,$0.00,0.00%,0,0.00%,$0.00,0.00%,0,0.00%,$0.00,0.00%,0,0.00%,$0.00,0.00%,0,0.00%,$0.00,0.00%,$0.00,$0.20,$0.00,$0.00,$0.00,$0.00,0.00%,$0.00,0.00%,$0.00,0.00%,$0.20,0.00%,$-0.20,0.00%
"27 - GY_RM_27_QUANT_CBSL_UniquePlusLLC_3363_25K",1,"TaylorMade GT Spider Golf Putter","DP1 V3",Visa,Sunday,414720,1,1,100.00%,0,0.00%,1,1,100.00%,0,0.00%,1,0,$0.00,1,0.00%,0,0,$0.00,0,0.00%,0,0,0,$0.00,$0.00,$0.00,$0.00,$0.00,$0.00,$0.00,$0.00,$0.00,$0.00,0.00%,0,0.00%,$0.00,0.00%,0,0.00%,$0.00,0.00%,0,0.00%,$0.00,0.00%,0,0.00%,$0.00,0.00%,$0.00,$0.20,$0.00,$0.00,$0.00,$0.00,0.00%,$0.00,0.00%,$0.00,0.00%,$0.20,0.00%,$-0.20,0.00%
"27 - GY_RM_27_QUANT_CBSL_UniquePlusLLC_3363_25K",1,"Titleist Scotty Cameron Phantom 5 Putter","DP1 V3",Visa,Sunday,440171,1,1,100.00%,0,0.00%,1,1,100.00%,0,0.00%,1,0,$0.00,1,0.00%,0,0,$0.00,0,0.00%,0,0,0,$0.00,$0.00,$0.00,$0.00,$0.00,$0.00,$0.00,$0.00,$0.00,$0.00,0.00%,0,0.00%,$0.00,0.00%,0,0.00%,$0.00,0.00%,0,0.00%,$0.00,0.00%,0,0.00%,$0.00,0.00%,$0.00,$0.20,$0.00,$0.00,$0.00,$0.00,0.00%,$0.00,0.00%,$0.00,0.00%,$0.20,0.00%,$-0.20,0.00%
"28 - NR12_RM_28_QUANT_CBSL_UniquePlusLLC_3355_25K",1,"Armourtred S7S High-Cut Boots","DP1 V3",Visa,Sunday,406049,1,0,0.00%,1,100.00%,1,0,0.00%,1,100.00%,1,1,$12.89,0,100.00%,0,0,$0.00,0,0.00%,1,1,1,$12.89,$0.00,$0.00,$12.89,$0.00,$0.00,$12.89,$0.00,$12.89,$0.00,0.00%,0,0.00%,$0.00,0.00%,0,0.00%,$0.00,0.00%,0,0.00%,$0.00,0.00%,0,0.00%,$0.00,0.00%,$12.89,$0.84,$0.00,$0.00,$0.00,$0.00,0.00%,$0.00,0.00%,$0.00,0.00%,$0.84,6.52%,$12.05,93.48%
"28 - NR12_RM_28_QUANT_CBSL_UniquePlusLLC_3355_25K",1,"Ford Mustang Electric Bike Blue","DP1 V3",Visa,Sunday,427088,1,0,0.00%,1,100.00%,1,0,0.00%,1,100.00%,1,1,$12.89,0,100.00%,0,0,$0.00,0,0.00%,1,1,1,$12.89,$0.00,$0.00,$12.89,$0.00,$0.00,$12.89,$0.00,$12.89,$0.00,0.00%,0,0.00%,$0.00,0.00%,0,0.00%,$0.00,0.00%,0,0.00%,$0.00,0.00%,0,0.00%,$0.00,0.00%,$12.89,$0.84,$0.00,$0.00,$0.00,$0.00,0.00%,$0.00,0.00%,$0.00,0.00%,$0.84,6.52%,$12.05,93.48%
"28 - NR12_RM_28_QUANT_CBSL_UniquePlusLLC_3355_25K",1,"Milwaukee - Armourtred S7S High-Cut Boots","DP1 V3",Mastercard,Sunday,536055,1,0,0.00%,1,100.00%,1,0,0.00%,1,100.00%,1,1,$12.89,0,100.00%,0,0,$0.00,0,0.00%,1,1,1,$12.89,$0.00,$0.00,$12.89,$0.00,$0.00,$12.89,$0.00,$12.89,$0.00,0.00%,0,0.00%,$0.00,0.00%,0,0.00%,$0.00,0.00%,0,0.00%,$0.00,0.00%,0,0.00%,$0.00,0.00%,$12.89,$0.84,$0.00,$0.00,$0.00,$0.00,0.00%,$0.00,0.00%,$0.00,0.00%,$0.84,6.52%,$12.05,93.48%
"28 - NR12_RM_28_QUANT_CBSL_UniquePlusLLC_3355_25K",1,"Milwaukee - Armourtred S7S High-Cut Boots","DP1 V3",Visa,Sunday,447436,1,0,0.00%,1,100.00%,1,0,0.00%,1,100.00%,1,1,$12.89,0,100.00%,0,0,$0.00,0,0.00%,1,1,1,$12.89,$0.00,$0.00,$12.89,$0.00,$0.00,$12.89,$0.00,$12.89,$0.00,0.00%,0,0.00%,$0.00,0.00%,0,0.00%,$0.00,0.00%,0,0.00%,$0.00,0.00%,0,0.00%,$0.00,0.00%,$12.89,$0.84,$0.00,$0.00,$0.00,$0.00,0.00%,$0.00,0.00%,$0.00,0.00%,$0.84,6.52%,$12.05,93.48%
"28 - NR12_RM_28_QUANT_CBSL_UniquePlusLLC_3355_25K",1,"Omaha Steaks Meat Box","DP1 V3",Visa,Sunday,444796,1,1,100.00%,0,0.00%,1,1,100.00%,0,0.00%,1,0,$0.00,1,0.00%,0,0,$0.00,0,0.00%,0,0,0,$0.00,$0.00,$0.00,$0.00,$0.00,$0.00,$0.00,$0.00,$0.00,$0.00,0.00%,0,0.00%,$0.00,0.00%,0,0.00%,$0.00,0.00%,0,0.00%,$0.00,0.00%,0,0.00%,$0.00,0.00%,$0.00,$0.20,$0.00,$0.00,$0.00,$0.00,0.00%,$0.00,0.00%,$0.00,0.00%,$0.20,0.00%,$-0.20,0.00%
"28 - NR12_RM_28_QUANT_CBSL_UniquePlusLLC_3355_25K",1,"Titleist Scotty Cameron Phantom 5 Putter","DP1 V3",Mastercard,Sunday,515676,1,1,100.00%,0,0.00%,1,1,100.00%,0,0.00%,1,0,$0.00,1,0.00%,0,0,$0.00,0,0.00%,0,0,0,$0.00,$0.00,$0.00,$0.00,$0.00,$0.00,$0.00,$0.00,$0.00,$0.00,0.00%,0,0.00%,$0.00,0.00%,0,0.00%,$0.00,0.00%,0,0.00%,$0.00,0.00%,0,0.00%,$0.00,0.00%,$0.00,$0.20,$0.00,$0.00,$0.00,$0.00,0.00%,$0.00,0.00%,$0.00,0.00%,$0.20,0.00%,$-0.20,0.00%
"29 - N2_RM_29_PRIOR_SYN_UniquePlusLLC_7645_75K",1,"5 Domestic flights","DP1 V3",Visa,Sunday,401171,1,1,100.00%,0,0.00%,1,1,100.00%,0,0.00%,1,0,$0.00,1,0.00%,0,0,$0.00,0,0.00%,0,0,0,$0.00,$0.00,$0.00,$0.00,$0.00,$0.00,$0.00,$0.00,$0.00,$0.00,0.00%,0,0.00%,$0.00,0.00%,0,0.00%,$0.00,0.00%,0,0.00%,$0.00,0.00%,0,0.00%,$0.00,0.00%,$0.00,$0.20,$0.00,$0.00,$0.00,$0.00,0.00%,$0.00,0.00%,$0.00,0.00%,$0.20,0.00%,$-0.20,0.00%
"29 - N2_RM_29_PRIOR_SYN_UniquePlusLLC_7645_75K",1,"Armourtred S7S High-Cut Boots","DP1 V3",Mastercard,Sunday,517545,1,0,0.00%,1,100.00%,1,0,0.00%,1,100.00%,1,1,$12.89,0,100.00%,0,0,$0.00,0,0.00%,1,1,1,$12.89,$0.00,$0.00,$12.89,$0.00,$0.00,$12.89,$0.00,$12.89,$0.00,0.00%,0,0.00%,$0.00,0.00%,0,0.00%,$0.00,0.00%,0,0.00%,$0.00,0.00%,0,0.00%,$0.00,0.00%,$12.89,$0.84,$0.00,$0.00,$0.00,$0.00,0.00%,$0.00,0.00%,$0.00,0.00%,$0.84,6.52%,$12.05,93.48%
"29 - N2_RM_29_PRIOR_SYN_UniquePlusLLC_7645_75K",1,"Ford Mustang Electric Bike Blue","DP1 V3",Mastercard,Sunday,511538,1,1,100.00%,0,0.00%,1,1,100.00%,0,0.00%,1,0,$0.00,1,0.00%,0,0,$0.00,0,0.00%,0,0,0,$0.00,$0.00,$0.00,$0.00,$0.00,$0.00,$0.00,$0.00,$0.00,$0.00,0.00%,0,0.00%,$0.00,0.00%,0,0.00%,$0.00,0.00%,0,0.00%,$0.00,0.00%,0,0.00%,$0.00,0.00%,$0.00,$0.20,$0.00,$0.00,$0.00,$0.00,0.00%,$0.00,0.00%,$0.00,0.00%,$0.20,0.00%,$-0.20,0.00%
"29 - N2_RM_29_PRIOR_SYN_UniquePlusLLC_7645_75K",1,"Ford Mustang Electric Bike Blue","DP1 V3",Mastercard,Sunday,518155,1,1,100.00%,0,0.00%,1,1,100.00%,0,0.00%,1,0,$0.00,1,0.00%,0,0,$0.00,0,0.00%,0,0,0,$0.00,$0.00,$0.00,$0.00,$0.00,$0.00,$0.00,$0.00,$0.00,$0.00,0.00%,0,0.00%,$0.00,0.00%,0,0.00%,$0.00,0.00%,0,0.00%,$0.00,0.00%,0,0.00%,$0.00,0.00%,$0.00,$0.20,$0.00,$0.00,$0.00,$0.00,0.00%,$0.00,0.00%,$0.00,0.00%,$0.20,0.00%,$-0.20,0.00%
"29 - N2_RM_29_PRIOR_SYN_UniquePlusLLC_7645_75K",1,"Ford Mustang Electric Bike Blue","DP1 V3",Mastercard,Sunday,528749,1,0,0.00%,1,100.00%,1,0,0.00%,1,100.00%,1,1,$12.89,0,100.00%,0,0,$0.00,0,0.00%,1,1,1,$12.89,$0.00,$0.00,$12.89,$0.00,$0.00,$12.89,$0.00,$12.89,$0.00,0.00%,0,0.00%,$0.00,0.00%,0,0.00%,$0.00,0.00%,0,0.00%,$0.00,0.00%,0,0.00%,$0.00,0.00%,$12.89,$0.84,$0.00,$0.00,$0.00,$0.00,0.00%,$0.00,0.00%,$0.00,0.00%,$0.84,6.52%,$12.05,93.48%
"29 - N2_RM_29_PRIOR_SYN_UniquePlusLLC_7645_75K",1,"Ford Mustang Electric Bike Blue","DP1 V3",Mastercard,Sunday,552342,1,1,100.00%,0,0.00%,1,1,100.00%,0,0.00%,1,0,$0.00,1,0.00%,0,0,$0.00,0,0.00%,0,0,0,$0.00,$0.00,$0.00,$0.00,$0.00,$0.00,$0.00,$0.00,$0.00,$0.00,0.00%,0,0.00%,$0.00,0.00%,0,0.00%,$0.00,0.00%,0,0.00%,$0.00,0.00%,0,0.00%,$0.00,0.00%,$0.00,$0.20,$0.00,$0.00,$0.00,$0.00,0.00%,$0.00,0.00%,$0.00,0.00%,$0.20,0.00%,$-0.20,0.00%
"29 - N2_RM_29_PRIOR_SYN_UniquePlusLLC_7645_75K",1,"Ford Mustang Electric Bike Blue","DP1 V3",Visa,Sunday,414724,1,1,100.00%,0,0.00%,1,1,100.00%,0,0.00%,1,0,$0.00,1,0.00%,0,0,$0.00,0,0.00%,0,0,0,$0.00,$0.00,$0.00,$0.00,$0.00,$0.00,$0.00,$0.00,$0.00,$0.00,0.00%,0,0.00%,$0.00,0.00%,0,0.00%,$0.00,0.00%,0,0.00%,$0.00,0.00%,0,0.00%,$0.00,0.00%,$0.00,$0.20,$0.00,$0.00,$0.00,$0.00,0.00%,$0.00,0.00%,$0.00,0.00%,$0.20,0.00%,$-0.20,0.00%
"29 - N2_RM_29_PRIOR_SYN_UniquePlusLLC_7645_75K",1,"Ford Mustang Electric Bike Blue","DP1 V3",Visa,Sunday,423223,1,1,100.00%,0,0.00%,1,1,100.00%,0,0.00%,1,0,$0.00,1,0.00%,0,0,$0.00,0,0.00%,0,0,0,$0.00,$0.00,$0.00,$0.00,$0.00,$0.00,$0.00,$0.00,$0.00,$0.00,0.00%,0,0.00%,$0.00,0.00%,0,0.00%,$0.00,0.00%,0,0.00%,$0.00,0.00%,0,0.00%,$0.00,0.00%,$0.00,$0.20,$0.00,$0.00,$0.00,$0.00,0.00%,$0.00,0.00%,$0.00,0.00%,$0.20,0.00%,$-0.20,0.00%
"29 - N2_RM_29_PRIOR_SYN_UniquePlusLLC_7645_75K",1,"Ford Mustang Electric Bike Blue","DP1 V3",Visa,Sunday,434256,1,1,100.00%,0,0.00%,1,1,100.00%,0,0.00%,1,0,$0.00,1,0.00%,0,0,$0.00,0,0.00%,0,0,0,$0.00,$0.00,$0.00,$0.00,$0.00,$0.00,$0.00,$0.00,$0.00,$0.00,0.00%,0,0.00%,$0.00,0.00%,0,0.00%,$0.00,0.00%,0,0.00%,$0.00,0.00%,0,0.00%,$0.00,0.00%,$0.00,$0.20,$0.00,$0.00,$0.00,$0.00,0.00%,$0.00,0.00%,$0.00,0.00%,$0.20,0.00%,$-0.20,0.00%
"29 - N2_RM_29_PRIOR_SYN_UniquePlusLLC_7645_75K",1,"Ford Mustang Electric Bike Yellow","DP1 V3",Mastercard,Sunday,515676,1,1,100.00%,0,0.00%,1,1,100.00%,0,0.00%,1,0,$0.00,1,0.00%,0,0,$0.00,0,0.00%,0,0,0,$0.00,$0.00,$0.00,$0.00,$0.00,$0.00,$0.00,$0.00,$0.00,$0.00,0.00%,0,0.00%,$0.00,0.00%,0,0.00%,$0.00,0.00%,0,0.00%,$0.00,0.00%,0,0.00%,$0.00,0.00%,$0.00,$0.20,$0.00,$0.00,$0.00,$0.00,0.00%,$0.00,0.00%,$0.00,0.00%,$0.20,0.00%,$-0.20,0.00%
"29 - N2_RM_29_PRIOR_SYN_UniquePlusLLC_7645_75K",1,"Ford Mustang Electric Bike Yellow","DP1 V3",Visa,Sunday,447227,1,1,100.00%,0,0.00%,1,1,100.00%,0,0.00%,1,0,$0.00,1,0.00%,0,0,$0.00,0,0.00%,0,0,0,$0.00,$0.00,$0.00,$0.00,$0.00,$0.00,$0.00,$0.00,$0.00,$0.00,0.00%,0,0.00%,$0.00,0.00%,0,0.00%,$0.00,0.00%,0,0.00%,$0.00,0.00%,0,0.00%,$0.00,0.00%,$0.00,$0.20,$0.00,$0.00,$0.00,$0.00,0.00%,$0.00,0.00%,$0.00,0.00%,$0.20,0.00%,$-0.20,0.00%
"29 - N2_RM_29_PRIOR_SYN_UniquePlusLLC_7645_75K",1,"Milwaukee - Armourtred S7S High-Cut Boots","DP1 V3",Visa,Sunday,434769,1,1,100.00%,0,0.00%,1,1,100.00%,0,0.00%,1,0,$0.00,1,0.00%,0,0,$0.00,0,0.00%,0,0,0,$0.00,$0.00,$0.00,$0.00,$0.00,$0.00,$0.00,$0.00,$0.00,$0.00,0.00%,0,0.00%,$0.00,0.00%,0,0.00%,$0.00,0.00%,0,0.00%,$0.00,0.00%,0,0.00%,$0.00,0.00%,$0.00,$0.20,$0.00,$0.00,$0.00,$0.00,0.00%,$0.00,0.00%,$0.00,0.00%,$0.20,0.00%,$-0.20,0.00%
"29 - N2_RM_29_PRIOR_SYN_UniquePlusLLC_7645_75K",1,"Milwaukee - Armourtred S7S High-Cut Boots","DP1 V3",Visa,Sunday,446474,1,0,0.00%,1,100.00%,1,0,0.00%,1,100.00%,1,1,$12.89,0,100.00%,0,0,$0.00,0,0.00%,1,1,1,$12.89,$0.00,$0.00,$12.89,$0.00,$0.00,$12.89,$0.00,$12.89,$0.00,0.00%,0,0.00%,$0.00,0.00%,0,0.00%,$0.00,0.00%,0,0.00%,$0.00,0.00%,0,0.00%,$0.00,0.00%,$12.89,$0.84,$0.00,$0.00,$0.00,$0.00,0.00%,$0.00,0.00%,$0.00,0.00%,$0.84,6.52%,$12.05,93.48%
"29 - N2_RM_29_PRIOR_SYN_UniquePlusLLC_7645_75K",1,"Milwaukee - Armourtred S7S High-Cut Boots","DP1 V3",Visa,Sunday,487471,1,0,0.00%,1,100.00%,1,0,0.00%,1,100.00%,1,1,$12.89,0,100.00%,0,0,$0.00,0,0.00%,1,1,1,$12.89,$0.00,$0.00,$12.89,$0.00,$0.00,$12.89,$0.00,$12.89,$0.00,0.00%,0,0.00%,$0.00,0.00%,0,0.00%,$0.00,0.00%,0,0.00%,$0.00,0.00%,0,0.00%,$0.00,0.00%,$12.89,$0.84,$0.00,$0.00,$0.00,$0.00,0.00%,$0.00,0.00%,$0.00,0.00%,$0.84,6.52%,$12.05,93.48%
"29 - N2_RM_29_PRIOR_SYN_UniquePlusLLC_7645_75K",1,"Omaha Steaks Meat Box","DP1 V3",Mastercard,Sunday,544930,1,1,100.00%,0,0.00%,1,1,100.00%,0,0.00%,1,0,$0.00,1,0.00%,0,0,$0.00,0,0.00%,0,0,0,$0.00,$0.00,$0.00,$0.00,$0.00,$0.00,$0.00,$0.00,$0.00,$0.00,0.00%,0,0.00%,$0.00,0.00%,0,0.00%,$0.00,0.00%,0,0.00%,$0.00,0.00%,0,0.00%,$0.00,0.00%,$0.00,$0.20,$0.00,$0.00,$0.00,$0.00,0.00%,$0.00,0.00%,$0.00,0.00%,$0.20,0.00%,$-0.20,0.00%
"29 - N2_RM_29_PRIOR_SYN_UniquePlusLLC_7645_75K",1,"Omaha Steaks Meat Box","DP1 V3",Visa,Sunday,426684,1,0,0.00%,1,100.00%,1,0,0.00%,1,100.00%,1,1,$12.89,0,100.00%,0,0,$0.00,0,0.00%,1,1,1,$12.89,$0.00,$0.00,$12.89,$0.00,$0.00,$12.89,$0.00,$12.89,$0.00,0.00%,0,0.00%,$0.00,0.00%,0,0.00%,$0.00,0.00%,0,0.00%,$0.00,0.00%,0,0.00%,$0.00,0.00%,$12.89,$0.84,$0.00,$0.00,$0.00,$0.00,0.00%,$0.00,0.00%,$0.00,0.00%,$0.84,6.52%,$12.05,93.48%
"29 - N2_RM_29_PRIOR_SYN_UniquePlusLLC_7645_75K",1,"Stetson Cowboy Hat (White)","DP1 V3",Visa,Sunday,414720,1,0,0.00%,1,100.00%,1,0,0.00%,1,100.00%,1,1,$12.89,0,100.00%,0,0,$0.00,0,0.00%,1,1,1,$12.89,$0.00,$0.00,$12.89,$0.00,$0.00,$12.89,$0.00,$12.89,$0.00,0.00%,0,0.00%,$0.00,0.00%,0,0.00%,$0.00,0.00%,0,0.00%,$0.00,0.00%,0,0.00%,$0.00,0.00%,$12.89,$0.84,$0.00,$0.00,$0.00,$0.00,0.00%,$0.00,0.00%,$0.00,0.00%,$0.84,6.52%,$12.05,93.48%
"3 - zCLOSED_RM_3_NET_ESQ_SpecifiConLLC_8884_65K",1,"Ford Mustang Electric Bike Blue","DP1 V3",Mastercard,Sunday,517279,1,0,0.00%,1,100.00%,1,0,0.00%,1,100.00%,1,1,$12.89,0,100.00%,0,0,$0.00,0,0.00%,1,1,1,$12.89,$0.00,$0.00,$12.89,$0.00,$0.00,$12.89,$0.00,$12.89,$0.00,0.00%,0,0.00%,$0.00,0.00%,0,0.00%,$0.00,0.00%,0,0.00%,$0.00,0.00%,0,0.00%,$0.00,0.00%,$12.89,$0.84,$0.00,$0.00,$0.00,$0.00,0.00%,$0.00,0.00%,$0.00,0.00%,$0.84,6.52%,$12.05,93.48%
"3 - zCLOSED_RM_3_NET_ESQ_SpecifiConLLC_8884_65K",1,"Ford Mustang Electric Bike Blue","DP1 V3",Visa,Sunday,423223,1,1,100.00%,0,0.00%,1,1,100.00%,0,0.00%,1,0,$0.00,1,0.00%,0,0,$0.00,0,0.00%,0,0,0,$0.00,$0.00,$0.00,$0.00,$0.00,$0.00,$0.00,$0.00,$0.00,$0.00,0.00%,0,0.00%,$0.00,0.00%,0,0.00%,$0.00,0.00%,0,0.00%,$0.00,0.00%,0,0.00%,$0.00,0.00%,$0.00,$0.20,$0.00,$0.00,$0.00,$0.00,0.00%,$0.00,0.00%,$0.00,0.00%,$0.20,0.00%,$-0.20,0.00%
"3 - zCLOSED_RM_3_NET_ESQ_SpecifiConLLC_8884_65K",1,"Ford Mustang Electric Bike Blue","DP1 V3",Visa,Sunday,465345,1,0,0.00%,1,100.00%,1,0,0.00%,1,100.00%,1,1,$12.89,0,100.00%,0,0,$0.00,0,0.00%,1,1,1,$12.89,$0.00,$0.00,$12.89,$0.00,$0.00,$12.89,$0.00,$12.89,$0.00,0.00%,0,0.00%,$0.00,0.00%,0,0.00%,$0.00,0.00%,0,0.00%,$0.00,0.00%,0,0.00%,$0.00,0.00%,$12.89,$0.84,$0.00,$0.00,$0.00,$0.00,0.00%,$0.00,0.00%,$0.00,0.00%,$0.84,6.52%,$12.05,93.48%
"3 - zCLOSED_RM_3_NET_ESQ_SpecifiConLLC_8884_65K",1,"Ford Mustang Electric Bike Blue","DP1 V3",Visa,Sunday,477442,1,1,100.00%,0,0.00%,1,1,100.00%,0,0.00%,1,0,$0.00,1,0.00%,0,0,$0.00,0,0.00%,0,0,0,$0.00,$0.00,$0.00,$0.00,$0.00,$0.00,$0.00,$0.00,$0.00,$0.00,0.00%,0,0.00%,$0.00,0.00%,0,0.00%,$0.00,0.00%,0,0.00%,$0.00,0.00%,0,0.00%,$0.00,0.00%,$0.00,$0.20,$0.00,$0.00,$0.00,$0.00,0.00%,$0.00,0.00%,$0.00,0.00%,$0.20,0.00%,$-0.20,0.00%
"3 - zCLOSED_RM_3_NET_ESQ_SpecifiConLLC_8884_65K",1,"Ford Mustang Electric Bike Blue","DP1 V3",Visa,Sunday,491449,1,1,100.00%,0,0.00%,1,1,100.00%,0,0.00%,1,0,$0.00,1,0.00%,0,0,$0.00,0,0.00%,0,0,0,$0.00,$0.00,$0.00,$0.00,$0.00,$0.00,$0.00,$0.00,$0.00,$0.00,0.00%,0,0.00%,$0.00,0.00%,0,0.00%,$0.00,0.00%,0,0.00%,$0.00,0.00%,0,0.00%,$0.00,0.00%,$0.00,$0.20,$0.00,$0.00,$0.00,$0.00,0.00%,$0.00,0.00%,$0.00,0.00%,$0.20,0.00%,$-0.20,0.00%
"3 - zCLOSED_RM_3_NET_ESQ_SpecifiConLLC_8884_65K",1,"Omaha Steaks Meat Box","DP1 V3",Mastercard,Sunday,537993,1,1,100.00%,0,0.00%,1,1,100.00%,0,0.00%,1,0,$0.00,1,0.00%,0,0,$0.00,0,0.00%,0,0,0,$0.00,$0.00,$0.00,$0.00,$0.00,$0.00,$0.00,$0.00,$0.00,$0.00,0.00%,0,0.00%,$0.00,0.00%,0,0.00%,$0.00,0.00%,0,0.00%,$0.00,0.00%,0,0.00%,$0.00,0.00%,$0.00,$0.20,$0.00,$0.00,$0.00,$0.00,0.00%,$0.00,0.00%,$0.00,0.00%,$0.20,0.00%,$-0.20,0.00%
"3 - zCLOSED_RM_3_NET_ESQ_SpecifiConLLC_8884_65K",1,"Omaha Steaks Meat Box","DP1 V3",Mastercard,Sunday,549806,1,0,0.00%,1,100.00%,1,0,0.00%,1,100.00%,1,1,$12.89,0,100.00%,0,0,$0.00,0,0.00%,1,1,1,$12.89,$0.00,$0.00,$12.89,$0.00,$0.00,$12.89,$0.00,$12.89,$0.00,0.00%,0,0.00%,$0.00,0.00%,0,0.00%,$0.00,0.00%,0,0.00%,$0.00,0.00%,0,0.00%,$0.00,0.00%,$12.89,$0.84,$0.00,$0.00,$0.00,$0.00,0.00%,$0.00,0.00%,$0.00,0.00%,$0.84,6.52%,$12.05,93.48%
"30 - N2R2_RM_30_PRIOR_SYN_UniquePlusLLC_0277_75K",1,"Armourtred S7S High-Cut Boots","DP1 V3",Visa,Sunday,492476,1,0,0.00%,1,100.00%,1,0,0.00%,1,100.00%,1,1,$12.89,0,100.00%,0,0,$0.00,0,0.00%,1,1,1,$12.89,$0.00,$0.00,$12.89,$0.00,$0.00,$12.89,$0.00,$12.89,$0.00,0.00%,0,0.00%,$0.00,0.00%,0,0.00%,$0.00,0.00%,0,0.00%,$0.00,0.00%,0,0.00%,$0.00,0.00%,$12.89,$0.84,$0.00,$0.00,$0.00,$0.00,0.00%,$0.00,0.00%,$0.00,0.00%,$0.84,6.52%,$12.05,93.48%
"30 - N2R2_RM_30_PRIOR_SYN_UniquePlusLLC_0277_75K",1,"Ford Mustang Electric Bike Blue","DP1 V3",Mastercard,Sunday,515676,1,1,100.00%,0,0.00%,1,1,100.00%,0,0.00%,1,0,$0.00,1,0.00%,0,0,$0.00,0,0.00%,0,0,0,$0.00,$0.00,$0.00,$0.00,$0.00,$0.00,$0.00,$0.00,$0.00,$0.00,0.00%,0,0.00%,$0.00,0.00%,0,0.00%,$0.00,0.00%,0,0.00%,$0.00,0.00%,0,0.00%,$0.00,0.00%,$0.00,$0.20,$0.00,$0.00,$0.00,$0.00,0.00%,$0.00,0.00%,$0.00,0.00%,$0.20,0.00%,$-0.20,0.00%
"30 - N2R2_RM_30_PRIOR_SYN_UniquePlusLLC_0277_75K",1,"Ford Mustang Electric Bike Blue","DP1 V3",Mastercard,Sunday,518354,1,0,0.00%,1,100.00%,1,0,0.00%,1,100.00%,1,1,$12.89,0,100.00%,0,0,$0.00,0,0.00%,1,1,1,$12.89,$0.00,$0.00,$12.89,$0.00,$0.00,$12.89,$0.00,$12.89,$0.00,0.00%,0,0.00%,$0.00,0.00%,0,0.00%,$0.00,0.00%,0,0.00%,$0.00,0.00%,0,0.00%,$0.00,0.00%,$12.89,$0.84,$0.00,$0.00,$0.00,$0.00,0.00%,$0.00,0.00%,$0.00,0.00%,$0.84,6.52%,$12.05,93.48%
"30 - N2R2_RM_30_PRIOR_SYN_UniquePlusLLC_0277_75K",1,"Ford Mustang Electric Bike Blue","DP1 V3",Mastercard,Sunday,559430,1,1,100.00%,0,0.00%,1,1,100.00%,0,0.00%,1,0,$0.00,1,0.00%,0,0,$0.00,0,0.00%,0,0,0,$0.00,$0.00,$0.00,$0.00,$0.00,$0.00,$0.00,$0.00,$0.00,$0.00,0.00%,0,0.00%,$0.00,0.00%,0,0.00%,$0.00,0.00%,0,0.00%,$0.00,0.00%,0,0.00%,$0.00,0.00%,$0.00,$0.20,$0.00,$0.00,$0.00,$0.00,0.00%,$0.00,0.00%,$0.00,0.00%,$0.20,0.00%,$-0.20,0.00%
"30 - N2R2_RM_30_PRIOR_SYN_UniquePlusLLC_0277_75K",1,"Ford Mustang Electric Bike Blue","DP1 V3",Visa,Sunday,426684,1,1,100.00%,0,0.00%,1,1,100.00%,0,0.00%,1,0,$0.00,1,0.00%,0,0,$0.00,0,0.00%,0,0,0,$0.00,$0.00,$0.00,$0.00,$0.00,$0.00,$0.00,$0.00,$0.00,$0.00,0.00%,0,0.00%,$0.00,0.00%,0,0.00%,$0.00,0.00%,0,0.00%,$0.00,0.00%,0,0.00%,$0.00,0.00%,$0.00,$0.20,$0.00,$0.00,$0.00,$0.00,0.00%,$0.00,0.00%,$0.00,0.00%,$0.20,0.00%,$-0.20,0.00%
"30 - N2R2_RM_30_PRIOR_SYN_UniquePlusLLC_0277_75K",1,"Ford Mustang Electric Bike Blue","DP1 V3",Visa,Sunday,434256,1,0,0.00%,1,100.00%,1,0,0.00%,1,100.00%,1,1,$12.89,0,100.00%,0,0,$0.00,0,0.00%,1,1,1,$12.89,$0.00,$0.00,$12.89,$0.00,$0.00,$12.89,$0.00,$12.89,$0.00,0.00%,0,0.00%,$0.00,0.00%,0,0.00%,$0.00,0.00%,0,0.00%,$0.00,0.00%,0,0.00%,$0.00,0.00%,$12.89,$0.84,$0.00,$0.00,$0.00,$0.00,0.00%,$0.00,0.00%,$0.00,0.00%,$0.84,6.52%,$12.05,93.48%
"30 - N2R2_RM_30_PRIOR_SYN_UniquePlusLLC_0277_75K",1,"Ford Mustang Electric Bike Yellow","DP1 V3",Visa,Sunday,404227,1,1,100.00%,0,0.00%,1,1,100.00%,0,0.00%,1,0,$0.00,1,0.00%,0,0,$0.00,0,0.00%,0,0,0,$0.00,$0.00,$0.00,$0.00,$0.00,$0.00,$0.00,$0.00,$0.00,$0.00,0.00%,0,0.00%,$0.00,0.00%,0,0.00%,$0.00,0.00%,0,0.00%,$0.00,0.00%,0,0.00%,$0.00,0.00%,$0.00,$0.20,$0.00,$0.00,$0.00,$0.00,0.00%,$0.00,0.00%,$0.00,0.00%,$0.20,0.00%,$-0.20,0.00%
"30 - N2R2_RM_30_PRIOR_SYN_UniquePlusLLC_0277_75K",1,"Ford Mustang Electric Bike Yellow","DP1 V3",Visa,Sunday,426684,1,0,0.00%,1,100.00%,1,0,0.00%,1,100.00%,1,1,$12.89,0,100.00%,0,0,$0.00,0,0.00%,1,1,1,$12.89,$0.00,$0.00,$12.89,$0.00,$0.00,$12.89,$0.00,$12.89,$0.00,0.00%,0,0.00%,$0.00,0.00%,0,0.00%,$0.00,0.00%,0,0.00%,$0.00,0.00%,0,0.00%,$0.00,0.00%,$12.89,$0.84,$0.00,$0.00,$0.00,$0.00,0.00%,$0.00,0.00%,$0.00,0.00%,$0.84,6.52%,$12.05,93.48%
"30 - N2R2_RM_30_PRIOR_SYN_UniquePlusLLC_0277_75K",1,"Ford Mustang Electric Bike Yellow","DP1 V3",Visa,Sunday,471876,1,1,100.00%,0,0.00%,1,1,100.00%,0,0.00%,1,0,$0.00,1,0.00%,0,0,$0.00,0,0.00%,0,0,0,$0.00,$0.00,$0.00,$0.00,$0.00,$0.00,$0.00,$0.00,$0.00,$0.00,0.00%,0,0.00%,$0.00,0.00%,0,0.00%,$0.00,0.00%,0,0.00%,$0.00,0.00%,0,0.00%,$0.00,0.00%,$0.00,$0.20,$0.00,$0.00,$0.00,$0.00,0.00%,$0.00,0.00%,$0.00,0.00%,$0.20,0.00%,$-0.20,0.00%
"30 - N2R2_RM_30_PRIOR_SYN_UniquePlusLLC_0277_75K",1,"Omaha Steaks Meat Box","DP1 V3",Mastercard,Sunday,541413,1,1,100.00%,0,0.00%,1,1,100.00%,0,0.00%,1,0,$0.00,1,0.00%,0,0,$0.00,0,0.00%,0,0,0,$0.00,$0.00,$0.00,$0.00,$0.00,$0.00,$0.00,$0.00,$0.00,$0.00,0.00%,0,0.00%,$0.00,0.00%,0,0.00%,$0.00,0.00%,0,0.00%,$0.00,0.00%,0,0.00%,$0.00,0.00%,$0.00,$0.20,$0.00,$0.00,$0.00,$0.00,0.00%,$0.00,0.00%,$0.00,0.00%,$0.20,0.00%,$-0.20,0.00%
"30 - N2R2_RM_30_PRIOR_SYN_UniquePlusLLC_0277_75K",1,"Omaha Steaks Meat Box","DP1 V3",Mastercard,Sunday,552342,1,1,100.00%,0,0.00%,1,1,100.00%,0,0.00%,1,0,$0.00,1,0.00%,0,0,$0.00,0,0.00%,0,0,0,$0.00,$0.00,$0.00,$0.00,$0.00,$0.00,$0.00,$0.00,$0.00,$0.00,0.00%,0,0.00%,$0.00,0.00%,0,0.00%,$0.00,0.00%,0,0.00%,$0.00,0.00%,0,0.00%,$0.00,0.00%,$0.00,$0.20,$0.00,$0.00,$0.00,$0.00,0.00%,$0.00,0.00%,$0.00,0.00%,$0.20,0.00%,$-0.20,0.00%
"30 - N2R2_RM_30_PRIOR_SYN_UniquePlusLLC_0277_75K",1,"Omaha Steaks Meat Box","DP1 V3",Visa,Sunday,426684,1,0,0.00%,1,100.00%,1,0,0.00%,1,100.00%,1,1,$12.89,0,100.00%,0,0,$0.00,0,0.00%,1,1,1,$12.89,$0.00,$0.00,$12.89,$0.00,$0.00,$12.89,$0.00,$12.89,$0.00,0.00%,0,0.00%,$0.00,0.00%,0,0.00%,$0.00,0.00%,0,0.00%,$0.00,0.00%,0,0.00%,$0.00,0.00%,$12.89,$0.84,$0.00,$0.00,$0.00,$0.00,0.00%,$0.00,0.00%,$0.00,0.00%,$0.84,6.52%,$12.05,93.48%
"30 - N2R2_RM_30_PRIOR_SYN_UniquePlusLLC_0277_75K",1,"Stetson Cowboy Hat (White)","DP1 V3",Mastercard,Sunday,515599,1,1,100.00%,0,0.00%,1,1,100.00%,0,0.00%,1,0,$0.00,1,0.00%,0,0,$0.00,0,0.00%,0,0,0,$0.00,$0.00,$0.00,$0.00,$0.00,$0.00,$0.00,$0.00,$0.00,$0.00,0.00%,0,0.00%,$0.00,0.00%,0,0.00%,$0.00,0.00%,0,0.00%,$0.00,0.00%,0,0.00%,$0.00,0.00%,$0.00,$0.20,$0.00,$0.00,$0.00,$0.00,0.00%,$0.00,0.00%,$0.00,0.00%,$0.20,0.00%,$-0.20,0.00%
"30 - N2R2_RM_30_PRIOR_SYN_UniquePlusLLC_0277_75K",1,"Stetson Cowboy Hat (White)","DP1 V3",Mastercard,Sunday,515676,1,1,100.00%,0,0.00%,1,1,100.00%,0,0.00%,1,0,$0.00,1,0.00%,0,0,$0.00,0,0.00%,0,0,0,$0.00,$0.00,$0.00,$0.00,$0.00,$0.00,$0.00,$0.00,$0.00,$0.00,0.00%,0,0.00%,$0.00,0.00%,0,0.00%,$0.00,0.00%,0,0.00%,$0.00,0.00%,0,0.00%,$0.00,0.00%,$0.00,$0.20,$0.00,$0.00,$0.00,$0.00,0.00%,$0.00,0.00%,$0.00,0.00%,$0.20,0.00%,$-0.20,0.00%
"31 - zCLOSED_N2_RM_31_APPS_SYN_SpecifiConLLC_0807_50K",1,"Ford Mustang Electric Bike Blue","DP1 V3",Mastercard,Sunday,541413,1,1,100.00%,0,0.00%,1,1,100.00%,0,0.00%,1,0,$0.00,1,0.00%,0,0,$0.00,0,0.00%,0,0,0,$0.00,$0.00,$0.00,$0.00,$0.00,$0.00,$0.00,$0.00,$0.00,$0.00,0.00%,0,0.00%,$0.00,0.00%,0,0.00%,$0.00,0.00%,0,0.00%,$0.00,0.00%,0,0.00%,$0.00,0.00%,$0.00,$0.20,$0.00,$0.00,$0.00,$0.00,0.00%,$0.00,0.00%,$0.00,0.00%,$0.20,0.00%,$-0.20,0.00%
"31 - zCLOSED_N2_RM_31_APPS_SYN_SpecifiConLLC_0807_50K",1,"Ford Mustang Electric Bike Blue","DP1 V3",Mastercard,Sunday,544927,1,0,0.00%,1,100.00%,1,0,0.00%,1,100.00%,1,1,$12.89,0,100.00%,0,0,$0.00,0,0.00%,1,1,1,$12.89,$0.00,$0.00,$12.89,$0.00,$0.00,$12.89,$0.00,$12.89,$0.00,0.00%,0,0.00%,$0.00,0.00%,0,0.00%,$0.00,0.00%,0,0.00%,$0.00,0.00%,0,0.00%,$0.00,0.00%,$12.89,$0.84,$0.00,$0.00,$0.00,$0.00,0.00%,$0.00,0.00%,$0.00,0.00%,$0.84,6.52%,$12.05,93.48%
"31 - zCLOSED_N2_RM_31_APPS_SYN_SpecifiConLLC_0807_50K",1,"Ford Mustang Electric Bike Blue","DP1 V3",Visa,Sunday,409451,1,1,100.00%,0,0.00%,1,1,100.00%,0,0.00%,1,0,$0.00,1,0.00%,0,0,$0.00,0,0.00%,0,0,0,$0.00,$0.00,$0.00,$0.00,$0.00,$0.00,$0.00,$0.00,$0.00,$0.00,0.00%,0,0.00%,$0.00,0.00%,0,0.00%,$0.00,0.00%,0,0.00%,$0.00,0.00%,0,0.00%,$0.00,0.00%,$0.00,$0.20,$0.00,$0.00,$0.00,$0.00,0.00%,$0.00,0.00%,$0.00,0.00%,$0.20,0.00%,$-0.20,0.00%
"31 - zCLOSED_N2_RM_31_APPS_SYN_SpecifiConLLC_0807_50K",1,"Ford Mustang Electric Bike Blue","DP1 V3",Visa,Sunday,416862,1,1,100.00%,0,0.00%,1,1,100.00%,0,0.00%,1,0,$0.00,1,0.00%,0,0,$0.00,0,0.00%,0,0,0,$0.00,$0.00,$0.00,$0.00,$0.00,$0.00,$0.00,$0.00,$0.00,$0.00,0.00%,0,0.00%,$0.00,0.00%,0,0.00%,$0.00,0.00%,0,0.00%,$0.00,0.00%,0,0.00%,$0.00,0.00%,$0.00,$0.20,$0.00,$0.00,$0.00,$0.00,0.00%,$0.00,0.00%,$0.00,0.00%,$0.20,0.00%,$-0.20,0.00%
"31 - zCLOSED_N2_RM_31_APPS_SYN_SpecifiConLLC_0807_50K",1,"Ford Mustang Electric Bike Blue","DP1 V3",Visa,Sunday,426684,1,1,100.00%,0,0.00%,1,1,100.00%,0,0.00%,1,0,$0.00,1,0.00%,0,0,$0.00,0,0.00%,0,0,0,$0.00,$0.00,$0.00,$0.00,$0.00,$0.00,$0.00,$0.00,$0.00,$0.00,0.00%,0,0.00%,$0.00,0.00%,0,0.00%,$0.00,0.00%,0,0.00%,$0.00,0.00%,0,0.00%,$0.00,0.00%,$0.00,$0.20,$0.00,$0.00,$0.00,$0.00,0.00%,$0.00,0.00%,$0.00,0.00%,$0.20,0.00%,$-0.20,0.00%
"31 - zCLOSED_N2_RM_31_APPS_SYN_SpecifiConLLC_0807_50K",1,"Ford Mustang Electric Bike Yellow","DP1 V3",Mastercard,Sunday,549825,1,0,0.00%,1,100.00%,1,0,0.00%,1,100.00%,1,1,$12.89,0,100.00%,0,0,$0.00,0,0.00%,1,1,1,$12.89,$0.00,$0.00,$12.89,$0.00,$0.00,$12.89,$0.00,$12.89,$0.00,0.00%,0,0.00%,$0.00,0.00%,0,0.00%,$0.00,0.00%,0,0.00%,$0.00,0.00%,0,0.00%,$0.00,0.00%,$12.89,$0.84,$0.00,$0.00,$0.00,$0.00,0.00%,$0.00,0.00%,$0.00,0.00%,$0.84,6.52%,$12.05,93.48%
"31 - zCLOSED_N2_RM_31_APPS_SYN_SpecifiConLLC_0807_50K",1,"Ford Mustang Electric Bike Yellow","DP1 V3",Mastercard,Sunday,551010,1,0,0.00%,1,100.00%,1,0,0.00%,1,100.00%,1,1,$12.89,0,100.00%,0,0,$0.00,0,0.00%,1,1,1,$12.89,$0.00,$0.00,$12.89,$0.00,$0.00,$12.89,$0.00,$12.89,$0.00,0.00%,0,0.00%,$0.00,0.00%,0,0.00%,$0.00,0.00%,0,0.00%,$0.00,0.00%,0,0.00%,$0.00,0.00%,$12.89,$0.84,$0.00,$0.00,$0.00,$0.00,0.00%,$0.00,0.00%,$0.00,0.00%,$0.84,6.52%,$12.05,93.48%
"31 - zCLOSED_N2_RM_31_APPS_SYN_SpecifiConLLC_0807_50K",1,"Ford Mustang Electric Bike Yellow","DP1 V3",Visa,Sunday,400699,1,1,100.00%,0,0.00%,1,1,100.00%,0,0.00%,1,0,$0.00,1,0.00%,0,0,$0.00,0,0.00%,0,0,0,$0.00,$0.00,$0.00,$0.00,$0.00,$0.00,$0.00,$0.00,$0.00,$0.00,0.00%,0,0.00%,$0.00,0.00%,0,0.00%,$0.00,0.00%,0,0.00%,$0.00,0.00%,0,0.00%,$0.00,0.00%,$0.00,$0.20,$0.00,$0.00,$0.00,$0.00,0.00%,$0.00,0.00%,$0.00,0.00%,$0.20,0.00%,$-0.20,0.00%
"31 - zCLOSED_N2_RM_31_APPS_SYN_SpecifiConLLC_0807_50K",1,"Ford Mustang Electric Bike Yellow","DP1 V3",Visa,Sunday,433477,1,0,0.00%,1,100.00%,1,0,0.00%,1,100.00%,1,1,$12.89,0,100.00%,0,0,$0.00,0,0.00%,1,1,1,$12.89,$0.00,$0.00,$12.89,$0.00,$0.00,$12.89,$0.00,$12.89,$0.00,0.00%,0,0.00%,$0.00,0.00%,0,0.00%,$0.00,0.00%,0,0.00%,$0.00,0.00%,0,0.00%,$0.00,0.00%,$12.89,$0.84,$0.00,$0.00,$0.00,$0.00,0.00%,$0.00,0.00%,$0.00,0.00%,$0.84,6.52%,$12.05,93.48%
"31 - zCLOSED_N2_RM_31_APPS_SYN_SpecifiConLLC_0807_50K",1,"John Deere Tailgate Bundle Green","DP1 V3",Visa,Sunday,400602,1,1,100.00%,0,0.00%,1,1,100.00%,0,0.00%,1,0,$0.00,1,0.00%,0,0,$0.00,0,0.00%,0,0,0,$0.00,$0.00,$0.00,$0.00,$0.00,$0.00,$0.00,$0.00,$0.00,$0.00,0.00%,0,0.00%,$0.00,0.00%,0,0.00%,$0.00,0.00%,0,0.00%,$0.00,0.00%,0,0.00%,$0.00,0.00%,$0.00,$0.20,$0.00,$0.00,$0.00,$0.00,0.00%,$0.00,0.00%,$0.00,0.00%,$0.20,0.00%,$-0.20,0.00%
"31 - zCLOSED_N2_RM_31_APPS_SYN_SpecifiConLLC_0807_50K",1,"John Deere Tailgate Bundle Green","DP1 V3",Visa,Sunday,429136,1,1,100.00%,0,0.00%,1,1,100.00%,0,0.00%,1,0,$0.00,1,0.00%,0,0,$0.00,0,0.00%,0,0,0,$0.00,$0.00,$0.00,$0.00,$0.00,$0.00,$0.00,$0.00,$0.00,$0.00,0.00%,0,0.00%,$0.00,0.00%,0,0.00%,$0.00,0.00%,0,0.00%,$0.00,0.00%,0,0.00%,$0.00,0.00%,$0.00,$0.20,$0.00,$0.00,$0.00,$0.00,0.00%,$0.00,0.00%,$0.00,0.00%,$0.20,0.00%,$-0.20,0.00%
"31 - zCLOSED_N2_RM_31_APPS_SYN_SpecifiConLLC_0807_50K",1,"Milwaukee - Armourtred S7S High-Cut Boots","DP1 V3",Visa,Sunday,401154,1,1,100.00%,0,0.00%,1,1,100.00%,0,0.00%,1,0,$0.00,1,0.00%,0,0,$0.00,0,0.00%,0,0,0,$0.00,$0.00,$0.00,$0.00,$0.00,$0.00,$0.00,$0.00,$0.00,$0.00,0.00%,0,0.00%,$0.00,0.00%,0,0.00%,$0.00,0.00%,0,0.00%,$0.00,0.00%,0,0.00%,$0.00,0.00%,$0.00,$0.20,$0.00,$0.00,$0.00,$0.00,0.00%,$0.00,0.00%,$0.00,0.00%,$0.20,0.00%,$-0.20,0.00%
"31 - zCLOSED_N2_RM_31_APPS_SYN_SpecifiConLLC_0807_50K",1,"Milwaukee - Armourtred S7S High-Cut Boots","DP1 V3",Visa,Sunday,434769,1,0,0.00%,1,100.00%,1,0,0.00%,1,100.00%,1,1,$12.89,0,100.00%,0,0,$0.00,0,0.00%,1,1,1,$12.89,$0.00,$0.00,$12.89,$0.00,$0.00,$12.89,$0.00,$12.89,$0.00,0.00%,0,0.00%,$0.00,0.00%,0,0.00%,$0.00,0.00%,0,0.00%,$0.00,0.00%,0,0.00%,$0.00,0.00%,$12.89,$0.84,$0.00,$0.00,$0.00,$0.00,0.00%,$0.00,0.00%,$0.00,0.00%,$0.84,6.52%,$12.05,93.48%
"31 - zCLOSED_N2_RM_31_APPS_SYN_SpecifiConLLC_0807_50K",1,"Omaha Steaks Meat Box","DP1 V3",Mastercard,Sunday,515676,1,1,100.00%,0,0.00%,1,1,100.00%,0,0.00%,1,0,$0.00,1,0.00%,0,0,$0.00,0,0.00%,0,0,0,$0.00,$0.00,$0.00,$0.00,$0.00,$0.00,$0.00,$0.00,$0.00,$0.00,0.00%,0,0.00%,$0.00,0.00%,0,0.00%,$0.00,0.00%,0,0.00%,$0.00,0.00%,0,0.00%,$0.00,0.00%,$0.00,$0.20,$0.00,$0.00,$0.00,$0.00,0.00%,$0.00,0.00%,$0.00,0.00%,$0.20,0.00%,$-0.20,0.00%
"31 - zCLOSED_N2_RM_31_APPS_SYN_SpecifiConLLC_0807_50K",1,"TaylorMade GT Spider Golf Putter","DP1 V3",Mastercard,Sunday,521853,1,0,0.00%,1,100.00%,1,0,0.00%,1,100.00%,1,1,$12.89,0,100.00%,0,0,$0.00,0,0.00%,1,1,1,$12.89,$0.00,$0.00,$12.89,$0.00,$0.00,$12.89,$0.00,$12.89,$12.89,100.00%,0,0.00%,$0.00,0.00%,0,0.00%,$0.00,0.00%,0,0.00%,$0.00,0.00%,1,100.00%,$12.89,100.00%,$0.00,$0.84,$0.00,$0.00,$0.00,$0.00,0.00%,$0.00,0.00%,$0.00,0.00%,$0.84,6.52%,$-0.84,-6.52%
"32 - zCLOSED_N2R2_RM_32_APPS_SYN_SpecifiConLLC_4247_50K",1,"Ford Mustang Electric Bike Blue","DP1 V3",Mastercard,Sunday,514751,1,1,100.00%,0,0.00%,1,1,100.00%,0,0.00%,1,0,$0.00,1,0.00%,0,0,$0.00,0,0.00%,0,0,0,$0.00,$0.00,$0.00,$0.00,$0.00,$0.00,$0.00,$0.00,$0.00,$0.00,0.00%,0,0.00%,$0.00,0.00%,0,0.00%,$0.00,0.00%,0,0.00%,$0.00,0.00%,0,0.00%,$0.00,0.00%,$0.00,$0.20,$0.00,$0.00,$0.00,$0.00,0.00%,$0.00,0.00%,$0.00,0.00%,$0.20,0.00%,$-0.20,0.00%
"32 - zCLOSED_N2R2_RM_32_APPS_SYN_SpecifiConLLC_4247_50K",1,"Ford Mustang Electric Bike Blue","DP1 V3",Visa,Sunday,406095,1,1,100.00%,0,0.00%,1,1,100.00%,0,0.00%,1,0,$0.00,1,0.00%,0,0,$0.00,0,0.00%,0,0,0,$0.00,$0.00,$0.00,$0.00,$0.00,$0.00,$0.00,$0.00,$0.00,$0.00,0.00%,0,0.00%,$0.00,0.00%,0,0.00%,$0.00,0.00%,0,0.00%,$0.00,0.00%,0,0.00%,$0.00,0.00%,$0.00,$0.20,$0.00,$0.00,$0.00,$0.00,0.00%,$0.00,0.00%,$0.00,0.00%,$0.20,0.00%,$-0.20,0.00%
"32 - zCLOSED_N2R2_RM_32_APPS_SYN_SpecifiConLLC_4247_50K",1,"Ford Mustang Electric Bike Yellow","DP1 V3",Mastercard,Sunday,512829,1,0,0.00%,1,100.00%,1,0,0.00%,1,100.00%,1,1,$12.89,0,100.00%,0,0,$0.00,0,0.00%,1,1,1,$12.89,$0.00,$0.00,$12.89,$0.00,$0.00,$12.89,$0.00,$12.89,$0.00,0.00%,0,0.00%,$0.00,0.00%,0,0.00%,$0.00,0.00%,0,0.00%,$0.00,0.00%,0,0.00%,$0.00,0.00%,$12.89,$0.84,$0.00,$0.00,$0.00,$0.00,0.00%,$0.00,0.00%,$0.00,0.00%,$0.84,6.52%,$12.05,93.48%
"32 - zCLOSED_N2R2_RM_32_APPS_SYN_SpecifiConLLC_4247_50K",1,"Ford Mustang Electric Bike Yellow","DP1 V3",Mastercard,Sunday,526225,1,0,0.00%,1,100.00%,1,0,0.00%,1,100.00%,1,1,$12.89,0,100.00%,0,0,$0.00,0,0.00%,1,1,1,$12.89,$0.00,$0.00,$12.89,$0.00,$0.00,$12.89,$0.00,$12.89,$0.00,0.00%,0,0.00%,$0.00,0.00%,0,0.00%,$0.00,0.00%,0,0.00%,$0.00,0.00%,0,0.00%,$0.00,0.00%,$12.89,$0.84,$0.00,$0.00,$0.00,$0.00,0.00%,$0.00,0.00%,$0.00,0.00%,$0.84,6.52%,$12.05,93.48%
"32 - zCLOSED_N2R2_RM_32_APPS_SYN_SpecifiConLLC_4247_50K",1,"Ford Mustang Electric Bike Yellow","DP1 V3",Visa,Sunday,463240,1,0,0.00%,1,100.00%,1,0,0.00%,1,100.00%,1,1,$12.89,0,100.00%,0,0,$0.00,0,0.00%,1,1,1,$12.89,$0.00,$0.00,$12.89,$0.00,$0.00,$12.89,$0.00,$12.89,$0.00,0.00%,0,0.00%,$0.00,0.00%,0,0.00%,$0.00,0.00%,0,0.00%,$0.00,0.00%,0,0.00%,$0.00,0.00%,$12.89,$0.84,$0.00,$0.00,$0.00,$0.00,0.00%,$0.00,0.00%,$0.00,0.00%,$0.84,6.52%,$12.05,93.48%
"32 - zCLOSED_N2R2_RM_32_APPS_SYN_SpecifiConLLC_4247_50K",1,"Milwaukee - Armourtred S7S High-Cut Boots","DP1 V3",Visa,Sunday,445171,1,1,100.00%,0,0.00%,1,1,100.00%,0,0.00%,1,0,$0.00,1,0.00%,0,0,$0.00,0,0.00%,0,0,0,$0.00,$0.00,$0.00,$0.00,$0.00,$0.00,$0.00,$0.00,$0.00,$0.00,0.00%,0,0.00%,$0.00,0.00%,0,0.00%,$0.00,0.00%,0,0.00%,$0.00,0.00%,0,0.00%,$0.00,0.00%,$0.00,$0.20,$0.00,$0.00,$0.00,$0.00,0.00%,$0.00,0.00%,$0.00,0.00%,$0.20,0.00%,$-0.20,0.00%
"33 - zCLOSED_N2_RM_33_APPS_SYN_SpecifiConLLC_6139_50K",1,"Armourtred S7S High-Cut Boots","DP1 V3",Mastercard,Sunday,548009,1,0,0.00%,1,100.00%,1,0,0.00%,1,100.00%,1,1,$12.89,0,100.00%,0,0,$0.00,0,0.00%,1,1,1,$12.89,$0.00,$0.00,$12.89,$0.00,$0.00,$12.89,$0.00,$12.89,$0.00,0.00%,0,0.00%,$0.00,0.00%,0,0.00%,$0.00,0.00%,0,0.00%,$0.00,0.00%,0,0.00%,$0.00,0.00%,$12.89,$0.84,$0.00,$0.00,$0.00,$0.00,0.00%,$0.00,0.00%,$0.00,0.00%,$0.84,6.52%,$12.05,93.48%
"33 - zCLOSED_N2_RM_33_APPS_SYN_SpecifiConLLC_6139_50K",1,"Ford Mustang Electric Bike Blue","DP1 V3",Mastercard,Sunday,542418,1,0,0.00%,1,100.00%,1,0,0.00%,1,100.00%,1,1,$12.89,0,100.00%,0,0,$0.00,0,0.00%,1,1,1,$12.89,$0.00,$0.00,$12.89,$0.00,$0.00,$12.89,$0.00,$12.89,$25.78,200.00%,0,0.00%,$0.00,0.00%,0,0.00%,$0.00,0.00%,1,100.00%,$12.89,100.00%,1,100.00%,$12.89,100.00%,$-12.89,$35.84,$0.00,$0.00,$0.00,$0.00,0.00%,$35.00,271.53%,$0.00,0.00%,$0.84,6.52%,$-48.73,-378.04%
"33 - zCLOSED_N2_RM_33_APPS_SYN_SpecifiConLLC_6139_50K",1,"Ford Mustang Electric Bike Blue","DP1 V3",Visa,Sunday,405037,1,1,100.00%,0,0.00%,1,1,100.00%,0,0.00%,1,0,$0.00,1,0.00%,0,0,$0.00,0,0.00%,0,0,0,$0.00,$0.00,$0.00,$0.00,$0.00,$0.00,$0.00,$0.00,$0.00,$0.00,0.00%,0,0.00%,$0.00,0.00%,0,0.00%,$0.00,0.00%,0,0.00%,$0.00,0.00%,0,0.00%,$0.00,0.00%,$0.00,$0.20,$0.00,$0.00,$0.00,$0.00,0.00%,$0.00,0.00%,$0.00,0.00%,$0.20,0.00%,$-0.20,0.00%
"33 - zCLOSED_N2_RM_33_APPS_SYN_SpecifiConLLC_6139_50K",1,"Ford Mustang Electric Bike Blue","DP1 V3",Visa,Sunday,434256,1,0,0.00%,1,100.00%,1,0,0.00%,1,100.00%,1,1,$12.89,0,100.00%,0,0,$0.00,0,0.00%,1,1,1,$12.89,$0.00,$0.00,$12.89,$0.00,$0.00,$12.89,$0.00,$12.89,$0.00,0.00%,0,0.00%,$0.00,0.00%,0,0.00%,$0.00,0.00%,0,0.00%,$0.00,0.00%,0,0.00%,$0.00,0.00%,$12.89,$0.84,$0.00,$0.00,$0.00,$0.00,0.00%,$0.00,0.00%,$0.00,0.00%,$0.84,6.52%,$12.05,93.48%
"33 - zCLOSED_N2_RM_33_APPS_SYN_SpecifiConLLC_6139_50K",1,"Ford Mustang Electric Bike Blue","DP1 V3",Visa,Sunday,473703,1,1,100.00%,0,0.00%,1,1,100.00%,0,0.00%,1,0,$0.00,1,0.00%,0,0,$0.00,0,0.00%,0,0,0,$0.00,$0.00,$0.00,$0.00,$0.00,$0.00,$0.00,$0.00,$0.00,$0.00,0.00%,0,0.00%,$0.00,0.00%,0,0.00%,$0.00,0.00%,0,0.00%,$0.00,0.00%,0,0.00%,$0.00,0.00%,$0.00,$0.20,$0.00,$0.00,$0.00,$0.00,0.00%,$0.00,0.00%,$0.00,0.00%,$0.20,0.00%,$-0.20,0.00%
"33 - zCLOSED_N2_RM_33_APPS_SYN_SpecifiConLLC_6139_50K",1,"Ford Mustang Electric Bike Yellow","DP1 V3",Mastercard,Sunday,550114,1,1,100.00%,0,0.00%,1,1,100.00%,0,0.00%,1,0,$0.00,1,0.00%,0,0,$0.00,0,0.00%,0,0,0,$0.00,$0.00,$0.00,$0.00,$0.00,$0.00,$0.00,$0.00,$0.00,$0.00,0.00%,0,0.00%,$0.00,0.00%,0,0.00%,$0.00,0.00%,0,0.00%,$0.00,0.00%,0,0.00%,$0.00,0.00%,$0.00,$0.20,$0.00,$0.00,$0.00,$0.00,0.00%,$0.00,0.00%,$0.00,0.00%,$0.20,0.00%,$-0.20,0.00%
"33 - zCLOSED_N2_RM_33_APPS_SYN_SpecifiConLLC_6139_50K",1,"Milwaukee - Armourtred S7S High-Cut Boots","DP1 V3",Visa,Sunday,434256,1,1,100.00%,0,0.00%,1,1,100.00%,0,0.00%,1,0,$0.00,1,0.00%,0,0,$0.00,0,0.00%,0,0,0,$0.00,$0.00,$0.00,$0.00,$0.00,$0.00,$0.00,$0.00,$0.00,$0.00,0.00%,0,0.00%,$0.00,0.00%,0,0.00%,$0.00,0.00%,0,0.00%,$0.00,0.00%,0,0.00%,$0.00,0.00%,$0.00,$0.20,$0.00,$0.00,$0.00,$0.00,0.00%,$0.00,0.00%,$0.00,0.00%,$0.20,0.00%,$-0.20,0.00%
"33 - zCLOSED_N2_RM_33_APPS_SYN_SpecifiConLLC_6139_50K",1,"Omaha Steaks Meat Box","DP1 V3",Mastercard,Sunday,515676,1,1,100.00%,0,0.00%,1,1,100.00%,0,0.00%,1,0,$0.00,1,0.00%,0,0,$0.00,0,0.00%,0,0,0,$0.00,$0.00,$0.00,$0.00,$0.00,$0.00,$0.00,$0.00,$0.00,$0.00,0.00%,0,0.00%,$0.00,0.00%,0,0.00%,$0.00,0.00%,0,0.00%,$0.00,0.00%,0,0.00%,$0.00,0.00%,$0.00,$0.20,$0.00,$0.00,$0.00,$0.00,0.00%,$0.00,0.00%,$0.00,0.00%,$0.20,0.00%,$-0.20,0.00%
"34 - N2R2_RM_34_NET_ESQ_BrightAdvantageLLC_5798_55K",1,"5 Domestic flights","DP1 V3",Mastercard,Sunday,537800,1,1,100.00%,0,0.00%,1,1,100.00%,0,0.00%,1,0,$0.00,1,0.00%,0,0,$0.00,0,0.00%,0,0,0,$0.00,$0.00,$0.00,$0.00,$0.00,$0.00,$0.00,$0.00,$0.00,$0.00,0.00%,0,0.00%,$0.00,0.00%,0,0.00%,$0.00,0.00%,0,0.00%,$0.00,0.00%,0,0.00%,$0.00,0.00%,$0.00,$0.20,$0.00,$0.00,$0.00,$0.00,0.00%,$0.00,0.00%,$0.00,0.00%,$0.20,0.00%,$-0.20,0.00%
"34 - N2R2_RM_34_NET_ESQ_BrightAdvantageLLC_5798_55K",1,"Armourtred S7S High-Cut Boots","DP1 V3",Visa,Sunday,433747,1,1,100.00%,0,0.00%,1,1,100.00%,0,0.00%,1,0,$0.00,1,0.00%,0,0,$0.00,0,0.00%,0,0,0,$0.00,$0.00,$0.00,$0.00,$0.00,$0.00,$0.00,$0.00,$0.00,$0.00,0.00%,0,0.00%,$0.00,0.00%,0,0.00%,$0.00,0.00%,0,0.00%,$0.00,0.00%,0,0.00%,$0.00,0.00%,$0.00,$0.20,$0.00,$0.00,$0.00,$0.00,0.00%,$0.00,0.00%,$0.00,0.00%,$0.20,0.00%,$-0.20,0.00%
"34 - N2R2_RM_34_NET_ESQ_BrightAdvantageLLC_5798_55K",1,"Ford Mustang Electric Bike Blue","DP1 V3",Mastercard,Sunday,512230,1,1,100.00%,0,0.00%,1,1,100.00%,0,0.00%,1,0,$0.00,1,0.00%,0,0,$0.00,0,0.00%,0,0,0,$0.00,$0.00,$0.00,$0.00,$0.00,$0.00,$0.00,$0.00,$0.00,$0.00,0.00%,0,0.00%,$0.00,0.00%,0,0.00%,$0.00,0.00%,0,0.00%,$0.00,0.00%,0,0.00%,$0.00,0.00%,$0.00,$0.20,$0.00,$0.00,$0.00,$0.00,0.00%,$0.00,0.00%,$0.00,0.00%,$0.20,0.00%,$-0.20,0.00%
"34 - N2R2_RM_34_NET_ESQ_BrightAdvantageLLC_5798_55K",1,"Ford Mustang Electric Bike Blue","DP1 V3",Mastercard,Sunday,521991,1,0,0.00%,1,100.00%,1,0,0.00%,1,100.00%,1,1,$12.89,0,100.00%,0,0,$0.00,0,0.00%,1,1,1,$12.89,$0.00,$0.00,$12.89,$0.00,$0.00,$12.89,$0.00,$12.89,$0.00,0.00%,0,0.00%,$0.00,0.00%,0,0.00%,$0.00,0.00%,0,0.00%,$0.00,0.00%,0,0.00%,$0.00,0.00%,$12.89,$0.84,$0.00,$0.00,$0.00,$0.00,0.00%,$0.00,0.00%,$0.00,0.00%,$0.84,6.52%,$12.05,93.48%
"34 - N2R2_RM_34_NET_ESQ_BrightAdvantageLLC_5798_55K",1,"Ford Mustang Electric Bike Blue","DP1 V3",Visa,Sunday,425018,1,1,100.00%,0,0.00%,1,1,100.00%,0,0.00%,1,0,$0.00,1,0.00%,0,0,$0.00,0,0.00%,0,0,0,$0.00,$0.00,$0.00,$0.00,$0.00,$0.00,$0.00,$0.00,$0.00,$0.00,0.00%,0,0.00%,$0.00,0.00%,0,0.00%,$0.00,0.00%,0,0.00%,$0.00,0.00%,0,0.00%,$0.00,0.00%,$0.00,$0.20,$0.00,$0.00,$0.00,$0.00,0.00%,$0.00,0.00%,$0.00,0.00%,$0.20,0.00%,$-0.20,0.00%
"34 - N2R2_RM_34_NET_ESQ_BrightAdvantageLLC_5798_55K",1,"Ford Mustang Electric Bike Blue","DP1 V3",Visa,Sunday,434292,1,1,100.00%,0,0.00%,1,1,100.00%,0,0.00%,1,0,$0.00,1,0.00%,0,0,$0.00,0,0.00%,0,0,0,$0.00,$0.00,$0.00,$0.00,$0.00,$0.00,$0.00,$0.00,$0.00,$0.00,0.00%,0,0.00%,$0.00,0.00%,0,0.00%,$0.00,0.00%,0,0.00%,$0.00,0.00%,0,0.00%,$0.00,0.00%,$0.00,$0.20,$0.00,$0.00,$0.00,$0.00,0.00%,$0.00,0.00%,$0.00,0.00%,$0.20,0.00%,$-0.20,0.00%
"34 - N2R2_RM_34_NET_ESQ_BrightAdvantageLLC_5798_55K",1,"Ford Mustang Electric Bike Blue","DP1 V3",Visa,Sunday,438419,1,0,0.00%,1,100.00%,1,0,0.00%,1,100.00%,1,1,$12.89,0,100.00%,0,0,$0.00,0,0.00%,1,1,1,$12.89,$0.00,$0.00,$12.89,$0.00,$0.00,$12.89,$0.00,$12.89,$0.00,0.00%,0,0.00%,$0.00,0.00%,0,0.00%,$0.00,0.00%,0,0.00%,$0.00,0.00%,0,0.00%,$0.00,0.00%,$12.89,$0.84,$0.00,$0.00,$0.00,$0.00,0.00%,$0.00,0.00%,$0.00,0.00%,$0.84,6.52%,$12.05,93.48%
"34 - N2R2_RM_34_NET_ESQ_BrightAdvantageLLC_5798_55K",1,"Ford Mustang Electric Bike Blue","DP1 V3",Visa,Sunday,444796,1,1,100.00%,0,0.00%,1,1,100.00%,0,0.00%,1,0,$0.00,1,0.00%,0,0,$0.00,0,0.00%,0,0,0,$0.00,$0.00,$0.00,$0.00,$0.00,$0.00,$0.00,$0.00,$0.00,$0.00,0.00%,0,0.00%,$0.00,0.00%,0,0.00%,$0.00,0.00%,0,0.00%,$0.00,0.00%,0,0.00%,$0.00,0.00%,$0.00,$0.20,$0.00,$0.00,$0.00,$0.00,0.00%,$0.00,0.00%,$0.00,0.00%,$0.20,0.00%,$-0.20,0.00%
"34 - N2R2_RM_34_NET_ESQ_BrightAdvantageLLC_5798_55K",1,"Ford Mustang Electric Bike Blue","DP1 V3",Visa,Sunday,448261,1,1,100.00%,0,0.00%,1,1,100.00%,0,0.00%,1,0,$0.00,1,0.00%,0,0,$0.00,0,0.00%,0,0,0,$0.00,$0.00,$0.00,$0.00,$0.00,$0.00,$0.00,$0.00,$0.00,$0.00,0.00%,0,0.00%,$0.00,0.00%,0,0.00%,$0.00,0.00%,0,0.00%,$0.00,0.00%,0,0.00%,$0.00,0.00%,$0.00,$0.20,$0.00,$0.00,$0.00,$0.00,0.00%,$0.00,0.00%,$0.00,0.00%,$0.20,0.00%,$-0.20,0.00%
"34 - N2R2_RM_34_NET_ESQ_BrightAdvantageLLC_5798_55K",1,"Ford Mustang Electric Bike Blue","DP1 V3",Visa,Sunday,478200,1,1,100.00%,0,0.00%,1,1,100.00%,0,0.00%,1,0,$0.00,1,0.00%,0,0,$0.00,0,0.00%,0,0,0,$0.00,$0.00,$0.00,$0.00,$0.00,$0.00,$0.00,$0.00,$0.00,$0.00,0.00%,0,0.00%,$0.00,0.00%,0,0.00%,$0.00,0.00%,0,0.00%,$0.00,0.00%,0,0.00%,$0.00,0.00%,$0.00,$0.20,$0.00,$0.00,$0.00,$0.00,0.00%,$0.00,0.00%,$0.00,0.00%,$0.20,0.00%,$-0.20,0.00%
"34 - N2R2_RM_34_NET_ESQ_BrightAdvantageLLC_5798_55K",1,"Ford Mustang Electric Bike Yellow","DP1 V3",Visa,Sunday,423223,1,1,100.00%,0,0.00%,1,1,100.00%,0,0.00%,1,0,$0.00,1,0.00%,0,0,$0.00,0,0.00%,0,0,0,$0.00,$0.00,$0.00,$0.00,$0.00,$0.00,$0.00,$0.00,$0.00,$0.00,0.00%,0,0.00%,$0.00,0.00%,0,0.00%,$0.00,0.00%,0,0.00%,$0.00,0.00%,0,0.00%,$0.00,0.00%,$0.00,$0.20,$0.00,$0.00,$0.00,$0.00,0.00%,$0.00,0.00%,$0.00,0.00%,$0.20,0.00%,$-0.20,0.00%
"34 - N2R2_RM_34_NET_ESQ_BrightAdvantageLLC_5798_55K",1,"Ford Mustang Electric Bike Yellow","DP1 V3",Visa,Sunday,486796,1,0,0.00%,1,100.00%,1,0,0.00%,1,100.00%,1,1,$12.89,0,100.00%,0,0,$0.00,0,0.00%,1,1,1,$12.89,$0.00,$0.00,$12.89,$0.00,$0.00,$12.89,$0.00,$12.89,$0.00,0.00%,0,0.00%,$0.00,0.00%,0,0.00%,$0.00,0.00%,0,0.00%,$0.00,0.00%,0,0.00%,$0.00,0.00%,$12.89,$0.84,$0.00,$0.00,$0.00,$0.00,0.00%,$0.00,0.00%,$0.00,0.00%,$0.84,6.52%,$12.05,93.48%
"34 - N2R2_RM_34_NET_ESQ_BrightAdvantageLLC_5798_55K",1,"Milwaukee - Armourtred S7S High-Cut Boots","DP1 V3",Visa,Sunday,402194,1,0,0.00%,1,100.00%,1,0,0.00%,1,100.00%,1,1,$12.89,0,100.00%,0,0,$0.00,0,0.00%,1,1,1,$12.89,$0.00,$0.00,$12.89,$0.00,$0.00,$12.89,$0.00,$12.89,$0.00,0.00%,0,0.00%,$0.00,0.00%,0,0.00%,$0.00,0.00%,0,0.00%,$0.00,0.00%,0,0.00%,$0.00,0.00%,$12.89,$0.84,$0.00,$0.00,$0.00,$0.00,0.00%,$0.00,0.00%,$0.00,0.00%,$0.84,6.52%,$12.05,93.48%
"34 - N2R2_RM_34_NET_ESQ_BrightAdvantageLLC_5798_55K",1,"Milwaukee - Armourtred S7S High-Cut Boots","DP1 V3",Visa,Sunday,435667,1,0,0.00%,1,100.00%,1,0,0.00%,1,100.00%,1,1,$12.89,0,100.00%,0,0,$0.00,0,0.00%,1,1,1,$12.89,$0.00,$0.00,$12.89,$0.00,$0.00,$12.89,$0.00,$12.89,$0.00,0.00%,0,0.00%,$0.00,0.00%,0,0.00%,$0.00,0.00%,0,0.00%,$0.00,0.00%,0,0.00%,$0.00,0.00%,$12.89,$0.84,$0.00,$0.00,$0.00,$0.00,0.00%,$0.00,0.00%,$0.00,0.00%,$0.84,6.52%,$12.05,93.48%
"34 - N2R2_RM_34_NET_ESQ_BrightAdvantageLLC_5798_55K",1,"Milwaukee - Armourtred S7S High-Cut Boots","DP1 V3",Visa,Sunday,473703,1,0,0.00%,1,100.00%,1,0,0.00%,1,100.00%,1,1,$12.89,0,100.00%,0,0,$0.00,0,0.00%,1,1,1,$12.89,$0.00,$0.00,$12.89,$0.00,$0.00,$12.89,$0.00,$12.89,$0.00,0.00%,0,0.00%,$0.00,0.00%,0,0.00%,$0.00,0.00%,0,0.00%,$0.00,0.00%,0,0.00%,$0.00,0.00%,$12.89,$0.84,$0.00,$0.00,$0.00,$0.00,0.00%,$0.00,0.00%,$0.00,0.00%,$0.84,6.52%,$12.05,93.48%
"34 - N2R2_RM_34_NET_ESQ_BrightAdvantageLLC_5798_55K",1,"Omaha Steaks Meat Box","DP1 V3",Mastercard,Sunday,521333,1,0,0.00%,1,100.00%,1,0,0.00%,1,100.00%,1,1,$12.89,0,100.00%,0,0,$0.00,0,0.00%,1,1,1,$12.89,$0.00,$0.00,$12.89,$0.00,$0.00,$12.89,$0.00,$12.89,$12.89,100.00%,0,0.00%,$0.00,0.00%,0,0.00%,$0.00,0.00%,0,0.00%,$0.00,0.00%,1,100.00%,$12.89,100.00%,$0.00,$0.84,$0.00,$0.00,$0.00,$0.00,0.00%,$0.00,0.00%,$0.00,0.00%,$0.84,6.52%,$-0.84,-6.52%
"34 - N2R2_RM_34_NET_ESQ_BrightAdvantageLLC_5798_55K",1,"Omaha Steaks Meat Box","DP1 V3",Visa,Sunday,405374,1,1,100.00%,0,0.00%,1,1,100.00%,0,0.00%,1,0,$0.00,1,0.00%,0,0,$0.00,0,0.00%,0,0,0,$0.00,$0.00,$0.00,$0.00,$0.00,$0.00,$0.00,$0.00,$0.00,$0.00,0.00%,0,0.00%,$0.00,0.00%,0,0.00%,$0.00,0.00%,0,0.00%,$0.00,0.00%,0,0.00%,$0.00,0.00%,$0.00,$0.20,$0.00,$0.00,$0.00,$0.00,0.00%,$0.00,0.00%,$0.00,0.00%,$0.20,0.00%,$-0.20,0.00%
"34 - N2R2_RM_34_NET_ESQ_BrightAdvantageLLC_5798_55K",1,"Omaha Steaks Meat Box","DP1 V3",Visa,Sunday,413171,1,1,100.00%,0,0.00%,1,1,100.00%,0,0.00%,1,0,$0.00,1,0.00%,0,0,$0.00,0,0.00%,0,0,0,$0.00,$0.00,$0.00,$0.00,$0.00,$0.00,$0.00,$0.00,$0.00,$0.00,0.00%,0,0.00%,$0.00,0.00%,0,0.00%,$0.00,0.00%,0,0.00%,$0.00,0.00%,0,0.00%,$0.00,0.00%,$0.00,$0.20,$0.00,$0.00,$0.00,$0.00,0.00%,$0.00,0.00%,$0.00,0.00%,$0.20,0.00%,$-0.20,0.00%
"34 - N2R2_RM_34_NET_ESQ_BrightAdvantageLLC_5798_55K",1,"Omaha Steaks Meat Box","DP1 V3",Visa,Sunday,414709,1,1,100.00%,0,0.00%,1,1,100.00%,0,0.00%,1,0,$0.00,1,0.00%,0,0,$0.00,0,0.00%,0,0,0,$0.00,$0.00,$0.00,$0.00,$0.00,$0.00,$0.00,$0.00,$0.00,$0.00,0.00%,0,0.00%,$0.00,0.00%,0,0.00%,$0.00,0.00%,0,0.00%,$0.00,0.00%,0,0.00%,$0.00,0.00%,$0.00,$0.20,$0.00,$0.00,$0.00,$0.00,0.00%,$0.00,0.00%,$0.00,0.00%,$0.20,0.00%,$-0.20,0.00%
"34 - N2R2_RM_34_NET_ESQ_BrightAdvantageLLC_5798_55K",1,"Omaha Steaks Meat Box","DP1 V3",Visa,Sunday,419423,1,1,100.00%,0,0.00%,1,1,100.00%,0,0.00%,1,0,$0.00,1,0.00%,0,0,$0.00,0,0.00%,0,0,0,$0.00,$0.00,$0.00,$0.00,$0.00,$0.00,$0.00,$0.00,$0.00,$0.00,0.00%,0,0.00%,$0.00,0.00%,0,0.00%,$0.00,0.00%,0,0.00%,$0.00,0.00%,0,0.00%,$0.00,0.00%,$0.00,$0.20,$0.00,$0.00,$0.00,$0.00,0.00%,$0.00,0.00%,$0.00,0.00%,$0.20,0.00%,$-0.20,0.00%
"34 - N2R2_RM_34_NET_ESQ_BrightAdvantageLLC_5798_55K",1,"TaylorMade GT Spider Golf Putter","DP1 V3",Visa,Sunday,414932,1,1,100.00%,0,0.00%,1,1,100.00%,0,0.00%,1,0,$0.00,1,0.00%,0,0,$0.00,0,0.00%,0,0,0,$0.00,$0.00,$0.00,$0.00,$0.00,$0.00,$0.00,$0.00,$0.00,$0.00,0.00%,0,0.00%,$0.00,0.00%,0,0.00%,$0.00,0.00%,0,0.00%,$0.00,0.00%,0,0.00%,$0.00,0.00%,$0.00,$0.20,$0.00,$0.00,$0.00,$0.00,0.00%,$0.00,0.00%,$0.00,0.00%,$0.20,0.00%,$-0.20,0.00%
"34 - N2R2_RM_34_NET_ESQ_BrightAdvantageLLC_5798_55K",1,"Titleist Scotty Cameron Phantom 5 Putter","DP1 V3",Visa,Sunday,406095,1,1,100.00%,0,0.00%,1,1,100.00%,0,0.00%,1,0,$0.00,1,0.00%,0,0,$0.00,0,0.00%,0,0,0,$0.00,$0.00,$0.00,$0.00,$0.00,$0.00,$0.00,$0.00,$0.00,$0.00,0.00%,0,0.00%,$0.00,0.00%,0,0.00%,$0.00,0.00%,0,0.00%,$0.00,0.00%,0,0.00%,$0.00,0.00%,$0.00,$0.20,$0.00,$0.00,$0.00,$0.00,0.00%,$0.00,0.00%,$0.00,0.00%,$0.20,0.00%,$-0.20,0.00%
"35 - NR1_RM_35_NET_ESQ_BrightAdvantageLLC_7570_75K",1,"Armourtred S7S High-Cut Boots","DP1 V3",Visa,Sunday,443042,1,0,0.00%,1,100.00%,1,0,0.00%,1,100.00%,1,1,$12.89,0,100.00%,0,0,$0.00,0,0.00%,1,1,1,$12.89,$0.00,$0.00,$12.89,$0.00,$0.00,$12.89,$0.00,$12.89,$0.00,0.00%,0,0.00%,$0.00,0.00%,0,0.00%,$0.00,0.00%,0,0.00%,$0.00,0.00%,0,0.00%,$0.00,0.00%,$12.89,$0.84,$0.00,$0.00,$0.00,$0.00,0.00%,$0.00,0.00%,$0.00,0.00%,$0.84,6.52%,$12.05,93.48%
"35 - NR1_RM_35_NET_ESQ_BrightAdvantageLLC_7570_75K",1,"Ford Mustang Electric Bike Blue","DP1 V3",Mastercard,Sunday,514736,1,0,0.00%,1,100.00%,1,0,0.00%,1,100.00%,1,1,$12.89,0,100.00%,0,0,$0.00,0,0.00%,1,1,1,$12.89,$0.00,$0.00,$12.89,$0.00,$0.00,$12.89,$0.00,$12.89,$12.89,100.00%,0,0.00%,$0.00,0.00%,0,0.00%,$0.00,0.00%,0,0.00%,$0.00,0.00%,1,100.00%,$12.89,100.00%,$0.00,$0.84,$0.00,$0.00,$0.00,$0.00,0.00%,$0.00,0.00%,$0.00,0.00%,$0.84,6.52%,$-0.84,-6.52%
"35 - NR1_RM_35_NET_ESQ_BrightAdvantageLLC_7570_75K",1,"Ford Mustang Electric Bike Blue","DP1 V3",Mastercard,Sunday,515676,1,1,100.00%,0,0.00%,1,1,100.00%,0,0.00%,1,0,$0.00,1,0.00%,0,0,$0.00,0,0.00%,0,0,0,$0.00,$0.00,$0.00,$0.00,$0.00,$0.00,$0.00,$0.00,$0.00,$0.00,0.00%,0,0.00%,$0.00,0.00%,0,0.00%,$0.00,0.00%,0,0.00%,$0.00,0.00%,0,0.00%,$0.00,0.00%,$0.00,$0.20,$0.00,$0.00,$0.00,$0.00,0.00%,$0.00,0.00%,$0.00,0.00%,$0.20,0.00%,$-0.20,0.00%
"35 - NR1_RM_35_NET_ESQ_BrightAdvantageLLC_7570_75K",1,"Ford Mustang Electric Bike Blue","DP1 V3",Mastercard,Sunday,517148,1,1,100.00%,0,0.00%,1,1,100.00%,0,0.00%,1,0,$0.00,1,0.00%,0,0,$0.00,0,0.00%,0,0,0,$0.00,$0.00,$0.00,$0.00,$0.00,$0.00,$0.00,$0.00,$0.00,$0.00,0.00%,0,0.00%,$0.00,0.00%,0,0.00%,$0.00,0.00%,0,0.00%,$0.00,0.00%,0,0.00%,$0.00,0.00%,$0.00,$0.20,$0.00,$0.00,$0.00,$0.00,0.00%,$0.00,0.00%,$0.00,0.00%,$0.20,0.00%,$-0.20,0.00%
"35 - NR1_RM_35_NET_ESQ_BrightAdvantageLLC_7570_75K",1,"Ford Mustang Electric Bike Blue","DP1 V3",Mastercard,Sunday,518941,1,1,100.00%,0,0.00%,1,1,100.00%,0,0.00%,1,0,$0.00,1,0.00%,0,0,$0.00,0,0.00%,0,0,0,$0.00,$0.00,$0.00,$0.00,$0.00,$0.00,$0.00,$0.00,$0.00,$0.00,0.00%,0,0.00%,$0.00,0.00%,0,0.00%,$0.00,0.00%,0,0.00%,$0.00,0.00%,0,0.00%,$0.00,0.00%,$0.00,$0.20,$0.00,$0.00,$0.00,$0.00,0.00%,$0.00,0.00%,$0.00,0.00%,$0.20,0.00%,$-0.20,0.00%
"35 - NR1_RM_35_NET_ESQ_BrightAdvantageLLC_7570_75K",1,"Ford Mustang Electric Bike Blue","DP1 V3",Mastercard,Sunday,521333,1,1,100.00%,0,0.00%,1,1,100.00%,0,0.00%,1,0,$0.00,1,0.00%,0,0,$0.00,0,0.00%,0,0,0,$0.00,$0.00,$0.00,$0.00,$0.00,$0.00,$0.00,$0.00,$0.00,$0.00,0.00%,0,0.00%,$0.00,0.00%,0,0.00%,$0.00,0.00%,0,0.00%,$0.00,0.00%,0,0.00%,$0.00,0.00%,$0.00,$0.20,$0.00,$0.00,$0.00,$0.00,0.00%,$0.00,0.00%,$0.00,0.00%,$0.20,0.00%,$-0.20,0.00%
"35 - NR1_RM_35_NET_ESQ_BrightAdvantageLLC_7570_75K",1,"Ford Mustang Electric Bike Blue","DP1 V3",Mastercard,Sunday,542885,1,0,0.00%,1,100.00%,1,0,0.00%,1,100.00%,1,1,$12.89,0,100.00%,0,0,$0.00,0,0.00%,1,1,1,$12.89,$0.00,$0.00,$12.89,$0.00,$0.00,$12.89,$0.00,$12.89,$0.00,0.00%,0,0.00%,$0.00,0.00%,0,0.00%,$0.00,0.00%,0,0.00%,$0.00,0.00%,0,0.00%,$0.00,0.00%,$12.89,$0.84,$0.00,$0.00,$0.00,$0.00,0.00%,$0.00,0.00%,$0.00,0.00%,$0.84,6.52%,$12.05,93.48%
"35 - NR1_RM_35_NET_ESQ_BrightAdvantageLLC_7570_75K",1,"Ford Mustang Electric Bike Blue","DP1 V3",Visa,Sunday,411773,1,1,100.00%,0,0.00%,1,1,100.00%,0,0.00%,1,0,$0.00,1,0.00%,0,0,$0.00,0,0.00%,0,0,0,$0.00,$0.00,$0.00,$0.00,$0.00,$0.00,$0.00,$0.00,$0.00,$0.00,0.00%,0,0.00%,$0.00,0.00%,0,0.00%,$0.00,0.00%,0,0.00%,$0.00,0.00%,0,0.00%,$0.00,0.00%,$0.00,$0.20,$0.00,$0.00,$0.00,$0.00,0.00%,$0.00,0.00%,$0.00,0.00%,$0.20,0.00%,$-0.20,0.00%
"35 - NR1_RM_35_NET_ESQ_BrightAdvantageLLC_7570_75K",1,"Ford Mustang Electric Bike Blue","DP1 V3",Visa,Sunday,461046,1,0,0.00%,1,100.00%,1,0,0.00%,1,100.00%,1,1,$12.89,0,100.00%,0,0,$0.00,0,0.00%,1,1,1,$12.89,$0.00,$0.00,$12.89,$0.00,$0.00,$12.89,$0.00,$12.89,$0.00,0.00%,0,0.00%,$0.00,0.00%,0,0.00%,$0.00,0.00%,0,0.00%,$0.00,0.00%,0,0.00%,$0.00,0.00%,$12.89,$0.84,$0.00,$0.00,$0.00,$0.00,0.00%,$0.00,0.00%,$0.00,0.00%,$0.84,6.52%,$12.05,93.48%
"35 - NR1_RM_35_NET_ESQ_BrightAdvantageLLC_7570_75K",1,"Ford Mustang Electric Bike Yellow","DP1 V3",Mastercard,Sunday,510698,1,1,100.00%,0,0.00%,1,1,100.00%,0,0.00%,1,0,$0.00,1,0.00%,0,0,$0.00,0,0.00%,0,0,0,$0.00,$0.00,$0.00,$0.00,$0.00,$0.00,$0.00,$0.00,$0.00,$0.00,0.00%,0,0.00%,$0.00,0.00%,0,0.00%,$0.00,0.00%,0,0.00%,$0.00,0.00%,0,0.00%,$0.00,0.00%,$0.00,$0.20,$0.00,$0.00,$0.00,$0.00,0.00%,$0.00,0.00%,$0.00,0.00%,$0.20,0.00%,$-0.20,0.00%
"35 - NR1_RM_35_NET_ESQ_BrightAdvantageLLC_7570_75K",1,"Ford Mustang Electric Bike Yellow","DP1 V3",Mastercard,Sunday,512779,1,0,0.00%,1,100.00%,1,0,0.00%,1,100.00%,1,1,$12.89,0,100.00%,0,0,$0.00,0,0.00%,1,1,1,$12.89,$0.00,$0.00,$12.89,$0.00,$0.00,$12.89,$0.00,$12.89,$0.00,0.00%,0,0.00%,$0.00,0.00%,0,0.00%,$0.00,0.00%,0,0.00%,$0.00,0.00%,0,0.00%,$0.00,0.00%,$12.89,$0.84,$0.00,$0.00,$0.00,$0.00,0.00%,$0.00,0.00%,$0.00,0.00%,$0.84,6.52%,$12.05,93.48%
"35 - NR1_RM_35_NET_ESQ_BrightAdvantageLLC_7570_75K",1,"Ford Mustang Electric Bike Yellow","DP1 V3",Mastercard,Sunday,534303,1,1,100.00%,0,0.00%,1,1,100.00%,0,0.00%,1,0,$0.00,1,0.00%,0,0,$0.00,0,0.00%,0,0,0,$0.00,$0.00,$0.00,$0.00,$0.00,$0.00,$0.00,$0.00,$0.00,$0.00,0.00%,0,0.00%,$0.00,0.00%,0,0.00%,$0.00,0.00%,0,0.00%,$0.00,0.00%,0,0.00%,$0.00,0.00%,$0.00,$0.20,$0.00,$0.00,$0.00,$0.00,0.00%,$0.00,0.00%,$0.00,0.00%,$0.20,0.00%,$-0.20,0.00%
"35 - NR1_RM_35_NET_ESQ_BrightAdvantageLLC_7570_75K",1,"Ford Mustang Electric Bike Yellow","DP1 V3",Mastercard,Sunday,534774,1,1,100.00%,0,0.00%,1,1,100.00%,0,0.00%,1,0,$0.00,1,0.00%,0,0,$0.00,0,0.00%,0,0,0,$0.00,$0.00,$0.00,$0.00,$0.00,$0.00,$0.00,$0.00,$0.00,$0.00,0.00%,0,0.00%,$0.00,0.00%,0,0.00%,$0.00,0.00%,0,0.00%,$0.00,0.00%,0,0.00%,$0.00,0.00%,$0.00,$0.20,$0.00,$0.00,$0.00,$0.00,0.00%,$0.00,0.00%,$0.00,0.00%,$0.20,0.00%,$-0.20,0.00%
"35 - NR1_RM_35_NET_ESQ_BrightAdvantageLLC_7570_75K",1,"Ford Mustang Electric Bike Yellow","DP1 V3",Mastercard,Sunday,548897,1,1,100.00%,0,0.00%,1,1,100.00%,0,0.00%,1,0,$0.00,1,0.00%,0,0,$0.00,0,0.00%,0,0,0,$0.00,$0.00,$0.00,$0.00,$0.00,$0.00,$0.00,$0.00,$0.00,$0.00,0.00%,0,0.00%,$0.00,0.00%,0,0.00%,$0.00,0.00%,0,0.00%,$0.00,0.00%,0,0.00%,$0.00,0.00%,$0.00,$0.20,$0.00,$0.00,$0.00,$0.00,0.00%,$0.00,0.00%,$0.00,0.00%,$0.20,0.00%,$-0.20,0.00%
"35 - NR1_RM_35_NET_ESQ_BrightAdvantageLLC_7570_75K",1,"Ford Mustang Electric Bike Yellow","DP1 V3",Visa,Sunday,409589,1,1,100.00%,0,0.00%,1,1,100.00%,0,0.00%,1,0,$0.00,1,0.00%,0,0,$0.00,0,0.00%,0,0,0,$0.00,$0.00,$0.00,$0.00,$0.00,$0.00,$0.00,$0.00,$0.00,$0.00,0.00%,0,0.00%,$0.00,0.00%,0,0.00%,$0.00,0.00%,0,0.00%,$0.00,0.00%,0,0.00%,$0.00,0.00%,$0.00,$0.20,$0.00,$0.00,$0.00,$0.00,0.00%,$0.00,0.00%,$0.00,0.00%,$0.20,0.00%,$-0.20,0.00%
"35 - NR1_RM_35_NET_ESQ_BrightAdvantageLLC_7570_75K",1,"Ford Mustang Electric Bike Yellow","DP1 V3",Visa,Sunday,423223,1,1,100.00%,0,0.00%,1,1,100.00%,0,0.00%,1,0,$0.00,1,0.00%,0,0,$0.00,0,0.00%,0,0,0,$0.00,$0.00,$0.00,$0.00,$0.00,$0.00,$0.00,$0.00,$0.00,$0.00,0.00%,0,0.00%,$0.00,0.00%,0,0.00%,$0.00,0.00%,0,0.00%,$0.00,0.00%,0,0.00%,$0.00,0.00%,$0.00,$0.20,$0.00,$0.00,$0.00,$0.00,0.00%,$0.00,0.00%,$0.00,0.00%,$0.20,0.00%,$-0.20,0.00%
"35 - NR1_RM_35_NET_ESQ_BrightAdvantageLLC_7570_75K",1,"Ford Mustang Electric Bike Yellow","DP1 V3",Visa,Sunday,449465,1,1,100.00%,0,0.00%,1,1,100.00%,0,0.00%,1,0,$0.00,1,0.00%,0,0,$0.00,0,0.00%,0,0,0,$0.00,$0.00,$0.00,$0.00,$0.00,$0.00,$0.00,$0.00,$0.00,$0.00,0.00%,0,0.00%,$0.00,0.00%,0,0.00%,$0.00,0.00%,0,0.00%,$0.00,0.00%,0,0.00%,$0.00,0.00%,$0.00,$0.20,$0.00,$0.00,$0.00,$0.00,0.00%,$0.00,0.00%,$0.00,0.00%,$0.20,0.00%,$-0.20,0.00%
"35 - NR1_RM_35_NET_ESQ_BrightAdvantageLLC_7570_75K",1,"Ford Mustang Electric Bike Yellow","DP1 V3",Visa,Sunday,498503,1,1,100.00%,0,0.00%,1,1,100.00%,0,0.00%,1,0,$0.00,1,0.00%,0,0,$0.00,0,0.00%,0,0,0,$0.00,$0.00,$0.00,$0.00,$0.00,$0.00,$0.00,$0.00,$0.00,$0.00,0.00%,0,0.00%,$0.00,0.00%,0,0.00%,$0.00,0.00%,0,0.00%,$0.00,0.00%,0,0.00%,$0.00,0.00%,$0.00,$0.20,$0.00,$0.00,$0.00,$0.00,0.00%,$0.00,0.00%,$0.00,0.00%,$0.20,0.00%,$-0.20,0.00%
"35 - NR1_RM_35_NET_ESQ_BrightAdvantageLLC_7570_75K",1,"Milwaukee - Armourtred S7S High-Cut Boots","DP1 V3",Mastercard,Sunday,520524,1,1,100.00%,0,0.00%,1,1,100.00%,0,0.00%,1,0,$0.00,1,0.00%,0,0,$0.00,0,0.00%,0,0,0,$0.00,$0.00,$0.00,$0.00,$0.00,$0.00,$0.00,$0.00,$0.00,$0.00,0.00%,0,0.00%,$0.00,0.00%,0,0.00%,$0.00,0.00%,0,0.00%,$0.00,0.00%,0,0.00%,$0.00,0.00%,$0.00,$0.20,$0.00,$0.00,$0.00,$0.00,0.00%,$0.00,0.00%,$0.00,0.00%,$0.20,0.00%,$-0.20,0.00%
"35 - NR1_RM_35_NET_ESQ_BrightAdvantageLLC_7570_75K",1,"Milwaukee - Armourtred S7S High-Cut Boots","DP1 V3",Visa,Sunday,426690,1,1,100.00%,0,0.00%,1,1,100.00%,0,0.00%,1,0,$0.00,1,0.00%,0,0,$0.00,0,0.00%,0,0,0,$0.00,$0.00,$0.00,$0.00,$0.00,$0.00,$0.00,$0.00,$0.00,$0.00,0.00%,0,0.00%,$0.00,0.00%,0,0.00%,$0.00,0.00%,0,0.00%,$0.00,0.00%,0,0.00%,$0.00,0.00%,$0.00,$0.20,$0.00,$0.00,$0.00,$0.00,0.00%,$0.00,0.00%,$0.00,0.00%,$0.20,0.00%,$-0.20,0.00%
"35 - NR1_RM_35_NET_ESQ_BrightAdvantageLLC_7570_75K",1,"Milwaukee - Armourtred S7S High-Cut Boots","DP1 V3",Visa,Sunday,469486,1,0,0.00%,1,100.00%,1,0,0.00%,1,100.00%,1,1,$12.89,0,100.00%,0,0,$0.00,0,0.00%,1,1,1,$12.89,$0.00,$0.00,$12.89,$0.00,$0.00,$12.89,$0.00,$12.89,$0.00,0.00%,0,0.00%,$0.00,0.00%,0,0.00%,$0.00,0.00%,0,0.00%,$0.00,0.00%,0,0.00%,$0.00,0.00%,$12.89,$0.84,$0.00,$0.00,$0.00,$0.00,0.00%,$0.00,0.00%,$0.00,0.00%,$0.84,6.52%,$12.05,93.48%
"35 - NR1_RM_35_NET_ESQ_BrightAdvantageLLC_7570_75K",1,"Omaha Steaks Meat Box","DP1 V3",Visa,Sunday,425908,1,1,100.00%,0,0.00%,1,1,100.00%,0,0.00%,1,0,$0.00,1,0.00%,0,0,$0.00,0,0.00%,0,0,0,$0.00,$0.00,$0.00,$0.00,$0.00,$0.00,$0.00,$0.00,$0.00,$0.00,0.00%,0,0.00%,$0.00,0.00%,0,0.00%,$0.00,0.00%,0,0.00%,$0.00,0.00%,0,0.00%,$0.00,0.00%,$0.00,$0.20,$0.00,$0.00,$0.00,$0.00,0.00%,$0.00,0.00%,$0.00,0.00%,$0.20,0.00%,$-0.20,0.00%
"35 - NR1_RM_35_NET_ESQ_BrightAdvantageLLC_7570_75K",1,"Omaha Steaks Meat Box","DP1 V3",Visa,Sunday,447914,1,1,100.00%,0,0.00%,1,1,100.00%,0,0.00%,1,0,$0.00,1,0.00%,0,0,$0.00,0,0.00%,0,0,0,$0.00,$0.00,$0.00,$0.00,$0.00,$0.00,$0.00,$0.00,$0.00,$0.00,0.00%,0,0.00%,$0.00,0.00%,0,0.00%,$0.00,0.00%,0,0.00%,$0.00,0.00%,0,0.00%,$0.00,0.00%,$0.00,$0.20,$0.00,$0.00,$0.00,$0.00,0.00%,$0.00,0.00%,$0.00,0.00%,$0.20,0.00%,$-0.20,0.00%
"35 - NR1_RM_35_NET_ESQ_BrightAdvantageLLC_7570_75K",1,"Stetson Cowboy Hat (White)","DP1 V3",Mastercard,Sunday,520524,1,1,100.00%,0,0.00%,1,1,100.00%,0,0.00%,1,0,$0.00,1,0.00%,0,0,$0.00,0,0.00%,0,0,0,$0.00,$0.00,$0.00,$0.00,$0.00,$0.00,$0.00,$0.00,$0.00,$0.00,0.00%,0,0.00%,$0.00,0.00%,0,0.00%,$0.00,0.00%,0,0.00%,$0.00,0.00%,0,0.00%,$0.00,0.00%,$0.00,$0.20,$0.00,$0.00,$0.00,$0.00,0.00%,$0.00,0.00%,$0.00,0.00%,$0.20,0.00%,$-0.20,0.00%
"35 - NR1_RM_35_NET_ESQ_BrightAdvantageLLC_7570_75K",1,"TaylorMade GT Spider Golf Putter","DP1 V3",Mastercard,Sunday,514377,1,0,0.00%,1,100.00%,1,0,0.00%,1,100.00%,1,1,$12.89,0,100.00%,0,0,$0.00,0,0.00%,1,1,1,$12.89,$0.00,$0.00,$12.89,$0.00,$0.00,$12.89,$0.00,$12.89,$0.00,0.00%,0,0.00%,$0.00,0.00%,0,0.00%,$0.00,0.00%,0,0.00%,$0.00,0.00%,0,0.00%,$0.00,0.00%,$12.89,$0.84,$0.00,$0.00,$0.00,$0.00,0.00%,$0.00,0.00%,$0.00,0.00%,$0.84,6.52%,$12.05,93.48%
"35 - NR1_RM_35_NET_ESQ_BrightAdvantageLLC_7570_75K",1,"Titleist Scotty Cameron Phantom 5 Putter","DP1 V3",Mastercard,Sunday,512230,1,1,100.00%,0,0.00%,1,1,100.00%,0,0.00%,1,0,$0.00,1,0.00%,0,0,$0.00,0,0.00%,0,0,0,$0.00,$0.00,$0.00,$0.00,$0.00,$0.00,$0.00,$0.00,$0.00,$0.00,0.00%,0,0.00%,$0.00,0.00%,0,0.00%,$0.00,0.00%,0,0.00%,$0.00,0.00%,0,0.00%,$0.00,0.00%,$0.00,$0.20,$0.00,$0.00,$0.00,$0.00,0.00%,$0.00,0.00%,$0.00,0.00%,$0.20,0.00%,$-0.20,0.00%
"35 - NR1_RM_35_NET_ESQ_BrightAdvantageLLC_7570_75K",1,"Titleist Scotty Cameron Phantom 5 Putter","DP1 V3",Mastercard,Sunday,542418,1,0,0.00%,1,100.00%,1,0,0.00%,1,100.00%,1,1,$12.89,0,100.00%,0,0,$0.00,0,0.00%,1,1,1,$12.89,$0.00,$0.00,$12.89,$0.00,$0.00,$12.89,$0.00,$12.89,$12.89,100.00%,0,0.00%,$0.00,0.00%,0,0.00%,$0.00,0.00%,0,0.00%,$0.00,0.00%,1,100.00%,$12.89,100.00%,$0.00,$0.84,$0.00,$0.00,$0.00,$0.00,0.00%,$0.00,0.00%,$0.00,0.00%,$0.84,6.52%,$-0.84,-6.52%
"39 - N2R12_RM_39_NET_ESQ_BrightAdvantageLLC_0499_65K",1,"Ford Mustang Electric Bike Yellow","DP1 V3",Visa,Sunday,400344,1,1,100.00%,0,0.00%,1,1,100.00%,0,0.00%,1,0,$0.00,1,0.00%,0,0,$0.00,0,0.00%,0,0,0,$0.00,$0.00,$0.00,$0.00,$0.00,$0.00,$0.00,$0.00,$0.00,$0.00,0.00%,0,0.00%,$0.00,0.00%,0,0.00%,$0.00,0.00%,0,0.00%,$0.00,0.00%,0,0.00%,$0.00,0.00%,$0.00,$0.20,$0.00,$0.00,$0.00,$0.00,0.00%,$0.00,0.00%,$0.00,0.00%,$0.20,0.00%,$-0.20,0.00%
"39 - N2R12_RM_39_NET_ESQ_BrightAdvantageLLC_0499_65K",1,"Ford Mustang Electric Bike Yellow","DP1 V3",Visa,Sunday,423223,1,1,100.00%,0,0.00%,1,1,100.00%,0,0.00%,1,0,$0.00,1,0.00%,0,0,$0.00,0,0.00%,0,0,0,$0.00,$0.00,$0.00,$0.00,$0.00,$0.00,$0.00,$0.00,$0.00,$0.00,0.00%,0,0.00%,$0.00,0.00%,0,0.00%,$0.00,0.00%,0,0.00%,$0.00,0.00%,0,0.00%,$0.00,0.00%,$0.00,$0.20,$0.00,$0.00,$0.00,$0.00,0.00%,$0.00,0.00%,$0.00,0.00%,$0.20,0.00%,$-0.20,0.00%
"39 - N2R12_RM_39_NET_ESQ_BrightAdvantageLLC_0499_65K",1,"Ford Mustang Electric Bike Yellow","DP1 V3",Visa,Sunday,443044,1,1,100.00%,0,0.00%,1,1,100.00%,0,0.00%,1,0,$0.00,1,0.00%,0,0,$0.00,0,0.00%,0,0,0,$0.00,$0.00,$0.00,$0.00,$0.00,$0.00,$0.00,$0.00,$0.00,$0.00,0.00%,0,0.00%,$0.00,0.00%,0,0.00%,$0.00,0.00%,0,0.00%,$0.00,0.00%,0,0.00%,$0.00,0.00%,$0.00,$0.20,$0.00,$0.00,$0.00,$0.00,0.00%,$0.00,0.00%,$0.00,0.00%,$0.20,0.00%,$-0.20,0.00%
"39 - N2R12_RM_39_NET_ESQ_BrightAdvantageLLC_0499_65K",1,"Ford Mustang Electric Bike Yellow","DP1 V3",Visa,Sunday,473702,1,1,100.00%,0,0.00%,1,1,100.00%,0,0.00%,1,0,$0.00,1,0.00%,0,0,$0.00,0,0.00%,0,0,0,$0.00,$0.00,$0.00,$0.00,$0.00,$0.00,$0.00,$0.00,$0.00,$0.00,0.00%,0,0.00%,$0.00,0.00%,0,0.00%,$0.00,0.00%,0,0.00%,$0.00,0.00%,0,0.00%,$0.00,0.00%,$0.00,$0.20,$0.00,$0.00,$0.00,$0.00,0.00%,$0.00,0.00%,$0.00,0.00%,$0.20,0.00%,$-0.20,0.00%
"39 - N2R12_RM_39_NET_ESQ_BrightAdvantageLLC_0499_65K",1,"Ford Mustang Electric Bike Yellow","DP1 V3",Visa,Sunday,479851,1,1,100.00%,0,0.00%,1,1,100.00%,0,0.00%,1,0,$0.00,1,0.00%,0,0,$0.00,0,0.00%,0,0,0,$0.00,$0.00,$0.00,$0.00,$0.00,$0.00,$0.00,$0.00,$0.00,$0.00,0.00%,0,0.00%,$0.00,0.00%,0,0.00%,$0.00,0.00%,0,0.00%,$0.00,0.00%,0,0.00%,$0.00,0.00%,$0.00,$0.20,$0.00,$0.00,$0.00,$0.00,0.00%,$0.00,0.00%,$0.00,0.00%,$0.20,0.00%,$-0.20,0.00%
"39 - N2R12_RM_39_NET_ESQ_BrightAdvantageLLC_0499_65K",1,"Omaha Steaks Meat Box","DP1 V3",Mastercard,Sunday,549806,1,0,0.00%,1,100.00%,1,0,0.00%,1,100.00%,1,1,$12.89,0,100.00%,0,0,$0.00,0,0.00%,1,1,1,$12.89,$0.00,$0.00,$12.89,$0.00,$0.00,$12.89,$0.00,$12.89,$0.00,0.00%,0,0.00%,$0.00,0.00%,0,0.00%,$0.00,0.00%,0,0.00%,$0.00,0.00%,0,0.00%,$0.00,0.00%,$12.89,$0.84,$0.00,$0.00,$0.00,$0.00,0.00%,$0.00,0.00%,$0.00,0.00%,$0.84,6.52%,$12.05,93.48%
"4 - zCLOSED_NR1_RM_4_NET_ESQ_SpecifiConLLC_8843_65K",1,"5 Domestic flights","DP1 V3",Mastercard,Sunday,515676,1,1,100.00%,0,0.00%,1,1,100.00%,0,0.00%,1,0,$0.00,1,0.00%,0,0,$0.00,0,0.00%,0,0,0,$0.00,$0.00,$0.00,$0.00,$0.00,$0.00,$0.00,$0.00,$0.00,$0.00,0.00%,0,0.00%,$0.00,0.00%,0,0.00%,$0.00,0.00%,0,0.00%,$0.00,0.00%,0,0.00%,$0.00,0.00%,$0.00,$0.20,$0.00,$0.00,$0.00,$0.00,0.00%,$0.00,0.00%,$0.00,0.00%,$0.20,0.00%,$-0.20,0.00%
"4 - zCLOSED_NR1_RM_4_NET_ESQ_SpecifiConLLC_8843_65K",1,"Armourtred S7S High-Cut Boots","DP1 V3",Mastercard,Sunday,512230,1,1,100.00%,0,0.00%,1,1,100.00%,0,0.00%,1,0,$0.00,1,0.00%,0,0,$0.00,0,0.00%,0,0,0,$0.00,$0.00,$0.00,$0.00,$0.00,$0.00,$0.00,$0.00,$0.00,$0.00,0.00%,0,0.00%,$0.00,0.00%,0,0.00%,$0.00,0.00%,0,0.00%,$0.00,0.00%,0,0.00%,$0.00,0.00%,$0.00,$0.20,$0.00,$0.00,$0.00,$0.00,0.00%,$0.00,0.00%,$0.00,0.00%,$0.20,0.00%,$-0.20,0.00%
"4 - zCLOSED_NR1_RM_4_NET_ESQ_SpecifiConLLC_8843_65K",1,"Armourtred S7S High-Cut Boots","DP1 V3",Visa,Sunday,473702,1,1,100.00%,0,0.00%,1,1,100.00%,0,0.00%,1,0,$0.00,1,0.00%,0,0,$0.00,0,0.00%,0,0,0,$0.00,$0.00,$0.00,$0.00,$0.00,$0.00,$0.00,$0.00,$0.00,$0.00,0.00%,0,0.00%,$0.00,0.00%,0,0.00%,$0.00,0.00%,0,0.00%,$0.00,0.00%,0,0.00%,$0.00,0.00%,$0.00,$0.20,$0.00,$0.00,$0.00,$0.00,0.00%,$0.00,0.00%,$0.00,0.00%,$0.20,0.00%,$-0.20,0.00%
"4 - zCLOSED_NR1_RM_4_NET_ESQ_SpecifiConLLC_8843_65K",1,"Ford Mustang Electric Bike Blue","DP1 V3",Mastercard,Sunday,514377,1,1,100.00%,0,0.00%,1,1,100.00%,0,0.00%,1,0,$0.00,1,0.00%,0,0,$0.00,0,0.00%,0,0,0,$0.00,$0.00,$0.00,$0.00,$0.00,$0.00,$0.00,$0.00,$0.00,$0.00,0.00%,0,0.00%,$0.00,0.00%,0,0.00%,$0.00,0.00%,0,0.00%,$0.00,0.00%,0,0.00%,$0.00,0.00%,$0.00,$0.20,$0.00,$0.00,$0.00,$0.00,0.00%,$0.00,0.00%,$0.00,0.00%,$0.20,0.00%,$-0.20,0.00%
"4 - zCLOSED_NR1_RM_4_NET_ESQ_SpecifiConLLC_8843_65K",1,"Ford Mustang Electric Bike Blue","DP1 V3",Mastercard,Sunday,521267,1,1,100.00%,0,0.00%,1,1,100.00%,0,0.00%,1,0,$0.00,1,0.00%,0,0,$0.00,0,0.00%,0,0,0,$0.00,$0.00,$0.00,$0.00,$0.00,$0.00,$0.00,$0.00,$0.00,$0.00,0.00%,0,0.00%,$0.00,0.00%,0,0.00%,$0.00,0.00%,0,0.00%,$0.00,0.00%,0,0.00%,$0.00,0.00%,$0.00,$0.20,$0.00,$0.00,$0.00,$0.00,0.00%,$0.00,0.00%,$0.00,0.00%,$0.20,0.00%,$-0.20,0.00%
"4 - zCLOSED_NR1_RM_4_NET_ESQ_SpecifiConLLC_8843_65K",1,"Ford Mustang Electric Bike Blue","DP1 V3",Mastercard,Sunday,521333,1,1,100.00%,0,0.00%,1,1,100.00%,0,0.00%,1,0,$0.00,1,0.00%,0,0,$0.00,0,0.00%,0,0,0,$0.00,$0.00,$0.00,$0.00,$0.00,$0.00,$0.00,$0.00,$0.00,$0.00,0.00%,0,0.00%,$0.00,0.00%,0,0.00%,$0.00,0.00%,0,0.00%,$0.00,0.00%,0,0.00%,$0.00,0.00%,$0.00,$0.20,$0.00,$0.00,$0.00,$0.00,0.00%,$0.00,0.00%,$0.00,0.00%,$0.20,0.00%,$-0.20,0.00%
"4 - zCLOSED_NR1_RM_4_NET_ESQ_SpecifiConLLC_8843_65K",1,"Ford Mustang Electric Bike Blue","DP1 V3",Visa,Sunday,424018,1,0,0.00%,1,100.00%,1,0,0.00%,1,100.00%,1,1,$12.89,0,100.00%,0,0,$0.00,0,0.00%,1,1,1,$12.89,$0.00,$0.00,$12.89,$0.00,$0.00,$12.89,$0.00,$12.89,$0.00,0.00%,0,0.00%,$0.00,0.00%,0,0.00%,$0.00,0.00%,0,0.00%,$0.00,0.00%,0,0.00%,$0.00,0.00%,$12.89,$0.84,$0.00,$0.00,$0.00,$0.00,0.00%,$0.00,0.00%,$0.00,0.00%,$0.84,6.52%,$12.05,93.48%
"4 - zCLOSED_NR1_RM_4_NET_ESQ_SpecifiConLLC_8843_65K",1,"Ford Mustang Electric Bike Blue","DP1 V3",Visa,Sunday,448232,1,1,100.00%,0,0.00%,1,1,100.00%,0,0.00%,1,0,$0.00,1,0.00%,0,0,$0.00,0,0.00%,0,0,0,$0.00,$0.00,$0.00,$0.00,$0.00,$0.00,$0.00,$0.00,$0.00,$0.00,0.00%,0,0.00%,$0.00,0.00%,0,0.00%,$0.00,0.00%,0,0.00%,$0.00,0.00%,0,0.00%,$0.00,0.00%,$0.00,$0.20,$0.00,$0.00,$0.00,$0.00,0.00%,$0.00,0.00%,$0.00,0.00%,$0.20,0.00%,$-0.20,0.00%
"4 - zCLOSED_NR1_RM_4_NET_ESQ_SpecifiConLLC_8843_65K",1,"Ford Mustang Electric Bike Yellow","DP1 V3",Visa,Sunday,426207,1,0,0.00%,1,100.00%,1,0,0.00%,1,100.00%,1,1,$12.89,0,100.00%,0,0,$0.00,0,0.00%,1,1,1,$12.89,$0.00,$0.00,$12.89,$0.00,$0.00,$12.89,$0.00,$12.89,$0.00,0.00%,0,0.00%,$0.00,0.00%,0,0.00%,$0.00,0.00%,0,0.00%,$0.00,0.00%,0,0.00%,$0.00,0.00%,$12.89,$0.84,$0.00,$0.00,$0.00,$0.00,0.00%,$0.00,0.00%,$0.00,0.00%,$0.84,6.52%,$12.05,93.48%
"4 - zCLOSED_NR1_RM_4_NET_ESQ_SpecifiConLLC_8843_65K",1,"Ford Mustang Electric Bike Yellow","DP1 V3",Visa,Sunday,475583,1,1,100.00%,0,0.00%,1,1,100.00%,0,0.00%,1,0,$0.00,1,0.00%,0,0,$0.00,0,0.00%,0,0,0,$0.00,$0.00,$0.00,$0.00,$0.00,$0.00,$0.00,$0.00,$0.00,$0.00,0.00%,0,0.00%,$0.00,0.00%,0,0.00%,$0.00,0.00%,0,0.00%,$0.00,0.00%,0,0.00%,$0.00,0.00%,$0.00,$0.20,$0.00,$0.00,$0.00,$0.00,0.00%,$0.00,0.00%,$0.00,0.00%,$0.20,0.00%,$-0.20,0.00%
"4 - zCLOSED_NR1_RM_4_NET_ESQ_SpecifiConLLC_8843_65K",1,"Garmin Fish Finder","DP1 V3",Visa,Sunday,445101,1,0,0.00%,1,100.00%,1,0,0.00%,1,100.00%,1,1,$12.89,0,100.00%,0,0,$0.00,0,0.00%,1,1,1,$12.89,$0.00,$0.00,$12.89,$0.00,$0.00,$12.89,$0.00,$12.89,$0.00,0.00%,0,0.00%,$0.00,0.00%,0,0.00%,$0.00,0.00%,0,0.00%,$0.00,0.00%,0,0.00%,$0.00,0.00%,$12.89,$0.84,$0.00,$0.00,$0.00,$0.00,0.00%,$0.00,0.00%,$0.00,0.00%,$0.84,6.52%,$12.05,93.48%
"4 - zCLOSED_NR1_RM_4_NET_ESQ_SpecifiConLLC_8843_65K",1,"Milwaukee - Armourtred S7S High-Cut Boots","DP1 V3",Mastercard,Sunday,510599,1,0,0.00%,1,100.00%,1,0,0.00%,1,100.00%,1,1,$12.89,0,100.00%,0,0,$0.00,0,0.00%,1,1,1,$12.89,$0.00,$0.00,$12.89,$0.00,$0.00,$12.89,$0.00,$12.89,$0.00,0.00%,0,0.00%,$0.00,0.00%,0,0.00%,$0.00,0.00%,0,0.00%,$0.00,0.00%,0,0.00%,$0.00,0.00%,$12.89,$0.84,$0.00,$0.00,$0.00,$0.00,0.00%,$0.00,0.00%,$0.00,0.00%,$0.84,6.52%,$12.05,93.48%
"4 - zCLOSED_NR1_RM_4_NET_ESQ_SpecifiConLLC_8843_65K",1,"Milwaukee - Armourtred S7S High-Cut Boots","DP1 V3",Visa,Sunday,421783,1,1,100.00%,0,0.00%,1,1,100.00%,0,0.00%,1,0,$0.00,1,0.00%,0,0,$0.00,0,0.00%,0,0,0,$0.00,$0.00,$0.00,$0.00,$0.00,$0.00,$0.00,$0.00,$0.00,$0.00,0.00%,0,0.00%,$0.00,0.00%,0,0.00%,$0.00,0.00%,0,0.00%,$0.00,0.00%,0,0.00%,$0.00,0.00%,$0.00,$0.20,$0.00,$0.00,$0.00,$0.00,0.00%,$0.00,0.00%,$0.00,0.00%,$0.20,0.00%,$-0.20,0.00%
"4 - zCLOSED_NR1_RM_4_NET_ESQ_SpecifiConLLC_8843_65K",1,"Omaha Steaks Meat Box","DP1 V3",Visa,Sunday,443589,1,0,0.00%,1,100.00%,1,0,0.00%,1,100.00%,1,1,$12.89,0,100.00%,0,0,$0.00,0,0.00%,1,1,1,$12.89,$0.00,$0.00,$12.89,$0.00,$0.00,$12.89,$0.00,$12.89,$0.00,0.00%,0,0.00%,$0.00,0.00%,0,0.00%,$0.00,0.00%,0,0.00%,$0.00,0.00%,0,0.00%,$0.00,0.00%,$12.89,$0.84,$0.00,$0.00,$0.00,$0.00,0.00%,$0.00,0.00%,$0.00,0.00%,$0.84,6.52%,$12.05,93.48%
"4 - zCLOSED_NR1_RM_4_NET_ESQ_SpecifiConLLC_8843_65K",1,"Omaha Steaks Meat Box","DP1 V3",Visa,Sunday,461608,1,1,100.00%,0,0.00%,1,1,100.00%,0,0.00%,1,0,$0.00,1,0.00%,0,0,$0.00,0,0.00%,0,0,0,$0.00,$0.00,$0.00,$0.00,$0.00,$0.00,$0.00,$0.00,$0.00,$0.00,0.00%,0,0.00%,$0.00,0.00%,0,0.00%,$0.00,0.00%,0,0.00%,$0.00,0.00%,0,0.00%,$0.00,0.00%,$0.00,$0.20,$0.00,$0.00,$0.00,$0.00,0.00%,$0.00,0.00%,$0.00,0.00%,$0.20,0.00%,$-0.20,0.00%
"4 - zCLOSED_NR1_RM_4_NET_ESQ_SpecifiConLLC_8843_65K",1,"Stetson Cowboy Hat (White)","DP1 V3",Mastercard,Sunday,514441,1,0,0.00%,1,100.00%,1,0,0.00%,1,100.00%,1,1,$12.89,0,100.00%,0,0,$0.00,0,0.00%,1,1,1,$12.89,$0.00,$0.00,$12.89,$0.00,$0.00,$12.89,$0.00,$12.89,$0.00,0.00%,0,0.00%,$0.00,0.00%,0,0.00%,$0.00,0.00%,0,0.00%,$0.00,0.00%,0,0.00%,$0.00,0.00%,$12.89,$0.84,$0.00,$0.00,$0.00,$0.00,0.00%,$0.00,0.00%,$0.00,0.00%,$0.84,6.52%,$12.05,93.48%
"4 - zCLOSED_NR1_RM_4_NET_ESQ_SpecifiConLLC_8843_65K",1,"Stetson Cowboy Hat (White)","DP1 V3",Visa,Sunday,446542,1,1,100.00%,0,0.00%,1,1,100.00%,0,0.00%,1,0,$0.00,1,0.00%,0,0,$0.00,0,0.00%,0,0,0,$0.00,$0.00,$0.00,$0.00,$0.00,$0.00,$0.00,$0.00,$0.00,$0.00,0.00%,0,0.00%,$0.00,0.00%,0,0.00%,$0.00,0.00%,0,0.00%,$0.00,0.00%,0,0.00%,$0.00,0.00%,$0.00,$0.20,$0.00,$0.00,$0.00,$0.00,0.00%,$0.00,0.00%,$0.00,0.00%,$0.20,0.00%,$-0.20,0.00%
"40 - NR1_RM_40_PAYARC_EVO_DiamondSphereLLC_7606_55K",1,"5 Domestic flights","DP1 V3",Visa,Sunday,460548,1,0,0.00%,1,100.00%,1,0,0.00%,1,100.00%,1,1,$12.89,0,100.00%,0,0,$0.00,0,0.00%,1,1,1,$12.89,$0.00,$0.00,$12.89,$0.00,$0.00,$12.89,$0.00,$12.89,$0.00,0.00%,0,0.00%,$0.00,0.00%,0,0.00%,$0.00,0.00%,0,0.00%,$0.00,0.00%,0,0.00%,$0.00,0.00%,$12.89,$0.84,$0.00,$0.00,$0.00,$0.00,0.00%,$0.00,0.00%,$0.00,0.00%,$0.84,6.52%,$12.05,93.48%
"40 - NR1_RM_40_PAYARC_EVO_DiamondSphereLLC_7606_55K",1,"Armourtred S7S High-Cut Boots","DP1 V3",Visa,Sunday,416482,1,1,100.00%,0,0.00%,1,1,100.00%,0,0.00%,1,0,$0.00,1,0.00%,0,0,$0.00,0,0.00%,0,0,0,$0.00,$0.00,$0.00,$0.00,$0.00,$0.00,$0.00,$0.00,$0.00,$0.00,0.00%,0,0.00%,$0.00,0.00%,0,0.00%,$0.00,0.00%,0,0.00%,$0.00,0.00%,0,0.00%,$0.00,0.00%,$0.00,$0.20,$0.00,$0.00,$0.00,$0.00,0.00%,$0.00,0.00%,$0.00,0.00%,$0.20,0.00%,$-0.20,0.00%
"40 - NR1_RM_40_PAYARC_EVO_DiamondSphereLLC_7606_55K",1,"Armourtred S7S High-Cut Boots","DP1 V3",Visa,Sunday,446616,1,0,0.00%,1,100.00%,1,0,0.00%,1,100.00%,1,1,$12.89,0,100.00%,0,0,$0.00,0,0.00%,1,1,1,$12.89,$0.00,$0.00,$12.89,$0.00,$0.00,$12.89,$0.00,$12.89,$0.00,0.00%,0,0.00%,$0.00,0.00%,0,0.00%,$0.00,0.00%,0,0.00%,$0.00,0.00%,0,0.00%,$0.00,0.00%,$12.89,$0.84,$0.00,$0.00,$0.00,$0.00,0.00%,$0.00,0.00%,$0.00,0.00%,$0.84,6.52%,$12.05,93.48%
"40 - NR1_RM_40_PAYARC_EVO_DiamondSphereLLC_7606_55K",1,"Armourtred S7S High-Cut Boots","DP1 V3",Visa,Sunday,446635,1,1,100.00%,0,0.00%,1,1,100.00%,0,0.00%,1,0,$0.00,1,0.00%,0,0,$0.00,0,0.00%,0,0,0,$0.00,$0.00,$0.00,$0.00,$0.00,$0.00,$0.00,$0.00,$0.00,$0.00,0.00%,0,0.00%,$0.00,0.00%,0,0.00%,$0.00,0.00%,0,0.00%,$0.00,0.00%,0,0.00%,$0.00,0.00%,$0.00,$0.20,$0.00,$0.00,$0.00,$0.00,0.00%,$0.00,0.00%,$0.00,0.00%,$0.20,0.00%,$-0.20,0.00%
"40 - NR1_RM_40_PAYARC_EVO_DiamondSphereLLC_7606_55K",1,"Ford Mustang Electric Bike Blue","DP1 V3",Mastercard,Sunday,514478,1,0,0.00%,1,100.00%,1,0,0.00%,1,100.00%,1,1,$12.89,0,100.00%,0,0,$0.00,0,0.00%,1,1,1,$12.89,$0.00,$0.00,$12.89,$0.00,$0.00,$12.89,$0.00,$12.89,$0.00,0.00%,0,0.00%,$0.00,0.00%,0,0.00%,$0.00,0.00%,0,0.00%,$0.00,0.00%,0,0.00%,$0.00,0.00%,$12.89,$0.84,$0.00,$0.00,$0.00,$0.00,0.00%,$0.00,0.00%,$0.00,0.00%,$0.84,6.52%,$12.05,93.48%
"40 - NR1_RM_40_PAYARC_EVO_DiamondSphereLLC_7606_55K",1,"Ford Mustang Electric Bike Blue","DP1 V3",Visa,Sunday,403345,1,0,0.00%,1,100.00%,1,0,0.00%,1,100.00%,1,1,$12.89,0,100.00%,0,0,$0.00,0,0.00%,1,1,1,$12.89,$0.00,$0.00,$12.89,$0.00,$0.00,$12.89,$0.00,$12.89,$0.00,0.00%,0,0.00%,$0.00,0.00%,0,0.00%,$0.00,0.00%,0,0.00%,$0.00,0.00%,0,0.00%,$0.00,0.00%,$12.89,$0.84,$0.00,$0.00,$0.00,$0.00,0.00%,$0.00,0.00%,$0.00,0.00%,$0.84,6.52%,$12.05,93.48%
"40 - NR1_RM_40_PAYARC_EVO_DiamondSphereLLC_7606_55K",1,"Ford Mustang Electric Bike Blue","DP1 V3",Visa,Sunday,430622,1,0,0.00%,1,100.00%,1,0,0.00%,1,100.00%,1,1,$12.89,0,100.00%,0,0,$0.00,0,0.00%,1,1,1,$12.89,$0.00,$0.00,$12.89,$0.00,$0.00,$12.89,$0.00,$12.89,$0.00,0.00%,0,0.00%,$0.00,0.00%,0,0.00%,$0.00,0.00%,0,0.00%,$0.00,0.00%,0,0.00%,$0.00,0.00%,$12.89,$0.84,$0.00,$0.00,$0.00,$0.00,0.00%,$0.00,0.00%,$0.00,0.00%,$0.84,6.52%,$12.05,93.48%
"40 - NR1_RM_40_PAYARC_EVO_DiamondSphereLLC_7606_55K",1,"Ford Mustang Electric Bike Blue","DP1 V3",Visa,Sunday,442756,1,0,0.00%,1,100.00%,1,0,0.00%,1,100.00%,1,1,$12.89,0,100.00%,0,0,$0.00,0,0.00%,1,1,1,$12.89,$0.00,$0.00,$12.89,$0.00,$0.00,$12.89,$0.00,$12.89,$12.89,100.00%,1,100.00%,$12.89,100.00%,0,0.00%,$0.00,0.00%,0,0.00%,$0.00,0.00%,0,0.00%,$0.00,0.00%,$0.00,$0.84,$0.00,$0.00,$0.00,$0.00,0.00%,$0.00,0.00%,$0.00,0.00%,$0.84,6.52%,$-0.84,-6.52%
"40 - NR1_RM_40_PAYARC_EVO_DiamondSphereLLC_7606_55K",1,"Ford Mustang Electric Bike Blue","DP1 V3",Visa,Sunday,448915,1,0,0.00%,1,100.00%,1,0,0.00%,1,100.00%,1,1,$12.89,0,100.00%,0,0,$0.00,0,0.00%,1,1,1,$12.89,$0.00,$0.00,$12.89,$0.00,$0.00,$12.89,$0.00,$12.89,$12.89,100.00%,0,0.00%,$0.00,0.00%,1,100.00%,$12.89,100.00%,0,0.00%,$0.00,0.00%,0,0.00%,$0.00,0.00%,$0.00,$0.84,$0.00,$0.00,$0.00,$0.00,0.00%,$0.00,0.00%,$0.00,0.00%,$0.84,6.52%,$-0.84,-6.52%
"40 - NR1_RM_40_PAYARC_EVO_DiamondSphereLLC_7606_55K",1,"Ford Mustang Electric Bike Yellow","DP1 V3",Mastercard,Sunday,517148,1,1,100.00%,0,0.00%,1,1,100.00%,0,0.00%,1,0,$0.00,1,0.00%,0,0,$0.00,0,0.00%,0,0,0,$0.00,$0.00,$0.00,$0.00,$0.00,$0.00,$0.00,$0.00,$0.00,$0.00,0.00%,0,0.00%,$0.00,0.00%,0,0.00%,$0.00,0.00%,0,0.00%,$0.00,0.00%,0,0.00%,$0.00,0.00%,$0.00,$0.20,$0.00,$0.00,$0.00,$0.00,0.00%,$0.00,0.00%,$0.00,0.00%,$0.20,0.00%,$-0.20,0.00%
"40 - NR1_RM_40_PAYARC_EVO_DiamondSphereLLC_7606_55K",1,"Ford Mustang Electric Bike Yellow","DP1 V3",Mastercard,Sunday,539689,1,1,100.00%,0,0.00%,1,1,100.00%,0,0.00%,1,0,$0.00,1,0.00%,0,0,$0.00,0,0.00%,0,0,0,$0.00,$0.00,$0.00,$0.00,$0.00,$0.00,$0.00,$0.00,$0.00,$0.00,0.00%,0,0.00%,$0.00,0.00%,0,0.00%,$0.00,0.00%,0,0.00%,$0.00,0.00%,0,0.00%,$0.00,0.00%,$0.00,$0.20,$0.00,$0.00,$0.00,$0.00,0.00%,$0.00,0.00%,$0.00,0.00%,$0.20,0.00%,$-0.20,0.00%
"40 - NR1_RM_40_PAYARC_EVO_DiamondSphereLLC_7606_55K",1,"Ford Mustang Electric Bike Yellow","DP1 V3",Visa,Sunday,410262,1,0,0.00%,1,100.00%,1,0,0.00%,1,100.00%,1,1,$12.89,0,100.00%,0,0,$0.00,0,0.00%,1,1,1,$12.89,$0.00,$0.00,$12.89,$0.00,$0.00,$12.89,$0.00,$12.89,$12.89,100.00%,0,0.00%,$0.00,0.00%,1,100.00%,$12.89,100.00%,0,0.00%,$0.00,0.00%,0,0.00%,$0.00,0.00%,$0.00,$0.84,$0.00,$0.00,$0.00,$0.00,0.00%,$0.00,0.00%,$0.00,0.00%,$0.84,6.52%,$-0.84,-6.52%
"40 - NR1_RM_40_PAYARC_EVO_DiamondSphereLLC_7606_55K",1,"Ford Mustang Electric Bike Yellow","DP1 V3",Visa,Sunday,427122,1,1,100.00%,0,0.00%,1,1,100.00%,0,0.00%,1,0,$0.00,1,0.00%,0,0,$0.00,0,0.00%,0,0,0,$0.00,$0.00,$0.00,$0.00,$0.00,$0.00,$0.00,$0.00,$0.00,$0.00,0.00%,0,0.00%,$0.00,0.00%,0,0.00%,$0.00,0.00%,0,0.00%,$0.00,0.00%,0,0.00%,$0.00,0.00%,$0.00,$0.20,$0.00,$0.00,$0.00,$0.00,0.00%,$0.00,0.00%,$0.00,0.00%,$0.20,0.00%,$-0.20,0.00%
"40 - NR1_RM_40_PAYARC_EVO_DiamondSphereLLC_7606_55K",1,"Ford Mustang Electric Bike Yellow","DP1 V3",Visa,Sunday,480973,1,1,100.00%,0,0.00%,1,1,100.00%,0,0.00%,1,0,$0.00,1,0.00%,0,0,$0.00,0,0.00%,0,0,0,$0.00,$0.00,$0.00,$0.00,$0.00,$0.00,$0.00,$0.00,$0.00,$0.00,0.00%,0,0.00%,$0.00,0.00%,0,0.00%,$0.00,0.00%,0,0.00%,$0.00,0.00%,0,0.00%,$0.00,0.00%,$0.00,$0.20,$0.00,$0.00,$0.00,$0.00,0.00%,$0.00,0.00%,$0.00,0.00%,$0.20,0.00%,$-0.20,0.00%
"40 - NR1_RM_40_PAYARC_EVO_DiamondSphereLLC_7606_55K",1,"Ford Mustang Electric Bike Yellow","DP1 V3",Visa,Sunday,498503,1,1,100.00%,0,0.00%,1,1,100.00%,0,0.00%,1,0,$0.00,1,0.00%,0,0,$0.00,0,0.00%,0,0,0,$0.00,$0.00,$0.00,$0.00,$0.00,$0.00,$0.00,$0.00,$0.00,$0.00,0.00%,0,0.00%,$0.00,0.00%,0,0.00%,$0.00,0.00%,0,0.00%,$0.00,0.00%,0,0.00%,$0.00,0.00%,$0.00,$0.20,$0.00,$0.00,$0.00,$0.00,0.00%,$0.00,0.00%,$0.00,0.00%,$0.20,0.00%,$-0.20,0.00%
"40 - NR1_RM_40_PAYARC_EVO_DiamondSphereLLC_7606_55K",1,"John Deere Merchandise Set","DP1 V3",Mastercard,Sunday,524300,1,1,100.00%,0,0.00%,1,1,100.00%,0,0.00%,1,0,$0.00,1,0.00%,0,0,$0.00,0,0.00%,0,0,0,$0.00,$0.00,$0.00,$0.00,$0.00,$0.00,$0.00,$0.00,$0.00,$0.00,0.00%,0,0.00%,$0.00,0.00%,0,0.00%,$0.00,0.00%,0,0.00%,$0.00,0.00%,0,0.00%,$0.00,0.00%,$0.00,$0.20,$0.00,$0.00,$0.00,$0.00,0.00%,$0.00,0.00%,$0.00,0.00%,$0.20,0.00%,$-0.20,0.00%
"40 - NR1_RM_40_PAYARC_EVO_DiamondSphereLLC_7606_55K",1,"Milwaukee - Armourtred S7S High-Cut Boots","DP1 V3",Mastercard,Sunday,531260,1,1,100.00%,0,0.00%,1,1,100.00%,0,0.00%,1,0,$0.00,1,0.00%,0,0,$0.00,0,0.00%,0,0,0,$0.00,$0.00,$0.00,$0.00,$0.00,$0.00,$0.00,$0.00,$0.00,$0.00,0.00%,0,0.00%,$0.00,0.00%,0,0.00%,$0.00,0.00%,0,0.00%,$0.00,0.00%,0,0.00%,$0.00,0.00%,$0.00,$0.20,$0.00,$0.00,$0.00,$0.00,0.00%,$0.00,0.00%,$0.00,0.00%,$0.20,0.00%,$-0.20,0.00%
"40 - NR1_RM_40_PAYARC_EVO_DiamondSphereLLC_7606_55K",1,"Omaha Steaks Meat Box","DP1 V3",Mastercard,Sunday,514494,1,1,100.00%,0,0.00%,1,1,100.00%,0,0.00%,1,0,$0.00,1,0.00%,0,0,$0.00,0,0.00%,0,0,0,$0.00,$0.00,$0.00,$0.00,$0.00,$0.00,$0.00,$0.00,$0.00,$0.00,0.00%,0,0.00%,$0.00,0.00%,0,0.00%,$0.00,0.00%,0,0.00%,$0.00,0.00%,0,0.00%,$0.00,0.00%,$0.00,$0.20,$0.00,$0.00,$0.00,$0.00,0.00%,$0.00,0.00%,$0.00,0.00%,$0.20,0.00%,$-0.20,0.00%
"40 - NR1_RM_40_PAYARC_EVO_DiamondSphereLLC_7606_55K",1,"Omaha Steaks Meat Box","DP1 V3",Mastercard,Sunday,529322,1,1,100.00%,0,0.00%,1,1,100.00%,0,0.00%,1,0,$0.00,1,0.00%,0,0,$0.00,0,0.00%,0,0,0,$0.00,$0.00,$0.00,$0.00,$0.00,$0.00,$0.00,$0.00,$0.00,$0.00,0.00%,0,0.00%,$0.00,0.00%,0,0.00%,$0.00,0.00%,0,0.00%,$0.00,0.00%,0,0.00%,$0.00,0.00%,$0.00,$0.20,$0.00,$0.00,$0.00,$0.00,0.00%,$0.00,0.00%,$0.00,0.00%,$0.20,0.00%,$-0.20,0.00%
"40 - NR1_RM_40_PAYARC_EVO_DiamondSphereLLC_7606_55K",1,"Omaha Steaks Meat Box","DP1 V3",Mastercard,Sunday,549806,1,0,0.00%,1,100.00%,1,0,0.00%,1,100.00%,1,1,$12.89,0,100.00%,0,0,$0.00,0,0.00%,1,1,1,$12.89,$0.00,$0.00,$12.89,$0.00,$0.00,$12.89,$0.00,$12.89,$0.00,0.00%,0,0.00%,$0.00,0.00%,0,0.00%,$0.00,0.00%,0,0.00%,$0.00,0.00%,0,0.00%,$0.00,0.00%,$12.89,$0.84,$0.00,$0.00,$0.00,$0.00,0.00%,$0.00,0.00%,$0.00,0.00%,$0.84,6.52%,$12.05,93.48%
"40 - NR1_RM_40_PAYARC_EVO_DiamondSphereLLC_7606_55K",1,"Omaha Steaks Meat Box","DP1 V3",Visa,Sunday,403493,1,1,100.00%,0,0.00%,1,1,100.00%,0,0.00%,1,0,$0.00,1,0.00%,0,0,$0.00,0,0.00%,0,0,0,$0.00,$0.00,$0.00,$0.00,$0.00,$0.00,$0.00,$0.00,$0.00,$0.00,0.00%,0,0.00%,$0.00,0.00%,0,0.00%,$0.00,0.00%,0,0.00%,$0.00,0.00%,0,0.00%,$0.00,0.00%,$0.00,$0.20,$0.00,$0.00,$0.00,$0.00,0.00%,$0.00,0.00%,$0.00,0.00%,$0.20,0.00%,$-0.20,0.00%
"43 - N2R1_RM_43_NET_ESQ_UniquePlusLLC_9162_65K",1,"5 Domestic flights","DP1 V3",Mastercard,Sunday,546316,1,0,0.00%,1,100.00%,1,0,0.00%,1,100.00%,1,1,$12.89,0,100.00%,0,0,$0.00,0,0.00%,1,1,1,$12.89,$0.00,$0.00,$12.89,$0.00,$0.00,$12.89,$0.00,$12.89,$12.89,100.00%,0,0.00%,$0.00,0.00%,0,0.00%,$0.00,0.00%,0,0.00%,$0.00,0.00%,1,100.00%,$12.89,100.00%,$0.00,$0.84,$0.00,$0.00,$0.00,$0.00,0.00%,$0.00,0.00%,$0.00,0.00%,$0.84,6.52%,$-0.84,-6.52%
"43 - N2R1_RM_43_NET_ESQ_UniquePlusLLC_9162_65K",1,"Armourtred S7S High-Cut Boots","DP1 V3",Mastercard,Sunday,542411,1,1,100.00%,0,0.00%,1,1,100.00%,0,0.00%,1,0,$0.00,1,0.00%,0,0,$0.00,0,0.00%,0,0,0,$0.00,$0.00,$0.00,$0.00,$0.00,$0.00,$0.00,$0.00,$0.00,$0.00,0.00%,0,0.00%,$0.00,0.00%,0,0.00%,$0.00,0.00%,0,0.00%,$0.00,0.00%,0,0.00%,$0.00,0.00%,$0.00,$0.20,$0.00,$0.00,$0.00,$0.00,0.00%,$0.00,0.00%,$0.00,0.00%,$0.20,0.00%,$-0.20,0.00%
"43 - N2R1_RM_43_NET_ESQ_UniquePlusLLC_9162_65K",1,"Ford Mustang Electric Bike Blue","DP1 V3",Mastercard,Sunday,514377,1,1,100.00%,0,0.00%,1,1,100.00%,0,0.00%,1,0,$0.00,1,0.00%,0,0,$0.00,0,0.00%,0,0,0,$0.00,$0.00,$0.00,$0.00,$0.00,$0.00,$0.00,$0.00,$0.00,$0.00,0.00%,0,0.00%,$0.00,0.00%,0,0.00%,$0.00,0.00%,0,0.00%,$0.00,0.00%,0,0.00%,$0.00,0.00%,$0.00,$0.20,$0.00,$0.00,$0.00,$0.00,0.00%,$0.00,0.00%,$0.00,0.00%,$0.20,0.00%,$-0.20,0.00%
"43 - N2R1_RM_43_NET_ESQ_UniquePlusLLC_9162_65K",1,"Ford Mustang Electric Bike Blue","DP1 V3",Mastercard,Sunday,515676,1,0,0.00%,1,100.00%,1,0,0.00%,1,100.00%,1,1,$12.89,0,100.00%,0,0,$0.00,0,0.00%,1,1,1,$12.89,$0.00,$0.00,$12.89,$0.00,$0.00,$12.89,$0.00,$12.89,$12.89,100.00%,0,0.00%,$0.00,0.00%,0,0.00%,$0.00,0.00%,0,0.00%,$0.00,0.00%,1,100.00%,$12.89,100.00%,$0.00,$0.84,$0.00,$0.00,$0.00,$0.00,0.00%,$0.00,0.00%,$0.00,0.00%,$0.84,6.52%,$-0.84,-6.52%
"43 - N2R1_RM_43_NET_ESQ_UniquePlusLLC_9162_65K",1,"Ford Mustang Electric Bike Blue","DP1 V3",Mastercard,Sunday,521730,1,0,0.00%,1,100.00%,1,0,0.00%,1,100.00%,1,1,$12.89,0,100.00%,0,0,$0.00,0,0.00%,1,1,1,$12.89,$0.00,$0.00,$12.89,$0.00,$0.00,$12.89,$0.00,$12.89,$0.00,0.00%,0,0.00%,$0.00,0.00%,0,0.00%,$0.00,0.00%,0,0.00%,$0.00,0.00%,0,0.00%,$0.00,0.00%,$12.89,$0.84,$0.00,$0.00,$0.00,$0.00,0.00%,$0.00,0.00%,$0.00,0.00%,$0.84,6.52%,$12.05,93.48%
"43 - N2R1_RM_43_NET_ESQ_UniquePlusLLC_9162_65K",1,"Ford Mustang Electric Bike Blue","DP1 V3",Mastercard,Sunday,521853,1,1,100.00%,0,0.00%,1,1,100.00%,0,0.00%,1,0,$0.00,1,0.00%,0,0,$0.00,0,0.00%,0,0,0,$0.00,$0.00,$0.00,$0.00,$0.00,$0.00,$0.00,$0.00,$0.00,$0.00,0.00%,0,0.00%,$0.00,0.00%,0,0.00%,$0.00,0.00%,0,0.00%,$0.00,0.00%,0,0.00%,$0.00,0.00%,$0.00,$0.20,$0.00,$0.00,$0.00,$0.00,0.00%,$0.00,0.00%,$0.00,0.00%,$0.20,0.00%,$-0.20,0.00%
"43 - N2R1_RM_43_NET_ESQ_UniquePlusLLC_9162_65K",1,"Ford Mustang Electric Bike Blue","DP1 V3",Mastercard,Sunday,544372,1,0,0.00%,1,100.00%,1,0,0.00%,1,100.00%,1,1,$12.89,0,100.00%,0,0,$0.00,0,0.00%,1,1,1,$12.89,$0.00,$0.00,$12.89,$0.00,$0.00,$12.89,$0.00,$12.89,$0.00,0.00%,0,0.00%,$0.00,0.00%,0,0.00%,$0.00,0.00%,0,0.00%,$0.00,0.00%,0,0.00%,$0.00,0.00%,$12.89,$0.84,$0.00,$0.00,$0.00,$0.00,0.00%,$0.00,0.00%,$0.00,0.00%,$0.84,6.52%,$12.05,93.48%
"43 - N2R1_RM_43_NET_ESQ_UniquePlusLLC_9162_65K",1,"Ford Mustang Electric Bike Blue","DP1 V3",Visa,Sunday,414740,1,1,100.00%,0,0.00%,1,1,100.00%,0,0.00%,1,0,$0.00,1,0.00%,0,0,$0.00,0,0.00%,0,0,0,$0.00,$0.00,$0.00,$0.00,$0.00,$0.00,$0.00,$0.00,$0.00,$0.00,0.00%,0,0.00%,$0.00,0.00%,0,0.00%,$0.00,0.00%,0,0.00%,$0.00,0.00%,0,0.00%,$0.00,0.00%,$0.00,$0.20,$0.00,$0.00,$0.00,$0.00,0.00%,$0.00,0.00%,$0.00,0.00%,$0.20,0.00%,$-0.20,0.00%
"43 - N2R1_RM_43_NET_ESQ_UniquePlusLLC_9162_65K",1,"Ford Mustang Electric Bike Blue","DP1 V3",Visa,Sunday,434257,1,1,100.00%,0,0.00%,1,1,100.00%,0,0.00%,1,0,$0.00,1,0.00%,0,0,$0.00,0,0.00%,0,0,0,$0.00,$0.00,$0.00,$0.00,$0.00,$0.00,$0.00,$0.00,$0.00,$0.00,0.00%,0,0.00%,$0.00,0.00%,0,0.00%,$0.00,0.00%,0,0.00%,$0.00,0.00%,0,0.00%,$0.00,0.00%,$0.00,$0.20,$0.00,$0.00,$0.00,$0.00,0.00%,$0.00,0.00%,$0.00,0.00%,$0.20,0.00%,$-0.20,0.00%
"43 - N2R1_RM_43_NET_ESQ_UniquePlusLLC_9162_65K",1,"Ford Mustang Electric Bike Blue","DP1 V3",Visa,Sunday,434258,1,1,100.00%,0,0.00%,1,1,100.00%,0,0.00%,1,0,$0.00,1,0.00%,0,0,$0.00,0,0.00%,0,0,0,$0.00,$0.00,$0.00,$0.00,$0.00,$0.00,$0.00,$0.00,$0.00,$0.00,0.00%,0,0.00%,$0.00,0.00%,0,0.00%,$0.00,0.00%,0,0.00%,$0.00,0.00%,0,0.00%,$0.00,0.00%,$0.00,$0.20,$0.00,$0.00,$0.00,$0.00,0.00%,$0.00,0.00%,$0.00,0.00%,$0.20,0.00%,$-0.20,0.00%
"43 - N2R1_RM_43_NET_ESQ_UniquePlusLLC_9162_65K",1,"Ford Mustang Electric Bike Blue","DP1 V3",Visa,Sunday,460823,1,0,0.00%,1,100.00%,1,0,0.00%,1,100.00%,1,1,$12.89,0,100.00%,0,0,$0.00,0,0.00%,1,1,1,$12.89,$0.00,$0.00,$12.89,$0.00,$0.00,$12.89,$0.00,$12.89,$0.00,0.00%,0,0.00%,$0.00,0.00%,0,0.00%,$0.00,0.00%,0,0.00%,$0.00,0.00%,0,0.00%,$0.00,0.00%,$12.89,$0.84,$0.00,$0.00,$0.00,$0.00,0.00%,$0.00,0.00%,$0.00,0.00%,$0.84,6.52%,$12.05,93.48%
"43 - N2R1_RM_43_NET_ESQ_UniquePlusLLC_9162_65K",1,"Ford Mustang Electric Bike Yellow","DP1 V3",Mastercard,Sunday,552869,1,1,100.00%,0,0.00%,1,1,100.00%,0,0.00%,1,0,$0.00,1,0.00%,0,0,$0.00,0,0.00%,0,0,0,$0.00,$0.00,$0.00,$0.00,$0.00,$0.00,$0.00,$0.00,$0.00,$0.00,0.00%,0,0.00%,$0.00,0.00%,0,0.00%,$0.00,0.00%,0,0.00%,$0.00,0.00%,0,0.00%,$0.00,0.00%,$0.00,$0.20,$0.00,$0.00,$0.00,$0.00,0.00%,$0.00,0.00%,$0.00,0.00%,$0.20,0.00%,$-0.20,0.00%
"43 - N2R1_RM_43_NET_ESQ_UniquePlusLLC_9162_65K",1,"Ford Mustang Electric Bike Yellow","DP1 V3",Visa,Sunday,406032,1,1,100.00%,0,0.00%,1,1,100.00%,0,0.00%,1,0,$0.00,1,0.00%,0,0,$0.00,0,0.00%,0,0,0,$0.00,$0.00,$0.00,$0.00,$0.00,$0.00,$0.00,$0.00,$0.00,$0.00,0.00%,0,0.00%,$0.00,0.00%,0,0.00%,$0.00,0.00%,0,0.00%,$0.00,0.00%,0,0.00%,$0.00,0.00%,$0.00,$0.20,$0.00,$0.00,$0.00,$0.00,0.00%,$0.00,0.00%,$0.00,0.00%,$0.20,0.00%,$-0.20,0.00%
"43 - N2R1_RM_43_NET_ESQ_UniquePlusLLC_9162_65K",1,"Ford Mustang Electric Bike Yellow","DP1 V3",Visa,Sunday,414398,1,1,100.00%,0,0.00%,1,1,100.00%,0,0.00%,1,0,$0.00,1,0.00%,0,0,$0.00,0,0.00%,0,0,0,$0.00,$0.00,$0.00,$0.00,$0.00,$0.00,$0.00,$0.00,$0.00,$0.00,0.00%,0,0.00%,$0.00,0.00%,0,0.00%,$0.00,0.00%,0,0.00%,$0.00,0.00%,0,0.00%,$0.00,0.00%,$0.00,$0.20,$0.00,$0.00,$0.00,$0.00,0.00%,$0.00,0.00%,$0.00,0.00%,$0.20,0.00%,$-0.20,0.00%
"43 - N2R1_RM_43_NET_ESQ_UniquePlusLLC_9162_65K",1,"Ford Mustang Electric Bike Yellow","DP1 V3",Visa,Sunday,414740,1,1,100.00%,0,0.00%,1,1,100.00%,0,0.00%,1,0,$0.00,1,0.00%,0,0,$0.00,0,0.00%,0,0,0,$0.00,$0.00,$0.00,$0.00,$0.00,$0.00,$0.00,$0.00,$0.00,$0.00,0.00%,0,0.00%,$0.00,0.00%,0,0.00%,$0.00,0.00%,0,0.00%,$0.00,0.00%,0,0.00%,$0.00,0.00%,$0.00,$0.20,$0.00,$0.00,$0.00,$0.00,0.00%,$0.00,0.00%,$0.00,0.00%,$0.20,0.00%,$-0.20,0.00%
"43 - N2R1_RM_43_NET_ESQ_UniquePlusLLC_9162_65K",1,"Ford Mustang Electric Bike Yellow","DP1 V3",Visa,Sunday,473336,1,1,100.00%,0,0.00%,1,1,100.00%,0,0.00%,1,0,$0.00,1,0.00%,0,0,$0.00,0,0.00%,0,0,0,$0.00,$0.00,$0.00,$0.00,$0.00,$0.00,$0.00,$0.00,$0.00,$0.00,0.00%,0,0.00%,$0.00,0.00%,0,0.00%,$0.00,0.00%,0,0.00%,$0.00,0.00%,0,0.00%,$0.00,0.00%,$0.00,$0.20,$0.00,$0.00,$0.00,$0.00,0.00%,$0.00,0.00%,$0.00,0.00%,$0.20,0.00%,$-0.20,0.00%
"43 - N2R1_RM_43_NET_ESQ_UniquePlusLLC_9162_65K",1,"Garmin - ECHOMAP Fish Finder","DP1 V3",Mastercard,Sunday,527521,1,1,100.00%,0,0.00%,1,1,100.00%,0,0.00%,1,0,$0.00,1,0.00%,0,0,$0.00,0,0.00%,0,0,0,$0.00,$0.00,$0.00,$0.00,$0.00,$0.00,$0.00,$0.00,$0.00,$0.00,0.00%,0,0.00%,$0.00,0.00%,0,0.00%,$0.00,0.00%,0,0.00%,$0.00,0.00%,0,0.00%,$0.00,0.00%,$0.00,$0.20,$0.00,$0.00,$0.00,$0.00,0.00%,$0.00,0.00%,$0.00,0.00%,$0.20,0.00%,$-0.20,0.00%
"43 - N2R1_RM_43_NET_ESQ_UniquePlusLLC_9162_65K",1,"John Deere Merchandise Set","DP1 V3",Visa,Sunday,414720,1,1,100.00%,0,0.00%,1,1,100.00%,0,0.00%,1,0,$0.00,1,0.00%,0,0,$0.00,0,0.00%,0,0,0,$0.00,$0.00,$0.00,$0.00,$0.00,$0.00,$0.00,$0.00,$0.00,$0.00,0.00%,0,0.00%,$0.00,0.00%,0,0.00%,$0.00,0.00%,0,0.00%,$0.00,0.00%,0,0.00%,$0.00,0.00%,$0.00,$0.20,$0.00,$0.00,$0.00,$0.00,0.00%,$0.00,0.00%,$0.00,0.00%,$0.20,0.00%,$-0.20,0.00%
"43 - N2R1_RM_43_NET_ESQ_UniquePlusLLC_9162_65K",1,"John Deere Tailgate Bundle Green","DP1 V3",Visa,Sunday,403495,1,0,0.00%,1,100.00%,1,0,0.00%,1,100.00%,1,1,$12.89,0,100.00%,0,0,$0.00,0,0.00%,1,1,1,$12.89,$0.00,$0.00,$12.89,$0.00,$0.00,$12.89,$0.00,$12.89,$0.00,0.00%,0,0.00%,$0.00,0.00%,0,0.00%,$0.00,0.00%,0,0.00%,$0.00,0.00%,0,0.00%,$0.00,0.00%,$12.89,$0.84,$0.00,$0.00,$0.00,$0.00,0.00%,$0.00,0.00%,$0.00,0.00%,$0.84,6.52%,$12.05,93.48%
"43 - N2R1_RM_43_NET_ESQ_UniquePlusLLC_9162_65K",1,"John Deere Tailgate Bundle Green","DP1 V3",Visa,Sunday,473399,1,1,100.00%,0,0.00%,1,1,100.00%,0,0.00%,1,0,$0.00,1,0.00%,0,0,$0.00,0,0.00%,0,0,0,$0.00,$0.00,$0.00,$0.00,$0.00,$0.00,$0.00,$0.00,$0.00,$0.00,0.00%,0,0.00%,$0.00,0.00%,0,0.00%,$0.00,0.00%,0,0.00%,$0.00,0.00%,0,0.00%,$0.00,0.00%,$0.00,$0.20,$0.00,$0.00,$0.00,$0.00,0.00%,$0.00,0.00%,$0.00,0.00%,$0.20,0.00%,$-0.20,0.00%
"43 - N2R1_RM_43_NET_ESQ_UniquePlusLLC_9162_65K",1,"Lab DF3 Golf Putter","DP1 V3",Mastercard,Sunday,511061,1,0,0.00%,1,100.00%,1,0,0.00%,1,100.00%,1,1,$12.89,0,100.00%,0,0,$0.00,0,0.00%,1,1,1,$12.89,$0.00,$0.00,$12.89,$0.00,$0.00,$12.89,$0.00,$12.89,$0.00,0.00%,0,0.00%,$0.00,0.00%,0,0.00%,$0.00,0.00%,0,0.00%,$0.00,0.00%,0,0.00%,$0.00,0.00%,$12.89,$0.84,$0.00,$0.00,$0.00,$0.00,0.00%,$0.00,0.00%,$0.00,0.00%,$0.84,6.52%,$12.05,93.48%
"43 - N2R1_RM_43_NET_ESQ_UniquePlusLLC_9162_65K",1,"Milwaukee - Armourtred S7S High-Cut Boots","DP1 V3",Mastercard,Sunday,551894,1,0,0.00%,1,100.00%,1,0,0.00%,1,100.00%,1,1,$12.89,0,100.00%,0,0,$0.00,0,0.00%,1,1,1,$12.89,$0.00,$0.00,$12.89,$0.00,$0.00,$12.89,$0.00,$12.89,$0.00,0.00%,0,0.00%,$0.00,0.00%,0,0.00%,$0.00,0.00%,0,0.00%,$0.00,0.00%,0,0.00%,$0.00,0.00%,$12.89,$0.84,$0.00,$0.00,$0.00,$0.00,0.00%,$0.00,0.00%,$0.00,0.00%,$0.84,6.52%,$12.05,93.48%
"43 - N2R1_RM_43_NET_ESQ_UniquePlusLLC_9162_65K",1,"Omaha Steaks Meat Box","DP1 V3",Mastercard,Sunday,540219,1,0,0.00%,1,100.00%,1,0,0.00%,1,100.00%,1,1,$12.89,0,100.00%,0,0,$0.00,0,0.00%,1,1,1,$12.89,$0.00,$0.00,$12.89,$0.00,$0.00,$12.89,$0.00,$12.89,$0.00,0.00%,0,0.00%,$0.00,0.00%,0,0.00%,$0.00,0.00%,0,0.00%,$0.00,0.00%,0,0.00%,$0.00,0.00%,$12.89,$0.84,$0.00,$0.00,$0.00,$0.00,0.00%,$0.00,0.00%,$0.00,0.00%,$0.84,6.52%,$12.05,93.48%
"43 - N2R1_RM_43_NET_ESQ_UniquePlusLLC_9162_65K",1,"Omaha Steaks Meat Box","DP1 V3",Visa,Sunday,404644,1,1,100.00%,0,0.00%,1,1,100.00%,0,0.00%,1,0,$0.00,1,0.00%,0,0,$0.00,0,0.00%,0,0,0,$0.00,$0.00,$0.00,$0.00,$0.00,$0.00,$0.00,$0.00,$0.00,$0.00,0.00%,0,0.00%,$0.00,0.00%,0,0.00%,$0.00,0.00%,0,0.00%,$0.00,0.00%,0,0.00%,$0.00,0.00%,$0.00,$0.20,$0.00,$0.00,$0.00,$0.00,0.00%,$0.00,0.00%,$0.00,0.00%,$0.20,0.00%,$-0.20,0.00%
"43 - N2R1_RM_43_NET_ESQ_UniquePlusLLC_9162_65K",1,"Omaha Steaks Meat Box","DP1 V3",Visa,Sunday,435716,1,0,0.00%,1,100.00%,1,0,0.00%,1,100.00%,1,1,$12.89,0,100.00%,0,0,$0.00,0,0.00%,1,1,1,$12.89,$0.00,$0.00,$12.89,$0.00,$0.00,$12.89,$0.00,$12.89,$0.00,0.00%,0,0.00%,$0.00,0.00%,0,0.00%,$0.00,0.00%,0,0.00%,$0.00,0.00%,0,0.00%,$0.00,0.00%,$12.89,$0.84,$0.00,$0.00,$0.00,$0.00,0.00%,$0.00,0.00%,$0.00,0.00%,$0.84,6.52%,$12.05,93.48%
"44 - NR12_RM_44_NET_ESQ_UniquePlusLLC_9154_65K",1,"Armourtred S7S High-Cut Boots","DP1 V3",Visa,Sunday,421075,1,0,0.00%,1,100.00%,1,0,0.00%,1,100.00%,1,1,$12.89,0,100.00%,0,0,$0.00,0,0.00%,1,1,1,$12.89,$0.00,$0.00,$12.89,$0.00,$0.00,$12.89,$0.00,$12.89,$0.00,0.00%,0,0.00%,$0.00,0.00%,0,0.00%,$0.00,0.00%,0,0.00%,$0.00,0.00%,0,0.00%,$0.00,0.00%,$12.89,$0.84,$0.00,$0.00,$0.00,$0.00,0.00%,$0.00,0.00%,$0.00,0.00%,$0.84,6.52%,$12.05,93.48%
"44 - NR12_RM_44_NET_ESQ_UniquePlusLLC_9154_65K",1,"Armourtred S7S High-Cut Boots","DP1 V3",Visa,Sunday,498503,1,1,100.00%,0,0.00%,1,1,100.00%,0,0.00%,1,0,$0.00,1,0.00%,0,0,$0.00,0,0.00%,0,0,0,$0.00,$0.00,$0.00,$0.00,$0.00,$0.00,$0.00,$0.00,$0.00,$0.00,0.00%,0,0.00%,$0.00,0.00%,0,0.00%,$0.00,0.00%,0,0.00%,$0.00,0.00%,0,0.00%,$0.00,0.00%,$0.00,$0.20,$0.00,$0.00,$0.00,$0.00,0.00%,$0.00,0.00%,$0.00,0.00%,$0.20,0.00%,$-0.20,0.00%
"44 - NR12_RM_44_NET_ESQ_UniquePlusLLC_9154_65K",1,"Ford Mustang Electric Bike Blue","DP1 V3",Mastercard,Sunday,512230,1,1,100.00%,0,0.00%,1,1,100.00%,0,0.00%,1,0,$0.00,1,0.00%,0,0,$0.00,0,0.00%,0,0,0,$0.00,$0.00,$0.00,$0.00,$0.00,$0.00,$0.00,$0.00,$0.00,$0.00,0.00%,0,0.00%,$0.00,0.00%,0,0.00%,$0.00,0.00%,0,0.00%,$0.00,0.00%,0,0.00%,$0.00,0.00%,$0.00,$0.20,$0.00,$0.00,$0.00,$0.00,0.00%,$0.00,0.00%,$0.00,0.00%,$0.20,0.00%,$-0.20,0.00%
"44 - NR12_RM_44_NET_ESQ_UniquePlusLLC_9154_65K",1,"Ford Mustang Electric Bike Blue","DP1 V3",Mastercard,Sunday,534636,1,0,0.00%,1,100.00%,1,0,0.00%,1,100.00%,1,1,$12.89,0,100.00%,0,0,$0.00,0,0.00%,1,1,1,$12.89,$0.00,$0.00,$12.89,$0.00,$0.00,$12.89,$0.00,$12.89,$0.00,0.00%,0,0.00%,$0.00,0.00%,0,0.00%,$0.00,0.00%,0,0.00%,$0.00,0.00%,0,0.00%,$0.00,0.00%,$12.89,$0.84,$0.00,$0.00,$0.00,$0.00,0.00%,$0.00,0.00%,$0.00,0.00%,$0.84,6.52%,$12.05,93.48%
"44 - NR12_RM_44_NET_ESQ_UniquePlusLLC_9154_65K",1,"Ford Mustang Electric Bike Blue","DP1 V3",Visa,Sunday,408832,1,0,0.00%,1,100.00%,1,0,0.00%,1,100.00%,1,1,$12.89,0,100.00%,0,0,$0.00,0,0.00%,1,1,1,$12.89,$0.00,$0.00,$12.89,$0.00,$0.00,$12.89,$0.00,$12.89,$0.00,0.00%,0,0.00%,$0.00,0.00%,0,0.00%,$0.00,0.00%,0,0.00%,$0.00,0.00%,0,0.00%,$0.00,0.00%,$12.89,$0.84,$0.00,$0.00,$0.00,$0.00,0.00%,$0.00,0.00%,$0.00,0.00%,$0.84,6.52%,$12.05,93.48%
"44 - NR12_RM_44_NET_ESQ_UniquePlusLLC_9154_65K",1,"Ford Mustang Electric Bike Blue","DP1 V3",Visa,Sunday,427088,1,0,0.00%,1,100.00%,1,0,0.00%,1,100.00%,1,1,$12.89,0,100.00%,0,0,$0.00,0,0.00%,1,1,1,$12.89,$0.00,$0.00,$12.89,$0.00,$0.00,$12.89,$0.00,$12.89,$12.89,100.00%,0,0.00%,$0.00,0.00%,1,100.00%,$12.89,100.00%,0,0.00%,$0.00,0.00%,0,0.00%,$0.00,0.00%,$0.00,$0.84,$0.00,$0.00,$0.00,$0.00,0.00%,$0.00,0.00%,$0.00,0.00%,$0.84,6.52%,$-0.84,-6.52%
"44 - NR12_RM_44_NET_ESQ_UniquePlusLLC_9154_65K",1,"Ford Mustang Electric Bike Yellow","DP1 V3",Visa,Sunday,414740,1,1,100.00%,0,0.00%,1,1,100.00%,0,0.00%,1,0,$0.00,1,0.00%,0,0,$0.00,0,0.00%,0,0,0,$0.00,$0.00,$0.00,$0.00,$0.00,$0.00,$0.00,$0.00,$0.00,$0.00,0.00%,0,0.00%,$0.00,0.00%,0,0.00%,$0.00,0.00%,0,0.00%,$0.00,0.00%,0,0.00%,$0.00,0.00%,$0.00,$0.20,$0.00,$0.00,$0.00,$0.00,0.00%,$0.00,0.00%,$0.00,0.00%,$0.20,0.00%,$-0.20,0.00%
"44 - NR12_RM_44_NET_ESQ_UniquePlusLLC_9154_65K",1,"Ford Mustang Electric Bike Yellow","DP1 V3",Visa,Sunday,436618,1,0,0.00%,1,100.00%,1,0,0.00%,1,100.00%,1,1,$12.89,0,100.00%,0,0,$0.00,0,0.00%,1,1,1,$12.89,$0.00,$0.00,$12.89,$0.00,$0.00,$12.89,$0.00,$12.89,$0.00,0.00%,0,0.00%,$0.00,0.00%,0,0.00%,$0.00,0.00%,0,0.00%,$0.00,0.00%,0,0.00%,$0.00,0.00%,$12.89,$0.84,$0.00,$0.00,$0.00,$0.00,0.00%,$0.00,0.00%,$0.00,0.00%,$0.84,6.52%,$12.05,93.48%
"44 - NR12_RM_44_NET_ESQ_UniquePlusLLC_9154_65K",1,"Milwaukee - Armourtred S7S High-Cut Boots","DP1 V3",Mastercard,Sunday,534348,1,0,0.00%,1,100.00%,1,0,0.00%,1,100.00%,1,1,$12.89,0,100.00%,0,0,$0.00,0,0.00%,1,1,1,$12.89,$0.00,$0.00,$12.89,$0.00,$0.00,$12.89,$0.00,$12.89,$12.89,100.00%,0,0.00%,$0.00,0.00%,0,0.00%,$0.00,0.00%,0,0.00%,$0.00,0.00%,1,100.00%,$12.89,100.00%,$0.00,$0.84,$0.00,$0.00,$0.00,$0.00,0.00%,$0.00,0.00%,$0.00,0.00%,$0.84,6.52%,$-0.84,-6.52%
"44 - NR12_RM_44_NET_ESQ_UniquePlusLLC_9154_65K",1,"Omaha Steaks Meat Box","DP1 V3",Visa,Sunday,406032,1,0,0.00%,1,100.00%,1,0,0.00%,1,100.00%,1,1,$12.89,0,100.00%,0,0,$0.00,0,0.00%,1,1,1,$12.89,$0.00,$0.00,$12.89,$0.00,$0.00,$12.89,$0.00,$12.89,$0.00,0.00%,0,0.00%,$0.00,0.00%,0,0.00%,$0.00,0.00%,0,0.00%,$0.00,0.00%,0,0.00%,$0.00,0.00%,$12.89,$0.84,$0.00,$0.00,$0.00,$0.00,0.00%,$0.00,0.00%,$0.00,0.00%,$0.84,6.52%,$12.05,93.48%
"44 - NR12_RM_44_NET_ESQ_UniquePlusLLC_9154_65K",1,"Stetson Cowboy Hat (White)","DP1 V3",Visa,Sunday,474478,1,1,100.00%,0,0.00%,1,1,100.00%,0,0.00%,1,0,$0.00,1,0.00%,0,0,$0.00,0,0.00%,0,0,0,$0.00,$0.00,$0.00,$0.00,$0.00,$0.00,$0.00,$0.00,$0.00,$0.00,0.00%,0,0.00%,$0.00,0.00%,0,0.00%,$0.00,0.00%,0,0.00%,$0.00,0.00%,0,0.00%,$0.00,0.00%,$0.00,$0.20,$0.00,$0.00,$0.00,$0.00,0.00%,$0.00,0.00%,$0.00,0.00%,$0.20,0.00%,$-0.20,0.00%
"45 - zCLOSED_RM_45_QUANT_CBSL_SpecifiConLLC_2894_25K",1,"Armourtred S7S High-Cut Boots","DP1 V3",Visa,Sunday,400614,1,1,100.00%,0,0.00%,1,1,100.00%,0,0.00%,1,0,$0.00,1,0.00%,0,0,$0.00,0,0.00%,0,0,0,$0.00,$0.00,$0.00,$0.00,$0.00,$0.00,$0.00,$0.00,$0.00,$0.00,0.00%,0,0.00%,$0.00,0.00%,0,0.00%,$0.00,0.00%,0,0.00%,$0.00,0.00%,0,0.00%,$0.00,0.00%,$0.00,$0.20,$0.00,$0.00,$0.00,$0.00,0.00%,$0.00,0.00%,$0.00,0.00%,$0.20,0.00%,$-0.20,0.00%
"45 - zCLOSED_RM_45_QUANT_CBSL_SpecifiConLLC_2894_25K",1,"Armourtred S7S High-Cut Boots","DP1 V3",Visa,Sunday,426487,1,1,100.00%,0,0.00%,1,1,100.00%,0,0.00%,1,0,$0.00,1,0.00%,0,0,$0.00,0,0.00%,0,0,0,$0.00,$0.00,$0.00,$0.00,$0.00,$0.00,$0.00,$0.00,$0.00,$0.00,0.00%,0,0.00%,$0.00,0.00%,0,0.00%,$0.00,0.00%,0,0.00%,$0.00,0.00%,0,0.00%,$0.00,0.00%,$0.00,$0.20,$0.00,$0.00,$0.00,$0.00,0.00%,$0.00,0.00%,$0.00,0.00%,$0.20,0.00%,$-0.20,0.00%
"45 - zCLOSED_RM_45_QUANT_CBSL_SpecifiConLLC_2894_25K",1,"Ford Mustang Electric Bike Blue","DP1 V3",Mastercard,Sunday,515676,1,1,100.00%,0,0.00%,1,1,100.00%,0,0.00%,1,0,$0.00,1,0.00%,0,0,$0.00,0,0.00%,0,0,0,$0.00,$0.00,$0.00,$0.00,$0.00,$0.00,$0.00,$0.00,$0.00,$0.00,0.00%,0,0.00%,$0.00,0.00%,0,0.00%,$0.00,0.00%,0,0.00%,$0.00,0.00%,0,0.00%,$0.00,0.00%,$0.00,$0.20,$0.00,$0.00,$0.00,$0.00,0.00%,$0.00,0.00%,$0.00,0.00%,$0.20,0.00%,$-0.20,0.00%
"45 - zCLOSED_RM_45_QUANT_CBSL_SpecifiConLLC_2894_25K",1,"Ford Mustang Electric Bike Blue","DP1 V3",Mastercard,Sunday,517148,1,1,100.00%,0,0.00%,1,1,100.00%,0,0.00%,1,0,$0.00,1,0.00%,0,0,$0.00,0,0.00%,0,0,0,$0.00,$0.00,$0.00,$0.00,$0.00,$0.00,$0.00,$0.00,$0.00,$0.00,0.00%,0,0.00%,$0.00,0.00%,0,0.00%,$0.00,0.00%,0,0.00%,$0.00,0.00%,0,0.00%,$0.00,0.00%,$0.00,$0.20,$0.00,$0.00,$0.00,$0.00,0.00%,$0.00,0.00%,$0.00,0.00%,$0.20,0.00%,$-0.20,0.00%
"45 - zCLOSED_RM_45_QUANT_CBSL_SpecifiConLLC_2894_25K",1,"Ford Mustang Electric Bike Blue","DP1 V3",Mastercard,Sunday,521853,1,1,100.00%,0,0.00%,1,1,100.00%,0,0.00%,1,0,$0.00,1,0.00%,0,0,$0.00,0,0.00%,0,0,0,$0.00,$0.00,$0.00,$0.00,$0.00,$0.00,$0.00,$0.00,$0.00,$0.00,0.00%,0,0.00%,$0.00,0.00%,0,0.00%,$0.00,0.00%,0,0.00%,$0.00,0.00%,0,0.00%,$0.00,0.00%,$0.00,$0.20,$0.00,$0.00,$0.00,$0.00,0.00%,$0.00,0.00%,$0.00,0.00%,$0.20,0.00%,$-0.20,0.00%
"45 - zCLOSED_RM_45_QUANT_CBSL_SpecifiConLLC_2894_25K",1,"Ford Mustang Electric Bike Blue","DP1 V3",Mastercard,Sunday,540404,1,1,100.00%,0,0.00%,1,1,100.00%,0,0.00%,1,0,$0.00,1,0.00%,0,0,$0.00,0,0.00%,0,0,0,$0.00,$0.00,$0.00,$0.00,$0.00,$0.00,$0.00,$0.00,$0.00,$0.00,0.00%,0,0.00%,$0.00,0.00%,0,0.00%,$0.00,0.00%,0,0.00%,$0.00,0.00%,0,0.00%,$0.00,0.00%,$0.00,$0.20,$0.00,$0.00,$0.00,$0.00,0.00%,$0.00,0.00%,$0.00,0.00%,$0.20,0.00%,$-0.20,0.00%
"45 - zCLOSED_RM_45_QUANT_CBSL_SpecifiConLLC_2894_25K",1,"Ford Mustang Electric Bike Blue","DP1 V3",Mastercard,Sunday,546325,1,1,100.00%,0,0.00%,1,1,100.00%,0,0.00%,1,0,$0.00,1,0.00%,0,0,$0.00,0,0.00%,0,0,0,$0.00,$0.00,$0.00,$0.00,$0.00,$0.00,$0.00,$0.00,$0.00,$0.00,0.00%,0,0.00%,$0.00,0.00%,0,0.00%,$0.00,0.00%,0,0.00%,$0.00,0.00%,0,0.00%,$0.00,0.00%,$0.00,$0.20,$0.00,$0.00,$0.00,$0.00,0.00%,$0.00,0.00%,$0.00,0.00%,$0.20,0.00%,$-0.20,0.00%
"45 - zCLOSED_RM_45_QUANT_CBSL_SpecifiConLLC_2894_25K",1,"Ford Mustang Electric Bike Blue","DP1 V3",Mastercard,Sunday,546630,1,0,0.00%,1,100.00%,1,0,0.00%,1,100.00%,1,1,$12.89,0,100.00%,0,0,$0.00,0,0.00%,1,1,1,$12.89,$0.00,$0.00,$12.89,$0.00,$0.00,$12.89,$0.00,$12.89,$12.89,100.00%,0,0.00%,$0.00,0.00%,0,0.00%,$0.00,0.00%,0,0.00%,$0.00,0.00%,1,100.00%,$12.89,100.00%,$0.00,$0.84,$0.00,$0.00,$0.00,$0.00,0.00%,$0.00,0.00%,$0.00,0.00%,$0.84,6.52%,$-0.84,-6.52%
"45 - zCLOSED_RM_45_QUANT_CBSL_SpecifiConLLC_2894_25K",1,"Ford Mustang Electric Bike Blue","DP1 V3",Visa,Sunday,400022,1,1,100.00%,0,0.00%,1,1,100.00%,0,0.00%,1,0,$0.00,1,0.00%,0,0,$0.00,0,0.00%,0,0,0,$0.00,$0.00,$0.00,$0.00,$0.00,$0.00,$0.00,$0.00,$0.00,$0.00,0.00%,0,0.00%,$0.00,0.00%,0,0.00%,$0.00,0.00%,0,0.00%,$0.00,0.00%,0,0.00%,$0.00,0.00%,$0.00,$0.20,$0.00,$0.00,$0.00,$0.00,0.00%,$0.00,0.00%,$0.00,0.00%,$0.20,0.00%,$-0.20,0.00%
"45 - zCLOSED_RM_45_QUANT_CBSL_SpecifiConLLC_2894_25K",1,"Ford Mustang Electric Bike Blue","DP1 V3",Visa,Sunday,403766,1,1,100.00%,0,0.00%,1,1,100.00%,0,0.00%,1,0,$0.00,1,0.00%,0,0,$0.00,0,0.00%,0,0,0,$0.00,$0.00,$0.00,$0.00,$0.00,$0.00,$0.00,$0.00,$0.00,$0.00,0.00%,0,0.00%,$0.00,0.00%,0,0.00%,$0.00,0.00%,0,0.00%,$0.00,0.00%,0,0.00%,$0.00,0.00%,$0.00,$0.20,$0.00,$0.00,$0.00,$0.00,0.00%,$0.00,0.00%,$0.00,0.00%,$0.20,0.00%,$-0.20,0.00%
"45 - zCLOSED_RM_45_QUANT_CBSL_SpecifiConLLC_2894_25K",1,"Ford Mustang Electric Bike Blue","DP1 V3",Visa,Sunday,414740,1,1,100.00%,0,0.00%,1,1,100.00%,0,0.00%,1,0,$0.00,1,0.00%,0,0,$0.00,0,0.00%,0,0,0,$0.00,$0.00,$0.00,$0.00,$0.00,$0.00,$0.00,$0.00,$0.00,$0.00,0.00%,0,0.00%,$0.00,0.00%,0,0.00%,$0.00,0.00%,0,0.00%,$0.00,0.00%,0,0.00%,$0.00,0.00%,$0.00,$0.20,$0.00,$0.00,$0.00,$0.00,0.00%,$0.00,0.00%,$0.00,0.00%,$0.20,0.00%,$-0.20,0.00%
"45 - zCLOSED_RM_45_QUANT_CBSL_SpecifiConLLC_2894_25K",1,"Ford Mustang Electric Bike Blue","DP1 V3",Visa,Sunday,434256,1,1,100.00%,0,0.00%,1,1,100.00%,0,0.00%,1,0,$0.00,1,0.00%,0,0,$0.00,0,0.00%,0,0,0,$0.00,$0.00,$0.00,$0.00,$0.00,$0.00,$0.00,$0.00,$0.00,$0.00,0.00%,0,0.00%,$0.00,0.00%,0,0.00%,$0.00,0.00%,0,0.00%,$0.00,0.00%,0,0.00%,$0.00,0.00%,$0.00,$0.20,$0.00,$0.00,$0.00,$0.00,0.00%,$0.00,0.00%,$0.00,0.00%,$0.20,0.00%,$-0.20,0.00%
"45 - zCLOSED_RM_45_QUANT_CBSL_SpecifiConLLC_2894_25K",1,"Ford Mustang Electric Bike Blue","DP1 V3",Visa,Sunday,444796,1,1,100.00%,0,0.00%,1,1,100.00%,0,0.00%,1,0,$0.00,1,0.00%,0,0,$0.00,0,0.00%,0,0,0,$0.00,$0.00,$0.00,$0.00,$0.00,$0.00,$0.00,$0.00,$0.00,$0.00,0.00%,0,0.00%,$0.00,0.00%,0,0.00%,$0.00,0.00%,0,0.00%,$0.00,0.00%,0,0.00%,$0.00,0.00%,$0.00,$0.20,$0.00,$0.00,$0.00,$0.00,0.00%,$0.00,0.00%,$0.00,0.00%,$0.20,0.00%,$-0.20,0.00%
"45 - zCLOSED_RM_45_QUANT_CBSL_SpecifiConLLC_2894_25K",1,"Ford Mustang Electric Bike Blue","DP1 V3",Visa,Sunday,460753,1,1,100.00%,0,0.00%,1,1,100.00%,0,0.00%,1,0,$0.00,1,0.00%,0,0,$0.00,0,0.00%,0,0,0,$0.00,$0.00,$0.00,$0.00,$0.00,$0.00,$0.00,$0.00,$0.00,$0.00,0.00%,0,0.00%,$0.00,0.00%,0,0.00%,$0.00,0.00%,0,0.00%,$0.00,0.00%,0,0.00%,$0.00,0.00%,$0.00,$0.20,$0.00,$0.00,$0.00,$0.00,0.00%,$0.00,0.00%,$0.00,0.00%,$0.20,0.00%,$-0.20,0.00%
"45 - zCLOSED_RM_45_QUANT_CBSL_SpecifiConLLC_2894_25K",1,"Ford Mustang Electric Bike Blue","DP1 V3",Visa,Sunday,474165,1,1,100.00%,0,0.00%,1,1,100.00%,0,0.00%,1,0,$0.00,1,0.00%,0,0,$0.00,0,0.00%,0,0,0,$0.00,$0.00,$0.00,$0.00,$0.00,$0.00,$0.00,$0.00,$0.00,$0.00,0.00%,0,0.00%,$0.00,0.00%,0,0.00%,$0.00,0.00%,0,0.00%,$0.00,0.00%,0,0.00%,$0.00,0.00%,$0.00,$0.20,$0.00,$0.00,$0.00,$0.00,0.00%,$0.00,0.00%,$0.00,0.00%,$0.20,0.00%,$-0.20,0.00%
"45 - zCLOSED_RM_45_QUANT_CBSL_SpecifiConLLC_2894_25K",1,"Ford Mustang Electric Bike Blue","DP1 V3",Visa,Sunday,475849,1,0,0.00%,1,100.00%,1,0,0.00%,1,100.00%,1,1,$12.89,0,100.00%,0,0,$0.00,0,0.00%,1,1,1,$12.89,$0.00,$0.00,$12.89,$0.00,$0.00,$12.89,$0.00,$12.89,$0.00,0.00%,0,0.00%,$0.00,0.00%,0,0.00%,$0.00,0.00%,0,0.00%,$0.00,0.00%,0,0.00%,$0.00,0.00%,$12.89,$0.84,$0.00,$0.00,$0.00,$0.00,0.00%,$0.00,0.00%,$0.00,0.00%,$0.84,6.52%,$12.05,93.48%
"45 - zCLOSED_RM_45_QUANT_CBSL_SpecifiConLLC_2894_25K",1,"Ford Mustang Electric Bike Blue","DP1 V3",Visa,Sunday,483316,1,1,100.00%,0,0.00%,1,1,100.00%,0,0.00%,1,0,$0.00,1,0.00%,0,0,$0.00,0,0.00%,0,0,0,$0.00,$0.00,$0.00,$0.00,$0.00,$0.00,$0.00,$0.00,$0.00,$0.00,0.00%,0,0.00%,$0.00,0.00%,0,0.00%,$0.00,0.00%,0,0.00%,$0.00,0.00%,0,0.00%,$0.00,0.00%,$0.00,$0.20,$0.00,$0.00,$0.00,$0.00,0.00%,$0.00,0.00%,$0.00,0.00%,$0.20,0.00%,$-0.20,0.00%
"45 - zCLOSED_RM_45_QUANT_CBSL_SpecifiConLLC_2894_25K",1,"Ford Mustang Electric Bike Blue","DP1 V3",Visa,Sunday,486208,1,1,100.00%,0,0.00%,1,1,100.00%,0,0.00%,1,0,$0.00,1,0.00%,0,0,$0.00,0,0.00%,0,0,0,$0.00,$0.00,$0.00,$0.00,$0.00,$0.00,$0.00,$0.00,$0.00,$0.00,0.00%,0,0.00%,$0.00,0.00%,0,0.00%,$0.00,0.00%,0,0.00%,$0.00,0.00%,0,0.00%,$0.00,0.00%,$0.00,$0.20,$0.00,$0.00,$0.00,$0.00,0.00%,$0.00,0.00%,$0.00,0.00%,$0.20,0.00%,$-0.20,0.00%
"45 - zCLOSED_RM_45_QUANT_CBSL_SpecifiConLLC_2894_25K",1,"Ford Mustang Electric Bike Blue","DP1 V3",Visa,Sunday,498503,1,1,100.00%,0,0.00%,1,1,100.00%,0,0.00%,1,0,$0.00,1,0.00%,0,0,$0.00,0,0.00%,0,0,0,$0.00,$0.00,$0.00,$0.00,$0.00,$0.00,$0.00,$0.00,$0.00,$0.00,0.00%,0,0.00%,$0.00,0.00%,0,0.00%,$0.00,0.00%,0,0.00%,$0.00,0.00%,0,0.00%,$0.00,0.00%,$0.00,$0.20,$0.00,$0.00,$0.00,$0.00,0.00%,$0.00,0.00%,$0.00,0.00%,$0.20,0.00%,$-0.20,0.00%
"45 - zCLOSED_RM_45_QUANT_CBSL_SpecifiConLLC_2894_25K",1,"Ford Mustang Electric Bike Yellow","DP1 V3",Mastercard,Sunday,512230,1,1,100.00%,0,0.00%,1,1,100.00%,0,0.00%,1,0,$0.00,1,0.00%,0,0,$0.00,0,0.00%,0,0,0,$0.00,$0.00,$0.00,$0.00,$0.00,$0.00,$0.00,$0.00,$0.00,$0.00,0.00%,0,0.00%,$0.00,0.00%,0,0.00%,$0.00,0.00%,0,0.00%,$0.00,0.00%,0,0.00%,$0.00,0.00%,$0.00,$0.20,$0.00,$0.00,$0.00,$0.00,0.00%,$0.00,0.00%,$0.00,0.00%,$0.20,0.00%,$-0.20,0.00%
"45 - zCLOSED_RM_45_QUANT_CBSL_SpecifiConLLC_2894_25K",1,"Ford Mustang Electric Bike Yellow","DP1 V3",Mastercard,Sunday,515676,1,1,100.00%,0,0.00%,1,1,100.00%,0,0.00%,1,0,$0.00,1,0.00%,0,0,$0.00,0,0.00%,0,0,0,$0.00,$0.00,$0.00,$0.00,$0.00,$0.00,$0.00,$0.00,$0.00,$0.00,0.00%,0,0.00%,$0.00,0.00%,0,0.00%,$0.00,0.00%,0,0.00%,$0.00,0.00%,0,0.00%,$0.00,0.00%,$0.00,$0.20,$0.00,$0.00,$0.00,$0.00,0.00%,$0.00,0.00%,$0.00,0.00%,$0.20,0.00%,$-0.20,0.00%
"45 - zCLOSED_RM_45_QUANT_CBSL_SpecifiConLLC_2894_25K",1,"Ford Mustang Electric Bike Yellow","DP1 V3",Mastercard,Sunday,556736,1,0,0.00%,1,100.00%,1,0,0.00%,1,100.00%,1,1,$12.89,0,100.00%,0,0,$0.00,0,0.00%,1,1,1,$12.89,$0.00,$0.00,$12.89,$0.00,$0.00,$12.89,$0.00,$12.89,$0.00,0.00%,0,0.00%,$0.00,0.00%,0,0.00%,$0.00,0.00%,0,0.00%,$0.00,0.00%,0,0.00%,$0.00,0.00%,$12.89,$0.84,$0.00,$0.00,$0.00,$0.00,0.00%,$0.00,0.00%,$0.00,0.00%,$0.84,6.52%,$12.05,93.48%
"45 - zCLOSED_RM_45_QUANT_CBSL_SpecifiConLLC_2894_25K",1,"Ford Mustang Electric Bike Yellow","DP1 V3",Visa,Sunday,403766,1,1,100.00%,0,0.00%,1,1,100.00%,0,0.00%,1,0,$0.00,1,0.00%,0,0,$0.00,0,0.00%,0,0,0,$0.00,$0.00,$0.00,$0.00,$0.00,$0.00,$0.00,$0.00,$0.00,$0.00,0.00%,0,0.00%,$0.00,0.00%,0,0.00%,$0.00,0.00%,0,0.00%,$0.00,0.00%,0,0.00%,$0.00,0.00%,$0.00,$0.20,$0.00,$0.00,$0.00,$0.00,0.00%,$0.00,0.00%,$0.00,0.00%,$0.20,0.00%,$-0.20,0.00%
"45 - zCLOSED_RM_45_QUANT_CBSL_SpecifiConLLC_2894_25K",1,"Ford Mustang Electric Bike Yellow","DP1 V3",Visa,Sunday,423223,1,1,100.00%,0,0.00%,1,1,100.00%,0,0.00%,1,0,$0.00,1,0.00%,0,0,$0.00,0,0.00%,0,0,0,$0.00,$0.00,$0.00,$0.00,$0.00,$0.00,$0.00,$0.00,$0.00,$0.00,0.00%,0,0.00%,$0.00,0.00%,0,0.00%,$0.00,0.00%,0,0.00%,$0.00,0.00%,0,0.00%,$0.00,0.00%,$0.00,$0.20,$0.00,$0.00,$0.00,$0.00,0.00%,$0.00,0.00%,$0.00,0.00%,$0.20,0.00%,$-0.20,0.00%
"45 - zCLOSED_RM_45_QUANT_CBSL_SpecifiConLLC_2894_25K",1,"Ford Mustang Electric Bike Yellow","DP1 V3",Visa,Sunday,429544,1,1,100.00%,0,0.00%,1,1,100.00%,0,0.00%,1,0,$0.00,1,0.00%,0,0,$0.00,0,0.00%,0,0,0,$0.00,$0.00,$0.00,$0.00,$0.00,$0.00,$0.00,$0.00,$0.00,$0.00,0.00%,0,0.00%,$0.00,0.00%,0,0.00%,$0.00,0.00%,0,0.00%,$0.00,0.00%,0,0.00%,$0.00,0.00%,$0.00,$0.20,$0.00,$0.00,$0.00,$0.00,0.00%,$0.00,0.00%,$0.00,0.00%,$0.20,0.00%,$-0.20,0.00%
"45 - zCLOSED_RM_45_QUANT_CBSL_SpecifiConLLC_2894_25K",1,"John Deere Merchandise Set","DP1 V3",Mastercard,Sunday,558650,1,1,100.00%,0,0.00%,1,1,100.00%,0,0.00%,1,0,$0.00,1,0.00%,0,0,$0.00,0,0.00%,0,0,0,$0.00,$0.00,$0.00,$0.00,$0.00,$0.00,$0.00,$0.00,$0.00,$0.00,0.00%,0,0.00%,$0.00,0.00%,0,0.00%,$0.00,0.00%,0,0.00%,$0.00,0.00%,0,0.00%,$0.00,0.00%,$0.00,$0.20,$0.00,$0.00,$0.00,$0.00,0.00%,$0.00,0.00%,$0.00,0.00%,$0.20,0.00%,$-0.20,0.00%
"45 - zCLOSED_RM_45_QUANT_CBSL_SpecifiConLLC_2894_25K",1,"John Deere Tailgate Bundle Green","DP1 V3",Mastercard,Sunday,515676,1,1,100.00%,0,0.00%,1,1,100.00%,0,0.00%,1,0,$0.00,1,0.00%,0,0,$0.00,0,0.00%,0,0,0,$0.00,$0.00,$0.00,$0.00,$0.00,$0.00,$0.00,$0.00,$0.00,$0.00,0.00%,0,0.00%,$0.00,0.00%,0,0.00%,$0.00,0.00%,0,0.00%,$0.00,0.00%,0,0.00%,$0.00,0.00%,$0.00,$0.20,$0.00,$0.00,$0.00,$0.00,0.00%,$0.00,0.00%,$0.00,0.00%,$0.20,0.00%,$-0.20,0.00%
"45 - zCLOSED_RM_45_QUANT_CBSL_SpecifiConLLC_2894_25K",1,"Omaha Steaks Meat Box","DP1 V3",Visa,Sunday,414709,1,1,100.00%,0,0.00%,1,1,100.00%,0,0.00%,1,0,$0.00,1,0.00%,0,0,$0.00,0,0.00%,0,0,0,$0.00,$0.00,$0.00,$0.00,$0.00,$0.00,$0.00,$0.00,$0.00,$0.00,0.00%,0,0.00%,$0.00,0.00%,0,0.00%,$0.00,0.00%,0,0.00%,$0.00,0.00%,0,0.00%,$0.00,0.00%,$0.00,$0.20,$0.00,$0.00,$0.00,$0.00,0.00%,$0.00,0.00%,$0.00,0.00%,$0.20,0.00%,$-0.20,0.00%
"45 - zCLOSED_RM_45_QUANT_CBSL_SpecifiConLLC_2894_25K",1,"Omaha Steaks Meat Box","DP1 V3",Visa,Sunday,414720,2,2,100.00%,0,0.00%,2,2,100.00%,0,0.00%,2,0,$0.00,2,0.00%,0,0,$0.00,0,0.00%,0,0,0,$0.00,$0.00,$0.00,$0.00,$0.00,$0.00,$0.00,$0.00,$0.00,$0.00,0.00%,0,0.00%,$0.00,0.00%,0,0.00%,$0.00,0.00%,0,0.00%,$0.00,0.00%,0,0.00%,$0.00,0.00%,$0.00,$0.40,$0.00,$0.00,$0.00,$0.00,0.00%,$0.00,0.00%,$0.00,0.00%,$0.40,0.00%,$-0.40,0.00%
"45 - zCLOSED_RM_45_QUANT_CBSL_SpecifiConLLC_2894_25K",1,"Omaha Steaks Meat Box","DP1 V3",Visa,Sunday,414740,1,1,100.00%,0,0.00%,1,1,100.00%,0,0.00%,1,0,$0.00,1,0.00%,0,0,$0.00,0,0.00%,0,0,0,$0.00,$0.00,$0.00,$0.00,$0.00,$0.00,$0.00,$0.00,$0.00,$0.00,0.00%,0,0.00%,$0.00,0.00%,0,0.00%,$0.00,0.00%,0,0.00%,$0.00,0.00%,0,0.00%,$0.00,0.00%,$0.00,$0.20,$0.00,$0.00,$0.00,$0.00,0.00%,$0.00,0.00%,$0.00,0.00%,$0.20,0.00%,$-0.20,0.00%
"45 - zCLOSED_RM_45_QUANT_CBSL_SpecifiConLLC_2894_25K",1,"Omaha Steaks Meat Box","DP1 V3",Visa,Sunday,479124,1,1,100.00%,0,0.00%,1,1,100.00%,0,0.00%,1,0,$0.00,1,0.00%,0,0,$0.00,0,0.00%,0,0,0,$0.00,$0.00,$0.00,$0.00,$0.00,$0.00,$0.00,$0.00,$0.00,$0.00,0.00%,0,0.00%,$0.00,0.00%,0,0.00%,$0.00,0.00%,0,0.00%,$0.00,0.00%,0,0.00%,$0.00,0.00%,$0.00,$0.20,$0.00,$0.00,$0.00,$0.00,0.00%,$0.00,0.00%,$0.00,0.00%,$0.20,0.00%,$-0.20,0.00%
"45 - zCLOSED_RM_45_QUANT_CBSL_SpecifiConLLC_2894_25K",1,"Stetson Cowboy Hat (White)","DP1 V3",Visa,Sunday,430408,1,0,0.00%,1,100.00%,1,0,0.00%,1,100.00%,1,1,$12.89,0,100.00%,0,0,$0.00,0,0.00%,1,1,1,$12.89,$0.00,$0.00,$12.89,$0.00,$0.00,$12.89,$0.00,$12.89,$0.00,0.00%,0,0.00%,$0.00,0.00%,0,0.00%,$0.00,0.00%,0,0.00%,$0.00,0.00%,0,0.00%,$0.00,0.00%,$12.89,$0.84,$0.00,$0.00,$0.00,$0.00,0.00%,$0.00,0.00%,$0.00,0.00%,$0.84,6.52%,$12.05,93.48%
"46 - zCLOSED_RM_46_QUANT_CBSL_SpecifiConLLC_2886_25K",1,"5 Domestic flights","DP1 V3",Mastercard,Sunday,550919,1,0,0.00%,1,100.00%,1,0,0.00%,1,100.00%,1,1,$12.89,0,100.00%,0,0,$0.00,0,0.00%,1,1,1,$12.89,$0.00,$0.00,$12.89,$0.00,$0.00,$12.89,$0.00,$12.89,$0.00,0.00%,0,0.00%,$0.00,0.00%,0,0.00%,$0.00,0.00%,0,0.00%,$0.00,0.00%,0,0.00%,$0.00,0.00%,$12.89,$0.84,$0.00,$0.00,$0.00,$0.00,0.00%,$0.00,0.00%,$0.00,0.00%,$0.84,6.52%,$12.05,93.48%
"46 - zCLOSED_RM_46_QUANT_CBSL_SpecifiConLLC_2886_25K",1,"Ford Mustang Electric Bike Blue","DP1 V3",Mastercard,Sunday,511544,1,0,0.00%,1,100.00%,1,0,0.00%,1,100.00%,1,1,$12.89,0,100.00%,0,0,$0.00,0,0.00%,1,1,1,$12.89,$0.00,$0.00,$12.89,$0.00,$0.00,$12.89,$0.00,$12.89,$0.00,0.00%,0,0.00%,$0.00,0.00%,0,0.00%,$0.00,0.00%,0,0.00%,$0.00,0.00%,0,0.00%,$0.00,0.00%,$12.89,$0.84,$0.00,$0.00,$0.00,$0.00,0.00%,$0.00,0.00%,$0.00,0.00%,$0.84,6.52%,$12.05,93.48%
"46 - zCLOSED_RM_46_QUANT_CBSL_SpecifiConLLC_2886_25K",1,"Ford Mustang Electric Bike Blue","DP1 V3",Mastercard,Sunday,520602,1,1,100.00%,0,0.00%,1,1,100.00%,0,0.00%,1,0,$0.00,1,0.00%,0,0,$0.00,0,0.00%,0,0,0,$0.00,$0.00,$0.00,$0.00,$0.00,$0.00,$0.00,$0.00,$0.00,$0.00,0.00%,0,0.00%,$0.00,0.00%,0,0.00%,$0.00,0.00%,0,0.00%,$0.00,0.00%,0,0.00%,$0.00,0.00%,$0.00,$0.20,$0.00,$0.00,$0.00,$0.00,0.00%,$0.00,0.00%,$0.00,0.00%,$0.20,0.00%,$-0.20,0.00%
"46 - zCLOSED_RM_46_QUANT_CBSL_SpecifiConLLC_2886_25K",1,"Ford Mustang Electric Bike Blue","DP1 V3",Mastercard,Sunday,524038,1,1,100.00%,0,0.00%,1,1,100.00%,0,0.00%,1,0,$0.00,1,0.00%,0,0,$0.00,0,0.00%,0,0,0,$0.00,$0.00,$0.00,$0.00,$0.00,$0.00,$0.00,$0.00,$0.00,$0.00,0.00%,0,0.00%,$0.00,0.00%,0,0.00%,$0.00,0.00%,0,0.00%,$0.00,0.00%,0,0.00%,$0.00,0.00%,$0.00,$0.20,$0.00,$0.00,$0.00,$0.00,0.00%,$0.00,0.00%,$0.00,0.00%,$0.20,0.00%,$-0.20,0.00%
"46 - zCLOSED_RM_46_QUANT_CBSL_SpecifiConLLC_2886_25K",1,"Ford Mustang Electric Bike Blue","DP1 V3",Mastercard,Sunday,542217,1,1,100.00%,0,0.00%,1,1,100.00%,0,0.00%,1,0,$0.00,1,0.00%,0,0,$0.00,0,0.00%,0,0,0,$0.00,$0.00,$0.00,$0.00,$0.00,$0.00,$0.00,$0.00,$0.00,$0.00,0.00%,0,0.00%,$0.00,0.00%,0,0.00%,$0.00,0.00%,0,0.00%,$0.00,0.00%,0,0.00%,$0.00,0.00%,$0.00,$0.20,$0.00,$0.00,$0.00,$0.00,0.00%,$0.00,0.00%,$0.00,0.00%,$0.20,0.00%,$-0.20,0.00%
"46 - zCLOSED_RM_46_QUANT_CBSL_SpecifiConLLC_2886_25K",1,"Ford Mustang Electric Bike Yellow","DP1 V3",Visa,Sunday,426684,1,1,100.00%,0,0.00%,1,1,100.00%,0,0.00%,1,0,$0.00,1,0.00%,0,0,$0.00,0,0.00%,0,0,0,$0.00,$0.00,$0.00,$0.00,$0.00,$0.00,$0.00,$0.00,$0.00,$0.00,0.00%,0,0.00%,$0.00,0.00%,0,0.00%,$0.00,0.00%,0,0.00%,$0.00,0.00%,0,0.00%,$0.00,0.00%,$0.00,$0.20,$0.00,$0.00,$0.00,$0.00,0.00%,$0.00,0.00%,$0.00,0.00%,$0.20,0.00%,$-0.20,0.00%
"46 - zCLOSED_RM_46_QUANT_CBSL_SpecifiConLLC_2886_25K",1,"Ford Mustang Electric Bike Yellow","DP1 V3",Visa,Sunday,449163,1,0,0.00%,1,100.00%,1,0,0.00%,1,100.00%,1,1,$12.89,0,100.00%,0,0,$0.00,0,0.00%,1,1,1,$12.89,$0.00,$0.00,$12.89,$0.00,$0.00,$12.89,$0.00,$12.89,$12.89,100.00%,1,100.00%,$12.89,100.00%,0,0.00%,$0.00,0.00%,0,0.00%,$0.00,0.00%,0,0.00%,$0.00,0.00%,$0.00,$0.84,$0.00,$0.00,$0.00,$0.00,0.00%,$0.00,0.00%,$0.00,0.00%,$0.84,6.52%,$-0.84,-6.52%
"46 - zCLOSED_RM_46_QUANT_CBSL_SpecifiConLLC_2886_25K",1,"Omaha Steaks Meat Box","DP1 V3",Mastercard,Sunday,546316,1,0,0.00%,1,100.00%,1,0,0.00%,1,100.00%,1,1,$12.89,0,100.00%,0,0,$0.00,0,0.00%,1,1,1,$12.89,$0.00,$0.00,$12.89,$0.00,$0.00,$12.89,$0.00,$12.89,$12.89,100.00%,0,0.00%,$0.00,0.00%,0,0.00%,$0.00,0.00%,0,0.00%,$0.00,0.00%,1,100.00%,$12.89,100.00%,$0.00,$0.84,$0.00,$0.00,$0.00,$0.00,0.00%,$0.00,0.00%,$0.00,0.00%,$0.84,6.52%,$-0.84,-6.52%
"46 - zCLOSED_RM_46_QUANT_CBSL_SpecifiConLLC_2886_25K",1,"Omaha Steaks Meat Box","DP1 V3",Visa,Sunday,430020,1,0,0.00%,1,100.00%,1,0,0.00%,1,100.00%,1,1,$12.89,0,100.00%,0,0,$0.00,0,0.00%,1,1,1,$12.89,$0.00,$0.00,$12.89,$0.00,$0.00,$12.89,$0.00,$12.89,$0.00,0.00%,0,0.00%,$0.00,0.00%,0,0.00%,$0.00,0.00%,0,0.00%,$0.00,0.00%,0,0.00%,$0.00,0.00%,$12.89,$0.84,$0.00,$0.00,$0.00,$0.00,0.00%,$0.00,0.00%,$0.00,0.00%,$0.84,6.52%,$12.05,93.48%
"46 - zCLOSED_RM_46_QUANT_CBSL_SpecifiConLLC_2886_25K",1,"Omaha Steaks Meat Box","DP1 V3",Visa,Sunday,457431,1,1,100.00%,0,0.00%,1,1,100.00%,0,0.00%,1,0,$0.00,1,0.00%,0,0,$0.00,0,0.00%,0,0,0,$0.00,$0.00,$0.00,$0.00,$0.00,$0.00,$0.00,$0.00,$0.00,$0.00,0.00%,0,0.00%,$0.00,0.00%,0,0.00%,$0.00,0.00%,0,0.00%,$0.00,0.00%,0,0.00%,$0.00,0.00%,$0.00,$0.20,$0.00,$0.00,$0.00,$0.00,0.00%,$0.00,0.00%,$0.00,0.00%,$0.20,0.00%,$-0.20,0.00%
"47 - zCLOSED_RM_47_QUANT_CBSL_SpecifiConLLC_2902_25K",1,"5 Domestic flights","DP1 V3",Mastercard,Sunday,532802,1,0,0.00%,1,100.00%,1,0,0.00%,1,100.00%,1,1,$12.89,0,100.00%,0,0,$0.00,0,0.00%,1,1,1,$12.89,$0.00,$0.00,$12.89,$0.00,$0.00,$12.89,$0.00,$12.89,$0.00,0.00%,0,0.00%,$0.00,0.00%,0,0.00%,$0.00,0.00%,0,0.00%,$0.00,0.00%,0,0.00%,$0.00,0.00%,$12.89,$0.84,$0.00,$0.00,$0.00,$0.00,0.00%,$0.00,0.00%,$0.00,0.00%,$0.84,6.52%,$12.05,93.48%
"47 - zCLOSED_RM_47_QUANT_CBSL_SpecifiConLLC_2902_25K",1,"5 Domestic flights","DP1 V3",Mastercard,Sunday,534774,1,0,0.00%,1,100.00%,1,0,0.00%,1,100.00%,1,1,$12.89,0,100.00%,0,0,$0.00,0,0.00%,1,1,1,$12.89,$0.00,$0.00,$12.89,$0.00,$0.00,$12.89,$0.00,$12.89,$0.00,0.00%,0,0.00%,$0.00,0.00%,0,0.00%,$0.00,0.00%,0,0.00%,$0.00,0.00%,0,0.00%,$0.00,0.00%,$12.89,$0.84,$0.00,$0.00,$0.00,$0.00,0.00%,$0.00,0.00%,$0.00,0.00%,$0.84,6.52%,$12.05,93.48%
"47 - zCLOSED_RM_47_QUANT_CBSL_SpecifiConLLC_2902_25K",1,"5 Domestic flights","DP1 V3",Mastercard,Sunday,545958,1,0,0.00%,1,100.00%,1,0,0.00%,1,100.00%,1,1,$12.89,0,100.00%,0,0,$0.00,0,0.00%,1,1,1,$12.89,$0.00,$0.00,$12.89,$0.00,$0.00,$12.89,$0.00,$12.89,$0.00,0.00%,0,0.00%,$0.00,0.00%,0,0.00%,$0.00,0.00%,0,0.00%,$0.00,0.00%,0,0.00%,$0.00,0.00%,$12.89,$0.84,$0.00,$0.00,$0.00,$0.00,0.00%,$0.00,0.00%,$0.00,0.00%,$0.84,6.52%,$12.05,93.48%
"47 - zCLOSED_RM_47_QUANT_CBSL_SpecifiConLLC_2902_25K",1,"Ford Mustang Electric Bike Yellow","DP1 V3",Visa,Sunday,413900,1,0,0.00%,1,100.00%,1,0,0.00%,1,100.00%,1,1,$12.89,0,100.00%,0,0,$0.00,0,0.00%,1,1,1,$12.89,$0.00,$0.00,$12.89,$0.00,$0.00,$12.89,$0.00,$12.89,$0.00,0.00%,0,0.00%,$0.00,0.00%,0,0.00%,$0.00,0.00%,0,0.00%,$0.00,0.00%,0,0.00%,$0.00,0.00%,$12.89,$0.84,$0.00,$0.00,$0.00,$0.00,0.00%,$0.00,0.00%,$0.00,0.00%,$0.84,6.52%,$12.05,93.48%
"47 - zCLOSED_RM_47_QUANT_CBSL_SpecifiConLLC_2902_25K",1,"Milwaukee - Armourtred S7S High-Cut Boots","DP1 V3",Mastercard,Sunday,533346,1,1,100.00%,0,0.00%,1,1,100.00%,0,0.00%,1,0,$0.00,1,0.00%,0,0,$0.00,0,0.00%,0,0,0,$0.00,$0.00,$0.00,$0.00,$0.00,$0.00,$0.00,$0.00,$0.00,$0.00,0.00%,0,0.00%,$0.00,0.00%,0,0.00%,$0.00,0.00%,0,0.00%,$0.00,0.00%,0,0.00%,$0.00,0.00%,$0.00,$0.20,$0.00,$0.00,$0.00,$0.00,0.00%,$0.00,0.00%,$0.00,0.00%,$0.20,0.00%,$-0.20,0.00%
"47 - zCLOSED_RM_47_QUANT_CBSL_SpecifiConLLC_2902_25K",1,"Omaha Steaks Meat Box","DP1 V3",Visa,Sunday,481176,1,1,100.00%,0,0.00%,1,1,100.00%,0,0.00%,1,0,$0.00,1,0.00%,0,0,$0.00,0,0.00%,0,0,0,$0.00,$0.00,$0.00,$0.00,$0.00,$0.00,$0.00,$0.00,$0.00,$0.00,0.00%,0,0.00%,$0.00,0.00%,0,0.00%,$0.00,0.00%,0,0.00%,$0.00,0.00%,0,0.00%,$0.00,0.00%,$0.00,$0.20,$0.00,$0.00,$0.00,$0.00,0.00%,$0.00,0.00%,$0.00,0.00%,$0.20,0.00%,$-0.20,0.00%
"48 - RM_48_PAYARC_EVO_PrimeSmartSolutionsLLC_0345_65K",1,"Ford Mustang Electric Bike Blue","DP1 V3",Mastercard,Sunday,542418,1,0,0.00%,1,100.00%,1,0,0.00%,1,100.00%,1,1,$12.89,0,100.00%,0,0,$0.00,0,0.00%,1,1,1,$12.89,$0.00,$0.00,$12.89,$0.00,$0.00,$12.89,$0.00,$12.89,$12.89,100.00%,0,0.00%,$0.00,0.00%,0,0.00%,$0.00,0.00%,0,0.00%,$0.00,0.00%,1,100.00%,$12.89,100.00%,$0.00,$0.84,$0.00,$0.00,$0.00,$0.00,0.00%,$0.00,0.00%,$0.00,0.00%,$0.84,6.52%,$-0.84,-6.52%
"48 - RM_48_PAYARC_EVO_PrimeSmartSolutionsLLC_0345_65K",1,"Ford Mustang Electric Bike Blue","DP1 V3",Visa,Sunday,411878,1,0,0.00%,1,100.00%,1,0,0.00%,1,100.00%,1,1,$12.89,0,100.00%,0,0,$0.00,0,0.00%,1,1,1,$12.89,$0.00,$0.00,$12.89,$0.00,$0.00,$12.89,$0.00,$12.89,$0.00,0.00%,0,0.00%,$0.00,0.00%,0,0.00%,$0.00,0.00%,0,0.00%,$0.00,0.00%,0,0.00%,$0.00,0.00%,$12.89,$0.84,$0.00,$0.00,$0.00,$0.00,0.00%,$0.00,0.00%,$0.00,0.00%,$0.84,6.52%,$12.05,93.48%
"48 - RM_48_PAYARC_EVO_PrimeSmartSolutionsLLC_0345_65K",1,"Ford Mustang Electric Bike Blue","DP1 V3",Visa,Sunday,445256,1,1,100.00%,0,0.00%,1,1,100.00%,0,0.00%,1,0,$0.00,1,0.00%,0,0,$0.00,0,0.00%,0,0,0,$0.00,$0.00,$0.00,$0.00,$0.00,$0.00,$0.00,$0.00,$0.00,$0.00,0.00%,0,0.00%,$0.00,0.00%,0,0.00%,$0.00,0.00%,0,0.00%,$0.00,0.00%,0,0.00%,$0.00,0.00%,$0.00,$0.20,$0.00,$0.00,$0.00,$0.00,0.00%,$0.00,0.00%,$0.00,0.00%,$0.20,0.00%,$-0.20,0.00%
"48 - RM_48_PAYARC_EVO_PrimeSmartSolutionsLLC_0345_65K",1,"Ford Mustang Electric Bike Blue","DP1 V3",Visa,Sunday,498503,1,1,100.00%,0,0.00%,1,1,100.00%,0,0.00%,1,0,$0.00,1,0.00%,0,0,$0.00,0,0.00%,0,0,0,$0.00,$0.00,$0.00,$0.00,$0.00,$0.00,$0.00,$0.00,$0.00,$0.00,0.00%,0,0.00%,$0.00,0.00%,0,0.00%,$0.00,0.00%,0,0.00%,$0.00,0.00%,0,0.00%,$0.00,0.00%,$0.00,$0.20,$0.00,$0.00,$0.00,$0.00,0.00%,$0.00,0.00%,$0.00,0.00%,$0.20,0.00%,$-0.20,0.00%
"48 - RM_48_PAYARC_EVO_PrimeSmartSolutionsLLC_0345_65K",1,"Ford Mustang Electric Bike Yellow","DP1 V3",Visa,Sunday,436618,1,1,100.00%,0,0.00%,1,1,100.00%,0,0.00%,1,0,$0.00,1,0.00%,0,0,$0.00,0,0.00%,0,0,0,$0.00,$0.00,$0.00,$0.00,$0.00,$0.00,$0.00,$0.00,$0.00,$0.00,0.00%,0,0.00%,$0.00,0.00%,0,0.00%,$0.00,0.00%,0,0.00%,$0.00,0.00%,0,0.00%,$0.00,0.00%,$0.00,$0.20,$0.00,$0.00,$0.00,$0.00,0.00%,$0.00,0.00%,$0.00,0.00%,$0.20,0.00%,$-0.20,0.00%
"48 - RM_48_PAYARC_EVO_PrimeSmartSolutionsLLC_0345_65K",1,"Ford Mustang Electric Bike Yellow","DP1 V3",Visa,Sunday,472719,1,0,0.00%,1,100.00%,1,0,0.00%,1,100.00%,1,1,$12.89,0,100.00%,0,0,$0.00,0,0.00%,1,1,1,$12.89,$0.00,$0.00,$12.89,$0.00,$0.00,$12.89,$0.00,$12.89,$0.00,0.00%,0,0.00%,$0.00,0.00%,0,0.00%,$0.00,0.00%,0,0.00%,$0.00,0.00%,0,0.00%,$0.00,0.00%,$12.89,$0.84,$0.00,$0.00,$0.00,$0.00,0.00%,$0.00,0.00%,$0.00,0.00%,$0.84,6.52%,$12.05,93.48%
"48 - RM_48_PAYARC_EVO_PrimeSmartSolutionsLLC_0345_65K",1,"Milwaukee - Armourtred S7S High-Cut Boots","DP1 V3",Mastercard,Sunday,539689,1,0,0.00%,1,100.00%,1,0,0.00%,1,100.00%,1,1,$12.89,0,100.00%,0,0,$0.00,0,0.00%,1,1,1,$12.89,$0.00,$0.00,$12.89,$0.00,$0.00,$12.89,$0.00,$12.89,$0.00,0.00%,0,0.00%,$0.00,0.00%,0,0.00%,$0.00,0.00%,0,0.00%,$0.00,0.00%,0,0.00%,$0.00,0.00%,$12.89,$0.84,$0.00,$0.00,$0.00,$0.00,0.00%,$0.00,0.00%,$0.00,0.00%,$0.84,6.52%,$12.05,93.48%
"48 - RM_48_PAYARC_EVO_PrimeSmartSolutionsLLC_0345_65K",1,"Milwaukee - Armourtred S7S High-Cut Boots","DP1 V3",Visa,Sunday,400344,1,1,100.00%,0,0.00%,1,1,100.00%,0,0.00%,1,0,$0.00,1,0.00%,0,0,$0.00,0,0.00%,0,0,0,$0.00,$0.00,$0.00,$0.00,$0.00,$0.00,$0.00,$0.00,$0.00,$0.00,0.00%,0,0.00%,$0.00,0.00%,0,0.00%,$0.00,0.00%,0,0.00%,$0.00,0.00%,0,0.00%,$0.00,0.00%,$0.00,$0.20,$0.00,$0.00,$0.00,$0.00,0.00%,$0.00,0.00%,$0.00,0.00%,$0.20,0.00%,$-0.20,0.00%
"48 - RM_48_PAYARC_EVO_PrimeSmartSolutionsLLC_0345_65K",1,"Stetson Cowboy Hat (White)","DP1 V3",Visa,Sunday,410836,1,1,100.00%,0,0.00%,1,1,100.00%,0,0.00%,1,0,$0.00,1,0.00%,0,0,$0.00,0,0.00%,0,0,0,$0.00,$0.00,$0.00,$0.00,$0.00,$0.00,$0.00,$0.00,$0.00,$0.00,0.00%,0,0.00%,$0.00,0.00%,0,0.00%,$0.00,0.00%,0,0.00%,$0.00,0.00%,0,0.00%,$0.00,0.00%,$0.00,$0.20,$0.00,$0.00,$0.00,$0.00,0.00%,$0.00,0.00%,$0.00,0.00%,$0.20,0.00%,$-0.20,0.00%
"48 - RM_48_PAYARC_EVO_PrimeSmartSolutionsLLC_0345_65K",1,"Stetson Cowboy Hat (White)","DP1 V3",Visa,Sunday,434256,1,1,100.00%,0,0.00%,1,1,100.00%,0,0.00%,1,0,$0.00,1,0.00%,0,0,$0.00,0,0.00%,0,0,0,$0.00,$0.00,$0.00,$0.00,$0.00,$0.00,$0.00,$0.00,$0.00,$0.00,0.00%,0,0.00%,$0.00,0.00%,0,0.00%,$0.00,0.00%,0,0.00%,$0.00,0.00%,0,0.00%,$0.00,0.00%,$0.00,$0.20,$0.00,$0.00,$0.00,$0.00,0.00%,$0.00,0.00%,$0.00,0.00%,$0.20,0.00%,$-0.20,0.00%
"48 - RM_48_PAYARC_EVO_PrimeSmartSolutionsLLC_0345_65K",1,"TaylorMade GT Spider Golf Putter","DP1 V3",Visa,Sunday,438854,1,1,100.00%,0,0.00%,1,1,100.00%,0,0.00%,1,0,$0.00,1,0.00%,0,0,$0.00,0,0.00%,0,0,0,$0.00,$0.00,$0.00,$0.00,$0.00,$0.00,$0.00,$0.00,$0.00,$0.00,0.00%,0,0.00%,$0.00,0.00%,0,0.00%,$0.00,0.00%,0,0.00%,$0.00,0.00%,0,0.00%,$0.00,0.00%,$0.00,$0.20,$0.00,$0.00,$0.00,$0.00,0.00%,$0.00,0.00%,$0.00,0.00%,$0.20,0.00%,$-0.20,0.00%
"49 - NR1_RM_49_PAYARC_EVO_PrimeSmartSolutionsLLC_0352_65K",1,"5 Domestic flights","DP1 V3",Mastercard,Sunday,523064,1,0,0.00%,1,100.00%,1,0,0.00%,1,100.00%,1,1,$12.89,0,100.00%,0,0,$0.00,0,0.00%,1,1,1,$12.89,$0.00,$0.00,$12.89,$0.00,$0.00,$12.89,$0.00,$12.89,$0.00,0.00%,0,0.00%,$0.00,0.00%,0,0.00%,$0.00,0.00%,0,0.00%,$0.00,0.00%,0,0.00%,$0.00,0.00%,$12.89,$0.84,$0.00,$0.00,$0.00,$0.00,0.00%,$0.00,0.00%,$0.00,0.00%,$0.84,6.52%,$12.05,93.48%
"49 - NR1_RM_49_PAYARC_EVO_PrimeSmartSolutionsLLC_0352_65K",1,"Dodge Tailgate Bundle","DP1 V3",Visa,Sunday,473901,1,0,0.00%,1,100.00%,1,0,0.00%,1,100.00%,1,1,$12.89,0,100.00%,0,0,$0.00,0,0.00%,1,1,1,$12.89,$0.00,$0.00,$12.89,$0.00,$0.00,$12.89,$0.00,$12.89,$0.00,0.00%,0,0.00%,$0.00,0.00%,0,0.00%,$0.00,0.00%,0,0.00%,$0.00,0.00%,0,0.00%,$0.00,0.00%,$12.89,$0.84,$0.00,$0.00,$0.00,$0.00,0.00%,$0.00,0.00%,$0.00,0.00%,$0.84,6.52%,$12.05,93.48%
"49 - NR1_RM_49_PAYARC_EVO_PrimeSmartSolutionsLLC_0352_65K",1,"Ford Mustang Electric Bike Blue","DP1 V3",Mastercard,Sunday,515657,1,0,0.00%,1,100.00%,1,0,0.00%,1,100.00%,1,1,$12.89,0,100.00%,0,0,$0.00,0,0.00%,1,1,1,$12.89,$0.00,$0.00,$12.89,$0.00,$0.00,$12.89,$0.00,$12.89,$0.00,0.00%,0,0.00%,$0.00,0.00%,0,0.00%,$0.00,0.00%,0,0.00%,$0.00,0.00%,0,0.00%,$0.00,0.00%,$12.89,$0.84,$0.00,$0.00,$0.00,$0.00,0.00%,$0.00,0.00%,$0.00,0.00%,$0.84,6.52%,$12.05,93.48%
"49 - NR1_RM_49_PAYARC_EVO_PrimeSmartSolutionsLLC_0352_65K",1,"Ford Mustang Electric Bike Blue","DP1 V3",Mastercard,Sunday,517546,1,0,0.00%,1,100.00%,1,0,0.00%,1,100.00%,1,1,$12.89,0,100.00%,0,0,$0.00,0,0.00%,1,1,1,$12.89,$0.00,$0.00,$12.89,$0.00,$0.00,$12.89,$0.00,$12.89,$12.89,100.00%,0,0.00%,$0.00,0.00%,0,0.00%,$0.00,0.00%,0,0.00%,$0.00,0.00%,1,100.00%,$12.89,100.00%,$0.00,$0.84,$0.00,$0.00,$0.00,$0.00,0.00%,$0.00,0.00%,$0.00,0.00%,$0.84,6.52%,$-0.84,-6.52%
"49 - NR1_RM_49_PAYARC_EVO_PrimeSmartSolutionsLLC_0352_65K",1,"Ford Mustang Electric Bike Blue","DP1 V3",Visa,Sunday,444796,1,0,0.00%,1,100.00%,1,0,0.00%,1,100.00%,1,1,$12.89,0,100.00%,0,0,$0.00,0,0.00%,1,1,1,$12.89,$0.00,$0.00,$12.89,$0.00,$0.00,$12.89,$0.00,$12.89,$0.00,0.00%,0,0.00%,$0.00,0.00%,0,0.00%,$0.00,0.00%,0,0.00%,$0.00,0.00%,0,0.00%,$0.00,0.00%,$12.89,$0.84,$0.00,$0.00,$0.00,$0.00,0.00%,$0.00,0.00%,$0.00,0.00%,$0.84,6.52%,$12.05,93.48%
"49 - NR1_RM_49_PAYARC_EVO_PrimeSmartSolutionsLLC_0352_65K",1,"Ford Mustang Electric Bike Blue","DP1 V3",Visa,Sunday,477856,1,1,100.00%,0,0.00%,1,1,100.00%,0,0.00%,1,0,$0.00,1,0.00%,0,0,$0.00,0,0.00%,0,0,0,$0.00,$0.00,$0.00,$0.00,$0.00,$0.00,$0.00,$0.00,$0.00,$0.00,0.00%,0,0.00%,$0.00,0.00%,0,0.00%,$0.00,0.00%,0,0.00%,$0.00,0.00%,0,0.00%,$0.00,0.00%,$0.00,$0.20,$0.00,$0.00,$0.00,$0.00,0.00%,$0.00,0.00%,$0.00,0.00%,$0.20,0.00%,$-0.20,0.00%
"49 - NR1_RM_49_PAYARC_EVO_PrimeSmartSolutionsLLC_0352_65K",1,"Ford Mustang Electric Bike Yellow","DP1 V3",Mastercard,Sunday,514377,1,0,0.00%,1,100.00%,1,0,0.00%,1,100.00%,1,1,$12.89,0,100.00%,0,0,$0.00,0,0.00%,1,1,1,$12.89,$0.00,$0.00,$12.89,$0.00,$0.00,$12.89,$0.00,$12.89,$0.00,0.00%,0,0.00%,$0.00,0.00%,0,0.00%,$0.00,0.00%,0,0.00%,$0.00,0.00%,0,0.00%,$0.00,0.00%,$12.89,$0.84,$0.00,$0.00,$0.00,$0.00,0.00%,$0.00,0.00%,$0.00,0.00%,$0.84,6.52%,$12.05,93.48%
"49 - NR1_RM_49_PAYARC_EVO_PrimeSmartSolutionsLLC_0352_65K",1,"Ford Mustang Electric Bike Yellow","DP1 V3",Mastercard,Sunday,544930,1,0,0.00%,1,100.00%,1,0,0.00%,1,100.00%,1,1,$12.89,0,100.00%,0,0,$0.00,0,0.00%,1,1,1,$12.89,$0.00,$0.00,$12.89,$0.00,$0.00,$12.89,$0.00,$12.89,$0.00,0.00%,0,0.00%,$0.00,0.00%,0,0.00%,$0.00,0.00%,0,0.00%,$0.00,0.00%,0,0.00%,$0.00,0.00%,$12.89,$0.84,$0.00,$0.00,$0.00,$0.00,0.00%,$0.00,0.00%,$0.00,0.00%,$0.84,6.52%,$12.05,93.48%
"49 - NR1_RM_49_PAYARC_EVO_PrimeSmartSolutionsLLC_0352_65K",1,"Ford Mustang Electric Bike Yellow","DP1 V3",Visa,Sunday,464744,1,0,0.00%,1,100.00%,1,0,0.00%,1,100.00%,1,1,$12.89,0,100.00%,0,0,$0.00,0,0.00%,1,1,1,$12.89,$0.00,$0.00,$12.89,$0.00,$0.00,$12.89,$0.00,$12.89,$0.00,0.00%,0,0.00%,$0.00,0.00%,0,0.00%,$0.00,0.00%,0,0.00%,$0.00,0.00%,0,0.00%,$0.00,0.00%,$12.89,$0.84,$0.00,$0.00,$0.00,$0.00,0.00%,$0.00,0.00%,$0.00,0.00%,$0.84,6.52%,$12.05,93.48%
"49 - NR1_RM_49_PAYARC_EVO_PrimeSmartSolutionsLLC_0352_65K",1,"Ford Mustang Electric Bike Yellow","DP1 V3",Visa,Sunday,484493,1,0,0.00%,1,100.00%,1,0,0.00%,1,100.00%,1,1,$12.89,0,100.00%,0,0,$0.00,0,0.00%,1,1,1,$12.89,$0.00,$0.00,$12.89,$0.00,$0.00,$12.89,$0.00,$12.89,$0.00,0.00%,0,0.00%,$0.00,0.00%,0,0.00%,$0.00,0.00%,0,0.00%,$0.00,0.00%,0,0.00%,$0.00,0.00%,$12.89,$0.84,$0.00,$0.00,$0.00,$0.00,0.00%,$0.00,0.00%,$0.00,0.00%,$0.84,6.52%,$12.05,93.48%
"49 - NR1_RM_49_PAYARC_EVO_PrimeSmartSolutionsLLC_0352_65K",1,"Garmin - ECHOMAP Fish Finder","DP1 V3",Visa,Sunday,419002,1,1,100.00%,0,0.00%,1,1,100.00%,0,0.00%,1,0,$0.00,1,0.00%,0,0,$0.00,0,0.00%,0,0,0,$0.00,$0.00,$0.00,$0.00,$0.00,$0.00,$0.00,$0.00,$0.00,$0.00,0.00%,0,0.00%,$0.00,0.00%,0,0.00%,$0.00,0.00%,0,0.00%,$0.00,0.00%,0,0.00%,$0.00,0.00%,$0.00,$0.20,$0.00,$0.00,$0.00,$0.00,0.00%,$0.00,0.00%,$0.00,0.00%,$0.20,0.00%,$-0.20,0.00%
"49 - NR1_RM_49_PAYARC_EVO_PrimeSmartSolutionsLLC_0352_65K",1,"Milwaukee - Armourtred S7S High-Cut Boots","DP1 V3",Mastercard,Sunday,528217,1,0,0.00%,1,100.00%,1,0,0.00%,1,100.00%,1,1,$12.89,0,100.00%,0,0,$0.00,0,0.00%,1,1,1,$12.89,$0.00,$0.00,$12.89,$0.00,$0.00,$12.89,$0.00,$12.89,$0.00,0.00%,0,0.00%,$0.00,0.00%,0,0.00%,$0.00,0.00%,0,0.00%,$0.00,0.00%,0,0.00%,$0.00,0.00%,$12.89,$0.84,$0.00,$0.00,$0.00,$0.00,0.00%,$0.00,0.00%,$0.00,0.00%,$0.84,6.52%,$12.05,93.48%
"49 - NR1_RM_49_PAYARC_EVO_PrimeSmartSolutionsLLC_0352_65K",1,"Omaha Steaks Meat Box","DP1 V3",Visa,Sunday,435214,1,0,0.00%,1,100.00%,1,0,0.00%,1,100.00%,1,1,$12.89,0,100.00%,0,0,$0.00,0,0.00%,1,1,1,$12.89,$0.00,$0.00,$12.89,$0.00,$0.00,$12.89,$0.00,$12.89,$12.89,100.00%,0,0.00%,$0.00,0.00%,0,0.00%,$0.00,0.00%,0,0.00%,$0.00,0.00%,1,100.00%,$12.89,100.00%,$0.00,$0.84,$0.00,$0.00,$0.00,$0.00,0.00%,$0.00,0.00%,$0.00,0.00%,$0.84,6.52%,$-0.84,-6.52%
"49 - NR1_RM_49_PAYARC_EVO_PrimeSmartSolutionsLLC_0352_65K",1,"Omaha Steaks Meat Box","DP1 V3",Visa,Sunday,466309,1,1,100.00%,0,0.00%,1,1,100.00%,0,0.00%,1,0,$0.00,1,0.00%,0,0,$0.00,0,0.00%,0,0,0,$0.00,$0.00,$0.00,$0.00,$0.00,$0.00,$0.00,$0.00,$0.00,$0.00,0.00%,0,0.00%,$0.00,0.00%,0,0.00%,$0.00,0.00%,0,0.00%,$0.00,0.00%,0,0.00%,$0.00,0.00%,$0.00,$0.20,$0.00,$0.00,$0.00,$0.00,0.00%,$0.00,0.00%,$0.00,0.00%,$0.20,0.00%,$-0.20,0.00%
"49 - NR1_RM_49_PAYARC_EVO_PrimeSmartSolutionsLLC_0352_65K",1,"TaylorMade GT Spider Golf Putter","DP1 V3",Mastercard,Sunday,515676,1,1,100.00%,0,0.00%,1,1,100.00%,0,0.00%,1,0,$0.00,1,0.00%,0,0,$0.00,0,0.00%,0,0,0,$0.00,$0.00,$0.00,$0.00,$0.00,$0.00,$0.00,$0.00,$0.00,$0.00,0.00%,0,0.00%,$0.00,0.00%,0,0.00%,$0.00,0.00%,0,0.00%,$0.00,0.00%,0,0.00%,$0.00,0.00%,$0.00,$0.20,$0.00,$0.00,$0.00,$0.00,0.00%,$0.00,0.00%,$0.00,0.00%,$0.20,0.00%,$-0.20,0.00%
"5 - zCLOSED_RM_5_NET_ESQ_SpecifiConLLC_8918_45K",1,"5 Domestic flights","DP1 V3",Visa,Sunday,443051,1,0,0.00%,1,100.00%,1,0,0.00%,1,100.00%,1,1,$12.89,0,100.00%,0,0,$0.00,0,0.00%,1,1,1,$12.89,$0.00,$0.00,$12.89,$0.00,$0.00,$12.89,$0.00,$12.89,$0.00,0.00%,0,0.00%,$0.00,0.00%,0,0.00%,$0.00,0.00%,0,0.00%,$0.00,0.00%,0,0.00%,$0.00,0.00%,$12.89,$0.84,$0.00,$0.00,$0.00,$0.00,0.00%,$0.00,0.00%,$0.00,0.00%,$0.84,6.52%,$12.05,93.48%
"5 - zCLOSED_RM_5_NET_ESQ_SpecifiConLLC_8918_45K",1,"Ford Mustang Electric Bike Blue","DP1 V3",Mastercard,Sunday,511590,1,0,0.00%,1,100.00%,1,0,0.00%,1,100.00%,1,1,$12.89,0,100.00%,0,0,$0.00,0,0.00%,1,1,1,$12.89,$0.00,$0.00,$12.89,$0.00,$0.00,$12.89,$0.00,$12.89,$0.00,0.00%,0,0.00%,$0.00,0.00%,0,0.00%,$0.00,0.00%,0,0.00%,$0.00,0.00%,0,0.00%,$0.00,0.00%,$12.89,$0.84,$0.00,$0.00,$0.00,$0.00,0.00%,$0.00,0.00%,$0.00,0.00%,$0.84,6.52%,$12.05,93.48%
"5 - zCLOSED_RM_5_NET_ESQ_SpecifiConLLC_8918_45K",1,"Ford Mustang Electric Bike Blue","DP1 V3",Mastercard,Sunday,525362,1,0,0.00%,1,100.00%,1,0,0.00%,1,100.00%,1,1,$12.89,0,100.00%,0,0,$0.00,0,0.00%,1,1,1,$12.89,$0.00,$0.00,$12.89,$0.00,$0.00,$12.89,$0.00,$12.89,$0.00,0.00%,0,0.00%,$0.00,0.00%,0,0.00%,$0.00,0.00%,0,0.00%,$0.00,0.00%,0,0.00%,$0.00,0.00%,$12.89,$0.84,$0.00,$0.00,$0.00,$0.00,0.00%,$0.00,0.00%,$0.00,0.00%,$0.84,6.52%,$12.05,93.48%
"5 - zCLOSED_RM_5_NET_ESQ_SpecifiConLLC_8918_45K",1,"Ford Mustang Electric Bike Blue","DP1 V3",Visa,Sunday,414109,1,1,100.00%,0,0.00%,1,1,100.00%,0,0.00%,1,0,$0.00,1,0.00%,0,0,$0.00,0,0.00%,0,0,0,$0.00,$0.00,$0.00,$0.00,$0.00,$0.00,$0.00,$0.00,$0.00,$0.00,0.00%,0,0.00%,$0.00,0.00%,0,0.00%,$0.00,0.00%,0,0.00%,$0.00,0.00%,0,0.00%,$0.00,0.00%,$0.00,$0.20,$0.00,$0.00,$0.00,$0.00,0.00%,$0.00,0.00%,$0.00,0.00%,$0.20,0.00%,$-0.20,0.00%
"5 - zCLOSED_RM_5_NET_ESQ_SpecifiConLLC_8918_45K",1,"Ford Mustang Electric Bike Yellow","DP1 V3",Visa,Sunday,400876,1,0,0.00%,1,100.00%,1,0,0.00%,1,100.00%,1,1,$12.89,0,100.00%,0,0,$0.00,0,0.00%,1,1,1,$12.89,$0.00,$0.00,$12.89,$0.00,$0.00,$12.89,$0.00,$12.89,$0.00,0.00%,0,0.00%,$0.00,0.00%,0,0.00%,$0.00,0.00%,0,0.00%,$0.00,0.00%,0,0.00%,$0.00,0.00%,$12.89,$0.84,$0.00,$0.00,$0.00,$0.00,0.00%,$0.00,0.00%,$0.00,0.00%,$0.84,6.52%,$12.05,93.48%
"5 - zCLOSED_RM_5_NET_ESQ_SpecifiConLLC_8918_45K",1,"Milwaukee - Armourtred S7S High-Cut Boots","DP1 V3",Visa,Sunday,405376,1,0,0.00%,1,100.00%,1,0,0.00%,1,100.00%,1,1,$12.89,0,100.00%,0,0,$0.00,0,0.00%,1,1,1,$12.89,$0.00,$0.00,$12.89,$0.00,$0.00,$12.89,$0.00,$12.89,$0.00,0.00%,0,0.00%,$0.00,0.00%,0,0.00%,$0.00,0.00%,0,0.00%,$0.00,0.00%,0,0.00%,$0.00,0.00%,$12.89,$0.84,$0.00,$0.00,$0.00,$0.00,0.00%,$0.00,0.00%,$0.00,0.00%,$0.84,6.52%,$12.05,93.48%
"5 - zCLOSED_RM_5_NET_ESQ_SpecifiConLLC_8918_45K",1,"Milwaukee - Armourtred S7S High-Cut Boots","DP1 V3",Visa,Sunday,481583,1,0,0.00%,1,100.00%,1,0,0.00%,1,100.00%,1,1,$12.89,0,100.00%,0,0,$0.00,0,0.00%,1,1,1,$12.89,$0.00,$0.00,$12.89,$0.00,$0.00,$12.89,$0.00,$12.89,$0.00,0.00%,0,0.00%,$0.00,0.00%,0,0.00%,$0.00,0.00%,0,0.00%,$0.00,0.00%,0,0.00%,$0.00,0.00%,$12.89,$0.84,$0.00,$0.00,$0.00,$0.00,0.00%,$0.00,0.00%,$0.00,0.00%,$0.84,6.52%,$12.05,93.48%
"5 - zCLOSED_RM_5_NET_ESQ_SpecifiConLLC_8918_45K",1,"Omaha Steaks Meat Box","DP1 V3",Mastercard,Sunday,515676,1,1,100.00%,0,0.00%,1,1,100.00%,0,0.00%,1,0,$0.00,1,0.00%,0,0,$0.00,0,0.00%,0,0,0,$0.00,$0.00,$0.00,$0.00,$0.00,$0.00,$0.00,$0.00,$0.00,$0.00,0.00%,0,0.00%,$0.00,0.00%,0,0.00%,$0.00,0.00%,0,0.00%,$0.00,0.00%,0,0.00%,$0.00,0.00%,$0.00,$0.20,$0.00,$0.00,$0.00,$0.00,0.00%,$0.00,0.00%,$0.00,0.00%,$0.20,0.00%,$-0.20,0.00%
"5 - zCLOSED_RM_5_NET_ESQ_SpecifiConLLC_8918_45K",1,"Omaha Steaks Meat Box","DP1 V3",Visa,Sunday,420231,1,1,100.00%,0,0.00%,1,1,100.00%,0,0.00%,1,0,$0.00,1,0.00%,0,0,$0.00,0,0.00%,0,0,0,$0.00,$0.00,$0.00,$0.00,$0.00,$0.00,$0.00,$0.00,$0.00,$0.00,0.00%,0,0.00%,$0.00,0.00%,0,0.00%,$0.00,0.00%,0,0.00%,$0.00,0.00%,0,0.00%,$0.00,0.00%,$0.00,$0.20,$0.00,$0.00,$0.00,$0.00,0.00%,$0.00,0.00%,$0.00,0.00%,$0.20,0.00%,$-0.20,0.00%
"5 - zCLOSED_RM_5_NET_ESQ_SpecifiConLLC_8918_45K",1,"Titleist Scotty Cameron Phantom 5 Putter","DP1 V3",Visa,Sunday,483316,1,0,0.00%,1,100.00%,1,0,0.00%,1,100.00%,1,1,$12.89,0,100.00%,0,0,$0.00,0,0.00%,1,1,1,$12.89,$0.00,$0.00,$12.89,$0.00,$0.00,$12.89,$0.00,$12.89,$0.00,0.00%,0,0.00%,$0.00,0.00%,0,0.00%,$0.00,0.00%,0,0.00%,$0.00,0.00%,0,0.00%,$0.00,0.00%,$12.89,$0.84,$0.00,$0.00,$0.00,$0.00,0.00%,$0.00,0.00%,$0.00,0.00%,$0.84,6.52%,$12.05,93.48%
"50 - N12_RM_50_PRIOR_SYN_PrimeSmartSolutionsLLC_0577_75K",1,"Armourtred S7S High-Cut Boots","DP1 V3",Visa,Sunday,413484,1,0,0.00%,1,100.00%,1,0,0.00%,1,100.00%,1,1,$12.89,0,100.00%,0,0,$0.00,0,0.00%,1,1,1,$12.89,$0.00,$0.00,$12.89,$0.00,$0.00,$12.89,$0.00,$12.89,$0.00,0.00%,0,0.00%,$0.00,0.00%,0,0.00%,$0.00,0.00%,0,0.00%,$0.00,0.00%,0,0.00%,$0.00,0.00%,$12.89,$0.84,$0.00,$0.00,$0.00,$0.00,0.00%,$0.00,0.00%,$0.00,0.00%,$0.84,6.52%,$12.05,93.48%
"50 - N12_RM_50_PRIOR_SYN_PrimeSmartSolutionsLLC_0577_75K",1,"Armourtred S7S High-Cut Boots","DP1 V3",Visa,Sunday,474703,1,1,100.00%,0,0.00%,1,1,100.00%,0,0.00%,1,0,$0.00,1,0.00%,0,0,$0.00,0,0.00%,0,0,0,$0.00,$0.00,$0.00,$0.00,$0.00,$0.00,$0.00,$0.00,$0.00,$0.00,0.00%,0,0.00%,$0.00,0.00%,0,0.00%,$0.00,0.00%,0,0.00%,$0.00,0.00%,0,0.00%,$0.00,0.00%,$0.00,$0.20,$0.00,$0.00,$0.00,$0.00,0.00%,$0.00,0.00%,$0.00,0.00%,$0.20,0.00%,$-0.20,0.00%
"50 - N12_RM_50_PRIOR_SYN_PrimeSmartSolutionsLLC_0577_75K",1,"Ford Mustang Electric Bike Blue","DP1 V3",Mastercard,Sunday,518213,1,1,100.00%,0,0.00%,1,1,100.00%,0,0.00%,1,0,$0.00,1,0.00%,0,0,$0.00,0,0.00%,0,0,0,$0.00,$0.00,$0.00,$0.00,$0.00,$0.00,$0.00,$0.00,$0.00,$0.00,0.00%,0,0.00%,$0.00,0.00%,0,0.00%,$0.00,0.00%,0,0.00%,$0.00,0.00%,0,0.00%,$0.00,0.00%,$0.00,$0.20,$0.00,$0.00,$0.00,$0.00,0.00%,$0.00,0.00%,$0.00,0.00%,$0.20,0.00%,$-0.20,0.00%
"50 - N12_RM_50_PRIOR_SYN_PrimeSmartSolutionsLLC_0577_75K",1,"Ford Mustang Electric Bike Blue","DP1 V3",Mastercard,Sunday,552475,1,1,100.00%,0,0.00%,1,1,100.00%,0,0.00%,1,0,$0.00,1,0.00%,0,0,$0.00,0,0.00%,0,0,0,$0.00,$0.00,$0.00,$0.00,$0.00,$0.00,$0.00,$0.00,$0.00,$0.00,0.00%,0,0.00%,$0.00,0.00%,0,0.00%,$0.00,0.00%,0,0.00%,$0.00,0.00%,0,0.00%,$0.00,0.00%,$0.00,$0.20,$0.00,$0.00,$0.00,$0.00,0.00%,$0.00,0.00%,$0.00,0.00%,$0.20,0.00%,$-0.20,0.00%
"50 - N12_RM_50_PRIOR_SYN_PrimeSmartSolutionsLLC_0577_75K",1,"Ford Mustang Electric Bike Blue","DP1 V3",Visa,Sunday,448251,1,1,100.00%,0,0.00%,1,1,100.00%,0,0.00%,1,0,$0.00,1,0.00%,0,0,$0.00,0,0.00%,0,0,0,$0.00,$0.00,$0.00,$0.00,$0.00,$0.00,$0.00,$0.00,$0.00,$0.00,0.00%,0,0.00%,$0.00,0.00%,0,0.00%,$0.00,0.00%,0,0.00%,$0.00,0.00%,0,0.00%,$0.00,0.00%,$0.00,$0.20,$0.00,$0.00,$0.00,$0.00,0.00%,$0.00,0.00%,$0.00,0.00%,$0.20,0.00%,$-0.20,0.00%
"50 - N12_RM_50_PRIOR_SYN_PrimeSmartSolutionsLLC_0577_75K",1,"Ford Mustang Electric Bike Blue","DP1 V3",Visa,Sunday,457431,1,1,100.00%,0,0.00%,1,1,100.00%,0,0.00%,1,0,$0.00,1,0.00%,0,0,$0.00,0,0.00%,0,0,0,$0.00,$0.00,$0.00,$0.00,$0.00,$0.00,$0.00,$0.00,$0.00,$0.00,0.00%,0,0.00%,$0.00,0.00%,0,0.00%,$0.00,0.00%,0,0.00%,$0.00,0.00%,0,0.00%,$0.00,0.00%,$0.00,$0.20,$0.00,$0.00,$0.00,$0.00,0.00%,$0.00,0.00%,$0.00,0.00%,$0.20,0.00%,$-0.20,0.00%
"50 - N12_RM_50_PRIOR_SYN_PrimeSmartSolutionsLLC_0577_75K",1,"Lab DF3 Golf Putter","DP1 V3",Visa,Sunday,477428,1,1,100.00%,0,0.00%,1,1,100.00%,0,0.00%,1,0,$0.00,1,0.00%,0,0,$0.00,0,0.00%,0,0,0,$0.00,$0.00,$0.00,$0.00,$0.00,$0.00,$0.00,$0.00,$0.00,$0.00,0.00%,0,0.00%,$0.00,0.00%,0,0.00%,$0.00,0.00%,0,0.00%,$0.00,0.00%,0,0.00%,$0.00,0.00%,$0.00,$0.20,$0.00,$0.00,$0.00,$0.00,0.00%,$0.00,0.00%,$0.00,0.00%,$0.20,0.00%,$-0.20,0.00%
"50 - N12_RM_50_PRIOR_SYN_PrimeSmartSolutionsLLC_0577_75K",1,"Milwaukee - Armourtred S7S High-Cut Boots","DP1 V3",Mastercard,Sunday,544951,1,0,0.00%,1,100.00%,1,0,0.00%,1,100.00%,1,1,$12.89,0,100.00%,0,0,$0.00,0,0.00%,1,1,1,$12.89,$0.00,$0.00,$12.89,$0.00,$0.00,$12.89,$0.00,$12.89,$0.00,0.00%,0,0.00%,$0.00,0.00%,0,0.00%,$0.00,0.00%,0,0.00%,$0.00,0.00%,0,0.00%,$0.00,0.00%,$12.89,$0.84,$0.00,$0.00,$0.00,$0.00,0.00%,$0.00,0.00%,$0.00,0.00%,$0.84,6.52%,$12.05,93.48%
"50 - N12_RM_50_PRIOR_SYN_PrimeSmartSolutionsLLC_0577_75K",1,"Milwaukee - Armourtred S7S High-Cut Boots","DP1 V3",Visa,Sunday,434257,1,0,0.00%,1,100.00%,1,0,0.00%,1,100.00%,1,1,$12.89,0,100.00%,0,0,$0.00,0,0.00%,1,1,1,$12.89,$0.00,$0.00,$12.89,$0.00,$0.00,$12.89,$0.00,$12.89,$0.00,0.00%,0,0.00%,$0.00,0.00%,0,0.00%,$0.00,0.00%,0,0.00%,$0.00,0.00%,0,0.00%,$0.00,0.00%,$12.89,$0.84,$0.00,$0.00,$0.00,$0.00,0.00%,$0.00,0.00%,$0.00,0.00%,$0.84,6.52%,$12.05,93.48%
"50 - N12_RM_50_PRIOR_SYN_PrimeSmartSolutionsLLC_0577_75K",1,"Omaha Steaks Meat Box","DP1 V3",Mastercard,Sunday,515676,1,1,100.00%,0,0.00%,1,1,100.00%,0,0.00%,1,0,$0.00,1,0.00%,0,0,$0.00,0,0.00%,0,0,0,$0.00,$0.00,$0.00,$0.00,$0.00,$0.00,$0.00,$0.00,$0.00,$0.00,0.00%,0,0.00%,$0.00,0.00%,0,0.00%,$0.00,0.00%,0,0.00%,$0.00,0.00%,0,0.00%,$0.00,0.00%,$0.00,$0.20,$0.00,$0.00,$0.00,$0.00,0.00%,$0.00,0.00%,$0.00,0.00%,$0.20,0.00%,$-0.20,0.00%
"50 - N12_RM_50_PRIOR_SYN_PrimeSmartSolutionsLLC_0577_75K",1,"Omaha Steaks Meat Box","DP1 V3",Mastercard,Sunday,521853,1,1,100.00%,0,0.00%,1,1,100.00%,0,0.00%,1,0,$0.00,1,0.00%,0,0,$0.00,0,0.00%,0,0,0,$0.00,$0.00,$0.00,$0.00,$0.00,$0.00,$0.00,$0.00,$0.00,$0.00,0.00%,0,0.00%,$0.00,0.00%,0,0.00%,$0.00,0.00%,0,0.00%,$0.00,0.00%,0,0.00%,$0.00,0.00%,$0.00,$0.20,$0.00,$0.00,$0.00,$0.00,0.00%,$0.00,0.00%,$0.00,0.00%,$0.20,0.00%,$-0.20,0.00%
"50 - N12_RM_50_PRIOR_SYN_PrimeSmartSolutionsLLC_0577_75K",1,"Omaha Steaks Meat Box","DP1 V3",Visa,Sunday,414720,1,1,100.00%,0,0.00%,1,1,100.00%,0,0.00%,1,0,$0.00,1,0.00%,0,0,$0.00,0,0.00%,0,0,0,$0.00,$0.00,$0.00,$0.00,$0.00,$0.00,$0.00,$0.00,$0.00,$0.00,0.00%,0,0.00%,$0.00,0.00%,0,0.00%,$0.00,0.00%,0,0.00%,$0.00,0.00%,0,0.00%,$0.00,0.00%,$0.00,$0.20,$0.00,$0.00,$0.00,$0.00,0.00%,$0.00,0.00%,$0.00,0.00%,$0.20,0.00%,$-0.20,0.00%
"51 - RM_51_PRIOR_SYN_PrimeSmartSolutionsLLC_5208_75K",1,"Armourtred S7S High-Cut Boots","DP1 V3",Visa,Sunday,435546,1,1,100.00%,0,0.00%,1,1,100.00%,0,0.00%,1,0,$0.00,1,0.00%,0,0,$0.00,0,0.00%,0,0,0,$0.00,$0.00,$0.00,$0.00,$0.00,$0.00,$0.00,$0.00,$0.00,$0.00,0.00%,0,0.00%,$0.00,0.00%,0,0.00%,$0.00,0.00%,0,0.00%,$0.00,0.00%,0,0.00%,$0.00,0.00%,$0.00,$0.20,$0.00,$0.00,$0.00,$0.00,0.00%,$0.00,0.00%,$0.00,0.00%,$0.20,0.00%,$-0.20,0.00%
"51 - RM_51_PRIOR_SYN_PrimeSmartSolutionsLLC_5208_75K",1,"Ford Mustang Electric Bike Blue","DP1 V3",Mastercard,Sunday,553743,1,0,0.00%,1,100.00%,1,0,0.00%,1,100.00%,1,1,$12.89,0,100.00%,0,0,$0.00,0,0.00%,1,1,1,$12.89,$0.00,$0.00,$12.89,$0.00,$0.00,$12.89,$0.00,$12.89,$0.00,0.00%,0,0.00%,$0.00,0.00%,0,0.00%,$0.00,0.00%,0,0.00%,$0.00,0.00%,0,0.00%,$0.00,0.00%,$12.89,$0.84,$0.00,$0.00,$0.00,$0.00,0.00%,$0.00,0.00%,$0.00,0.00%,$0.84,6.52%,$12.05,93.48%
"51 - RM_51_PRIOR_SYN_PrimeSmartSolutionsLLC_5208_75K",1,"Ford Mustang Electric Bike Blue","DP1 V3",Visa,Sunday,442756,1,1,100.00%,0,0.00%,1,1,100.00%,0,0.00%,1,0,$0.00,1,0.00%,0,0,$0.00,0,0.00%,0,0,0,$0.00,$0.00,$0.00,$0.00,$0.00,$0.00,$0.00,$0.00,$0.00,$0.00,0.00%,0,0.00%,$0.00,0.00%,0,0.00%,$0.00,0.00%,0,0.00%,$0.00,0.00%,0,0.00%,$0.00,0.00%,$0.00,$0.20,$0.00,$0.00,$0.00,$0.00,0.00%,$0.00,0.00%,$0.00,0.00%,$0.20,0.00%,$-0.20,0.00%
"51 - RM_51_PRIOR_SYN_PrimeSmartSolutionsLLC_5208_75K",1,"Ford Mustang Electric Bike Blue","DP1 V3",Visa,Sunday,444796,1,0,0.00%,1,100.00%,1,0,0.00%,1,100.00%,1,1,$12.89,0,100.00%,0,0,$0.00,0,0.00%,1,1,1,$12.89,$0.00,$0.00,$12.89,$0.00,$0.00,$12.89,$0.00,$12.89,$0.00,0.00%,0,0.00%,$0.00,0.00%,0,0.00%,$0.00,0.00%,0,0.00%,$0.00,0.00%,0,0.00%,$0.00,0.00%,$12.89,$0.84,$0.00,$0.00,$0.00,$0.00,0.00%,$0.00,0.00%,$0.00,0.00%,$0.84,6.52%,$12.05,93.48%
"51 - RM_51_PRIOR_SYN_PrimeSmartSolutionsLLC_5208_75K",1,"Lab DF3 Golf Putter","DP1 V3",Visa,Sunday,438854,1,1,100.00%,0,0.00%,1,1,100.00%,0,0.00%,1,0,$0.00,1,0.00%,0,0,$0.00,0,0.00%,0,0,0,$0.00,$0.00,$0.00,$0.00,$0.00,$0.00,$0.00,$0.00,$0.00,$0.00,0.00%,0,0.00%,$0.00,0.00%,0,0.00%,$0.00,0.00%,0,0.00%,$0.00,0.00%,0,0.00%,$0.00,0.00%,$0.00,$0.20,$0.00,$0.00,$0.00,$0.00,0.00%,$0.00,0.00%,$0.00,0.00%,$0.20,0.00%,$-0.20,0.00%
"51 - RM_51_PRIOR_SYN_PrimeSmartSolutionsLLC_5208_75K",1,"Omaha Steaks Meat Box","DP1 V3",Mastercard,Sunday,514377,1,0,0.00%,1,100.00%,1,0,0.00%,1,100.00%,1,1,$12.89,0,100.00%,0,0,$0.00,0,0.00%,1,1,1,$12.89,$0.00,$0.00,$12.89,$0.00,$0.00,$12.89,$0.00,$12.89,$0.00,0.00%,0,0.00%,$0.00,0.00%,0,0.00%,$0.00,0.00%,0,0.00%,$0.00,0.00%,0,0.00%,$0.00,0.00%,$12.89,$0.84,$0.00,$0.00,$0.00,$0.00,0.00%,$0.00,0.00%,$0.00,0.00%,$0.84,6.52%,$12.05,93.48%
"51 - RM_51_PRIOR_SYN_PrimeSmartSolutionsLLC_5208_75K",1,"Omaha Steaks Meat Box","DP1 V3",Mastercard,Sunday,547182,1,0,0.00%,1,100.00%,1,0,0.00%,1,100.00%,1,1,$12.89,0,100.00%,0,0,$0.00,0,0.00%,1,1,1,$12.89,$0.00,$0.00,$12.89,$0.00,$0.00,$12.89,$0.00,$12.89,$12.89,100.00%,0,0.00%,$0.00,0.00%,1,100.00%,$12.89,100.00%,0,0.00%,$0.00,0.00%,0,0.00%,$0.00,0.00%,$0.00,$0.84,$0.00,$0.00,$0.00,$0.00,0.00%,$0.00,0.00%,$0.00,0.00%,$0.84,6.52%,$-0.84,-6.52%
"52 - N2_RM_52_PRIOR_SYN_PrimeSmartSolutionsLLC_9568_75K",1,"5 Domestic flights","DP1 V3",Visa,Sunday,476554,1,1,100.00%,0,0.00%,1,1,100.00%,0,0.00%,1,0,$0.00,1,0.00%,0,0,$0.00,0,0.00%,0,0,0,$0.00,$0.00,$0.00,$0.00,$0.00,$0.00,$0.00,$0.00,$0.00,$0.00,0.00%,0,0.00%,$0.00,0.00%,0,0.00%,$0.00,0.00%,0,0.00%,$0.00,0.00%,0,0.00%,$0.00,0.00%,$0.00,$0.20,$0.00,$0.00,$0.00,$0.00,0.00%,$0.00,0.00%,$0.00,0.00%,$0.20,0.00%,$-0.20,0.00%
"52 - N2_RM_52_PRIOR_SYN_PrimeSmartSolutionsLLC_9568_75K",1,"Ford Mustang Electric Bike Blue","DP1 V3",Mastercard,Sunday,517279,1,1,100.00%,0,0.00%,1,1,100.00%,0,0.00%,1,0,$0.00,1,0.00%,0,0,$0.00,0,0.00%,0,0,0,$0.00,$0.00,$0.00,$0.00,$0.00,$0.00,$0.00,$0.00,$0.00,$0.00,0.00%,0,0.00%,$0.00,0.00%,0,0.00%,$0.00,0.00%,0,0.00%,$0.00,0.00%,0,0.00%,$0.00,0.00%,$0.00,$0.20,$0.00,$0.00,$0.00,$0.00,0.00%,$0.00,0.00%,$0.00,0.00%,$0.20,0.00%,$-0.20,0.00%
"52 - N2_RM_52_PRIOR_SYN_PrimeSmartSolutionsLLC_9568_75K",1,"Ford Mustang Electric Bike Blue","DP1 V3",Mastercard,Sunday,551338,1,0,0.00%,1,100.00%,1,0,0.00%,1,100.00%,1,1,$12.89,0,100.00%,0,0,$0.00,0,0.00%,1,1,1,$12.89,$0.00,$0.00,$12.89,$0.00,$0.00,$12.89,$0.00,$12.89,$0.00,0.00%,0,0.00%,$0.00,0.00%,0,0.00%,$0.00,0.00%,0,0.00%,$0.00,0.00%,0,0.00%,$0.00,0.00%,$12.89,$0.84,$0.00,$0.00,$0.00,$0.00,0.00%,$0.00,0.00%,$0.00,0.00%,$0.84,6.52%,$12.05,93.48%
"52 - N2_RM_52_PRIOR_SYN_PrimeSmartSolutionsLLC_9568_75K",1,"Ford Mustang Electric Bike Blue","DP1 V3",Visa,Sunday,421783,1,1,100.00%,0,0.00%,1,1,100.00%,0,0.00%,1,0,$0.00,1,0.00%,0,0,$0.00,0,0.00%,0,0,0,$0.00,$0.00,$0.00,$0.00,$0.00,$0.00,$0.00,$0.00,$0.00,$0.00,0.00%,0,0.00%,$0.00,0.00%,0,0.00%,$0.00,0.00%,0,0.00%,$0.00,0.00%,0,0.00%,$0.00,0.00%,$0.00,$0.20,$0.00,$0.00,$0.00,$0.00,0.00%,$0.00,0.00%,$0.00,0.00%,$0.20,0.00%,$-0.20,0.00%
"52 - N2_RM_52_PRIOR_SYN_PrimeSmartSolutionsLLC_9568_75K",1,"Ford Mustang Electric Bike Blue","DP1 V3",Visa,Sunday,426684,1,0,0.00%,1,100.00%,1,0,0.00%,1,100.00%,1,1,$12.89,0,100.00%,0,0,$0.00,0,0.00%,1,1,1,$12.89,$0.00,$0.00,$12.89,$0.00,$0.00,$12.89,$0.00,$12.89,$0.00,0.00%,0,0.00%,$0.00,0.00%,0,0.00%,$0.00,0.00%,0,0.00%,$0.00,0.00%,0,0.00%,$0.00,0.00%,$12.89,$0.84,$0.00,$0.00,$0.00,$0.00,0.00%,$0.00,0.00%,$0.00,0.00%,$0.84,6.52%,$12.05,93.48%
"52 - N2_RM_52_PRIOR_SYN_PrimeSmartSolutionsLLC_9568_75K",1,"Ford Mustang Electric Bike Blue","DP1 V3",Visa,Sunday,458643,1,0,0.00%,1,100.00%,1,0,0.00%,1,100.00%,1,1,$12.89,0,100.00%,0,0,$0.00,0,0.00%,1,1,1,$12.89,$0.00,$0.00,$12.89,$0.00,$0.00,$12.89,$0.00,$12.89,$0.00,0.00%,0,0.00%,$0.00,0.00%,0,0.00%,$0.00,0.00%,0,0.00%,$0.00,0.00%,0,0.00%,$0.00,0.00%,$12.89,$0.84,$0.00,$0.00,$0.00,$0.00,0.00%,$0.00,0.00%,$0.00,0.00%,$0.84,6.52%,$12.05,93.48%
"52 - N2_RM_52_PRIOR_SYN_PrimeSmartSolutionsLLC_9568_75K",1,"Ford Mustang Electric Bike Yellow","DP1 V3",Mastercard,Sunday,541065,1,0,0.00%,1,100.00%,1,0,0.00%,1,100.00%,1,1,$12.89,0,100.00%,0,0,$0.00,0,0.00%,1,1,1,$12.89,$0.00,$0.00,$12.89,$0.00,$0.00,$12.89,$0.00,$12.89,$12.89,100.00%,0,0.00%,$0.00,0.00%,0,0.00%,$0.00,0.00%,0,0.00%,$0.00,0.00%,1,100.00%,$12.89,100.00%,$0.00,$0.84,$0.00,$0.00,$0.00,$0.00,0.00%,$0.00,0.00%,$0.00,0.00%,$0.84,6.52%,$-0.84,-6.52%
"52 - N2_RM_52_PRIOR_SYN_PrimeSmartSolutionsLLC_9568_75K",1,"Ford Mustang Electric Bike Yellow","DP1 V3",Mastercard,Sunday,542418,2,0,0.00%,2,100.00%,2,0,0.00%,2,100.00%,2,2,$25.78,0,100.00%,0,0,$0.00,0,0.00%,2,2,2,$25.78,$0.00,$0.00,$25.78,$0.00,$0.00,$25.78,$0.00,$25.78,$25.78,100.00%,0,0.00%,$0.00,0.00%,0,0.00%,$0.00,0.00%,1,50.00%,$12.89,50.00%,1,50.00%,$12.89,50.00%,$0.00,$36.68,$0.00,$0.00,$0.00,$0.00,0.00%,$35.00,135.76%,$0.00,0.00%,$1.68,6.52%,$-36.68,-142.28%
"52 - N2_RM_52_PRIOR_SYN_PrimeSmartSolutionsLLC_9568_75K",1,"Milwaukee - Armourtred S7S High-Cut Boots","DP1 V3",Visa,Sunday,440083,1,0,0.00%,1,100.00%,1,0,0.00%,1,100.00%,1,1,$12.89,0,100.00%,0,0,$0.00,0,0.00%,1,1,1,$12.89,$0.00,$0.00,$12.89,$0.00,$0.00,$12.89,$0.00,$12.89,$0.00,0.00%,0,0.00%,$0.00,0.00%,0,0.00%,$0.00,0.00%,0,0.00%,$0.00,0.00%,0,0.00%,$0.00,0.00%,$12.89,$0.84,$0.00,$0.00,$0.00,$0.00,0.00%,$0.00,0.00%,$0.00,0.00%,$0.84,6.52%,$12.05,93.48%
"53 - N2R2_RM_53_PRIOR_SYN_DiamondSphereLLC_3847_75K",1,"Ford Mustang Electric Bike Blue","DP1 V3",Mastercard,Sunday,538085,1,0,0.00%,1,100.00%,1,0,0.00%,1,100.00%,1,1,$12.89,0,100.00%,0,0,$0.00,0,0.00%,1,1,1,$12.89,$0.00,$0.00,$12.89,$0.00,$0.00,$12.89,$0.00,$12.89,$0.00,0.00%,0,0.00%,$0.00,0.00%,0,0.00%,$0.00,0.00%,0,0.00%,$0.00,0.00%,0,0.00%,$0.00,0.00%,$12.89,$0.84,$0.00,$0.00,$0.00,$0.00,0.00%,$0.00,0.00%,$0.00,0.00%,$0.84,6.52%,$12.05,93.48%
"53 - N2R2_RM_53_PRIOR_SYN_DiamondSphereLLC_3847_75K",1,"Ford Mustang Electric Bike Blue","DP1 V3",Visa,Sunday,400022,1,1,100.00%,0,0.00%,1,1,100.00%,0,0.00%,1,0,$0.00,1,0.00%,0,0,$0.00,0,0.00%,0,0,0,$0.00,$0.00,$0.00,$0.00,$0.00,$0.00,$0.00,$0.00,$0.00,$0.00,0.00%,0,0.00%,$0.00,0.00%,0,0.00%,$0.00,0.00%,0,0.00%,$0.00,0.00%,0,0.00%,$0.00,0.00%,$0.00,$0.20,$0.00,$0.00,$0.00,$0.00,0.00%,$0.00,0.00%,$0.00,0.00%,$0.20,0.00%,$-0.20,0.00%
"53 - N2R2_RM_53_PRIOR_SYN_DiamondSphereLLC_3847_75K",1,"Ford Mustang Electric Bike Blue","DP1 V3",Visa,Sunday,426684,1,1,100.00%,0,0.00%,1,1,100.00%,0,0.00%,1,0,$0.00,1,0.00%,0,0,$0.00,0,0.00%,0,0,0,$0.00,$0.00,$0.00,$0.00,$0.00,$0.00,$0.00,$0.00,$0.00,$0.00,0.00%,0,0.00%,$0.00,0.00%,0,0.00%,$0.00,0.00%,0,0.00%,$0.00,0.00%,0,0.00%,$0.00,0.00%,$0.00,$0.20,$0.00,$0.00,$0.00,$0.00,0.00%,$0.00,0.00%,$0.00,0.00%,$0.20,0.00%,$-0.20,0.00%
"53 - N2R2_RM_53_PRIOR_SYN_DiamondSphereLLC_3847_75K",1,"Ford Mustang Electric Bike Yellow","DP1 V3",Visa,Sunday,447227,1,1,100.00%,0,0.00%,1,1,100.00%,0,0.00%,1,0,$0.00,1,0.00%,0,0,$0.00,0,0.00%,0,0,0,$0.00,$0.00,$0.00,$0.00,$0.00,$0.00,$0.00,$0.00,$0.00,$0.00,0.00%,0,0.00%,$0.00,0.00%,0,0.00%,$0.00,0.00%,0,0.00%,$0.00,0.00%,0,0.00%,$0.00,0.00%,$0.00,$0.20,$0.00,$0.00,$0.00,$0.00,0.00%,$0.00,0.00%,$0.00,0.00%,$0.20,0.00%,$-0.20,0.00%
"53 - N2R2_RM_53_PRIOR_SYN_DiamondSphereLLC_3847_75K",1,"Garmin - ECHOMAP Fish Finder","DP1 V3",Mastercard,Sunday,521333,1,1,100.00%,0,0.00%,1,1,100.00%,0,0.00%,1,0,$0.00,1,0.00%,0,0,$0.00,0,0.00%,0,0,0,$0.00,$0.00,$0.00,$0.00,$0.00,$0.00,$0.00,$0.00,$0.00,$0.00,0.00%,0,0.00%,$0.00,0.00%,0,0.00%,$0.00,0.00%,0,0.00%,$0.00,0.00%,0,0.00%,$0.00,0.00%,$0.00,$0.20,$0.00,$0.00,$0.00,$0.00,0.00%,$0.00,0.00%,$0.00,0.00%,$0.20,0.00%,$-0.20,0.00%
"53 - N2R2_RM_53_PRIOR_SYN_DiamondSphereLLC_3847_75K",1,"Omaha Steaks Meat Box","DP1 V3",Mastercard,Sunday,554918,1,0,0.00%,1,100.00%,1,0,0.00%,1,100.00%,1,1,$12.89,0,100.00%,0,0,$0.00,0,0.00%,1,1,1,$12.89,$0.00,$0.00,$12.89,$0.00,$0.00,$12.89,$0.00,$12.89,$0.00,0.00%,0,0.00%,$0.00,0.00%,0,0.00%,$0.00,0.00%,0,0.00%,$0.00,0.00%,0,0.00%,$0.00,0.00%,$12.89,$0.84,$0.00,$0.00,$0.00,$0.00,0.00%,$0.00,0.00%,$0.00,0.00%,$0.84,6.52%,$12.05,93.48%
"53 - N2R2_RM_53_PRIOR_SYN_DiamondSphereLLC_3847_75K",1,"TaylorMade GT Spider Golf Putter","DP1 V3",Visa,Sunday,479126,1,1,100.00%,0,0.00%,1,1,100.00%,0,0.00%,1,0,$0.00,1,0.00%,0,0,$0.00,0,0.00%,0,0,0,$0.00,$0.00,$0.00,$0.00,$0.00,$0.00,$0.00,$0.00,$0.00,$0.00,0.00%,0,0.00%,$0.00,0.00%,0,0.00%,$0.00,0.00%,0,0.00%,$0.00,0.00%,0,0.00%,$0.00,0.00%,$0.00,$0.20,$0.00,$0.00,$0.00,$0.00,0.00%,$0.00,0.00%,$0.00,0.00%,$0.20,0.00%,$-0.20,0.00%
"53 - N2R2_RM_53_PRIOR_SYN_DiamondSphereLLC_3847_75K",1,"Titleist Scotty Cameron Phantom 5 Putter","DP1 V3",Mastercard,Sunday,515676,1,1,100.00%,0,0.00%,1,1,100.00%,0,0.00%,1,0,$0.00,1,0.00%,0,0,$0.00,0,0.00%,0,0,0,$0.00,$0.00,$0.00,$0.00,$0.00,$0.00,$0.00,$0.00,$0.00,$0.00,0.00%,0,0.00%,$0.00,0.00%,0,0.00%,$0.00,0.00%,0,0.00%,$0.00,0.00%,0,0.00%,$0.00,0.00%,$0.00,$0.20,$0.00,$0.00,$0.00,$0.00,0.00%,$0.00,0.00%,$0.00,0.00%,$0.20,0.00%,$-0.20,0.00%
"57 - N2R2_RM_57_NET_ESQ_PrimeSmartSolutionsLLC_3998_65K",1,"5 Domestic flights","DP1 V3",Mastercard,Sunday,525722,1,0,0.00%,1,100.00%,1,0,0.00%,1,100.00%,1,1,$12.89,0,100.00%,0,0,$0.00,0,0.00%,1,1,1,$12.89,$0.00,$0.00,$12.89,$0.00,$0.00,$12.89,$0.00,$12.89,$0.00,0.00%,0,0.00%,$0.00,0.00%,0,0.00%,$0.00,0.00%,0,0.00%,$0.00,0.00%,0,0.00%,$0.00,0.00%,$12.89,$0.84,$0.00,$0.00,$0.00,$0.00,0.00%,$0.00,0.00%,$0.00,0.00%,$0.84,6.52%,$12.05,93.48%
"57 - N2R2_RM_57_NET_ESQ_PrimeSmartSolutionsLLC_3998_65K",1,"5 Domestic flights","DP1 V3",Visa,Sunday,414709,1,1,100.00%,0,0.00%,1,1,100.00%,0,0.00%,1,0,$0.00,1,0.00%,0,0,$0.00,0,0.00%,0,0,0,$0.00,$0.00,$0.00,$0.00,$0.00,$0.00,$0.00,$0.00,$0.00,$0.00,0.00%,0,0.00%,$0.00,0.00%,0,0.00%,$0.00,0.00%,0,0.00%,$0.00,0.00%,0,0.00%,$0.00,0.00%,$0.00,$0.20,$0.00,$0.00,$0.00,$0.00,0.00%,$0.00,0.00%,$0.00,0.00%,$0.20,0.00%,$-0.20,0.00%
"57 - N2R2_RM_57_NET_ESQ_PrimeSmartSolutionsLLC_3998_65K",1,"Ford Mustang Electric Bike Blue","DP1 V3",Visa,Sunday,441103,1,0,0.00%,1,100.00%,1,0,0.00%,1,100.00%,1,1,$12.89,0,100.00%,0,0,$0.00,0,0.00%,1,1,1,$12.89,$0.00,$0.00,$12.89,$0.00,$0.00,$12.89,$0.00,$12.89,$12.89,100.00%,0,0.00%,$0.00,0.00%,0,0.00%,$0.00,0.00%,1,100.00%,$12.89,100.00%,0,0.00%,$0.00,0.00%,$0.00,$20.84,$0.00,$0.00,$0.00,$0.00,0.00%,$20.00,155.16%,$0.00,0.00%,$0.84,6.52%,$-20.84,-161.68%
"57 - N2R2_RM_57_NET_ESQ_PrimeSmartSolutionsLLC_3998_65K",1,"Ford Mustang Electric Bike Blue","DP1 V3",Visa,Sunday,470793,1,1,100.00%,0,0.00%,1,1,100.00%,0,0.00%,1,0,$0.00,1,0.00%,0,0,$0.00,0,0.00%,0,0,0,$0.00,$0.00,$0.00,$0.00,$0.00,$0.00,$0.00,$0.00,$0.00,$0.00,0.00%,0,0.00%,$0.00,0.00%,0,0.00%,$0.00,0.00%,0,0.00%,$0.00,0.00%,0,0.00%,$0.00,0.00%,$0.00,$0.20,$0.00,$0.00,$0.00,$0.00,0.00%,$0.00,0.00%,$0.00,0.00%,$0.20,0.00%,$-0.20,0.00%
"57 - N2R2_RM_57_NET_ESQ_PrimeSmartSolutionsLLC_3998_65K",1,"Ford Mustang Electric Bike Blue","DP1 V3",Visa,Sunday,473702,1,1,100.00%,0,0.00%,1,1,100.00%,0,0.00%,1,0,$0.00,1,0.00%,0,0,$0.00,0,0.00%,0,0,0,$0.00,$0.00,$0.00,$0.00,$0.00,$0.00,$0.00,$0.00,$0.00,$0.00,0.00%,0,0.00%,$0.00,0.00%,0,0.00%,$0.00,0.00%,0,0.00%,$0.00,0.00%,0,0.00%,$0.00,0.00%,$0.00,$0.20,$0.00,$0.00,$0.00,$0.00,0.00%,$0.00,0.00%,$0.00,0.00%,$0.20,0.00%,$-0.20,0.00%
"57 - N2R2_RM_57_NET_ESQ_PrimeSmartSolutionsLLC_3998_65K",1,"Ford Mustang Electric Bike Yellow","DP1 V3",Mastercard,Sunday,520602,1,1,100.00%,0,0.00%,1,1,100.00%,0,0.00%,1,0,$0.00,1,0.00%,0,0,$0.00,0,0.00%,0,0,0,$0.00,$0.00,$0.00,$0.00,$0.00,$0.00,$0.00,$0.00,$0.00,$0.00,0.00%,0,0.00%,$0.00,0.00%,0,0.00%,$0.00,0.00%,0,0.00%,$0.00,0.00%,0,0.00%,$0.00,0.00%,$0.00,$0.20,$0.00,$0.00,$0.00,$0.00,0.00%,$0.00,0.00%,$0.00,0.00%,$0.20,0.00%,$-0.20,0.00%
"57 - N2R2_RM_57_NET_ESQ_PrimeSmartSolutionsLLC_3998_65K",1,"Ford Mustang Electric Bike Yellow","DP1 V3",Mastercard,Sunday,529115,1,1,100.00%,0,0.00%,1,1,100.00%,0,0.00%,1,0,$0.00,1,0.00%,0,0,$0.00,0,0.00%,0,0,0,$0.00,$0.00,$0.00,$0.00,$0.00,$0.00,$0.00,$0.00,$0.00,$0.00,0.00%,0,0.00%,$0.00,0.00%,0,0.00%,$0.00,0.00%,0,0.00%,$0.00,0.00%,0,0.00%,$0.00,0.00%,$0.00,$0.20,$0.00,$0.00,$0.00,$0.00,0.00%,$0.00,0.00%,$0.00,0.00%,$0.20,0.00%,$-0.20,0.00%
"57 - N2R2_RM_57_NET_ESQ_PrimeSmartSolutionsLLC_3998_65K",1,"Ford Mustang Electric Bike Yellow","DP1 V3",Visa,Sunday,400390,1,0,0.00%,1,100.00%,1,0,0.00%,1,100.00%,1,1,$12.89,0,100.00%,0,0,$0.00,0,0.00%,1,1,1,$12.89,$0.00,$0.00,$12.89,$0.00,$0.00,$12.89,$0.00,$12.89,$0.00,0.00%,0,0.00%,$0.00,0.00%,0,0.00%,$0.00,0.00%,0,0.00%,$0.00,0.00%,0,0.00%,$0.00,0.00%,$12.89,$0.84,$0.00,$0.00,$0.00,$0.00,0.00%,$0.00,0.00%,$0.00,0.00%,$0.84,6.52%,$12.05,93.48%
"57 - N2R2_RM_57_NET_ESQ_PrimeSmartSolutionsLLC_3998_65K",1,"Ford Mustang Electric Bike Yellow","DP1 V3",Visa,Sunday,429136,1,0,0.00%,1,100.00%,1,0,0.00%,1,100.00%,1,1,$12.89,0,100.00%,0,0,$0.00,0,0.00%,1,1,1,$12.89,$0.00,$0.00,$12.89,$0.00,$0.00,$12.89,$0.00,$12.89,$0.00,0.00%,0,0.00%,$0.00,0.00%,0,0.00%,$0.00,0.00%,0,0.00%,$0.00,0.00%,0,0.00%,$0.00,0.00%,$12.89,$0.84,$0.00,$0.00,$0.00,$0.00,0.00%,$0.00,0.00%,$0.00,0.00%,$0.84,6.52%,$12.05,93.48%
"57 - N2R2_RM_57_NET_ESQ_PrimeSmartSolutionsLLC_3998_65K",1,"Ford Mustang Electric Bike Yellow","DP1 V3",Visa,Sunday,498503,1,1,100.00%,0,0.00%,1,1,100.00%,0,0.00%,1,0,$0.00,1,0.00%,0,0,$0.00,0,0.00%,0,0,0,$0.00,$0.00,$0.00,$0.00,$0.00,$0.00,$0.00,$0.00,$0.00,$0.00,0.00%,0,0.00%,$0.00,0.00%,0,0.00%,$0.00,0.00%,0,0.00%,$0.00,0.00%,0,0.00%,$0.00,0.00%,$0.00,$0.20,$0.00,$0.00,$0.00,$0.00,0.00%,$0.00,0.00%,$0.00,0.00%,$0.20,0.00%,$-0.20,0.00%
"57 - N2R2_RM_57_NET_ESQ_PrimeSmartSolutionsLLC_3998_65K",1,"John Deere Merchandise Set","DP1 V3",Visa,Sunday,403784,1,1,100.00%,0,0.00%,1,1,100.00%,0,0.00%,1,0,$0.00,1,0.00%,0,0,$0.00,0,0.00%,0,0,0,$0.00,$0.00,$0.00,$0.00,$0.00,$0.00,$0.00,$0.00,$0.00,$0.00,0.00%,0,0.00%,$0.00,0.00%,0,0.00%,$0.00,0.00%,0,0.00%,$0.00,0.00%,0,0.00%,$0.00,0.00%,$0.00,$0.20,$0.00,$0.00,$0.00,$0.00,0.00%,$0.00,0.00%,$0.00,0.00%,$0.20,0.00%,$-0.20,0.00%
"57 - N2R2_RM_57_NET_ESQ_PrimeSmartSolutionsLLC_3998_65K",1,"Omaha Steaks Meat Box","DP1 V3",Mastercard,Sunday,521853,1,0,0.00%,1,100.00%,1,0,0.00%,1,100.00%,1,1,$12.89,0,100.00%,0,0,$0.00,0,0.00%,1,1,1,$12.89,$0.00,$0.00,$12.89,$0.00,$0.00,$12.89,$0.00,$12.89,$0.00,0.00%,0,0.00%,$0.00,0.00%,0,0.00%,$0.00,0.00%,0,0.00%,$0.00,0.00%,0,0.00%,$0.00,0.00%,$12.89,$0.84,$0.00,$0.00,$0.00,$0.00,0.00%,$0.00,0.00%,$0.00,0.00%,$0.84,6.52%,$12.05,93.48%
"57 - N2R2_RM_57_NET_ESQ_PrimeSmartSolutionsLLC_3998_65K",1,"Omaha Steaks Meat Box","DP1 V3",Visa,Sunday,412777,1,1,100.00%,0,0.00%,1,1,100.00%,0,0.00%,1,0,$0.00,1,0.00%,0,0,$0.00,0,0.00%,0,0,0,$0.00,$0.00,$0.00,$0.00,$0.00,$0.00,$0.00,$0.00,$0.00,$0.00,0.00%,0,0.00%,$0.00,0.00%,0,0.00%,$0.00,0.00%,0,0.00%,$0.00,0.00%,0,0.00%,$0.00,0.00%,$0.00,$0.20,$0.00,$0.00,$0.00,$0.00,0.00%,$0.00,0.00%,$0.00,0.00%,$0.20,0.00%,$-0.20,0.00%
"57 - N2R2_RM_57_NET_ESQ_PrimeSmartSolutionsLLC_3998_65K",1,"Omaha Steaks Meat Box","DP1 V3",Visa,Sunday,414709,1,1,100.00%,0,0.00%,1,1,100.00%,0,0.00%,1,0,$0.00,1,0.00%,0,0,$0.00,0,0.00%,0,0,0,$0.00,$0.00,$0.00,$0.00,$0.00,$0.00,$0.00,$0.00,$0.00,$0.00,0.00%,0,0.00%,$0.00,0.00%,0,0.00%,$0.00,0.00%,0,0.00%,$0.00,0.00%,0,0.00%,$0.00,0.00%,$0.00,$0.20,$0.00,$0.00,$0.00,$0.00,0.00%,$0.00,0.00%,$0.00,0.00%,$0.20,0.00%,$-0.20,0.00%
"57 - N2R2_RM_57_NET_ESQ_PrimeSmartSolutionsLLC_3998_65K",1,"Omaha Steaks Meat Box","DP1 V3",Visa,Sunday,426684,1,1,100.00%,0,0.00%,1,1,100.00%,0,0.00%,1,0,$0.00,1,0.00%,0,0,$0.00,0,0.00%,0,0,0,$0.00,$0.00,$0.00,$0.00,$0.00,$0.00,$0.00,$0.00,$0.00,$0.00,0.00%,0,0.00%,$0.00,0.00%,0,0.00%,$0.00,0.00%,0,0.00%,$0.00,0.00%,0,0.00%,$0.00,0.00%,$0.00,$0.20,$0.00,$0.00,$0.00,$0.00,0.00%,$0.00,0.00%,$0.00,0.00%,$0.20,0.00%,$-0.20,0.00%
"57 - N2R2_RM_57_NET_ESQ_PrimeSmartSolutionsLLC_3998_65K",1,"Omaha Steaks Meat Box","DP1 V3",Visa,Sunday,433477,1,1,100.00%,0,0.00%,1,1,100.00%,0,0.00%,1,0,$0.00,1,0.00%,0,0,$0.00,0,0.00%,0,0,0,$0.00,$0.00,$0.00,$0.00,$0.00,$0.00,$0.00,$0.00,$0.00,$0.00,0.00%,0,0.00%,$0.00,0.00%,0,0.00%,$0.00,0.00%,0,0.00%,$0.00,0.00%,0,0.00%,$0.00,0.00%,$0.00,$0.20,$0.00,$0.00,$0.00,$0.00,0.00%,$0.00,0.00%,$0.00,0.00%,$0.20,0.00%,$-0.20,0.00%
"57 - N2R2_RM_57_NET_ESQ_PrimeSmartSolutionsLLC_3998_65K",1,"Omaha Steaks Meat Box","DP1 V3",Visa,Sunday,438857,1,1,100.00%,0,0.00%,1,1,100.00%,0,0.00%,1,0,$0.00,1,0.00%,0,0,$0.00,0,0.00%,0,0,0,$0.00,$0.00,$0.00,$0.00,$0.00,$0.00,$0.00,$0.00,$0.00,$0.00,0.00%,0,0.00%,$0.00,0.00%,0,0.00%,$0.00,0.00%,0,0.00%,$0.00,0.00%,0,0.00%,$0.00,0.00%,$0.00,$0.20,$0.00,$0.00,$0.00,$0.00,0.00%,$0.00,0.00%,$0.00,0.00%,$0.20,0.00%,$-0.20,0.00%
"57 - N2R2_RM_57_NET_ESQ_PrimeSmartSolutionsLLC_3998_65K",1,"Titleist Scotty Cameron Phantom 5 Putter","DP1 V3",Visa,Sunday,414740,1,1,100.00%,0,0.00%,1,1,100.00%,0,0.00%,1,0,$0.00,1,0.00%,0,0,$0.00,0,0.00%,0,0,0,$0.00,$0.00,$0.00,$0.00,$0.00,$0.00,$0.00,$0.00,$0.00,$0.00,0.00%,0,0.00%,$0.00,0.00%,0,0.00%,$0.00,0.00%,0,0.00%,$0.00,0.00%,0,0.00%,$0.00,0.00%,$0.00,$0.20,$0.00,$0.00,$0.00,$0.00,0.00%,$0.00,0.00%,$0.00,0.00%,$0.20,0.00%,$-0.20,0.00%
"58 - NR2_RM_58_NET_ESQ_PrimeSmartSolutionsLLC_3931_65K",1,"5 Domestic flights","DP1 V3",Visa,Sunday,406095,1,1,100.00%,0,0.00%,1,1,100.00%,0,0.00%,1,0,$0.00,1,0.00%,0,0,$0.00,0,0.00%,0,0,0,$0.00,$0.00,$0.00,$0.00,$0.00,$0.00,$0.00,$0.00,$0.00,$0.00,0.00%,0,0.00%,$0.00,0.00%,0,0.00%,$0.00,0.00%,0,0.00%,$0.00,0.00%,0,0.00%,$0.00,0.00%,$0.00,$0.20,$0.00,$0.00,$0.00,$0.00,0.00%,$0.00,0.00%,$0.00,0.00%,$0.20,0.00%,$-0.20,0.00%
"58 - NR2_RM_58_NET_ESQ_PrimeSmartSolutionsLLC_3931_65K",1,"5 Domestic flights","DP1 V3",Visa,Sunday,420767,1,1,100.00%,0,0.00%,1,1,100.00%,0,0.00%,1,0,$0.00,1,0.00%,0,0,$0.00,0,0.00%,0,0,0,$0.00,$0.00,$0.00,$0.00,$0.00,$0.00,$0.00,$0.00,$0.00,$0.00,0.00%,0,0.00%,$0.00,0.00%,0,0.00%,$0.00,0.00%,0,0.00%,$0.00,0.00%,0,0.00%,$0.00,0.00%,$0.00,$0.20,$0.00,$0.00,$0.00,$0.00,0.00%,$0.00,0.00%,$0.00,0.00%,$0.20,0.00%,$-0.20,0.00%
"58 - NR2_RM_58_NET_ESQ_PrimeSmartSolutionsLLC_3931_65K",1,"Ford Mustang Electric Bike Blue","DP1 V3",Visa,Sunday,401154,1,1,100.00%,0,0.00%,1,1,100.00%,0,0.00%,1,0,$0.00,1,0.00%,0,0,$0.00,0,0.00%,0,0,0,$0.00,$0.00,$0.00,$0.00,$0.00,$0.00,$0.00,$0.00,$0.00,$0.00,0.00%,0,0.00%,$0.00,0.00%,0,0.00%,$0.00,0.00%,0,0.00%,$0.00,0.00%,0,0.00%,$0.00,0.00%,$0.00,$0.20,$0.00,$0.00,$0.00,$0.00,0.00%,$0.00,0.00%,$0.00,0.00%,$0.20,0.00%,$-0.20,0.00%
"58 - NR2_RM_58_NET_ESQ_PrimeSmartSolutionsLLC_3931_65K",1,"Ford Mustang Electric Bike Blue","DP1 V3",Visa,Sunday,434769,1,0,0.00%,1,100.00%,1,0,0.00%,1,100.00%,1,1,$12.89,0,100.00%,0,0,$0.00,0,0.00%,1,1,1,$12.89,$0.00,$0.00,$12.89,$0.00,$0.00,$12.89,$0.00,$12.89,$12.89,100.00%,0,0.00%,$0.00,0.00%,0,0.00%,$0.00,0.00%,0,0.00%,$0.00,0.00%,1,100.00%,$12.89,100.00%,$0.00,$0.84,$0.00,$0.00,$0.00,$0.00,0.00%,$0.00,0.00%,$0.00,0.00%,$0.84,6.52%,$-0.84,-6.52%
"58 - NR2_RM_58_NET_ESQ_PrimeSmartSolutionsLLC_3931_65K",1,"Ford Mustang Electric Bike Yellow","DP1 V3",Visa,Sunday,423223,1,1,100.00%,0,0.00%,1,1,100.00%,0,0.00%,1,0,$0.00,1,0.00%,0,0,$0.00,0,0.00%,0,0,0,$0.00,$0.00,$0.00,$0.00,$0.00,$0.00,$0.00,$0.00,$0.00,$0.00,0.00%,0,0.00%,$0.00,0.00%,0,0.00%,$0.00,0.00%,0,0.00%,$0.00,0.00%,0,0.00%,$0.00,0.00%,$0.00,$0.20,$0.00,$0.00,$0.00,$0.00,0.00%,$0.00,0.00%,$0.00,0.00%,$0.20,0.00%,$-0.20,0.00%
"58 - NR2_RM_58_NET_ESQ_PrimeSmartSolutionsLLC_3931_65K",1,"Milwaukee - Armourtred S7S High-Cut Boots","DP1 V3",Visa,Sunday,486796,1,0,0.00%,1,100.00%,1,0,0.00%,1,100.00%,1,1,$12.89,0,100.00%,0,0,$0.00,0,0.00%,1,1,1,$12.89,$0.00,$0.00,$12.89,$0.00,$0.00,$12.89,$0.00,$12.89,$0.00,0.00%,0,0.00%,$0.00,0.00%,0,0.00%,$0.00,0.00%,0,0.00%,$0.00,0.00%,0,0.00%,$0.00,0.00%,$12.89,$0.84,$0.00,$0.00,$0.00,$0.00,0.00%,$0.00,0.00%,$0.00,0.00%,$0.84,6.52%,$12.05,93.48%
"58 - NR2_RM_58_NET_ESQ_PrimeSmartSolutionsLLC_3931_65K",1,"Omaha Steaks Meat Box","DP1 V3",Mastercard,Sunday,521333,1,0,0.00%,1,100.00%,1,0,0.00%,1,100.00%,1,1,$12.89,0,100.00%,0,0,$0.00,0,0.00%,1,1,1,$12.89,$0.00,$0.00,$12.89,$0.00,$0.00,$12.89,$0.00,$12.89,$0.00,0.00%,0,0.00%,$0.00,0.00%,0,0.00%,$0.00,0.00%,0,0.00%,$0.00,0.00%,0,0.00%,$0.00,0.00%,$12.89,$0.84,$0.00,$0.00,$0.00,$0.00,0.00%,$0.00,0.00%,$0.00,0.00%,$0.84,6.52%,$12.05,93.48%
"58 - NR2_RM_58_NET_ESQ_PrimeSmartSolutionsLLC_3931_65K",1,"Omaha Steaks Meat Box","DP1 V3",Mastercard,Sunday,532211,1,1,100.00%,0,0.00%,1,1,100.00%,0,0.00%,1,0,$0.00,1,0.00%,0,0,$0.00,0,0.00%,0,0,0,$0.00,$0.00,$0.00,$0.00,$0.00,$0.00,$0.00,$0.00,$0.00,$0.00,0.00%,0,0.00%,$0.00,0.00%,0,0.00%,$0.00,0.00%,0,0.00%,$0.00,0.00%,0,0.00%,$0.00,0.00%,$0.00,$0.20,$0.00,$0.00,$0.00,$0.00,0.00%,$0.00,0.00%,$0.00,0.00%,$0.20,0.00%,$-0.20,0.00%
"58 - NR2_RM_58_NET_ESQ_PrimeSmartSolutionsLLC_3931_65K",1,"Omaha Steaks Meat Box","DP1 V3",Visa,Sunday,490814,1,0,0.00%,1,100.00%,1,0,0.00%,1,100.00%,1,1,$12.89,0,100.00%,0,0,$0.00,0,0.00%,1,1,1,$12.89,$0.00,$0.00,$12.89,$0.00,$0.00,$12.89,$0.00,$12.89,$0.00,0.00%,0,0.00%,$0.00,0.00%,0,0.00%,$0.00,0.00%,0,0.00%,$0.00,0.00%,0,0.00%,$0.00,0.00%,$12.89,$0.84,$0.00,$0.00,$0.00,$0.00,0.00%,$0.00,0.00%,$0.00,0.00%,$0.84,6.52%,$12.05,93.48%
"59 - RM_59_PRIOR_SYN_DiamondSphereLLC_2940_75K",1,"5 Domestic flights","DP1 V3",Mastercard,Sunday,524038,1,1,100.00%,0,0.00%,1,1,100.00%,0,0.00%,1,0,$0.00,1,0.00%,0,0,$0.00,0,0.00%,0,0,0,$0.00,$0.00,$0.00,$0.00,$0.00,$0.00,$0.00,$0.00,$0.00,$0.00,0.00%,0,0.00%,$0.00,0.00%,0,0.00%,$0.00,0.00%,0,0.00%,$0.00,0.00%,0,0.00%,$0.00,0.00%,$0.00,$0.20,$0.00,$0.00,$0.00,$0.00,0.00%,$0.00,0.00%,$0.00,0.00%,$0.20,0.00%,$-0.20,0.00%
"59 - RM_59_PRIOR_SYN_DiamondSphereLLC_2940_75K",1,"Armourtred S7S High-Cut Boots","DP1 V3",Mastercard,Sunday,514377,1,1,100.00%,0,0.00%,1,1,100.00%,0,0.00%,1,0,$0.00,1,0.00%,0,0,$0.00,0,0.00%,0,0,0,$0.00,$0.00,$0.00,$0.00,$0.00,$0.00,$0.00,$0.00,$0.00,$0.00,0.00%,0,0.00%,$0.00,0.00%,0,0.00%,$0.00,0.00%,0,0.00%,$0.00,0.00%,0,0.00%,$0.00,0.00%,$0.00,$0.20,$0.00,$0.00,$0.00,$0.00,0.00%,$0.00,0.00%,$0.00,0.00%,$0.20,0.00%,$-0.20,0.00%
"59 - RM_59_PRIOR_SYN_DiamondSphereLLC_2940_75K",1,"Ford Mustang Electric Bike Blue","DP1 V3",Mastercard,Sunday,227406,1,1,100.00%,0,0.00%,1,1,100.00%,0,0.00%,1,0,$0.00,1,0.00%,0,0,$0.00,0,0.00%,0,0,0,$0.00,$0.00,$0.00,$0.00,$0.00,$0.00,$0.00,$0.00,$0.00,$0.00,0.00%,0,0.00%,$0.00,0.00%,0,0.00%,$0.00,0.00%,0,0.00%,$0.00,0.00%,0,0.00%,$0.00,0.00%,$0.00,$0.20,$0.00,$0.00,$0.00,$0.00,0.00%,$0.00,0.00%,$0.00,0.00%,$0.20,0.00%,$-0.20,0.00%
"59 - RM_59_PRIOR_SYN_DiamondSphereLLC_2940_75K",1,"Ford Mustang Electric Bike Blue","DP1 V3",Mastercard,Sunday,527854,1,1,100.00%,0,0.00%,1,1,100.00%,0,0.00%,1,0,$0.00,1,0.00%,0,0,$0.00,0,0.00%,0,0,0,$0.00,$0.00,$0.00,$0.00,$0.00,$0.00,$0.00,$0.00,$0.00,$0.00,0.00%,0,0.00%,$0.00,0.00%,0,0.00%,$0.00,0.00%,0,0.00%,$0.00,0.00%,0,0.00%,$0.00,0.00%,$0.00,$0.20,$0.00,$0.00,$0.00,$0.00,0.00%,$0.00,0.00%,$0.00,0.00%,$0.20,0.00%,$-0.20,0.00%
"59 - RM_59_PRIOR_SYN_DiamondSphereLLC_2940_75K",1,"Ford Mustang Electric Bike Blue","DP1 V3",Visa,Sunday,427088,1,1,100.00%,0,0.00%,1,1,100.00%,0,0.00%,1,0,$0.00,1,0.00%,0,0,$0.00,0,0.00%,0,0,0,$0.00,$0.00,$0.00,$0.00,$0.00,$0.00,$0.00,$0.00,$0.00,$0.00,0.00%,0,0.00%,$0.00,0.00%,0,0.00%,$0.00,0.00%,0,0.00%,$0.00,0.00%,0,0.00%,$0.00,0.00%,$0.00,$0.20,$0.00,$0.00,$0.00,$0.00,0.00%,$0.00,0.00%,$0.00,0.00%,$0.20,0.00%,$-0.20,0.00%
"59 - RM_59_PRIOR_SYN_DiamondSphereLLC_2940_75K",1,"Ford Mustang Electric Bike Blue","DP1 V3",Visa,Sunday,438811,1,0,0.00%,1,100.00%,1,0,0.00%,1,100.00%,1,1,$12.89,0,100.00%,0,0,$0.00,0,0.00%,1,1,1,$12.89,$0.00,$0.00,$12.89,$0.00,$0.00,$12.89,$0.00,$12.89,$0.00,0.00%,0,0.00%,$0.00,0.00%,0,0.00%,$0.00,0.00%,0,0.00%,$0.00,0.00%,0,0.00%,$0.00,0.00%,$12.89,$0.84,$0.00,$0.00,$0.00,$0.00,0.00%,$0.00,0.00%,$0.00,0.00%,$0.84,6.52%,$12.05,93.48%
"59 - RM_59_PRIOR_SYN_DiamondSphereLLC_2940_75K",1,"Ford Mustang Electric Bike Yellow","DP1 V3",Visa,Sunday,431196,1,1,100.00%,0,0.00%,1,1,100.00%,0,0.00%,1,0,$0.00,1,0.00%,0,0,$0.00,0,0.00%,0,0,0,$0.00,$0.00,$0.00,$0.00,$0.00,$0.00,$0.00,$0.00,$0.00,$0.00,0.00%,0,0.00%,$0.00,0.00%,0,0.00%,$0.00,0.00%,0,0.00%,$0.00,0.00%,0,0.00%,$0.00,0.00%,$0.00,$0.20,$0.00,$0.00,$0.00,$0.00,0.00%,$0.00,0.00%,$0.00,0.00%,$0.20,0.00%,$-0.20,0.00%
"59 - RM_59_PRIOR_SYN_DiamondSphereLLC_2940_75K",1,"Omaha Steaks Meat Box","DP1 V3",Mastercard,Sunday,514377,1,1,100.00%,0,0.00%,1,1,100.00%,0,0.00%,1,0,$0.00,1,0.00%,0,0,$0.00,0,0.00%,0,0,0,$0.00,$0.00,$0.00,$0.00,$0.00,$0.00,$0.00,$0.00,$0.00,$0.00,0.00%,0,0.00%,$0.00,0.00%,0,0.00%,$0.00,0.00%,0,0.00%,$0.00,0.00%,0,0.00%,$0.00,0.00%,$0.00,$0.20,$0.00,$0.00,$0.00,$0.00,0.00%,$0.00,0.00%,$0.00,0.00%,$0.20,0.00%,$-0.20,0.00%
"59 - RM_59_PRIOR_SYN_DiamondSphereLLC_2940_75K",1,"Omaha Steaks Meat Box","DP1 V3",Mastercard,Sunday,519457,1,0,0.00%,1,100.00%,1,0,0.00%,1,100.00%,1,1,$12.89,0,100.00%,0,0,$0.00,0,0.00%,1,1,1,$12.89,$0.00,$0.00,$12.89,$0.00,$0.00,$12.89,$0.00,$12.89,$0.00,0.00%,0,0.00%,$0.00,0.00%,0,0.00%,$0.00,0.00%,0,0.00%,$0.00,0.00%,0,0.00%,$0.00,0.00%,$12.89,$0.84,$0.00,$0.00,$0.00,$0.00,0.00%,$0.00,0.00%,$0.00,0.00%,$0.84,6.52%,$12.05,93.48%
"59 - RM_59_PRIOR_SYN_DiamondSphereLLC_2940_75K",1,"Omaha Steaks Meat Box","DP1 V3",Visa,Sunday,414720,1,1,100.00%,0,0.00%,1,1,100.00%,0,0.00%,1,0,$0.00,1,0.00%,0,0,$0.00,0,0.00%,0,0,0,$0.00,$0.00,$0.00,$0.00,$0.00,$0.00,$0.00,$0.00,$0.00,$0.00,0.00%,0,0.00%,$0.00,0.00%,0,0.00%,$0.00,0.00%,0,0.00%,$0.00,0.00%,0,0.00%,$0.00,0.00%,$0.00,$0.20,$0.00,$0.00,$0.00,$0.00,0.00%,$0.00,0.00%,$0.00,0.00%,$0.20,0.00%,$-0.20,0.00%
"59 - RM_59_PRIOR_SYN_DiamondSphereLLC_2940_75K",1,"Omaha Steaks Meat Box","DP1 V3",Visa,Sunday,418539,1,0,0.00%,1,100.00%,1,0,0.00%,1,100.00%,1,1,$12.89,0,100.00%,0,0,$0.00,0,0.00%,1,1,1,$12.89,$0.00,$0.00,$12.89,$0.00,$0.00,$12.89,$0.00,$12.89,$0.00,0.00%,0,0.00%,$0.00,0.00%,0,0.00%,$0.00,0.00%,0,0.00%,$0.00,0.00%,0,0.00%,$0.00,0.00%,$12.89,$0.84,$0.00,$0.00,$0.00,$0.00,0.00%,$0.00,0.00%,$0.00,0.00%,$0.84,6.52%,$12.05,93.48%
"59 - RM_59_PRIOR_SYN_DiamondSphereLLC_2940_75K",1,"Omaha Steaks Meat Box","DP1 V3",Visa,Sunday,423223,1,1,100.00%,0,0.00%,1,1,100.00%,0,0.00%,1,0,$0.00,1,0.00%,0,0,$0.00,0,0.00%,0,0,0,$0.00,$0.00,$0.00,$0.00,$0.00,$0.00,$0.00,$0.00,$0.00,$0.00,0.00%,0,0.00%,$0.00,0.00%,0,0.00%,$0.00,0.00%,0,0.00%,$0.00,0.00%,0,0.00%,$0.00,0.00%,$0.00,$0.20,$0.00,$0.00,$0.00,$0.00,0.00%,$0.00,0.00%,$0.00,0.00%,$0.20,0.00%,$-0.20,0.00%
"59 - RM_59_PRIOR_SYN_DiamondSphereLLC_2940_75K",1,"Titleist Scotty Cameron Phantom 5 Putter","DP1 V3",Visa,Sunday,423827,1,1,100.00%,0,0.00%,1,1,100.00%,0,0.00%,1,0,$0.00,1,0.00%,0,0,$0.00,0,0.00%,0,0,0,$0.00,$0.00,$0.00,$0.00,$0.00,$0.00,$0.00,$0.00,$0.00,$0.00,0.00%,0,0.00%,$0.00,0.00%,0,0.00%,$0.00,0.00%,0,0.00%,$0.00,0.00%,0,0.00%,$0.00,0.00%,$0.00,$0.20,$0.00,$0.00,$0.00,$0.00,0.00%,$0.00,0.00%,$0.00,0.00%,$0.20,0.00%,$-0.20,0.00%
"60 - N2R2_RM_60_PRIOR_SYN_DiamondSphereLLC_0921_75K",1,"5 Domestic flights","DP1 V3",Mastercard,Sunday,514377,1,0,0.00%,1,100.00%,1,0,0.00%,1,100.00%,1,1,$12.89,0,100.00%,0,0,$0.00,0,0.00%,1,1,1,$12.89,$0.00,$0.00,$12.89,$0.00,$0.00,$12.89,$0.00,$12.89,$0.00,0.00%,0,0.00%,$0.00,0.00%,0,0.00%,$0.00,0.00%,0,0.00%,$0.00,0.00%,0,0.00%,$0.00,0.00%,$12.89,$0.84,$0.00,$0.00,$0.00,$0.00,0.00%,$0.00,0.00%,$0.00,0.00%,$0.84,6.52%,$12.05,93.48%
"60 - N2R2_RM_60_PRIOR_SYN_DiamondSphereLLC_0921_75K",1,"Armourtred S7S High-Cut Boots","DP1 V3",Visa,Sunday,423223,1,1,100.00%,0,0.00%,1,1,100.00%,0,0.00%,1,0,$0.00,1,0.00%,0,0,$0.00,0,0.00%,0,0,0,$0.00,$0.00,$0.00,$0.00,$0.00,$0.00,$0.00,$0.00,$0.00,$0.00,0.00%,0,0.00%,$0.00,0.00%,0,0.00%,$0.00,0.00%,0,0.00%,$0.00,0.00%,0,0.00%,$0.00,0.00%,$0.00,$0.20,$0.00,$0.00,$0.00,$0.00,0.00%,$0.00,0.00%,$0.00,0.00%,$0.20,0.00%,$-0.20,0.00%
"60 - N2R2_RM_60_PRIOR_SYN_DiamondSphereLLC_0921_75K",1,"Ford Mustang Electric Bike Blue","DP1 V3",Visa,Sunday,400022,1,1,100.00%,0,0.00%,1,1,100.00%,0,0.00%,1,0,$0.00,1,0.00%,0,0,$0.00,0,0.00%,0,0,0,$0.00,$0.00,$0.00,$0.00,$0.00,$0.00,$0.00,$0.00,$0.00,$0.00,0.00%,0,0.00%,$0.00,0.00%,0,0.00%,$0.00,0.00%,0,0.00%,$0.00,0.00%,0,0.00%,$0.00,0.00%,$0.00,$0.20,$0.00,$0.00,$0.00,$0.00,0.00%,$0.00,0.00%,$0.00,0.00%,$0.20,0.00%,$-0.20,0.00%
"60 - N2R2_RM_60_PRIOR_SYN_DiamondSphereLLC_0921_75K",1,"Ford Mustang Electric Bike Blue","DP1 V3",Visa,Sunday,424631,1,1,100.00%,0,0.00%,1,1,100.00%,0,0.00%,1,0,$0.00,1,0.00%,0,0,$0.00,0,0.00%,0,0,0,$0.00,$0.00,$0.00,$0.00,$0.00,$0.00,$0.00,$0.00,$0.00,$0.00,0.00%,0,0.00%,$0.00,0.00%,0,0.00%,$0.00,0.00%,0,0.00%,$0.00,0.00%,0,0.00%,$0.00,0.00%,$0.00,$0.20,$0.00,$0.00,$0.00,$0.00,0.00%,$0.00,0.00%,$0.00,0.00%,$0.20,0.00%,$-0.20,0.00%
"60 - N2R2_RM_60_PRIOR_SYN_DiamondSphereLLC_0921_75K",1,"Ford Mustang Electric Bike Blue","DP1 V3",Visa,Sunday,445203,1,1,100.00%,0,0.00%,1,1,100.00%,0,0.00%,1,0,$0.00,1,0.00%,0,0,$0.00,0,0.00%,0,0,0,$0.00,$0.00,$0.00,$0.00,$0.00,$0.00,$0.00,$0.00,$0.00,$0.00,0.00%,0,0.00%,$0.00,0.00%,0,0.00%,$0.00,0.00%,0,0.00%,$0.00,0.00%,0,0.00%,$0.00,0.00%,$0.00,$0.20,$0.00,$0.00,$0.00,$0.00,0.00%,$0.00,0.00%,$0.00,0.00%,$0.20,0.00%,$-0.20,0.00%
"60 - N2R2_RM_60_PRIOR_SYN_DiamondSphereLLC_0921_75K",1,"Ford Mustang Electric Bike Blue","DP1 V3",Visa,Sunday,473703,1,1,100.00%,0,0.00%,1,1,100.00%,0,0.00%,1,0,$0.00,1,0.00%,0,0,$0.00,0,0.00%,0,0,0,$0.00,$0.00,$0.00,$0.00,$0.00,$0.00,$0.00,$0.00,$0.00,$0.00,0.00%,0,0.00%,$0.00,0.00%,0,0.00%,$0.00,0.00%,0,0.00%,$0.00,0.00%,0,0.00%,$0.00,0.00%,$0.00,$0.20,$0.00,$0.00,$0.00,$0.00,0.00%,$0.00,0.00%,$0.00,0.00%,$0.20,0.00%,$-0.20,0.00%
"60 - N2R2_RM_60_PRIOR_SYN_DiamondSphereLLC_0921_75K",1,"Ford Mustang Electric Bike Yellow","DP1 V3",Mastercard,Sunday,514759,1,1,100.00%,0,0.00%,1,1,100.00%,0,0.00%,1,0,$0.00,1,0.00%,0,0,$0.00,0,0.00%,0,0,0,$0.00,$0.00,$0.00,$0.00,$0.00,$0.00,$0.00,$0.00,$0.00,$0.00,0.00%,0,0.00%,$0.00,0.00%,0,0.00%,$0.00,0.00%,0,0.00%,$0.00,0.00%,0,0.00%,$0.00,0.00%,$0.00,$0.20,$0.00,$0.00,$0.00,$0.00,0.00%,$0.00,0.00%,$0.00,0.00%,$0.20,0.00%,$-0.20,0.00%
"60 - N2R2_RM_60_PRIOR_SYN_DiamondSphereLLC_0921_75K",1,"Ford Mustang Electric Bike Yellow","DP1 V3",Mastercard,Sunday,528749,1,0,0.00%,1,100.00%,1,0,0.00%,1,100.00%,1,1,$12.89,0,100.00%,0,0,$0.00,0,0.00%,1,1,1,$12.89,$0.00,$0.00,$12.89,$0.00,$0.00,$12.89,$0.00,$12.89,$0.00,0.00%,0,0.00%,$0.00,0.00%,0,0.00%,$0.00,0.00%,0,0.00%,$0.00,0.00%,0,0.00%,$0.00,0.00%,$12.89,$0.84,$0.00,$0.00,$0.00,$0.00,0.00%,$0.00,0.00%,$0.00,0.00%,$0.84,6.52%,$12.05,93.48%
"60 - N2R2_RM_60_PRIOR_SYN_DiamondSphereLLC_0921_75K",1,"Ford Mustang Electric Bike Yellow","DP1 V3",Visa,Sunday,414720,1,0,0.00%,1,100.00%,1,0,0.00%,1,100.00%,1,1,$12.89,0,100.00%,0,0,$0.00,0,0.00%,1,1,1,$12.89,$0.00,$0.00,$12.89,$0.00,$0.00,$12.89,$0.00,$12.89,$0.00,0.00%,0,0.00%,$0.00,0.00%,0,0.00%,$0.00,0.00%,0,0.00%,$0.00,0.00%,0,0.00%,$0.00,0.00%,$12.89,$0.84,$0.00,$0.00,$0.00,$0.00,0.00%,$0.00,0.00%,$0.00,0.00%,$0.84,6.52%,$12.05,93.48%
"60 - N2R2_RM_60_PRIOR_SYN_DiamondSphereLLC_0921_75K",1,"Garmin Fish Finder","DP1 V3",Visa,Sunday,449547,1,0,0.00%,1,100.00%,1,0,0.00%,1,100.00%,1,1,$12.89,0,100.00%,0,0,$0.00,0,0.00%,1,1,1,$12.89,$0.00,$0.00,$12.89,$0.00,$0.00,$12.89,$0.00,$12.89,$0.00,0.00%,0,0.00%,$0.00,0.00%,0,0.00%,$0.00,0.00%,0,0.00%,$0.00,0.00%,0,0.00%,$0.00,0.00%,$12.89,$0.84,$0.00,$0.00,$0.00,$0.00,0.00%,$0.00,0.00%,$0.00,0.00%,$0.84,6.52%,$12.05,93.48%
"60 - N2R2_RM_60_PRIOR_SYN_DiamondSphereLLC_0921_75K",1,"Milwaukee - Armourtred S7S High-Cut Boots","DP1 V3",Mastercard,Sunday,515676,1,1,100.00%,0,0.00%,1,1,100.00%,0,0.00%,1,0,$0.00,1,0.00%,0,0,$0.00,0,0.00%,0,0,0,$0.00,$0.00,$0.00,$0.00,$0.00,$0.00,$0.00,$0.00,$0.00,$0.00,0.00%,0,0.00%,$0.00,0.00%,0,0.00%,$0.00,0.00%,0,0.00%,$0.00,0.00%,0,0.00%,$0.00,0.00%,$0.00,$0.20,$0.00,$0.00,$0.00,$0.00,0.00%,$0.00,0.00%,$0.00,0.00%,$0.20,0.00%,$-0.20,0.00%
"60 - N2R2_RM_60_PRIOR_SYN_DiamondSphereLLC_0921_75K",1,"Omaha Steaks Meat Box","DP1 V3",Visa,Sunday,473702,1,1,100.00%,0,0.00%,1,1,100.00%,0,0.00%,1,0,$0.00,1,0.00%,0,0,$0.00,0,0.00%,0,0,0,$0.00,$0.00,$0.00,$0.00,$0.00,$0.00,$0.00,$0.00,$0.00,$0.00,0.00%,0,0.00%,$0.00,0.00%,0,0.00%,$0.00,0.00%,0,0.00%,$0.00,0.00%,0,0.00%,$0.00,0.00%,$0.00,$0.20,$0.00,$0.00,$0.00,$0.00,0.00%,$0.00,0.00%,$0.00,0.00%,$0.20,0.00%,$-0.20,0.00%
"60 - N2R2_RM_60_PRIOR_SYN_DiamondSphereLLC_0921_75K",1,"TaylorMade GT Spider Golf Putter","DP1 V3",Visa,Sunday,435546,1,0,0.00%,1,100.00%,1,0,0.00%,1,100.00%,1,1,$12.89,0,100.00%,0,0,$0.00,0,0.00%,1,1,1,$12.89,$0.00,$0.00,$12.89,$0.00,$0.00,$12.89,$0.00,$12.89,$0.00,0.00%,0,0.00%,$0.00,0.00%,0,0.00%,$0.00,0.00%,0,0.00%,$0.00,0.00%,0,0.00%,$0.00,0.00%,$12.89,$0.84,$0.00,$0.00,$0.00,$0.00,0.00%,$0.00,0.00%,$0.00,0.00%,$0.84,6.52%,$12.05,93.48%
"62 - N2R12_RM_62_NET_ESQ_DiamondSphereLLC_9352_65K",1,"5 Domestic flights","DP1 V3",Visa,Sunday,426498,1,0,0.00%,1,100.00%,1,0,0.00%,1,100.00%,1,1,$12.89,0,100.00%,0,0,$0.00,0,0.00%,1,1,1,$12.89,$0.00,$0.00,$12.89,$0.00,$0.00,$12.89,$0.00,$12.89,$0.00,0.00%,0,0.00%,$0.00,0.00%,0,0.00%,$0.00,0.00%,0,0.00%,$0.00,0.00%,0,0.00%,$0.00,0.00%,$12.89,$0.84,$0.00,$0.00,$0.00,$0.00,0.00%,$0.00,0.00%,$0.00,0.00%,$0.84,6.52%,$12.05,93.48%
"62 - N2R12_RM_62_NET_ESQ_DiamondSphereLLC_9352_65K",1,"5 Domestic flights","DP1 V3",Visa,Sunday,466349,1,0,0.00%,1,100.00%,1,0,0.00%,1,100.00%,1,1,$12.89,0,100.00%,0,0,$0.00,0,0.00%,1,1,1,$12.89,$0.00,$0.00,$12.89,$0.00,$0.00,$12.89,$0.00,$12.89,$0.00,0.00%,0,0.00%,$0.00,0.00%,0,0.00%,$0.00,0.00%,0,0.00%,$0.00,0.00%,0,0.00%,$0.00,0.00%,$12.89,$0.84,$0.00,$0.00,$0.00,$0.00,0.00%,$0.00,0.00%,$0.00,0.00%,$0.84,6.52%,$12.05,93.48%
"62 - N2R12_RM_62_NET_ESQ_DiamondSphereLLC_9352_65K",1,"Armourtred S7S High-Cut Boots","DP1 V3",Mastercard,Sunday,515420,1,0,0.00%,1,100.00%,1,0,0.00%,1,100.00%,1,1,$12.89,0,100.00%,0,0,$0.00,0,0.00%,1,1,1,$12.89,$0.00,$0.00,$12.89,$0.00,$0.00,$12.89,$0.00,$12.89,$0.00,0.00%,0,0.00%,$0.00,0.00%,0,0.00%,$0.00,0.00%,0,0.00%,$0.00,0.00%,0,0.00%,$0.00,0.00%,$12.89,$0.84,$0.00,$0.00,$0.00,$0.00,0.00%,$0.00,0.00%,$0.00,0.00%,$0.84,6.52%,$12.05,93.48%
"62 - N2R12_RM_62_NET_ESQ_DiamondSphereLLC_9352_65K",1,"Armourtred S7S High-Cut Boots","DP1 V3",Mastercard,Sunday,544303,1,1,100.00%,0,0.00%,1,1,100.00%,0,0.00%,1,0,$0.00,1,0.00%,0,0,$0.00,0,0.00%,0,0,0,$0.00,$0.00,$0.00,$0.00,$0.00,$0.00,$0.00,$0.00,$0.00,$0.00,0.00%,0,0.00%,$0.00,0.00%,0,0.00%,$0.00,0.00%,0,0.00%,$0.00,0.00%,0,0.00%,$0.00,0.00%,$0.00,$0.20,$0.00,$0.00,$0.00,$0.00,0.00%,$0.00,0.00%,$0.00,0.00%,$0.20,0.00%,$-0.20,0.00%
"62 - N2R12_RM_62_NET_ESQ_DiamondSphereLLC_9352_65K",1,"Ford Mustang Electric Bike Blue","DP1 V3",Mastercard,Sunday,531260,1,1,100.00%,0,0.00%,1,1,100.00%,0,0.00%,1,0,$0.00,1,0.00%,0,0,$0.00,0,0.00%,0,0,0,$0.00,$0.00,$0.00,$0.00,$0.00,$0.00,$0.00,$0.00,$0.00,$0.00,0.00%,0,0.00%,$0.00,0.00%,0,0.00%,$0.00,0.00%,0,0.00%,$0.00,0.00%,0,0.00%,$0.00,0.00%,$0.00,$0.20,$0.00,$0.00,$0.00,$0.00,0.00%,$0.00,0.00%,$0.00,0.00%,$0.20,0.00%,$-0.20,0.00%
"62 - N2R12_RM_62_NET_ESQ_DiamondSphereLLC_9352_65K",1,"Ford Mustang Electric Bike Blue","DP1 V3",Visa,Sunday,415417,1,1,100.00%,0,0.00%,1,1,100.00%,0,0.00%,1,0,$0.00,1,0.00%,0,0,$0.00,0,0.00%,0,0,0,$0.00,$0.00,$0.00,$0.00,$0.00,$0.00,$0.00,$0.00,$0.00,$0.00,0.00%,0,0.00%,$0.00,0.00%,0,0.00%,$0.00,0.00%,0,0.00%,$0.00,0.00%,0,0.00%,$0.00,0.00%,$0.00,$0.20,$0.00,$0.00,$0.00,$0.00,0.00%,$0.00,0.00%,$0.00,0.00%,$0.20,0.00%,$-0.20,0.00%
"62 - N2R12_RM_62_NET_ESQ_DiamondSphereLLC_9352_65K",1,"Ford Mustang Electric Bike Blue","DP1 V3",Visa,Sunday,434258,1,0,0.00%,1,100.00%,1,0,0.00%,1,100.00%,1,1,$12.89,0,100.00%,0,0,$0.00,0,0.00%,1,1,1,$12.89,$0.00,$0.00,$12.89,$0.00,$0.00,$12.89,$0.00,$12.89,$0.00,0.00%,0,0.00%,$0.00,0.00%,0,0.00%,$0.00,0.00%,0,0.00%,$0.00,0.00%,0,0.00%,$0.00,0.00%,$12.89,$0.84,$0.00,$0.00,$0.00,$0.00,0.00%,$0.00,0.00%,$0.00,0.00%,$0.84,6.52%,$12.05,93.48%
"62 - N2R12_RM_62_NET_ESQ_DiamondSphereLLC_9352_65K",1,"Ford Mustang Electric Bike Blue","DP1 V3",Visa,Sunday,470793,1,1,100.00%,0,0.00%,1,1,100.00%,0,0.00%,1,0,$0.00,1,0.00%,0,0,$0.00,0,0.00%,0,0,0,$0.00,$0.00,$0.00,$0.00,$0.00,$0.00,$0.00,$0.00,$0.00,$0.00,0.00%,0,0.00%,$0.00,0.00%,0,0.00%,$0.00,0.00%,0,0.00%,$0.00,0.00%,0,0.00%,$0.00,0.00%,$0.00,$0.20,$0.00,$0.00,$0.00,$0.00,0.00%,$0.00,0.00%,$0.00,0.00%,$0.20,0.00%,$-0.20,0.00%
"62 - N2R12_RM_62_NET_ESQ_DiamondSphereLLC_9352_65K",1,"Ford Mustang Electric Bike Blue","DP1 V3",Visa,Sunday,497487,1,0,0.00%,1,100.00%,1,0,0.00%,1,100.00%,1,1,$12.89,0,100.00%,0,0,$0.00,0,0.00%,1,1,1,$12.89,$0.00,$0.00,$12.89,$0.00,$0.00,$12.89,$0.00,$12.89,$0.00,0.00%,0,0.00%,$0.00,0.00%,0,0.00%,$0.00,0.00%,0,0.00%,$0.00,0.00%,0,0.00%,$0.00,0.00%,$12.89,$0.84,$0.00,$0.00,$0.00,$0.00,0.00%,$0.00,0.00%,$0.00,0.00%,$0.84,6.52%,$12.05,93.48%
"62 - N2R12_RM_62_NET_ESQ_DiamondSphereLLC_9352_65K",1,"Ford Mustang Electric Bike Yellow","DP1 V3",Visa,Sunday,431503,1,1,100.00%,0,0.00%,1,1,100.00%,0,0.00%,1,0,$0.00,1,0.00%,0,0,$0.00,0,0.00%,0,0,0,$0.00,$0.00,$0.00,$0.00,$0.00,$0.00,$0.00,$0.00,$0.00,$0.00,0.00%,0,0.00%,$0.00,0.00%,0,0.00%,$0.00,0.00%,0,0.00%,$0.00,0.00%,0,0.00%,$0.00,0.00%,$0.00,$0.20,$0.00,$0.00,$0.00,$0.00,0.00%,$0.00,0.00%,$0.00,0.00%,$0.20,0.00%,$-0.20,0.00%
"62 - N2R12_RM_62_NET_ESQ_DiamondSphereLLC_9352_65K",1,"Ford Mustang Electric Bike Yellow","DP1 V3",Visa,Sunday,473702,1,1,100.00%,0,0.00%,1,1,100.00%,0,0.00%,1,0,$0.00,1,0.00%,0,0,$0.00,0,0.00%,0,0,0,$0.00,$0.00,$0.00,$0.00,$0.00,$0.00,$0.00,$0.00,$0.00,$0.00,0.00%,0,0.00%,$0.00,0.00%,0,0.00%,$0.00,0.00%,0,0.00%,$0.00,0.00%,0,0.00%,$0.00,0.00%,$0.00,$0.20,$0.00,$0.00,$0.00,$0.00,0.00%,$0.00,0.00%,$0.00,0.00%,$0.20,0.00%,$-0.20,0.00%
"62 - N2R12_RM_62_NET_ESQ_DiamondSphereLLC_9352_65K",1,"Garmin - ECHOMAP Fish Finder","DP1 V3",Visa,Sunday,498563,1,0,0.00%,1,100.00%,1,0,0.00%,1,100.00%,1,1,$12.89,0,100.00%,0,0,$0.00,0,0.00%,1,1,1,$12.89,$0.00,$0.00,$12.89,$0.00,$0.00,$12.89,$0.00,$12.89,$0.00,0.00%,0,0.00%,$0.00,0.00%,0,0.00%,$0.00,0.00%,0,0.00%,$0.00,0.00%,0,0.00%,$0.00,0.00%,$12.89,$0.84,$0.00,$0.00,$0.00,$0.00,0.00%,$0.00,0.00%,$0.00,0.00%,$0.84,6.52%,$12.05,93.48%
"62 - N2R12_RM_62_NET_ESQ_DiamondSphereLLC_9352_65K",1,"John Deere Merchandise Set","DP1 V3",Mastercard,Sunday,515676,1,1,100.00%,0,0.00%,1,1,100.00%,0,0.00%,1,0,$0.00,1,0.00%,0,0,$0.00,0,0.00%,0,0,0,$0.00,$0.00,$0.00,$0.00,$0.00,$0.00,$0.00,$0.00,$0.00,$0.00,0.00%,0,0.00%,$0.00,0.00%,0,0.00%,$0.00,0.00%,0,0.00%,$0.00,0.00%,0,0.00%,$0.00,0.00%,$0.00,$0.20,$0.00,$0.00,$0.00,$0.00,0.00%,$0.00,0.00%,$0.00,0.00%,$0.20,0.00%,$-0.20,0.00%
"63 - NR2_RM_63_NET_ESQ_DiamondSphereLLC_9345_45K",1,"Armourtred S7S High-Cut Boots","DP1 V3",Mastercard,Sunday,514377,1,1,100.00%,0,0.00%,1,1,100.00%,0,0.00%,1,0,$0.00,1,0.00%,0,0,$0.00,0,0.00%,0,0,0,$0.00,$0.00,$0.00,$0.00,$0.00,$0.00,$0.00,$0.00,$0.00,$0.00,0.00%,0,0.00%,$0.00,0.00%,0,0.00%,$0.00,0.00%,0,0.00%,$0.00,0.00%,0,0.00%,$0.00,0.00%,$0.00,$0.20,$0.00,$0.00,$0.00,$0.00,0.00%,$0.00,0.00%,$0.00,0.00%,$0.20,0.00%,$-0.20,0.00%
"63 - NR2_RM_63_NET_ESQ_DiamondSphereLLC_9345_45K",1,"Armourtred S7S High-Cut Boots","DP1 V3",Mastercard,Sunday,517800,1,1,100.00%,0,0.00%,1,1,100.00%,0,0.00%,1,0,$0.00,1,0.00%,0,0,$0.00,0,0.00%,0,0,0,$0.00,$0.00,$0.00,$0.00,$0.00,$0.00,$0.00,$0.00,$0.00,$0.00,0.00%,0,0.00%,$0.00,0.00%,0,0.00%,$0.00,0.00%,0,0.00%,$0.00,0.00%,0,0.00%,$0.00,0.00%,$0.00,$0.20,$0.00,$0.00,$0.00,$0.00,0.00%,$0.00,0.00%,$0.00,0.00%,$0.20,0.00%,$-0.20,0.00%
"63 - NR2_RM_63_NET_ESQ_DiamondSphereLLC_9345_45K",1,"Armourtred S7S High-Cut Boots","DP1 V3",Visa,Sunday,443390,1,1,100.00%,0,0.00%,1,1,100.00%,0,0.00%,1,0,$0.00,1,0.00%,0,0,$0.00,0,0.00%,0,0,0,$0.00,$0.00,$0.00,$0.00,$0.00,$0.00,$0.00,$0.00,$0.00,$0.00,0.00%,0,0.00%,$0.00,0.00%,0,0.00%,$0.00,0.00%,0,0.00%,$0.00,0.00%,0,0.00%,$0.00,0.00%,$0.00,$0.20,$0.00,$0.00,$0.00,$0.00,0.00%,$0.00,0.00%,$0.00,0.00%,$0.20,0.00%,$-0.20,0.00%
"63 - NR2_RM_63_NET_ESQ_DiamondSphereLLC_9345_45K",1,"Ford Mustang Electric Bike Blue","DP1 V3",Mastercard,Sunday,559591,1,0,0.00%,1,100.00%,1,0,0.00%,1,100.00%,1,1,$12.89,0,100.00%,0,0,$0.00,0,0.00%,1,1,1,$12.89,$0.00,$0.00,$12.89,$0.00,$0.00,$12.89,$0.00,$12.89,$12.89,100.00%,0,0.00%,$0.00,0.00%,0,0.00%,$0.00,0.00%,0,0.00%,$0.00,0.00%,1,100.00%,$12.89,100.00%,$0.00,$0.84,$0.00,$0.00,$0.00,$0.00,0.00%,$0.00,0.00%,$0.00,0.00%,$0.84,6.52%,$-0.84,-6.52%
"63 - NR2_RM_63_NET_ESQ_DiamondSphereLLC_9345_45K",1,"Ford Mustang Electric Bike Blue","DP1 V3",Visa,Sunday,400022,1,1,100.00%,0,0.00%,1,1,100.00%,0,0.00%,1,0,$0.00,1,0.00%,0,0,$0.00,0,0.00%,0,0,0,$0.00,$0.00,$0.00,$0.00,$0.00,$0.00,$0.00,$0.00,$0.00,$0.00,0.00%,0,0.00%,$0.00,0.00%,0,0.00%,$0.00,0.00%,0,0.00%,$0.00,0.00%,0,0.00%,$0.00,0.00%,$0.00,$0.20,$0.00,$0.00,$0.00,$0.00,0.00%,$0.00,0.00%,$0.00,0.00%,$0.20,0.00%,$-0.20,0.00%
"63 - NR2_RM_63_NET_ESQ_DiamondSphereLLC_9345_45K",1,"Ford Mustang Electric Bike Blue","DP1 V3",Visa,Sunday,402347,1,1,100.00%,0,0.00%,1,1,100.00%,0,0.00%,1,0,$0.00,1,0.00%,0,0,$0.00,0,0.00%,0,0,0,$0.00,$0.00,$0.00,$0.00,$0.00,$0.00,$0.00,$0.00,$0.00,$0.00,0.00%,0,0.00%,$0.00,0.00%,0,0.00%,$0.00,0.00%,0,0.00%,$0.00,0.00%,0,0.00%,$0.00,0.00%,$0.00,$0.20,$0.00,$0.00,$0.00,$0.00,0.00%,$0.00,0.00%,$0.00,0.00%,$0.20,0.00%,$-0.20,0.00%
"63 - NR2_RM_63_NET_ESQ_DiamondSphereLLC_9345_45K",1,"Ford Mustang Electric Bike Blue","DP1 V3",Visa,Sunday,434769,1,1,100.00%,0,0.00%,1,1,100.00%,0,0.00%,1,0,$0.00,1,0.00%,0,0,$0.00,0,0.00%,0,0,0,$0.00,$0.00,$0.00,$0.00,$0.00,$0.00,$0.00,$0.00,$0.00,$0.00,0.00%,0,0.00%,$0.00,0.00%,0,0.00%,$0.00,0.00%,0,0.00%,$0.00,0.00%,0,0.00%,$0.00,0.00%,$0.00,$0.20,$0.00,$0.00,$0.00,$0.00,0.00%,$0.00,0.00%,$0.00,0.00%,$0.20,0.00%,$-0.20,0.00%
"63 - NR2_RM_63_NET_ESQ_DiamondSphereLLC_9345_45K",1,"Ford Mustang Electric Bike Blue","DP1 V3",Visa,Sunday,442756,1,1,100.00%,0,0.00%,1,1,100.00%,0,0.00%,1,0,$0.00,1,0.00%,0,0,$0.00,0,0.00%,0,0,0,$0.00,$0.00,$0.00,$0.00,$0.00,$0.00,$0.00,$0.00,$0.00,$0.00,0.00%,0,0.00%,$0.00,0.00%,0,0.00%,$0.00,0.00%,0,0.00%,$0.00,0.00%,0,0.00%,$0.00,0.00%,$0.00,$0.20,$0.00,$0.00,$0.00,$0.00,0.00%,$0.00,0.00%,$0.00,0.00%,$0.20,0.00%,$-0.20,0.00%
"63 - NR2_RM_63_NET_ESQ_DiamondSphereLLC_9345_45K",1,"Ford Mustang Electric Bike Blue","DP1 V3",Visa,Sunday,445206,1,1,100.00%,0,0.00%,1,1,100.00%,0,0.00%,1,0,$0.00,1,0.00%,0,0,$0.00,0,0.00%,0,0,0,$0.00,$0.00,$0.00,$0.00,$0.00,$0.00,$0.00,$0.00,$0.00,$0.00,0.00%,0,0.00%,$0.00,0.00%,0,0.00%,$0.00,0.00%,0,0.00%,$0.00,0.00%,0,0.00%,$0.00,0.00%,$0.00,$0.20,$0.00,$0.00,$0.00,$0.00,0.00%,$0.00,0.00%,$0.00,0.00%,$0.20,0.00%,$-0.20,0.00%
"63 - NR2_RM_63_NET_ESQ_DiamondSphereLLC_9345_45K",1,"Ford Mustang Electric Bike Blue","DP1 V3",Visa,Sunday,482812,1,1,100.00%,0,0.00%,1,1,100.00%,0,0.00%,1,0,$0.00,1,0.00%,0,0,$0.00,0,0.00%,0,0,0,$0.00,$0.00,$0.00,$0.00,$0.00,$0.00,$0.00,$0.00,$0.00,$0.00,0.00%,0,0.00%,$0.00,0.00%,0,0.00%,$0.00,0.00%,0,0.00%,$0.00,0.00%,0,0.00%,$0.00,0.00%,$0.00,$0.20,$0.00,$0.00,$0.00,$0.00,0.00%,$0.00,0.00%,$0.00,0.00%,$0.20,0.00%,$-0.20,0.00%
"63 - NR2_RM_63_NET_ESQ_DiamondSphereLLC_9345_45K",1,"Ford Mustang Electric Bike Yellow","DP1 V3",Mastercard,Sunday,515985,1,0,0.00%,1,100.00%,1,0,0.00%,1,100.00%,1,1,$12.89,0,100.00%,0,0,$0.00,0,0.00%,1,1,1,$12.89,$0.00,$0.00,$12.89,$0.00,$0.00,$12.89,$0.00,$12.89,$0.00,0.00%,0,0.00%,$0.00,0.00%,0,0.00%,$0.00,0.00%,0,0.00%,$0.00,0.00%,0,0.00%,$0.00,0.00%,$12.89,$0.84,$0.00,$0.00,$0.00,$0.00,0.00%,$0.00,0.00%,$0.00,0.00%,$0.84,6.52%,$12.05,93.48%
"63 - NR2_RM_63_NET_ESQ_DiamondSphereLLC_9345_45K",1,"Ford Mustang Electric Bike Yellow","DP1 V3",Mastercard,Sunday,549170,1,1,100.00%,0,0.00%,1,1,100.00%,0,0.00%,1,0,$0.00,1,0.00%,0,0,$0.00,0,0.00%,0,0,0,$0.00,$0.00,$0.00,$0.00,$0.00,$0.00,$0.00,$0.00,$0.00,$0.00,0.00%,0,0.00%,$0.00,0.00%,0,0.00%,$0.00,0.00%,0,0.00%,$0.00,0.00%,0,0.00%,$0.00,0.00%,$0.00,$0.20,$0.00,$0.00,$0.00,$0.00,0.00%,$0.00,0.00%,$0.00,0.00%,$0.20,0.00%,$-0.20,0.00%
"63 - NR2_RM_63_NET_ESQ_DiamondSphereLLC_9345_45K",1,"Ford Mustang Electric Bike Yellow","DP1 V3",Visa,Sunday,438857,1,0,0.00%,1,100.00%,1,0,0.00%,1,100.00%,1,1,$12.89,0,100.00%,0,0,$0.00,0,0.00%,1,1,1,$12.89,$0.00,$0.00,$12.89,$0.00,$0.00,$12.89,$0.00,$12.89,$0.00,0.00%,0,0.00%,$0.00,0.00%,0,0.00%,$0.00,0.00%,0,0.00%,$0.00,0.00%,0,0.00%,$0.00,0.00%,$12.89,$0.84,$0.00,$0.00,$0.00,$0.00,0.00%,$0.00,0.00%,$0.00,0.00%,$0.84,6.52%,$12.05,93.48%
"63 - NR2_RM_63_NET_ESQ_DiamondSphereLLC_9345_45K",1,"Ford Mustang Electric Bike Yellow","DP1 V3",Visa,Sunday,446542,1,1,100.00%,0,0.00%,1,1,100.00%,0,0.00%,1,0,$0.00,1,0.00%,0,0,$0.00,0,0.00%,0,0,0,$0.00,$0.00,$0.00,$0.00,$0.00,$0.00,$0.00,$0.00,$0.00,$0.00,0.00%,0,0.00%,$0.00,0.00%,0,0.00%,$0.00,0.00%,0,0.00%,$0.00,0.00%,0,0.00%,$0.00,0.00%,$0.00,$0.20,$0.00,$0.00,$0.00,$0.00,0.00%,$0.00,0.00%,$0.00,0.00%,$0.20,0.00%,$-0.20,0.00%
"63 - NR2_RM_63_NET_ESQ_DiamondSphereLLC_9345_45K",1,"Ford Mustang Electric Bike Yellow","DP1 V3",Visa,Sunday,455225,1,0,0.00%,1,100.00%,1,0,0.00%,1,100.00%,1,1,$12.89,0,100.00%,0,0,$0.00,0,0.00%,1,1,1,$12.89,$0.00,$0.00,$12.89,$0.00,$0.00,$12.89,$0.00,$12.89,$0.00,0.00%,0,0.00%,$0.00,0.00%,0,0.00%,$0.00,0.00%,0,0.00%,$0.00,0.00%,0,0.00%,$0.00,0.00%,$12.89,$0.84,$0.00,$0.00,$0.00,$0.00,0.00%,$0.00,0.00%,$0.00,0.00%,$0.84,6.52%,$12.05,93.48%
"63 - NR2_RM_63_NET_ESQ_DiamondSphereLLC_9345_45K",1,"Garmin - ECHOMAP Fish Finder","DP1 V3",Mastercard,Sunday,512230,1,1,100.00%,0,0.00%,1,1,100.00%,0,0.00%,1,0,$0.00,1,0.00%,0,0,$0.00,0,0.00%,0,0,0,$0.00,$0.00,$0.00,$0.00,$0.00,$0.00,$0.00,$0.00,$0.00,$0.00,0.00%,0,0.00%,$0.00,0.00%,0,0.00%,$0.00,0.00%,0,0.00%,$0.00,0.00%,0,0.00%,$0.00,0.00%,$0.00,$0.20,$0.00,$0.00,$0.00,$0.00,0.00%,$0.00,0.00%,$0.00,0.00%,$0.20,0.00%,$-0.20,0.00%
"63 - NR2_RM_63_NET_ESQ_DiamondSphereLLC_9345_45K",1,"John Deere Merchandise Set","DP1 V3",Mastercard,Sunday,542418,1,0,0.00%,1,100.00%,1,0,0.00%,1,100.00%,1,1,$12.89,0,100.00%,0,0,$0.00,0,0.00%,1,1,1,$12.89,$0.00,$0.00,$12.89,$0.00,$0.00,$12.89,$0.00,$12.89,$0.00,0.00%,0,0.00%,$0.00,0.00%,0,0.00%,$0.00,0.00%,0,0.00%,$0.00,0.00%,0,0.00%,$0.00,0.00%,$12.89,$0.84,$0.00,$0.00,$0.00,$0.00,0.00%,$0.00,0.00%,$0.00,0.00%,$0.84,6.52%,$12.05,93.48%
"63 - NR2_RM_63_NET_ESQ_DiamondSphereLLC_9345_45K",1,"John Deere Tailgate Bundle Green","DP1 V3",Mastercard,Sunday,524822,1,1,100.00%,0,0.00%,1,1,100.00%,0,0.00%,1,0,$0.00,1,0.00%,0,0,$0.00,0,0.00%,0,0,0,$0.00,$0.00,$0.00,$0.00,$0.00,$0.00,$0.00,$0.00,$0.00,$0.00,0.00%,0,0.00%,$0.00,0.00%,0,0.00%,$0.00,0.00%,0,0.00%,$0.00,0.00%,0,0.00%,$0.00,0.00%,$0.00,$0.20,$0.00,$0.00,$0.00,$0.00,0.00%,$0.00,0.00%,$0.00,0.00%,$0.20,0.00%,$-0.20,0.00%
"63 - NR2_RM_63_NET_ESQ_DiamondSphereLLC_9345_45K",1,"John Deere Tailgate Bundle Green","DP1 V3",Visa,Sunday,489922,1,0,0.00%,1,100.00%,1,0,0.00%,1,100.00%,1,1,$12.89,0,100.00%,0,0,$0.00,0,0.00%,1,1,1,$12.89,$0.00,$0.00,$12.89,$0.00,$0.00,$12.89,$0.00,$12.89,$0.00,0.00%,0,0.00%,$0.00,0.00%,0,0.00%,$0.00,0.00%,0,0.00%,$0.00,0.00%,0,0.00%,$0.00,0.00%,$12.89,$0.84,$0.00,$0.00,$0.00,$0.00,0.00%,$0.00,0.00%,$0.00,0.00%,$0.84,6.52%,$12.05,93.48%
"63 - NR2_RM_63_NET_ESQ_DiamondSphereLLC_9345_45K",1,"Lab DF3 Golf Putter","DP1 V3",Visa,Sunday,431196,1,0,0.00%,1,100.00%,1,0,0.00%,1,100.00%,1,1,$12.89,0,100.00%,0,0,$0.00,0,0.00%,1,1,1,$12.89,$0.00,$0.00,$12.89,$0.00,$0.00,$12.89,$0.00,$12.89,$0.00,0.00%,0,0.00%,$0.00,0.00%,0,0.00%,$0.00,0.00%,0,0.00%,$0.00,0.00%,0,0.00%,$0.00,0.00%,$12.89,$0.84,$0.00,$0.00,$0.00,$0.00,0.00%,$0.00,0.00%,$0.00,0.00%,$0.84,6.52%,$12.05,93.48%
"63 - NR2_RM_63_NET_ESQ_DiamondSphereLLC_9345_45K",1,"Lab DF3 Golf Putter","DP1 V3",Visa,Sunday,434292,1,1,100.00%,0,0.00%,1,1,100.00%,0,0.00%,1,0,$0.00,1,0.00%,0,0,$0.00,0,0.00%,0,0,0,$0.00,$0.00,$0.00,$0.00,$0.00,$0.00,$0.00,$0.00,$0.00,$0.00,0.00%,0,0.00%,$0.00,0.00%,0,0.00%,$0.00,0.00%,0,0.00%,$0.00,0.00%,0,0.00%,$0.00,0.00%,$0.00,$0.20,$0.00,$0.00,$0.00,$0.00,0.00%,$0.00,0.00%,$0.00,0.00%,$0.20,0.00%,$-0.20,0.00%
"63 - NR2_RM_63_NET_ESQ_DiamondSphereLLC_9345_45K",1,"Milwaukee - Armourtred S7S High-Cut Boots","DP1 V3",Visa,Sunday,439911,1,0,0.00%,1,100.00%,1,0,0.00%,1,100.00%,1,1,$12.89,0,100.00%,0,0,$0.00,0,0.00%,1,1,1,$12.89,$0.00,$0.00,$12.89,$0.00,$0.00,$12.89,$0.00,$12.89,$0.00,0.00%,0,0.00%,$0.00,0.00%,0,0.00%,$0.00,0.00%,0,0.00%,$0.00,0.00%,0,0.00%,$0.00,0.00%,$12.89,$0.84,$0.00,$0.00,$0.00,$0.00,0.00%,$0.00,0.00%,$0.00,0.00%,$0.84,6.52%,$12.05,93.48%
"63 - NR2_RM_63_NET_ESQ_DiamondSphereLLC_9345_45K",1,"Omaha Steaks Meat Box","DP1 V3",Mastercard,Sunday,512172,1,1,100.00%,0,0.00%,1,1,100.00%,0,0.00%,1,0,$0.00,1,0.00%,0,0,$0.00,0,0.00%,0,0,0,$0.00,$0.00,$0.00,$0.00,$0.00,$0.00,$0.00,$0.00,$0.00,$0.00,0.00%,0,0.00%,$0.00,0.00%,0,0.00%,$0.00,0.00%,0,0.00%,$0.00,0.00%,0,0.00%,$0.00,0.00%,$0.00,$0.20,$0.00,$0.00,$0.00,$0.00,0.00%,$0.00,0.00%,$0.00,0.00%,$0.20,0.00%,$-0.20,0.00%
"63 - NR2_RM_63_NET_ESQ_DiamondSphereLLC_9345_45K",1,"Omaha Steaks Meat Box","DP1 V3",Visa,Sunday,421778,1,1,100.00%,0,0.00%,1,1,100.00%,0,0.00%,1,0,$0.00,1,0.00%,0,0,$0.00,0,0.00%,0,0,0,$0.00,$0.00,$0.00,$0.00,$0.00,$0.00,$0.00,$0.00,$0.00,$0.00,0.00%,0,0.00%,$0.00,0.00%,0,0.00%,$0.00,0.00%,0,0.00%,$0.00,0.00%,0,0.00%,$0.00,0.00%,$0.00,$0.20,$0.00,$0.00,$0.00,$0.00,0.00%,$0.00,0.00%,$0.00,0.00%,$0.20,0.00%,$-0.20,0.00%
"63 - NR2_RM_63_NET_ESQ_DiamondSphereLLC_9345_45K",1,"Omaha Steaks Meat Box","DP1 V3",Visa,Sunday,470793,1,1,100.00%,0,0.00%,1,1,100.00%,0,0.00%,1,0,$0.00,1,0.00%,0,0,$0.00,0,0.00%,0,0,0,$0.00,$0.00,$0.00,$0.00,$0.00,$0.00,$0.00,$0.00,$0.00,$0.00,0.00%,0,0.00%,$0.00,0.00%,0,0.00%,$0.00,0.00%,0,0.00%,$0.00,0.00%,0,0.00%,$0.00,0.00%,$0.00,$0.20,$0.00,$0.00,$0.00,$0.00,0.00%,$0.00,0.00%,$0.00,0.00%,$0.20,0.00%,$-0.20,0.00%
"64 - NR2_RM_64_NET_ESQ_DiamondSphereLLC_9337_65K",1,"Armourtred S7S High-Cut Boots","DP1 V3",Visa,Sunday,400177,1,0,0.00%,1,100.00%,1,0,0.00%,1,100.00%,1,1,$12.89,0,100.00%,0,0,$0.00,0,0.00%,1,1,1,$12.89,$0.00,$0.00,$12.89,$0.00,$0.00,$12.89,$0.00,$12.89,$0.00,0.00%,0,0.00%,$0.00,0.00%,0,0.00%,$0.00,0.00%,0,0.00%,$0.00,0.00%,0,0.00%,$0.00,0.00%,$12.89,$0.84,$0.00,$0.00,$0.00,$0.00,0.00%,$0.00,0.00%,$0.00,0.00%,$0.84,6.52%,$12.05,93.48%
"64 - NR2_RM_64_NET_ESQ_DiamondSphereLLC_9337_65K",1,"Dodge Tailgate Bundle","DP1 V3",Mastercard,Sunday,523957,1,0,0.00%,1,100.00%,1,0,0.00%,1,100.00%,1,1,$12.89,0,100.00%,0,0,$0.00,0,0.00%,1,1,1,$12.89,$0.00,$0.00,$12.89,$0.00,$0.00,$12.89,$0.00,$12.89,$0.00,0.00%,0,0.00%,$0.00,0.00%,0,0.00%,$0.00,0.00%,0,0.00%,$0.00,0.00%,0,0.00%,$0.00,0.00%,$12.89,$0.84,$0.00,$0.00,$0.00,$0.00,0.00%,$0.00,0.00%,$0.00,0.00%,$0.84,6.52%,$12.05,93.48%
"64 - NR2_RM_64_NET_ESQ_DiamondSphereLLC_9337_65K",1,"Ford Mustang Electric Bike Blue","DP1 V3",Mastercard,Sunday,540707,1,1,100.00%,0,0.00%,1,1,100.00%,0,0.00%,1,0,$0.00,1,0.00%,0,0,$0.00,0,0.00%,0,0,0,$0.00,$0.00,$0.00,$0.00,$0.00,$0.00,$0.00,$0.00,$0.00,$0.00,0.00%,0,0.00%,$0.00,0.00%,0,0.00%,$0.00,0.00%,0,0.00%,$0.00,0.00%,0,0.00%,$0.00,0.00%,$0.00,$0.20,$0.00,$0.00,$0.00,$0.00,0.00%,$0.00,0.00%,$0.00,0.00%,$0.20,0.00%,$-0.20,0.00%
"64 - NR2_RM_64_NET_ESQ_DiamondSphereLLC_9337_65K",1,"Ford Mustang Electric Bike Blue","DP1 V3",Visa,Sunday,422451,1,1,100.00%,0,0.00%,1,1,100.00%,0,0.00%,1,0,$0.00,1,0.00%,0,0,$0.00,0,0.00%,0,0,0,$0.00,$0.00,$0.00,$0.00,$0.00,$0.00,$0.00,$0.00,$0.00,$0.00,0.00%,0,0.00%,$0.00,0.00%,0,0.00%,$0.00,0.00%,0,0.00%,$0.00,0.00%,0,0.00%,$0.00,0.00%,$0.00,$0.20,$0.00,$0.00,$0.00,$0.00,0.00%,$0.00,0.00%,$0.00,0.00%,$0.20,0.00%,$-0.20,0.00%
"64 - NR2_RM_64_NET_ESQ_DiamondSphereLLC_9337_65K",1,"Ford Mustang Electric Bike Blue","DP1 V3",Visa,Sunday,431196,1,1,100.00%,0,0.00%,1,1,100.00%,0,0.00%,1,0,$0.00,1,0.00%,0,0,$0.00,0,0.00%,0,0,0,$0.00,$0.00,$0.00,$0.00,$0.00,$0.00,$0.00,$0.00,$0.00,$0.00,0.00%,0,0.00%,$0.00,0.00%,0,0.00%,$0.00,0.00%,0,0.00%,$0.00,0.00%,0,0.00%,$0.00,0.00%,$0.00,$0.20,$0.00,$0.00,$0.00,$0.00,0.00%,$0.00,0.00%,$0.00,0.00%,$0.20,0.00%,$-0.20,0.00%
"64 - NR2_RM_64_NET_ESQ_DiamondSphereLLC_9337_65K",1,"Ford Mustang Electric Bike Yellow","DP1 V3",Visa,Sunday,483316,1,0,0.00%,1,100.00%,1,0,0.00%,1,100.00%,1,1,$12.89,0,100.00%,0,0,$0.00,0,0.00%,1,1,1,$12.89,$0.00,$0.00,$12.89,$0.00,$0.00,$12.89,$0.00,$12.89,$12.89,100.00%,0,0.00%,$0.00,0.00%,0,0.00%,$0.00,0.00%,1,100.00%,$12.89,100.00%,0,0.00%,$0.00,0.00%,$0.00,$20.84,$0.00,$0.00,$0.00,$0.00,0.00%,$20.00,155.16%,$0.00,0.00%,$0.84,6.52%,$-20.84,-161.68%
"64 - NR2_RM_64_NET_ESQ_DiamondSphereLLC_9337_65K",1,"John Deere Merchandise Set","DP1 V3",Mastercard,Sunday,532839,1,1,100.00%,0,0.00%,1,1,100.00%,0,0.00%,1,0,$0.00,1,0.00%,0,0,$0.00,0,0.00%,0,0,0,$0.00,$0.00,$0.00,$0.00,$0.00,$0.00,$0.00,$0.00,$0.00,$0.00,0.00%,0,0.00%,$0.00,0.00%,0,0.00%,$0.00,0.00%,0,0.00%,$0.00,0.00%,0,0.00%,$0.00,0.00%,$0.00,$0.20,$0.00,$0.00,$0.00,$0.00,0.00%,$0.00,0.00%,$0.00,0.00%,$0.20,0.00%,$-0.20,0.00%
"64 - NR2_RM_64_NET_ESQ_DiamondSphereLLC_9337_65K",1,"John Deere Tailgate Bundle Green","DP1 V3",Visa,Sunday,433716,1,1,100.00%,0,0.00%,1,1,100.00%,0,0.00%,1,0,$0.00,1,0.00%,0,0,$0.00,0,0.00%,0,0,0,$0.00,$0.00,$0.00,$0.00,$0.00,$0.00,$0.00,$0.00,$0.00,$0.00,0.00%,0,0.00%,$0.00,0.00%,0,0.00%,$0.00,0.00%,0,0.00%,$0.00,0.00%,0,0.00%,$0.00,0.00%,$0.00,$0.20,$0.00,$0.00,$0.00,$0.00,0.00%,$0.00,0.00%,$0.00,0.00%,$0.20,0.00%,$-0.20,0.00%
"64 - NR2_RM_64_NET_ESQ_DiamondSphereLLC_9337_65K",1,"Omaha Steaks Meat Box","DP1 V3",Mastercard,Sunday,544928,1,0,0.00%,1,100.00%,1,0,0.00%,1,100.00%,1,1,$12.89,0,100.00%,0,0,$0.00,0,0.00%,1,1,1,$12.89,$0.00,$0.00,$12.89,$0.00,$0.00,$12.89,$0.00,$12.89,$0.00,0.00%,0,0.00%,$0.00,0.00%,0,0.00%,$0.00,0.00%,0,0.00%,$0.00,0.00%,0,0.00%,$0.00,0.00%,$12.89,$0.84,$0.00,$0.00,$0.00,$0.00,0.00%,$0.00,0.00%,$0.00,0.00%,$0.84,6.52%,$12.05,93.48%
"64 - NR2_RM_64_NET_ESQ_DiamondSphereLLC_9337_65K",1,"Omaha Steaks Meat Box","DP1 V3",Visa,Sunday,474478,1,1,100.00%,0,0.00%,1,1,100.00%,0,0.00%,1,0,$0.00,1,0.00%,0,0,$0.00,0,0.00%,0,0,0,$0.00,$0.00,$0.00,$0.00,$0.00,$0.00,$0.00,$0.00,$0.00,$0.00,0.00%,0,0.00%,$0.00,0.00%,0,0.00%,$0.00,0.00%,0,0.00%,$0.00,0.00%,0,0.00%,$0.00,0.00%,$0.00,$0.20,$0.00,$0.00,$0.00,$0.00,0.00%,$0.00,0.00%,$0.00,0.00%,$0.20,0.00%,$-0.20,0.00%
"64 - NR2_RM_64_NET_ESQ_DiamondSphereLLC_9337_65K",1,"TaylorMade GT Spider Golf Putter","DP1 V3",Visa,Sunday,409451,1,1,100.00%,0,0.00%,1,1,100.00%,0,0.00%,1,0,$0.00,1,0.00%,0,0,$0.00,0,0.00%,0,0,0,$0.00,$0.00,$0.00,$0.00,$0.00,$0.00,$0.00,$0.00,$0.00,$0.00,0.00%,0,0.00%,$0.00,0.00%,0,0.00%,$0.00,0.00%,0,0.00%,$0.00,0.00%,0,0.00%,$0.00,0.00%,$0.00,$0.20,$0.00,$0.00,$0.00,$0.00,0.00%,$0.00,0.00%,$0.00,0.00%,$0.20,0.00%,$-0.20,0.00%
"65 - N2_RM_65_PSF_BBVA_BrightAdvantageLLC_8842_50K",1,"5 Domestic flights","DP1 V3",Mastercard,Sunday,534348,1,1,100.00%,0,0.00%,1,1,100.00%,0,0.00%,1,0,$0.00,1,0.00%,0,0,$0.00,0,0.00%,0,0,0,$0.00,$0.00,$0.00,$0.00,$0.00,$0.00,$0.00,$0.00,$0.00,$0.00,0.00%,0,0.00%,$0.00,0.00%,0,0.00%,$0.00,0.00%,0,0.00%,$0.00,0.00%,0,0.00%,$0.00,0.00%,$0.00,$0.20,$0.00,$0.00,$0.00,$0.00,0.00%,$0.00,0.00%,$0.00,0.00%,$0.20,0.00%,$-0.20,0.00%
"65 - N2_RM_65_PSF_BBVA_BrightAdvantageLLC_8842_50K",1,"5 Domestic flights","DP1 V3",Visa,Sunday,469451,1,0,0.00%,1,100.00%,1,0,0.00%,1,100.00%,1,1,$12.89,0,100.00%,0,0,$0.00,0,0.00%,1,1,1,$12.89,$0.00,$0.00,$12.89,$0.00,$0.00,$12.89,$0.00,$12.89,$0.00,0.00%,0,0.00%,$0.00,0.00%,0,0.00%,$0.00,0.00%,0,0.00%,$0.00,0.00%,0,0.00%,$0.00,0.00%,$12.89,$0.84,$0.00,$0.00,$0.00,$0.00,0.00%,$0.00,0.00%,$0.00,0.00%,$0.84,6.52%,$12.05,93.48%
"65 - N2_RM_65_PSF_BBVA_BrightAdvantageLLC_8842_50K",1,"Armourtred S7S High-Cut Boots","DP1 V3",Visa,Sunday,414398,1,1,100.00%,0,0.00%,1,1,100.00%,0,0.00%,1,0,$0.00,1,0.00%,0,0,$0.00,0,0.00%,0,0,0,$0.00,$0.00,$0.00,$0.00,$0.00,$0.00,$0.00,$0.00,$0.00,$0.00,0.00%,0,0.00%,$0.00,0.00%,0,0.00%,$0.00,0.00%,0,0.00%,$0.00,0.00%,0,0.00%,$0.00,0.00%,$0.00,$0.20,$0.00,$0.00,$0.00,$0.00,0.00%,$0.00,0.00%,$0.00,0.00%,$0.20,0.00%,$-0.20,0.00%
"65 - N2_RM_65_PSF_BBVA_BrightAdvantageLLC_8842_50K",1,"Armourtred S7S High-Cut Boots","DP1 V3",Visa,Sunday,444796,1,1,100.00%,0,0.00%,1,1,100.00%,0,0.00%,1,0,$0.00,1,0.00%,0,0,$0.00,0,0.00%,0,0,0,$0.00,$0.00,$0.00,$0.00,$0.00,$0.00,$0.00,$0.00,$0.00,$0.00,0.00%,0,0.00%,$0.00,0.00%,0,0.00%,$0.00,0.00%,0,0.00%,$0.00,0.00%,0,0.00%,$0.00,0.00%,$0.00,$0.20,$0.00,$0.00,$0.00,$0.00,0.00%,$0.00,0.00%,$0.00,0.00%,$0.20,0.00%,$-0.20,0.00%
"65 - N2_RM_65_PSF_BBVA_BrightAdvantageLLC_8842_50K",1,"Ford Mustang Electric Bike Blue","DP1 V3",Mastercard,Sunday,527519,1,0,0.00%,1,100.00%,1,0,0.00%,1,100.00%,1,1,$12.89,0,100.00%,0,0,$0.00,0,0.00%,1,1,1,$12.89,$0.00,$0.00,$12.89,$0.00,$0.00,$12.89,$0.00,$12.89,$0.00,0.00%,0,0.00%,$0.00,0.00%,0,0.00%,$0.00,0.00%,0,0.00%,$0.00,0.00%,0,0.00%,$0.00,0.00%,$12.89,$0.84,$0.00,$0.00,$0.00,$0.00,0.00%,$0.00,0.00%,$0.00,0.00%,$0.84,6.52%,$12.05,93.48%
"65 - N2_RM_65_PSF_BBVA_BrightAdvantageLLC_8842_50K",1,"Ford Mustang Electric Bike Blue","DP1 V3",Mastercard,Sunday,534636,1,1,100.00%,0,0.00%,1,1,100.00%,0,0.00%,1,0,$0.00,1,0.00%,0,0,$0.00,0,0.00%,0,0,0,$0.00,$0.00,$0.00,$0.00,$0.00,$0.00,$0.00,$0.00,$0.00,$0.00,0.00%,0,0.00%,$0.00,0.00%,0,0.00%,$0.00,0.00%,0,0.00%,$0.00,0.00%,0,0.00%,$0.00,0.00%,$0.00,$0.20,$0.00,$0.00,$0.00,$0.00,0.00%,$0.00,0.00%,$0.00,0.00%,$0.20,0.00%,$-0.20,0.00%
"65 - N2_RM_65_PSF_BBVA_BrightAdvantageLLC_8842_50K",1,"Ford Mustang Electric Bike Blue","DP1 V3",Mastercard,Sunday,546604,1,1,100.00%,0,0.00%,1,1,100.00%,0,0.00%,1,0,$0.00,1,0.00%,0,0,$0.00,0,0.00%,0,0,0,$0.00,$0.00,$0.00,$0.00,$0.00,$0.00,$0.00,$0.00,$0.00,$0.00,0.00%,0,0.00%,$0.00,0.00%,0,0.00%,$0.00,0.00%,0,0.00%,$0.00,0.00%,0,0.00%,$0.00,0.00%,$0.00,$0.20,$0.00,$0.00,$0.00,$0.00,0.00%,$0.00,0.00%,$0.00,0.00%,$0.20,0.00%,$-0.20,0.00%
"65 - N2_RM_65_PSF_BBVA_BrightAdvantageLLC_8842_50K",1,"Ford Mustang Electric Bike Blue","DP1 V3",Visa,Sunday,443045,1,1,100.00%,0,0.00%,1,1,100.00%,0,0.00%,1,0,$0.00,1,0.00%,0,0,$0.00,0,0.00%,0,0,0,$0.00,$0.00,$0.00,$0.00,$0.00,$0.00,$0.00,$0.00,$0.00,$0.00,0.00%,0,0.00%,$0.00,0.00%,0,0.00%,$0.00,0.00%,0,0.00%,$0.00,0.00%,0,0.00%,$0.00,0.00%,$0.00,$0.20,$0.00,$0.00,$0.00,$0.00,0.00%,$0.00,0.00%,$0.00,0.00%,$0.20,0.00%,$-0.20,0.00%
"65 - N2_RM_65_PSF_BBVA_BrightAdvantageLLC_8842_50K",1,"Ford Mustang Electric Bike Blue","DP1 V3",Visa,Sunday,474488,1,1,100.00%,0,0.00%,1,1,100.00%,0,0.00%,1,0,$0.00,1,0.00%,0,0,$0.00,0,0.00%,0,0,0,$0.00,$0.00,$0.00,$0.00,$0.00,$0.00,$0.00,$0.00,$0.00,$0.00,0.00%,0,0.00%,$0.00,0.00%,0,0.00%,$0.00,0.00%,0,0.00%,$0.00,0.00%,0,0.00%,$0.00,0.00%,$0.00,$0.20,$0.00,$0.00,$0.00,$0.00,0.00%,$0.00,0.00%,$0.00,0.00%,$0.20,0.00%,$-0.20,0.00%
"65 - N2_RM_65_PSF_BBVA_BrightAdvantageLLC_8842_50K",1,"Ford Mustang Electric Bike Yellow","DP1 V3",Mastercard,Sunday,514736,1,1,100.00%,0,0.00%,1,1,100.00%,0,0.00%,1,0,$0.00,1,0.00%,0,0,$0.00,0,0.00%,0,0,0,$0.00,$0.00,$0.00,$0.00,$0.00,$0.00,$0.00,$0.00,$0.00,$0.00,0.00%,0,0.00%,$0.00,0.00%,0,0.00%,$0.00,0.00%,0,0.00%,$0.00,0.00%,0,0.00%,$0.00,0.00%,$0.00,$0.20,$0.00,$0.00,$0.00,$0.00,0.00%,$0.00,0.00%,$0.00,0.00%,$0.20,0.00%,$-0.20,0.00%
"65 - N2_RM_65_PSF_BBVA_BrightAdvantageLLC_8842_50K",1,"Ford Mustang Electric Bike Yellow","DP1 V3",Mastercard,Sunday,518816,1,1,100.00%,0,0.00%,1,1,100.00%,0,0.00%,1,0,$0.00,1,0.00%,0,0,$0.00,0,0.00%,0,0,0,$0.00,$0.00,$0.00,$0.00,$0.00,$0.00,$0.00,$0.00,$0.00,$0.00,0.00%,0,0.00%,$0.00,0.00%,0,0.00%,$0.00,0.00%,0,0.00%,$0.00,0.00%,0,0.00%,$0.00,0.00%,$0.00,$0.20,$0.00,$0.00,$0.00,$0.00,0.00%,$0.00,0.00%,$0.00,0.00%,$0.20,0.00%,$-0.20,0.00%
"65 - N2_RM_65_PSF_BBVA_BrightAdvantageLLC_8842_50K",1,"Ford Mustang Electric Bike Yellow","DP1 V3",Visa,Sunday,438207,1,0,0.00%,1,100.00%,1,0,0.00%,1,100.00%,1,1,$12.89,0,100.00%,0,0,$0.00,0,0.00%,1,1,1,$12.89,$0.00,$0.00,$12.89,$0.00,$0.00,$12.89,$0.00,$12.89,$0.00,0.00%,0,0.00%,$0.00,0.00%,0,0.00%,$0.00,0.00%,0,0.00%,$0.00,0.00%,0,0.00%,$0.00,0.00%,$12.89,$0.84,$0.00,$0.00,$0.00,$0.00,0.00%,$0.00,0.00%,$0.00,0.00%,$0.84,6.52%,$12.05,93.48%
"65 - N2_RM_65_PSF_BBVA_BrightAdvantageLLC_8842_50K",1,"John Deere Merchandise Set","DP1 V3",Mastercard,Sunday,551738,1,1,100.00%,0,0.00%,1,1,100.00%,0,0.00%,1,0,$0.00,1,0.00%,0,0,$0.00,0,0.00%,0,0,0,$0.00,$0.00,$0.00,$0.00,$0.00,$0.00,$0.00,$0.00,$0.00,$0.00,0.00%,0,0.00%,$0.00,0.00%,0,0.00%,$0.00,0.00%,0,0.00%,$0.00,0.00%,0,0.00%,$0.00,0.00%,$0.00,$0.20,$0.00,$0.00,$0.00,$0.00,0.00%,$0.00,0.00%,$0.00,0.00%,$0.20,0.00%,$-0.20,0.00%
"65 - N2_RM_65_PSF_BBVA_BrightAdvantageLLC_8842_50K",1,"Milwaukee - Armourtred S7S High-Cut Boots","DP1 V3",Mastercard,Sunday,524363,1,1,100.00%,0,0.00%,1,1,100.00%,0,0.00%,1,0,$0.00,1,0.00%,0,0,$0.00,0,0.00%,0,0,0,$0.00,$0.00,$0.00,$0.00,$0.00,$0.00,$0.00,$0.00,$0.00,$0.00,0.00%,0,0.00%,$0.00,0.00%,0,0.00%,$0.00,0.00%,0,0.00%,$0.00,0.00%,0,0.00%,$0.00,0.00%,$0.00,$0.20,$0.00,$0.00,$0.00,$0.00,0.00%,$0.00,0.00%,$0.00,0.00%,$0.20,0.00%,$-0.20,0.00%
"65 - N2_RM_65_PSF_BBVA_BrightAdvantageLLC_8842_50K",1,"Milwaukee - Armourtred S7S High-Cut Boots","DP1 V3",Visa,Sunday,423223,1,1,100.00%,0,0.00%,1,1,100.00%,0,0.00%,1,0,$0.00,1,0.00%,0,0,$0.00,0,0.00%,0,0,0,$0.00,$0.00,$0.00,$0.00,$0.00,$0.00,$0.00,$0.00,$0.00,$0.00,0.00%,0,0.00%,$0.00,0.00%,0,0.00%,$0.00,0.00%,0,0.00%,$0.00,0.00%,0,0.00%,$0.00,0.00%,$0.00,$0.20,$0.00,$0.00,$0.00,$0.00,0.00%,$0.00,0.00%,$0.00,0.00%,$0.20,0.00%,$-0.20,0.00%
"65 - N2_RM_65_PSF_BBVA_BrightAdvantageLLC_8842_50K",1,"Milwaukee - Armourtred S7S High-Cut Boots","DP1 V3",Visa,Sunday,498503,1,1,100.00%,0,0.00%,1,1,100.00%,0,0.00%,1,0,$0.00,1,0.00%,0,0,$0.00,0,0.00%,0,0,0,$0.00,$0.00,$0.00,$0.00,$0.00,$0.00,$0.00,$0.00,$0.00,$0.00,0.00%,0,0.00%,$0.00,0.00%,0,0.00%,$0.00,0.00%,0,0.00%,$0.00,0.00%,0,0.00%,$0.00,0.00%,$0.00,$0.20,$0.00,$0.00,$0.00,$0.00,0.00%,$0.00,0.00%,$0.00,0.00%,$0.20,0.00%,$-0.20,0.00%
"65 - N2_RM_65_PSF_BBVA_BrightAdvantageLLC_8842_50K",1,"Omaha Steaks Meat Box","DP1 V3",Mastercard,Sunday,527854,1,1,100.00%,0,0.00%,1,1,100.00%,0,0.00%,1,0,$0.00,1,0.00%,0,0,$0.00,0,0.00%,0,0,0,$0.00,$0.00,$0.00,$0.00,$0.00,$0.00,$0.00,$0.00,$0.00,$0.00,0.00%,0,0.00%,$0.00,0.00%,0,0.00%,$0.00,0.00%,0,0.00%,$0.00,0.00%,0,0.00%,$0.00,0.00%,$0.00,$0.20,$0.00,$0.00,$0.00,$0.00,0.00%,$0.00,0.00%,$0.00,0.00%,$0.20,0.00%,$-0.20,0.00%
"65 - N2_RM_65_PSF_BBVA_BrightAdvantageLLC_8842_50K",1,"Omaha Steaks Meat Box","DP1 V3",Visa,Sunday,410793,1,1,100.00%,0,0.00%,1,1,100.00%,0,0.00%,1,0,$0.00,1,0.00%,0,0,$0.00,0,0.00%,0,0,0,$0.00,$0.00,$0.00,$0.00,$0.00,$0.00,$0.00,$0.00,$0.00,$0.00,0.00%,0,0.00%,$0.00,0.00%,0,0.00%,$0.00,0.00%,0,0.00%,$0.00,0.00%,0,0.00%,$0.00,0.00%,$0.00,$0.20,$0.00,$0.00,$0.00,$0.00,0.00%,$0.00,0.00%,$0.00,0.00%,$0.20,0.00%,$-0.20,0.00%
"65 - N2_RM_65_PSF_BBVA_BrightAdvantageLLC_8842_50K",1,"Omaha Steaks Meat Box","DP1 V3",Visa,Sunday,439707,1,1,100.00%,0,0.00%,1,1,100.00%,0,0.00%,1,0,$0.00,1,0.00%,0,0,$0.00,0,0.00%,0,0,0,$0.00,$0.00,$0.00,$0.00,$0.00,$0.00,$0.00,$0.00,$0.00,$0.00,0.00%,0,0.00%,$0.00,0.00%,0,0.00%,$0.00,0.00%,0,0.00%,$0.00,0.00%,0,0.00%,$0.00,0.00%,$0.00,$0.20,$0.00,$0.00,$0.00,$0.00,0.00%,$0.00,0.00%,$0.00,0.00%,$0.20,0.00%,$-0.20,0.00%
"65 - N2_RM_65_PSF_BBVA_BrightAdvantageLLC_8842_50K",1,"Stetson Cowboy Hat (White)","DP1 V3",Visa,Sunday,414720,1,1,100.00%,0,0.00%,1,1,100.00%,0,0.00%,1,0,$0.00,1,0.00%,0,0,$0.00,0,0.00%,0,0,0,$0.00,$0.00,$0.00,$0.00,$0.00,$0.00,$0.00,$0.00,$0.00,$0.00,0.00%,0,0.00%,$0.00,0.00%,0,0.00%,$0.00,0.00%,0,0.00%,$0.00,0.00%,0,0.00%,$0.00,0.00%,$0.00,$0.20,$0.00,$0.00,$0.00,$0.00,0.00%,$0.00,0.00%,$0.00,0.00%,$0.20,0.00%,$-0.20,0.00%
"65 - N2_RM_65_PSF_BBVA_BrightAdvantageLLC_8842_50K",1,"TaylorMade GT Spider Golf Putter","DP1 V3",Visa,Sunday,461100,1,0,0.00%,1,100.00%,1,0,0.00%,1,100.00%,1,1,$12.89,0,100.00%,0,0,$0.00,0,0.00%,1,1,1,$12.89,$0.00,$0.00,$12.89,$0.00,$0.00,$12.89,$0.00,$12.89,$0.00,0.00%,0,0.00%,$0.00,0.00%,0,0.00%,$0.00,0.00%,0,0.00%,$0.00,0.00%,0,0.00%,$0.00,0.00%,$12.89,$0.84,$0.00,$0.00,$0.00,$0.00,0.00%,$0.00,0.00%,$0.00,0.00%,$0.84,6.52%,$12.05,93.48%
"65 - N2_RM_65_PSF_BBVA_BrightAdvantageLLC_8842_50K",1,"Titleist Scotty Cameron Phantom 5 Putter","DP1 V3",Visa,Sunday,444796,1,1,100.00%,0,0.00%,1,1,100.00%,0,0.00%,1,0,$0.00,1,0.00%,0,0,$0.00,0,0.00%,0,0,0,$0.00,$0.00,$0.00,$0.00,$0.00,$0.00,$0.00,$0.00,$0.00,$0.00,0.00%,0,0.00%,$0.00,0.00%,0,0.00%,$0.00,0.00%,0,0.00%,$0.00,0.00%,0,0.00%,$0.00,0.00%,$0.00,$0.20,$0.00,$0.00,$0.00,$0.00,0.00%,$0.00,0.00%,$0.00,0.00%,$0.20,0.00%,$-0.20,0.00%
"66 - zCLOSED_N2_RM_66_PSF_BBVA_SpecifiConLLC_8859_50K",1,"5 Domestic flights","DP1 V3",Visa,Sunday,400344,1,1,100.00%,0,0.00%,1,1,100.00%,0,0.00%,1,0,$0.00,1,0.00%,0,0,$0.00,0,0.00%,0,0,0,$0.00,$0.00,$0.00,$0.00,$0.00,$0.00,$0.00,$0.00,$0.00,$0.00,0.00%,0,0.00%,$0.00,0.00%,0,0.00%,$0.00,0.00%,0,0.00%,$0.00,0.00%,0,0.00%,$0.00,0.00%,$0.00,$0.20,$0.00,$0.00,$0.00,$0.00,0.00%,$0.00,0.00%,$0.00,0.00%,$0.20,0.00%,$-0.20,0.00%
"66 - zCLOSED_N2_RM_66_PSF_BBVA_SpecifiConLLC_8859_50K",1,"Armourtred S7S High-Cut Boots","DP1 V3",Visa,Sunday,434257,1,1,100.00%,0,0.00%,1,1,100.00%,0,0.00%,1,0,$0.00,1,0.00%,0,0,$0.00,0,0.00%,0,0,0,$0.00,$0.00,$0.00,$0.00,$0.00,$0.00,$0.00,$0.00,$0.00,$0.00,0.00%,0,0.00%,$0.00,0.00%,0,0.00%,$0.00,0.00%,0,0.00%,$0.00,0.00%,0,0.00%,$0.00,0.00%,$0.00,$0.20,$0.00,$0.00,$0.00,$0.00,0.00%,$0.00,0.00%,$0.00,0.00%,$0.20,0.00%,$-0.20,0.00%
"66 - zCLOSED_N2_RM_66_PSF_BBVA_SpecifiConLLC_8859_50K",1,"Armourtred S7S High-Cut Boots","DP1 V3",Visa,Sunday,444796,1,1,100.00%,0,0.00%,1,1,100.00%,0,0.00%,1,0,$0.00,1,0.00%,0,0,$0.00,0,0.00%,0,0,0,$0.00,$0.00,$0.00,$0.00,$0.00,$0.00,$0.00,$0.00,$0.00,$0.00,0.00%,0,0.00%,$0.00,0.00%,0,0.00%,$0.00,0.00%,0,0.00%,$0.00,0.00%,0,0.00%,$0.00,0.00%,$0.00,$0.20,$0.00,$0.00,$0.00,$0.00,0.00%,$0.00,0.00%,$0.00,0.00%,$0.20,0.00%,$-0.20,0.00%
"66 - zCLOSED_N2_RM_66_PSF_BBVA_SpecifiConLLC_8859_50K",1,"Ford Mustang Electric Bike Blue","DP1 V3",Mastercard,Sunday,532030,1,0,0.00%,1,100.00%,1,0,0.00%,1,100.00%,1,1,$12.89,0,100.00%,0,0,$0.00,0,0.00%,1,1,1,$12.89,$0.00,$0.00,$12.89,$0.00,$0.00,$12.89,$0.00,$12.89,$0.00,0.00%,0,0.00%,$0.00,0.00%,0,0.00%,$0.00,0.00%,0,0.00%,$0.00,0.00%,0,0.00%,$0.00,0.00%,$12.89,$0.84,$0.00,$0.00,$0.00,$0.00,0.00%,$0.00,0.00%,$0.00,0.00%,$0.84,6.52%,$12.05,93.48%
"66 - zCLOSED_N2_RM_66_PSF_BBVA_SpecifiConLLC_8859_50K",1,"Ford Mustang Electric Bike Blue","DP1 V3",Mastercard,Sunday,552342,1,1,100.00%,0,0.00%,1,1,100.00%,0,0.00%,1,0,$0.00,1,0.00%,0,0,$0.00,0,0.00%,0,0,0,$0.00,$0.00,$0.00,$0.00,$0.00,$0.00,$0.00,$0.00,$0.00,$0.00,0.00%,0,0.00%,$0.00,0.00%,0,0.00%,$0.00,0.00%,0,0.00%,$0.00,0.00%,0,0.00%,$0.00,0.00%,$0.00,$0.20,$0.00,$0.00,$0.00,$0.00,0.00%,$0.00,0.00%,$0.00,0.00%,$0.20,0.00%,$-0.20,0.00%
"66 - zCLOSED_N2_RM_66_PSF_BBVA_SpecifiConLLC_8859_50K",1,"Ford Mustang Electric Bike Blue","DP1 V3",Visa,Sunday,414720,1,0,0.00%,1,100.00%,1,0,0.00%,1,100.00%,1,1,$12.89,0,100.00%,0,0,$0.00,0,0.00%,1,1,1,$12.89,$0.00,$0.00,$12.89,$0.00,$0.00,$12.89,$0.00,$12.89,$0.00,0.00%,0,0.00%,$0.00,0.00%,0,0.00%,$0.00,0.00%,0,0.00%,$0.00,0.00%,0,0.00%,$0.00,0.00%,$12.89,$0.84,$0.00,$0.00,$0.00,$0.00,0.00%,$0.00,0.00%,$0.00,0.00%,$0.84,6.52%,$12.05,93.48%
"66 - zCLOSED_N2_RM_66_PSF_BBVA_SpecifiConLLC_8859_50K",1,"Ford Mustang Electric Bike Blue","DP1 V3",Visa,Sunday,426207,1,0,0.00%,1,100.00%,1,0,0.00%,1,100.00%,1,1,$12.89,0,100.00%,0,0,$0.00,0,0.00%,1,1,1,$12.89,$0.00,$0.00,$12.89,$0.00,$0.00,$12.89,$0.00,$12.89,$0.00,0.00%,0,0.00%,$0.00,0.00%,0,0.00%,$0.00,0.00%,0,0.00%,$0.00,0.00%,0,0.00%,$0.00,0.00%,$12.89,$0.84,$0.00,$0.00,$0.00,$0.00,0.00%,$0.00,0.00%,$0.00,0.00%,$0.84,6.52%,$12.05,93.48%
"66 - zCLOSED_N2_RM_66_PSF_BBVA_SpecifiConLLC_8859_50K",1,"Ford Mustang Electric Bike Blue","DP1 V3",Visa,Sunday,447941,1,1,100.00%,0,0.00%,1,1,100.00%,0,0.00%,1,0,$0.00,1,0.00%,0,0,$0.00,0,0.00%,0,0,0,$0.00,$0.00,$0.00,$0.00,$0.00,$0.00,$0.00,$0.00,$0.00,$0.00,0.00%,0,0.00%,$0.00,0.00%,0,0.00%,$0.00,0.00%,0,0.00%,$0.00,0.00%,0,0.00%,$0.00,0.00%,$0.00,$0.20,$0.00,$0.00,$0.00,$0.00,0.00%,$0.00,0.00%,$0.00,0.00%,$0.20,0.00%,$-0.20,0.00%
"66 - zCLOSED_N2_RM_66_PSF_BBVA_SpecifiConLLC_8859_50K",1,"Ford Mustang Electric Bike Yellow","DP1 V3",Mastercard,Sunday,514377,1,0,0.00%,1,100.00%,1,0,0.00%,1,100.00%,1,1,$12.89,0,100.00%,0,0,$0.00,0,0.00%,1,1,1,$12.89,$0.00,$0.00,$12.89,$0.00,$0.00,$12.89,$0.00,$12.89,$0.00,0.00%,0,0.00%,$0.00,0.00%,0,0.00%,$0.00,0.00%,0,0.00%,$0.00,0.00%,0,0.00%,$0.00,0.00%,$12.89,$0.84,$0.00,$0.00,$0.00,$0.00,0.00%,$0.00,0.00%,$0.00,0.00%,$0.84,6.52%,$12.05,93.48%
"66 - zCLOSED_N2_RM_66_PSF_BBVA_SpecifiConLLC_8859_50K",1,"Ford Mustang Electric Bike Yellow","DP1 V3",Mastercard,Sunday,524300,1,0,0.00%,1,100.00%,1,0,0.00%,1,100.00%,1,1,$12.89,0,100.00%,0,0,$0.00,0,0.00%,1,1,1,$12.89,$0.00,$0.00,$12.89,$0.00,$0.00,$12.89,$0.00,$12.89,$0.00,0.00%,0,0.00%,$0.00,0.00%,0,0.00%,$0.00,0.00%,0,0.00%,$0.00,0.00%,0,0.00%,$0.00,0.00%,$12.89,$0.84,$0.00,$0.00,$0.00,$0.00,0.00%,$0.00,0.00%,$0.00,0.00%,$0.84,6.52%,$12.05,93.48%
"66 - zCLOSED_N2_RM_66_PSF_BBVA_SpecifiConLLC_8859_50K",1,"Ford Mustang Electric Bike Yellow","DP1 V3",Mastercard,Sunday,540653,1,0,0.00%,1,100.00%,1,0,0.00%,1,100.00%,1,1,$12.89,0,100.00%,0,0,$0.00,0,0.00%,1,1,1,$12.89,$0.00,$0.00,$12.89,$0.00,$0.00,$12.89,$0.00,$12.89,$0.00,0.00%,0,0.00%,$0.00,0.00%,0,0.00%,$0.00,0.00%,0,0.00%,$0.00,0.00%,0,0.00%,$0.00,0.00%,$12.89,$0.84,$0.00,$0.00,$0.00,$0.00,0.00%,$0.00,0.00%,$0.00,0.00%,$0.84,6.52%,$12.05,93.48%
"66 - zCLOSED_N2_RM_66_PSF_BBVA_SpecifiConLLC_8859_50K",1,"Ford Mustang Electric Bike Yellow","DP1 V3",Visa,Sunday,413337,1,1,100.00%,0,0.00%,1,1,100.00%,0,0.00%,1,0,$0.00,1,0.00%,0,0,$0.00,0,0.00%,0,0,0,$0.00,$0.00,$0.00,$0.00,$0.00,$0.00,$0.00,$0.00,$0.00,$0.00,0.00%,0,0.00%,$0.00,0.00%,0,0.00%,$0.00,0.00%,0,0.00%,$0.00,0.00%,0,0.00%,$0.00,0.00%,$0.00,$0.20,$0.00,$0.00,$0.00,$0.00,0.00%,$0.00,0.00%,$0.00,0.00%,$0.20,0.00%,$-0.20,0.00%
"66 - zCLOSED_N2_RM_66_PSF_BBVA_SpecifiConLLC_8859_50K",1,"Ford Mustang Electric Bike Yellow","DP1 V3",Visa,Sunday,414720,1,1,100.00%,0,0.00%,1,1,100.00%,0,0.00%,1,0,$0.00,1,0.00%,0,0,$0.00,0,0.00%,0,0,0,$0.00,$0.00,$0.00,$0.00,$0.00,$0.00,$0.00,$0.00,$0.00,$0.00,0.00%,0,0.00%,$0.00,0.00%,0,0.00%,$0.00,0.00%,0,0.00%,$0.00,0.00%,0,0.00%,$0.00,0.00%,$0.00,$0.20,$0.00,$0.00,$0.00,$0.00,0.00%,$0.00,0.00%,$0.00,0.00%,$0.20,0.00%,$-0.20,0.00%
"66 - zCLOSED_N2_RM_66_PSF_BBVA_SpecifiConLLC_8859_50K",1,"Garmin Fish Finder","DP1 V3",Mastercard,Sunday,540653,1,1,100.00%,0,0.00%,1,1,100.00%,0,0.00%,1,0,$0.00,1,0.00%,0,0,$0.00,0,0.00%,0,0,0,$0.00,$0.00,$0.00,$0.00,$0.00,$0.00,$0.00,$0.00,$0.00,$0.00,0.00%,0,0.00%,$0.00,0.00%,0,0.00%,$0.00,0.00%,0,0.00%,$0.00,0.00%,0,0.00%,$0.00,0.00%,$0.00,$0.20,$0.00,$0.00,$0.00,$0.00,0.00%,$0.00,0.00%,$0.00,0.00%,$0.20,0.00%,$-0.20,0.00%
"66 - zCLOSED_N2_RM_66_PSF_BBVA_SpecifiConLLC_8859_50K",1,"Milwaukee - Armourtred S7S High-Cut Boots","DP1 V3",Visa,Sunday,486236,1,1,100.00%,0,0.00%,1,1,100.00%,0,0.00%,1,0,$0.00,1,0.00%,0,0,$0.00,0,0.00%,0,0,0,$0.00,$0.00,$0.00,$0.00,$0.00,$0.00,$0.00,$0.00,$0.00,$0.00,0.00%,0,0.00%,$0.00,0.00%,0,0.00%,$0.00,0.00%,0,0.00%,$0.00,0.00%,0,0.00%,$0.00,0.00%,$0.00,$0.20,$0.00,$0.00,$0.00,$0.00,0.00%,$0.00,0.00%,$0.00,0.00%,$0.20,0.00%,$-0.20,0.00%
"66 - zCLOSED_N2_RM_66_PSF_BBVA_SpecifiConLLC_8859_50K",1,"Omaha Steaks Meat Box","DP1 V3",Visa,Sunday,486796,1,0,0.00%,1,100.00%,1,0,0.00%,1,100.00%,1,1,$12.89,0,100.00%,0,0,$0.00,0,0.00%,1,1,1,$12.89,$0.00,$0.00,$12.89,$0.00,$0.00,$12.89,$0.00,$12.89,$0.00,0.00%,0,0.00%,$0.00,0.00%,0,0.00%,$0.00,0.00%,0,0.00%,$0.00,0.00%,0,0.00%,$0.00,0.00%,$12.89,$0.84,$0.00,$0.00,$0.00,$0.00,0.00%,$0.00,0.00%,$0.00,0.00%,$0.84,6.52%,$12.05,93.48%
"66 - zCLOSED_N2_RM_66_PSF_BBVA_SpecifiConLLC_8859_50K",1,"Stetson Cowboy Hat (White)","DP1 V3",Visa,Sunday,421156,1,1,100.00%,0,0.00%,1,1,100.00%,0,0.00%,1,0,$0.00,1,0.00%,0,0,$0.00,0,0.00%,0,0,0,$0.00,$0.00,$0.00,$0.00,$0.00,$0.00,$0.00,$0.00,$0.00,$0.00,0.00%,0,0.00%,$0.00,0.00%,0,0.00%,$0.00,0.00%,0,0.00%,$0.00,0.00%,0,0.00%,$0.00,0.00%,$0.00,$0.20,$0.00,$0.00,$0.00,$0.00,0.00%,$0.00,0.00%,$0.00,0.00%,$0.20,0.00%,$-0.20,0.00%
"67 - N2_RM_67_PSF_BBVA_DiamondSphereLLC_8875_50K",1,"5 Domestic flights","DP1 V3",Visa,Sunday,416046,1,1,100.00%,0,0.00%,1,1,100.00%,0,0.00%,1,0,$0.00,1,0.00%,0,0,$0.00,0,0.00%,0,0,0,$0.00,$0.00,$0.00,$0.00,$0.00,$0.00,$0.00,$0.00,$0.00,$0.00,0.00%,0,0.00%,$0.00,0.00%,0,0.00%,$0.00,0.00%,0,0.00%,$0.00,0.00%,0,0.00%,$0.00,0.00%,$0.00,$0.20,$0.00,$0.00,$0.00,$0.00,0.00%,$0.00,0.00%,$0.00,0.00%,$0.20,0.00%,$-0.20,0.00%
"67 - N2_RM_67_PSF_BBVA_DiamondSphereLLC_8875_50K",1,"5 Domestic flights","DP1 V3",Visa,Sunday,473702,1,1,100.00%,0,0.00%,1,1,100.00%,0,0.00%,1,0,$0.00,1,0.00%,0,0,$0.00,0,0.00%,0,0,0,$0.00,$0.00,$0.00,$0.00,$0.00,$0.00,$0.00,$0.00,$0.00,$0.00,0.00%,0,0.00%,$0.00,0.00%,0,0.00%,$0.00,0.00%,0,0.00%,$0.00,0.00%,0,0.00%,$0.00,0.00%,$0.00,$0.20,$0.00,$0.00,$0.00,$0.00,0.00%,$0.00,0.00%,$0.00,0.00%,$0.20,0.00%,$-0.20,0.00%
"67 - N2_RM_67_PSF_BBVA_DiamondSphereLLC_8875_50K",1,"Armourtred S7S High-Cut Boots","DP1 V3",Visa,Sunday,432680,1,0,0.00%,1,100.00%,1,0,0.00%,1,100.00%,1,1,$12.89,0,100.00%,0,0,$0.00,0,0.00%,1,1,1,$12.89,$0.00,$0.00,$12.89,$0.00,$0.00,$12.89,$0.00,$12.89,$0.00,0.00%,0,0.00%,$0.00,0.00%,0,0.00%,$0.00,0.00%,0,0.00%,$0.00,0.00%,0,0.00%,$0.00,0.00%,$12.89,$0.84,$0.00,$0.00,$0.00,$0.00,0.00%,$0.00,0.00%,$0.00,0.00%,$0.84,6.52%,$12.05,93.48%
"67 - N2_RM_67_PSF_BBVA_DiamondSphereLLC_8875_50K",1,"Armourtred S7S High-Cut Boots","DP1 V3",Visa,Sunday,482057,1,1,100.00%,0,0.00%,1,1,100.00%,0,0.00%,1,0,$0.00,1,0.00%,0,0,$0.00,0,0.00%,0,0,0,$0.00,$0.00,$0.00,$0.00,$0.00,$0.00,$0.00,$0.00,$0.00,$0.00,0.00%,0,0.00%,$0.00,0.00%,0,0.00%,$0.00,0.00%,0,0.00%,$0.00,0.00%,0,0.00%,$0.00,0.00%,$0.00,$0.20,$0.00,$0.00,$0.00,$0.00,0.00%,$0.00,0.00%,$0.00,0.00%,$0.20,0.00%,$-0.20,0.00%
"67 - N2_RM_67_PSF_BBVA_DiamondSphereLLC_8875_50K",1,"Ford Mustang Electric Bike Blue","DP1 V3",Mastercard,Sunday,515676,1,1,100.00%,0,0.00%,1,1,100.00%,0,0.00%,1,0,$0.00,1,0.00%,0,0,$0.00,0,0.00%,0,0,0,$0.00,$0.00,$0.00,$0.00,$0.00,$0.00,$0.00,$0.00,$0.00,$0.00,0.00%,0,0.00%,$0.00,0.00%,0,0.00%,$0.00,0.00%,0,0.00%,$0.00,0.00%,0,0.00%,$0.00,0.00%,$0.00,$0.20,$0.00,$0.00,$0.00,$0.00,0.00%,$0.00,0.00%,$0.00,0.00%,$0.20,0.00%,$-0.20,0.00%
"67 - N2_RM_67_PSF_BBVA_DiamondSphereLLC_8875_50K",1,"Ford Mustang Electric Bike Blue","DP1 V3",Mastercard,Sunday,534456,1,0,0.00%,1,100.00%,1,0,0.00%,1,100.00%,1,1,$12.89,0,100.00%,0,0,$0.00,0,0.00%,1,1,1,$12.89,$0.00,$0.00,$12.89,$0.00,$0.00,$12.89,$0.00,$12.89,$0.00,0.00%,0,0.00%,$0.00,0.00%,0,0.00%,$0.00,0.00%,0,0.00%,$0.00,0.00%,0,0.00%,$0.00,0.00%,$12.89,$0.84,$0.00,$0.00,$0.00,$0.00,0.00%,$0.00,0.00%,$0.00,0.00%,$0.84,6.52%,$12.05,93.48%
"67 - N2_RM_67_PSF_BBVA_DiamondSphereLLC_8875_50K",1,"Ford Mustang Electric Bike Blue","DP1 V3",Visa,Sunday,438857,1,1,100.00%,0,0.00%,1,1,100.00%,0,0.00%,1,0,$0.00,1,0.00%,0,0,$0.00,0,0.00%,0,0,0,$0.00,$0.00,$0.00,$0.00,$0.00,$0.00,$0.00,$0.00,$0.00,$0.00,0.00%,0,0.00%,$0.00,0.00%,0,0.00%,$0.00,0.00%,0,0.00%,$0.00,0.00%,0,0.00%,$0.00,0.00%,$0.00,$0.20,$0.00,$0.00,$0.00,$0.00,0.00%,$0.00,0.00%,$0.00,0.00%,$0.20,0.00%,$-0.20,0.00%
"67 - N2_RM_67_PSF_BBVA_DiamondSphereLLC_8875_50K",1,"Ford Mustang Electric Bike Blue","DP1 V3",Visa,Sunday,446542,1,1,100.00%,0,0.00%,1,1,100.00%,0,0.00%,1,0,$0.00,1,0.00%,0,0,$0.00,0,0.00%,0,0,0,$0.00,$0.00,$0.00,$0.00,$0.00,$0.00,$0.00,$0.00,$0.00,$0.00,0.00%,0,0.00%,$0.00,0.00%,0,0.00%,$0.00,0.00%,0,0.00%,$0.00,0.00%,0,0.00%,$0.00,0.00%,$0.00,$0.20,$0.00,$0.00,$0.00,$0.00,0.00%,$0.00,0.00%,$0.00,0.00%,$0.20,0.00%,$-0.20,0.00%
"67 - N2_RM_67_PSF_BBVA_DiamondSphereLLC_8875_50K",1,"Ford Mustang Electric Bike Yellow","DP1 V3",Mastercard,Sunday,521853,1,1,100.00%,0,0.00%,1,1,100.00%,0,0.00%,1,0,$0.00,1,0.00%,0,0,$0.00,0,0.00%,0,0,0,$0.00,$0.00,$0.00,$0.00,$0.00,$0.00,$0.00,$0.00,$0.00,$0.00,0.00%,0,0.00%,$0.00,0.00%,0,0.00%,$0.00,0.00%,0,0.00%,$0.00,0.00%,0,0.00%,$0.00,0.00%,$0.00,$0.20,$0.00,$0.00,$0.00,$0.00,0.00%,$0.00,0.00%,$0.00,0.00%,$0.20,0.00%,$-0.20,0.00%
"67 - N2_RM_67_PSF_BBVA_DiamondSphereLLC_8875_50K",1,"Ford Mustang Electric Bike Yellow","DP1 V3",Visa,Sunday,446542,1,1,100.00%,0,0.00%,1,1,100.00%,0,0.00%,1,0,$0.00,1,0.00%,0,0,$0.00,0,0.00%,0,0,0,$0.00,$0.00,$0.00,$0.00,$0.00,$0.00,$0.00,$0.00,$0.00,$0.00,0.00%,0,0.00%,$0.00,0.00%,0,0.00%,$0.00,0.00%,0,0.00%,$0.00,0.00%,0,0.00%,$0.00,0.00%,$0.00,$0.20,$0.00,$0.00,$0.00,$0.00,0.00%,$0.00,0.00%,$0.00,0.00%,$0.20,0.00%,$-0.20,0.00%
"67 - N2_RM_67_PSF_BBVA_DiamondSphereLLC_8875_50K",1,"Ford Mustang Electric Bike Yellow","DP1 V3",Visa,Sunday,479199,1,0,0.00%,1,100.00%,1,0,0.00%,1,100.00%,1,1,$12.89,0,100.00%,0,0,$0.00,0,0.00%,1,1,1,$12.89,$0.00,$0.00,$12.89,$0.00,$0.00,$12.89,$0.00,$12.89,$0.00,0.00%,0,0.00%,$0.00,0.00%,0,0.00%,$0.00,0.00%,0,0.00%,$0.00,0.00%,0,0.00%,$0.00,0.00%,$12.89,$0.84,$0.00,$0.00,$0.00,$0.00,0.00%,$0.00,0.00%,$0.00,0.00%,$0.84,6.52%,$12.05,93.48%
"67 - N2_RM_67_PSF_BBVA_DiamondSphereLLC_8875_50K",1,"Ford Mustang Electric Bike Yellow","DP1 V3",Visa,Sunday,479466,1,0,0.00%,1,100.00%,1,0,0.00%,1,100.00%,1,1,$12.89,0,100.00%,0,0,$0.00,0,0.00%,1,1,1,$12.89,$0.00,$0.00,$12.89,$0.00,$0.00,$12.89,$0.00,$12.89,$0.00,0.00%,0,0.00%,$0.00,0.00%,0,0.00%,$0.00,0.00%,0,0.00%,$0.00,0.00%,0,0.00%,$0.00,0.00%,$12.89,$0.84,$0.00,$0.00,$0.00,$0.00,0.00%,$0.00,0.00%,$0.00,0.00%,$0.84,6.52%,$12.05,93.48%
"67 - N2_RM_67_PSF_BBVA_DiamondSphereLLC_8875_50K",1,"Ford Mustang Electric Bike Yellow","DP1 V3",Visa,Sunday,483316,1,0,0.00%,1,100.00%,1,0,0.00%,1,100.00%,1,1,$12.89,0,100.00%,0,0,$0.00,0,0.00%,1,1,1,$12.89,$0.00,$0.00,$12.89,$0.00,$0.00,$12.89,$0.00,$12.89,$0.00,0.00%,0,0.00%,$0.00,0.00%,0,0.00%,$0.00,0.00%,0,0.00%,$0.00,0.00%,0,0.00%,$0.00,0.00%,$12.89,$0.84,$0.00,$0.00,$0.00,$0.00,0.00%,$0.00,0.00%,$0.00,0.00%,$0.84,6.52%,$12.05,93.48%
"67 - N2_RM_67_PSF_BBVA_DiamondSphereLLC_8875_50K",1,"Garmin - ECHOMAP Fish Finder","DP1 V3",Mastercard,Sunday,516322,1,0,0.00%,1,100.00%,1,0,0.00%,1,100.00%,1,1,$12.89,0,100.00%,0,0,$0.00,0,0.00%,1,1,1,$12.89,$0.00,$0.00,$12.89,$0.00,$0.00,$12.89,$0.00,$12.89,$0.00,0.00%,0,0.00%,$0.00,0.00%,0,0.00%,$0.00,0.00%,0,0.00%,$0.00,0.00%,0,0.00%,$0.00,0.00%,$12.89,$0.84,$0.00,$0.00,$0.00,$0.00,0.00%,$0.00,0.00%,$0.00,0.00%,$0.84,6.52%,$12.05,93.48%
"67 - N2_RM_67_PSF_BBVA_DiamondSphereLLC_8875_50K",1,"Omaha Steaks Meat Box","DP1 V3",Visa,Sunday,445171,1,1,100.00%,0,0.00%,1,1,100.00%,0,0.00%,1,0,$0.00,1,0.00%,0,0,$0.00,0,0.00%,0,0,0,$0.00,$0.00,$0.00,$0.00,$0.00,$0.00,$0.00,$0.00,$0.00,$0.00,0.00%,0,0.00%,$0.00,0.00%,0,0.00%,$0.00,0.00%,0,0.00%,$0.00,0.00%,0,0.00%,$0.00,0.00%,$0.00,$0.20,$0.00,$0.00,$0.00,$0.00,0.00%,$0.00,0.00%,$0.00,0.00%,$0.20,0.00%,$-0.20,0.00%
"67 - N2_RM_67_PSF_BBVA_DiamondSphereLLC_8875_50K",1,"Titleist Scotty Cameron Phantom 5 Putter","DP1 V3",Mastercard,Sunday,532211,1,1,100.00%,0,0.00%,1,1,100.00%,0,0.00%,1,0,$0.00,1,0.00%,0,0,$0.00,0,0.00%,0,0,0,$0.00,$0.00,$0.00,$0.00,$0.00,$0.00,$0.00,$0.00,$0.00,$0.00,0.00%,0,0.00%,$0.00,0.00%,0,0.00%,$0.00,0.00%,0,0.00%,$0.00,0.00%,0,0.00%,$0.00,0.00%,$0.00,$0.20,$0.00,$0.00,$0.00,$0.00,0.00%,$0.00,0.00%,$0.00,0.00%,$0.20,0.00%,$-0.20,0.00%
"68 - zCLOSED_R2ONLY_RM_68_SIGNA_ESQ_DiamondSphereLLC_5100_50K",1,"5 Domestic flights","DP1 V3",Visa,Sunday,434258,1,1,100.00%,0,0.00%,1,1,100.00%,0,0.00%,1,0,$0.00,1,0.00%,0,0,$0.00,0,0.00%,0,0,0,$0.00,$0.00,$0.00,$0.00,$0.00,$0.00,$0.00,$0.00,$0.00,$0.00,0.00%,0,0.00%,$0.00,0.00%,0,0.00%,$0.00,0.00%,0,0.00%,$0.00,0.00%,0,0.00%,$0.00,0.00%,$0.00,$0.20,$0.00,$0.00,$0.00,$0.00,0.00%,$0.00,0.00%,$0.00,0.00%,$0.20,0.00%,$-0.20,0.00%
"68 - zCLOSED_R2ONLY_RM_68_SIGNA_ESQ_DiamondSphereLLC_5100_50K",1,"5 Domestic flights","DP1 V3",Visa,Sunday,440316,1,1,100.00%,0,0.00%,1,1,100.00%,0,0.00%,1,0,$0.00,1,0.00%,0,0,$0.00,0,0.00%,0,0,0,$0.00,$0.00,$0.00,$0.00,$0.00,$0.00,$0.00,$0.00,$0.00,$0.00,0.00%,0,0.00%,$0.00,0.00%,0,0.00%,$0.00,0.00%,0,0.00%,$0.00,0.00%,0,0.00%,$0.00,0.00%,$0.00,$0.20,$0.00,$0.00,$0.00,$0.00,0.00%,$0.00,0.00%,$0.00,0.00%,$0.20,0.00%,$-0.20,0.00%
"68 - zCLOSED_R2ONLY_RM_68_SIGNA_ESQ_DiamondSphereLLC_5100_50K",1,"Armourtred S7S High-Cut Boots","DP1 V3",Mastercard,Sunday,514377,1,0,0.00%,1,100.00%,1,0,0.00%,1,100.00%,1,1,$12.89,0,100.00%,0,0,$0.00,0,0.00%,1,1,1,$12.89,$0.00,$0.00,$12.89,$0.00,$0.00,$12.89,$0.00,$12.89,$12.89,100.00%,0,0.00%,$0.00,0.00%,0,0.00%,$0.00,0.00%,0,0.00%,$0.00,0.00%,1,100.00%,$12.89,100.00%,$0.00,$0.84,$0.00,$0.00,$0.00,$0.00,0.00%,$0.00,0.00%,$0.00,0.00%,$0.84,6.52%,$-0.84,-6.52%
"68 - zCLOSED_R2ONLY_RM_68_SIGNA_ESQ_DiamondSphereLLC_5100_50K",1,"Ford Mustang Electric Bike Blue","DP1 V3",Mastercard,Sunday,544045,1,1,100.00%,0,0.00%,1,1,100.00%,0,0.00%,1,0,$0.00,1,0.00%,0,0,$0.00,0,0.00%,0,0,0,$0.00,$0.00,$0.00,$0.00,$0.00,$0.00,$0.00,$0.00,$0.00,$0.00,0.00%,0,0.00%,$0.00,0.00%,0,0.00%,$0.00,0.00%,0,0.00%,$0.00,0.00%,0,0.00%,$0.00,0.00%,$0.00,$0.20,$0.00,$0.00,$0.00,$0.00,0.00%,$0.00,0.00%,$0.00,0.00%,$0.20,0.00%,$-0.20,0.00%
"68 - zCLOSED_R2ONLY_RM_68_SIGNA_ESQ_DiamondSphereLLC_5100_50K",1,"Ford Mustang Electric Bike Blue","DP1 V3",Visa,Sunday,446820,1,0,0.00%,1,100.00%,1,0,0.00%,1,100.00%,1,1,$12.89,0,100.00%,0,0,$0.00,0,0.00%,1,1,1,$12.89,$0.00,$0.00,$12.89,$0.00,$0.00,$12.89,$0.00,$12.89,$0.00,0.00%,0,0.00%,$0.00,0.00%,0,0.00%,$0.00,0.00%,0,0.00%,$0.00,0.00%,0,0.00%,$0.00,0.00%,$12.89,$0.84,$0.00,$0.00,$0.00,$0.00,0.00%,$0.00,0.00%,$0.00,0.00%,$0.84,6.52%,$12.05,93.48%
"68 - zCLOSED_R2ONLY_RM_68_SIGNA_ESQ_DiamondSphereLLC_5100_50K",1,"Ford Mustang Electric Bike Yellow","DP1 V3",Mastercard,Sunday,510921,1,1,100.00%,0,0.00%,1,1,100.00%,0,0.00%,1,0,$0.00,1,0.00%,0,0,$0.00,0,0.00%,0,0,0,$0.00,$0.00,$0.00,$0.00,$0.00,$0.00,$0.00,$0.00,$0.00,$0.00,0.00%,0,0.00%,$0.00,0.00%,0,0.00%,$0.00,0.00%,0,0.00%,$0.00,0.00%,0,0.00%,$0.00,0.00%,$0.00,$0.20,$0.00,$0.00,$0.00,$0.00,0.00%,$0.00,0.00%,$0.00,0.00%,$0.20,0.00%,$-0.20,0.00%
"68 - zCLOSED_R2ONLY_RM_68_SIGNA_ESQ_DiamondSphereLLC_5100_50K",1,"Ford Mustang Electric Bike Yellow","DP1 V3",Mastercard,Sunday,542543,1,0,0.00%,1,100.00%,1,0,0.00%,1,100.00%,1,1,$12.89,0,100.00%,0,0,$0.00,0,0.00%,1,1,1,$12.89,$0.00,$0.00,$12.89,$0.00,$0.00,$12.89,$0.00,$12.89,$0.00,0.00%,0,0.00%,$0.00,0.00%,0,0.00%,$0.00,0.00%,0,0.00%,$0.00,0.00%,0,0.00%,$0.00,0.00%,$12.89,$0.84,$0.00,$0.00,$0.00,$0.00,0.00%,$0.00,0.00%,$0.00,0.00%,$0.84,6.52%,$12.05,93.48%
"68 - zCLOSED_R2ONLY_RM_68_SIGNA_ESQ_DiamondSphereLLC_5100_50K",1,"Ford Mustang Electric Bike Yellow","DP1 V3",Visa,Sunday,446613,1,0,0.00%,1,100.00%,1,0,0.00%,1,100.00%,1,1,$12.89,0,100.00%,0,0,$0.00,0,0.00%,1,1,1,$12.89,$0.00,$0.00,$12.89,$0.00,$0.00,$12.89,$0.00,$12.89,$0.00,0.00%,0,0.00%,$0.00,0.00%,0,0.00%,$0.00,0.00%,0,0.00%,$0.00,0.00%,0,0.00%,$0.00,0.00%,$12.89,$0.84,$0.00,$0.00,$0.00,$0.00,0.00%,$0.00,0.00%,$0.00,0.00%,$0.84,6.52%,$12.05,93.48%
"68 - zCLOSED_R2ONLY_RM_68_SIGNA_ESQ_DiamondSphereLLC_5100_50K",1,"Ford Mustang Electric Bike Yellow","DP1 V3",Visa,Sunday,447227,1,1,100.00%,0,0.00%,1,1,100.00%,0,0.00%,1,0,$0.00,1,0.00%,0,0,$0.00,0,0.00%,0,0,0,$0.00,$0.00,$0.00,$0.00,$0.00,$0.00,$0.00,$0.00,$0.00,$0.00,0.00%,0,0.00%,$0.00,0.00%,0,0.00%,$0.00,0.00%,0,0.00%,$0.00,0.00%,0,0.00%,$0.00,0.00%,$0.00,$0.20,$0.00,$0.00,$0.00,$0.00,0.00%,$0.00,0.00%,$0.00,0.00%,$0.20,0.00%,$-0.20,0.00%
"68 - zCLOSED_R2ONLY_RM_68_SIGNA_ESQ_DiamondSphereLLC_5100_50K",1,"Ford Mustang Electric Bike Yellow","DP1 V3",Visa,Sunday,480213,1,1,100.00%,0,0.00%,1,1,100.00%,0,0.00%,1,0,$0.00,1,0.00%,0,0,$0.00,0,0.00%,0,0,0,$0.00,$0.00,$0.00,$0.00,$0.00,$0.00,$0.00,$0.00,$0.00,$0.00,0.00%,0,0.00%,$0.00,0.00%,0,0.00%,$0.00,0.00%,0,0.00%,$0.00,0.00%,0,0.00%,$0.00,0.00%,$0.00,$0.20,$0.00,$0.00,$0.00,$0.00,0.00%,$0.00,0.00%,$0.00,0.00%,$0.20,0.00%,$-0.20,0.00%
"68 - zCLOSED_R2ONLY_RM_68_SIGNA_ESQ_DiamondSphereLLC_5100_50K",1,"John Deere Merchandise Set","DP1 V3",Mastercard,Sunday,515676,1,1,100.00%,0,0.00%,1,1,100.00%,0,0.00%,1,0,$0.00,1,0.00%,0,0,$0.00,0,0.00%,0,0,0,$0.00,$0.00,$0.00,$0.00,$0.00,$0.00,$0.00,$0.00,$0.00,$0.00,0.00%,0,0.00%,$0.00,0.00%,0,0.00%,$0.00,0.00%,0,0.00%,$0.00,0.00%,0,0.00%,$0.00,0.00%,$0.00,$0.20,$0.00,$0.00,$0.00,$0.00,0.00%,$0.00,0.00%,$0.00,0.00%,$0.20,0.00%,$-0.20,0.00%
"68 - zCLOSED_R2ONLY_RM_68_SIGNA_ESQ_DiamondSphereLLC_5100_50K",1,"Milwaukee - Armourtred S7S High-Cut Boots","DP1 V3",Visa,Sunday,485560,1,1,100.00%,0,0.00%,1,1,100.00%,0,0.00%,1,0,$0.00,1,0.00%,0,0,$0.00,0,0.00%,0,0,0,$0.00,$0.00,$0.00,$0.00,$0.00,$0.00,$0.00,$0.00,$0.00,$0.00,0.00%,0,0.00%,$0.00,0.00%,0,0.00%,$0.00,0.00%,0,0.00%,$0.00,0.00%,0,0.00%,$0.00,0.00%,$0.00,$0.20,$0.00,$0.00,$0.00,$0.00,0.00%,$0.00,0.00%,$0.00,0.00%,$0.20,0.00%,$-0.20,0.00%
"68 - zCLOSED_R2ONLY_RM_68_SIGNA_ESQ_DiamondSphereLLC_5100_50K",1,"Omaha Steaks Meat Box","DP1 V3",Mastercard,Sunday,546316,1,0,0.00%,1,100.00%,1,0,0.00%,1,100.00%,1,1,$12.89,0,100.00%,0,0,$0.00,0,0.00%,1,1,1,$12.89,$0.00,$0.00,$12.89,$0.00,$0.00,$12.89,$0.00,$12.89,$12.89,100.00%,0,0.00%,$0.00,0.00%,1,100.00%,$12.89,100.00%,0,0.00%,$0.00,0.00%,0,0.00%,$0.00,0.00%,$0.00,$0.84,$0.00,$0.00,$0.00,$0.00,0.00%,$0.00,0.00%,$0.00,0.00%,$0.84,6.52%,$-0.84,-6.52%
"68 - zCLOSED_R2ONLY_RM_68_SIGNA_ESQ_DiamondSphereLLC_5100_50K",1,"Omaha Steaks Meat Box","DP1 V3",Mastercard,Sunday,552322,1,1,100.00%,0,0.00%,1,1,100.00%,0,0.00%,1,0,$0.00,1,0.00%,0,0,$0.00,0,0.00%,0,0,0,$0.00,$0.00,$0.00,$0.00,$0.00,$0.00,$0.00,$0.00,$0.00,$0.00,0.00%,0,0.00%,$0.00,0.00%,0,0.00%,$0.00,0.00%,0,0.00%,$0.00,0.00%,0,0.00%,$0.00,0.00%,$0.00,$0.20,$0.00,$0.00,$0.00,$0.00,0.00%,$0.00,0.00%,$0.00,0.00%,$0.20,0.00%,$-0.20,0.00%
"69 - zCLOSED_R2ONLY_RM_69_SIGNA_ESQ_DiamondSphereLLC_5126_50K",1,"5 Domestic flights","DP1 V3",Visa,Sunday,414720,1,1,100.00%,0,0.00%,1,1,100.00%,0,0.00%,1,0,$0.00,1,0.00%,0,0,$0.00,0,0.00%,0,0,0,$0.00,$0.00,$0.00,$0.00,$0.00,$0.00,$0.00,$0.00,$0.00,$0.00,0.00%,0,0.00%,$0.00,0.00%,0,0.00%,$0.00,0.00%,0,0.00%,$0.00,0.00%,0,0.00%,$0.00,0.00%,$0.00,$0.20,$0.00,$0.00,$0.00,$0.00,0.00%,$0.00,0.00%,$0.00,0.00%,$0.20,0.00%,$-0.20,0.00%
"69 - zCLOSED_R2ONLY_RM_69_SIGNA_ESQ_DiamondSphereLLC_5126_50K",1,"Armourtred S7S High-Cut Boots","DP1 V3",Visa,Sunday,411773,1,0,0.00%,1,100.00%,1,0,0.00%,1,100.00%,1,1,$12.89,0,100.00%,0,0,$0.00,0,0.00%,1,1,1,$12.89,$0.00,$0.00,$12.89,$0.00,$0.00,$12.89,$0.00,$12.89,$0.00,0.00%,0,0.00%,$0.00,0.00%,0,0.00%,$0.00,0.00%,0,0.00%,$0.00,0.00%,0,0.00%,$0.00,0.00%,$12.89,$0.84,$0.00,$0.00,$0.00,$0.00,0.00%,$0.00,0.00%,$0.00,0.00%,$0.84,6.52%,$12.05,93.48%
"69 - zCLOSED_R2ONLY_RM_69_SIGNA_ESQ_DiamondSphereLLC_5126_50K",1,"Armourtred S7S High-Cut Boots","DP1 V3",Visa,Sunday,487917,1,0,0.00%,1,100.00%,1,0,0.00%,1,100.00%,1,1,$12.89,0,100.00%,0,0,$0.00,0,0.00%,1,1,1,$12.89,$0.00,$0.00,$12.89,$0.00,$0.00,$12.89,$0.00,$12.89,$0.00,0.00%,0,0.00%,$0.00,0.00%,0,0.00%,$0.00,0.00%,0,0.00%,$0.00,0.00%,0,0.00%,$0.00,0.00%,$12.89,$0.84,$0.00,$0.00,$0.00,$0.00,0.00%,$0.00,0.00%,$0.00,0.00%,$0.84,6.52%,$12.05,93.48%
"69 - zCLOSED_R2ONLY_RM_69_SIGNA_ESQ_DiamondSphereLLC_5126_50K",1,"Ford Mustang Electric Bike Blue","DP1 V3",Visa,Sunday,427122,1,1,100.00%,0,0.00%,1,1,100.00%,0,0.00%,1,0,$0.00,1,0.00%,0,0,$0.00,0,0.00%,0,0,0,$0.00,$0.00,$0.00,$0.00,$0.00,$0.00,$0.00,$0.00,$0.00,$0.00,0.00%,0,0.00%,$0.00,0.00%,0,0.00%,$0.00,0.00%,0,0.00%,$0.00,0.00%,0,0.00%,$0.00,0.00%,$0.00,$0.20,$0.00,$0.00,$0.00,$0.00,0.00%,$0.00,0.00%,$0.00,0.00%,$0.20,0.00%,$-0.20,0.00%
"69 - zCLOSED_R2ONLY_RM_69_SIGNA_ESQ_DiamondSphereLLC_5126_50K",1,"Ford Mustang Electric Bike Blue","DP1 V3",Visa,Sunday,442326,1,1,100.00%,0,0.00%,1,1,100.00%,0,0.00%,1,0,$0.00,1,0.00%,0,0,$0.00,0,0.00%,0,0,0,$0.00,$0.00,$0.00,$0.00,$0.00,$0.00,$0.00,$0.00,$0.00,$0.00,0.00%,0,0.00%,$0.00,0.00%,0,0.00%,$0.00,0.00%,0,0.00%,$0.00,0.00%,0,0.00%,$0.00,0.00%,$0.00,$0.20,$0.00,$0.00,$0.00,$0.00,0.00%,$0.00,0.00%,$0.00,0.00%,$0.20,0.00%,$-0.20,0.00%
"69 - zCLOSED_R2ONLY_RM_69_SIGNA_ESQ_DiamondSphereLLC_5126_50K",1,"Ford Mustang Electric Bike Blue","DP1 V3",Visa,Sunday,442644,1,1,100.00%,0,0.00%,1,1,100.00%,0,0.00%,1,0,$0.00,1,0.00%,0,0,$0.00,0,0.00%,0,0,0,$0.00,$0.00,$0.00,$0.00,$0.00,$0.00,$0.00,$0.00,$0.00,$0.00,0.00%,0,0.00%,$0.00,0.00%,0,0.00%,$0.00,0.00%,0,0.00%,$0.00,0.00%,0,0.00%,$0.00,0.00%,$0.00,$0.20,$0.00,$0.00,$0.00,$0.00,0.00%,$0.00,0.00%,$0.00,0.00%,$0.20,0.00%,$-0.20,0.00%
"69 - zCLOSED_R2ONLY_RM_69_SIGNA_ESQ_DiamondSphereLLC_5126_50K",1,"Ford Mustang Electric Bike Blue","DP1 V3",Visa,Sunday,451336,1,1,100.00%,0,0.00%,1,1,100.00%,0,0.00%,1,0,$0.00,1,0.00%,0,0,$0.00,0,0.00%,0,0,0,$0.00,$0.00,$0.00,$0.00,$0.00,$0.00,$0.00,$0.00,$0.00,$0.00,0.00%,0,0.00%,$0.00,0.00%,0,0.00%,$0.00,0.00%,0,0.00%,$0.00,0.00%,0,0.00%,$0.00,0.00%,$0.00,$0.20,$0.00,$0.00,$0.00,$0.00,0.00%,$0.00,0.00%,$0.00,0.00%,$0.20,0.00%,$-0.20,0.00%
"69 - zCLOSED_R2ONLY_RM_69_SIGNA_ESQ_DiamondSphereLLC_5126_50K",1,"Ford Mustang Electric Bike Yellow","DP1 V3",Mastercard,Sunday,514377,1,0,0.00%,1,100.00%,1,0,0.00%,1,100.00%,1,1,$12.89,0,100.00%,0,0,$0.00,0,0.00%,1,1,1,$12.89,$0.00,$0.00,$12.89,$0.00,$0.00,$12.89,$0.00,$12.89,$0.00,0.00%,0,0.00%,$0.00,0.00%,0,0.00%,$0.00,0.00%,0,0.00%,$0.00,0.00%,0,0.00%,$0.00,0.00%,$12.89,$0.84,$0.00,$0.00,$0.00,$0.00,0.00%,$0.00,0.00%,$0.00,0.00%,$0.84,6.52%,$12.05,93.48%
"69 - zCLOSED_R2ONLY_RM_69_SIGNA_ESQ_DiamondSphereLLC_5126_50K",1,"Ford Mustang Electric Bike Yellow","DP1 V3",Visa,Sunday,434256,1,1,100.00%,0,0.00%,1,1,100.00%,0,0.00%,1,0,$0.00,1,0.00%,0,0,$0.00,0,0.00%,0,0,0,$0.00,$0.00,$0.00,$0.00,$0.00,$0.00,$0.00,$0.00,$0.00,$0.00,0.00%,0,0.00%,$0.00,0.00%,0,0.00%,$0.00,0.00%,0,0.00%,$0.00,0.00%,0,0.00%,$0.00,0.00%,$0.00,$0.20,$0.00,$0.00,$0.00,$0.00,0.00%,$0.00,0.00%,$0.00,0.00%,$0.20,0.00%,$-0.20,0.00%
"69 - zCLOSED_R2ONLY_RM_69_SIGNA_ESQ_DiamondSphereLLC_5126_50K",1,"Ford Mustang Electric Bike Yellow","DP1 V3",Visa,Sunday,434257,1,1,100.00%,0,0.00%,1,1,100.00%,0,0.00%,1,0,$0.00,1,0.00%,0,0,$0.00,0,0.00%,0,0,0,$0.00,$0.00,$0.00,$0.00,$0.00,$0.00,$0.00,$0.00,$0.00,$0.00,0.00%,0,0.00%,$0.00,0.00%,0,0.00%,$0.00,0.00%,0,0.00%,$0.00,0.00%,0,0.00%,$0.00,0.00%,$0.00,$0.20,$0.00,$0.00,$0.00,$0.00,0.00%,$0.00,0.00%,$0.00,0.00%,$0.20,0.00%,$-0.20,0.00%
"69 - zCLOSED_R2ONLY_RM_69_SIGNA_ESQ_DiamondSphereLLC_5126_50K",1,"Ford Mustang Electric Bike Yellow","DP1 V3",Visa,Sunday,481176,1,0,0.00%,1,100.00%,1,0,0.00%,1,100.00%,1,1,$12.89,0,100.00%,0,0,$0.00,0,0.00%,1,1,1,$12.89,$0.00,$0.00,$12.89,$0.00,$0.00,$12.89,$0.00,$12.89,$0.00,0.00%,0,0.00%,$0.00,0.00%,0,0.00%,$0.00,0.00%,0,0.00%,$0.00,0.00%,0,0.00%,$0.00,0.00%,$12.89,$0.84,$0.00,$0.00,$0.00,$0.00,0.00%,$0.00,0.00%,$0.00,0.00%,$0.84,6.52%,$12.05,93.48%
"69 - zCLOSED_R2ONLY_RM_69_SIGNA_ESQ_DiamondSphereLLC_5126_50K",1,"Ford Mustang Electric Bike Yellow","DP1 V3",Visa,Sunday,483312,1,1,100.00%,0,0.00%,1,1,100.00%,0,0.00%,1,0,$0.00,1,0.00%,0,0,$0.00,0,0.00%,0,0,0,$0.00,$0.00,$0.00,$0.00,$0.00,$0.00,$0.00,$0.00,$0.00,$0.00,0.00%,0,0.00%,$0.00,0.00%,0,0.00%,$0.00,0.00%,0,0.00%,$0.00,0.00%,0,0.00%,$0.00,0.00%,$0.00,$0.20,$0.00,$0.00,$0.00,$0.00,0.00%,$0.00,0.00%,$0.00,0.00%,$0.20,0.00%,$-0.20,0.00%
"69 - zCLOSED_R2ONLY_RM_69_SIGNA_ESQ_DiamondSphereLLC_5126_50K",1,"Milwaukee - Armourtred S7S High-Cut Boots","DP1 V3",Visa,Sunday,424631,1,1,100.00%,0,0.00%,1,1,100.00%,0,0.00%,1,0,$0.00,1,0.00%,0,0,$0.00,0,0.00%,0,0,0,$0.00,$0.00,$0.00,$0.00,$0.00,$0.00,$0.00,$0.00,$0.00,$0.00,0.00%,0,0.00%,$0.00,0.00%,0,0.00%,$0.00,0.00%,0,0.00%,$0.00,0.00%,0,0.00%,$0.00,0.00%,$0.00,$0.20,$0.00,$0.00,$0.00,$0.00,0.00%,$0.00,0.00%,$0.00,0.00%,$0.20,0.00%,$-0.20,0.00%
"69 - zCLOSED_R2ONLY_RM_69_SIGNA_ESQ_DiamondSphereLLC_5126_50K",1,"Omaha Steaks Meat Box","DP1 V3",Mastercard,Sunday,545958,1,0,0.00%,1,100.00%,1,0,0.00%,1,100.00%,1,1,$12.89,0,100.00%,0,0,$0.00,0,0.00%,1,1,1,$12.89,$0.00,$0.00,$12.89,$0.00,$0.00,$12.89,$0.00,$12.89,$0.00,0.00%,0,0.00%,$0.00,0.00%,0,0.00%,$0.00,0.00%,0,0.00%,$0.00,0.00%,0,0.00%,$0.00,0.00%,$12.89,$0.84,$0.00,$0.00,$0.00,$0.00,0.00%,$0.00,0.00%,$0.00,0.00%,$0.84,6.52%,$12.05,93.48%
"69 - zCLOSED_R2ONLY_RM_69_SIGNA_ESQ_DiamondSphereLLC_5126_50K",1,"Omaha Steaks Meat Box","DP1 V3",Visa,Sunday,486796,1,0,0.00%,1,100.00%,1,0,0.00%,1,100.00%,1,1,$12.89,0,100.00%,0,0,$0.00,0,0.00%,1,1,1,$12.89,$0.00,$0.00,$12.89,$0.00,$0.00,$12.89,$0.00,$12.89,$12.89,100.00%,0,0.00%,$0.00,0.00%,0,0.00%,$0.00,0.00%,0,0.00%,$0.00,0.00%,1,100.00%,$12.89,100.00%,$0.00,$0.84,$0.00,$0.00,$0.00,$0.00,0.00%,$0.00,0.00%,$0.00,0.00%,$0.84,6.52%,$-0.84,-6.52%
"7 - GY_N2_RM_7_PAYARC_EVO_BrightAdvantageLLC_4041_65K",1,"Ford Mustang Electric Bike Blue","DP1 V3",Visa,Sunday,426684,1,0,0.00%,1,100.00%,1,0,0.00%,1,100.00%,1,1,$12.89,0,100.00%,0,0,$0.00,0,0.00%,1,1,1,$12.89,$0.00,$0.00,$12.89,$0.00,$0.00,$12.89,$0.00,$12.89,$0.00,0.00%,0,0.00%,$0.00,0.00%,0,0.00%,$0.00,0.00%,0,0.00%,$0.00,0.00%,0,0.00%,$0.00,0.00%,$12.89,$0.84,$0.00,$0.00,$0.00,$0.00,0.00%,$0.00,0.00%,$0.00,0.00%,$0.84,6.52%,$12.05,93.48%
"7 - GY_N2_RM_7_PAYARC_EVO_BrightAdvantageLLC_4041_65K",1,"Ford Mustang Electric Bike Blue","DP1 V3",Visa,Sunday,443047,1,1,100.00%,0,0.00%,1,1,100.00%,0,0.00%,1,0,$0.00,1,0.00%,0,0,$0.00,0,0.00%,0,0,0,$0.00,$0.00,$0.00,$0.00,$0.00,$0.00,$0.00,$0.00,$0.00,$0.00,0.00%,0,0.00%,$0.00,0.00%,0,0.00%,$0.00,0.00%,0,0.00%,$0.00,0.00%,0,0.00%,$0.00,0.00%,$0.00,$0.20,$0.00,$0.00,$0.00,$0.00,0.00%,$0.00,0.00%,$0.00,0.00%,$0.20,0.00%,$-0.20,0.00%
"7 - GY_N2_RM_7_PAYARC_EVO_BrightAdvantageLLC_4041_65K",1,"Ford Mustang Electric Bike Yellow","DP1 V3",Visa,Sunday,413331,1,0,0.00%,1,100.00%,1,0,0.00%,1,100.00%,1,1,$12.89,0,100.00%,0,0,$0.00,0,0.00%,1,1,1,$12.89,$0.00,$0.00,$12.89,$0.00,$0.00,$12.89,$0.00,$12.89,$0.00,0.00%,0,0.00%,$0.00,0.00%,0,0.00%,$0.00,0.00%,0,0.00%,$0.00,0.00%,0,0.00%,$0.00,0.00%,$12.89,$0.84,$0.00,$0.00,$0.00,$0.00,0.00%,$0.00,0.00%,$0.00,0.00%,$0.84,6.52%,$12.05,93.48%
"7 - GY_N2_RM_7_PAYARC_EVO_BrightAdvantageLLC_4041_65K",1,"Ford Mustang Electric Bike Yellow","DP1 V3",Visa,Sunday,423223,1,1,100.00%,0,0.00%,1,1,100.00%,0,0.00%,1,0,$0.00,1,0.00%,0,0,$0.00,0,0.00%,0,0,0,$0.00,$0.00,$0.00,$0.00,$0.00,$0.00,$0.00,$0.00,$0.00,$0.00,0.00%,0,0.00%,$0.00,0.00%,0,0.00%,$0.00,0.00%,0,0.00%,$0.00,0.00%,0,0.00%,$0.00,0.00%,$0.00,$0.20,$0.00,$0.00,$0.00,$0.00,0.00%,$0.00,0.00%,$0.00,0.00%,$0.20,0.00%,$-0.20,0.00%
"7 - GY_N2_RM_7_PAYARC_EVO_BrightAdvantageLLC_4041_65K",1,"Garmin - ECHOMAP Fish Finder","DP1 V3",Visa,Sunday,486933,1,0,0.00%,1,100.00%,1,0,0.00%,1,100.00%,1,1,$12.89,0,100.00%,0,0,$0.00,0,0.00%,1,1,1,$12.89,$0.00,$0.00,$12.89,$0.00,$0.00,$12.89,$0.00,$12.89,$0.00,0.00%,0,0.00%,$0.00,0.00%,0,0.00%,$0.00,0.00%,0,0.00%,$0.00,0.00%,0,0.00%,$0.00,0.00%,$12.89,$0.84,$0.00,$0.00,$0.00,$0.00,0.00%,$0.00,0.00%,$0.00,0.00%,$0.84,6.52%,$12.05,93.48%
"7 - GY_N2_RM_7_PAYARC_EVO_BrightAdvantageLLC_4041_65K",1,"Milwaukee - Armourtred S7S High-Cut Boots","DP1 V3",Mastercard,Sunday,527515,1,1,100.00%,0,0.00%,1,1,100.00%,0,0.00%,1,0,$0.00,1,0.00%,0,0,$0.00,0,0.00%,0,0,0,$0.00,$0.00,$0.00,$0.00,$0.00,$0.00,$0.00,$0.00,$0.00,$0.00,0.00%,0,0.00%,$0.00,0.00%,0,0.00%,$0.00,0.00%,0,0.00%,$0.00,0.00%,0,0.00%,$0.00,0.00%,$0.00,$0.20,$0.00,$0.00,$0.00,$0.00,0.00%,$0.00,0.00%,$0.00,0.00%,$0.20,0.00%,$-0.20,0.00%
"7 - GY_N2_RM_7_PAYARC_EVO_BrightAdvantageLLC_4041_65K",1,"Omaha Steaks Meat Box","DP1 V3",Visa,Sunday,447914,1,1,100.00%,0,0.00%,1,1,100.00%,0,0.00%,1,0,$0.00,1,0.00%,0,0,$0.00,0,0.00%,0,0,0,$0.00,$0.00,$0.00,$0.00,$0.00,$0.00,$0.00,$0.00,$0.00,$0.00,0.00%,0,0.00%,$0.00,0.00%,0,0.00%,$0.00,0.00%,0,0.00%,$0.00,0.00%,0,0.00%,$0.00,0.00%,$0.00,$0.20,$0.00,$0.00,$0.00,$0.00,0.00%,$0.00,0.00%,$0.00,0.00%,$0.20,0.00%,$-0.20,0.00%
"70 - zCLOSED_RM_70_QUANT_CBSL_SpecifiConLLC_4767_25K",1,"5 Domestic flights","DP1 V3",Visa,Sunday,406049,1,0,0.00%,1,100.00%,1,0,0.00%,1,100.00%,1,1,$12.89,0,100.00%,0,0,$0.00,0,0.00%,1,1,1,$12.89,$0.00,$0.00,$12.89,$0.00,$0.00,$12.89,$0.00,$12.89,$0.00,0.00%,0,0.00%,$0.00,0.00%,0,0.00%,$0.00,0.00%,0,0.00%,$0.00,0.00%,0,0.00%,$0.00,0.00%,$12.89,$0.84,$0.00,$0.00,$0.00,$0.00,0.00%,$0.00,0.00%,$0.00,0.00%,$0.84,6.52%,$12.05,93.48%
"70 - zCLOSED_RM_70_QUANT_CBSL_SpecifiConLLC_4767_25K",1,"Armourtred S7S High-Cut Boots","DP1 V3",Mastercard,Sunday,513872,1,0,0.00%,1,100.00%,1,0,0.00%,1,100.00%,1,1,$12.89,0,100.00%,0,0,$0.00,0,0.00%,1,1,1,$12.89,$0.00,$0.00,$12.89,$0.00,$0.00,$12.89,$0.00,$12.89,$0.00,0.00%,0,0.00%,$0.00,0.00%,0,0.00%,$0.00,0.00%,0,0.00%,$0.00,0.00%,0,0.00%,$0.00,0.00%,$12.89,$0.84,$0.00,$0.00,$0.00,$0.00,0.00%,$0.00,0.00%,$0.00,0.00%,$0.84,6.52%,$12.05,93.48%
"70 - zCLOSED_RM_70_QUANT_CBSL_SpecifiConLLC_4767_25K",1,"Armourtred S7S High-Cut Boots","DP1 V3",Mastercard,Sunday,515676,1,0,0.00%,1,100.00%,1,0,0.00%,1,100.00%,1,1,$12.89,0,100.00%,0,0,$0.00,0,0.00%,1,1,1,$12.89,$0.00,$0.00,$12.89,$0.00,$0.00,$12.89,$0.00,$12.89,$0.00,0.00%,0,0.00%,$0.00,0.00%,0,0.00%,$0.00,0.00%,0,0.00%,$0.00,0.00%,0,0.00%,$0.00,0.00%,$12.89,$0.84,$0.00,$0.00,$0.00,$0.00,0.00%,$0.00,0.00%,$0.00,0.00%,$0.84,6.52%,$12.05,93.48%
"70 - zCLOSED_RM_70_QUANT_CBSL_SpecifiConLLC_4767_25K",1,"Ford Mustang Electric Bike Blue","DP1 V3",Mastercard,Sunday,511332,1,0,0.00%,1,100.00%,1,0,0.00%,1,100.00%,1,1,$12.89,0,100.00%,0,0,$0.00,0,0.00%,1,1,1,$12.89,$0.00,$0.00,$12.89,$0.00,$0.00,$12.89,$0.00,$12.89,$0.00,0.00%,0,0.00%,$0.00,0.00%,0,0.00%,$0.00,0.00%,0,0.00%,$0.00,0.00%,0,0.00%,$0.00,0.00%,$12.89,$0.84,$0.00,$0.00,$0.00,$0.00,0.00%,$0.00,0.00%,$0.00,0.00%,$0.84,6.52%,$12.05,93.48%
"70 - zCLOSED_RM_70_QUANT_CBSL_SpecifiConLLC_4767_25K",1,"Ford Mustang Electric Bike Blue","DP1 V3",Mastercard,Sunday,517546,1,0,0.00%,1,100.00%,1,0,0.00%,1,100.00%,1,1,$12.89,0,100.00%,0,0,$0.00,0,0.00%,1,1,1,$12.89,$0.00,$0.00,$12.89,$0.00,$0.00,$12.89,$0.00,$12.89,$0.00,0.00%,0,0.00%,$0.00,0.00%,0,0.00%,$0.00,0.00%,0,0.00%,$0.00,0.00%,0,0.00%,$0.00,0.00%,$12.89,$0.84,$0.00,$0.00,$0.00,$0.00,0.00%,$0.00,0.00%,$0.00,0.00%,$0.84,6.52%,$12.05,93.48%
"70 - zCLOSED_RM_70_QUANT_CBSL_SpecifiConLLC_4767_25K",1,"Ford Mustang Electric Bike Blue","DP1 V3",Visa,Sunday,413022,1,1,100.00%,0,0.00%,1,1,100.00%,0,0.00%,1,0,$0.00,1,0.00%,0,0,$0.00,0,0.00%,0,0,0,$0.00,$0.00,$0.00,$0.00,$0.00,$0.00,$0.00,$0.00,$0.00,$0.00,0.00%,0,0.00%,$0.00,0.00%,0,0.00%,$0.00,0.00%,0,0.00%,$0.00,0.00%,0,0.00%,$0.00,0.00%,$0.00,$0.20,$0.00,$0.00,$0.00,$0.00,0.00%,$0.00,0.00%,$0.00,0.00%,$0.20,0.00%,$-0.20,0.00%
"70 - zCLOSED_RM_70_QUANT_CBSL_SpecifiConLLC_4767_25K",1,"Ford Mustang Electric Bike Blue","DP1 V3",Visa,Sunday,416862,1,1,100.00%,0,0.00%,1,1,100.00%,0,0.00%,1,0,$0.00,1,0.00%,0,0,$0.00,0,0.00%,0,0,0,$0.00,$0.00,$0.00,$0.00,$0.00,$0.00,$0.00,$0.00,$0.00,$0.00,0.00%,0,0.00%,$0.00,0.00%,0,0.00%,$0.00,0.00%,0,0.00%,$0.00,0.00%,0,0.00%,$0.00,0.00%,$0.00,$0.20,$0.00,$0.00,$0.00,$0.00,0.00%,$0.00,0.00%,$0.00,0.00%,$0.20,0.00%,$-0.20,0.00%
"70 - zCLOSED_RM_70_QUANT_CBSL_SpecifiConLLC_4767_25K",1,"Ford Mustang Electric Bike Yellow","DP1 V3",Visa,Sunday,414740,1,0,0.00%,1,100.00%,1,0,0.00%,1,100.00%,1,1,$12.89,0,100.00%,0,0,$0.00,0,0.00%,1,1,1,$12.89,$0.00,$0.00,$12.89,$0.00,$0.00,$12.89,$0.00,$12.89,$0.00,0.00%,0,0.00%,$0.00,0.00%,0,0.00%,$0.00,0.00%,0,0.00%,$0.00,0.00%,0,0.00%,$0.00,0.00%,$12.89,$0.84,$0.00,$0.00,$0.00,$0.00,0.00%,$0.00,0.00%,$0.00,0.00%,$0.84,6.52%,$12.05,93.48%
"70 - zCLOSED_RM_70_QUANT_CBSL_SpecifiConLLC_4767_25K",1,"Garmin Fish Finder","DP1 V3",Mastercard,Sunday,517148,1,1,100.00%,0,0.00%,1,1,100.00%,0,0.00%,1,0,$0.00,1,0.00%,0,0,$0.00,0,0.00%,0,0,0,$0.00,$0.00,$0.00,$0.00,$0.00,$0.00,$0.00,$0.00,$0.00,$0.00,0.00%,0,0.00%,$0.00,0.00%,0,0.00%,$0.00,0.00%,0,0.00%,$0.00,0.00%,0,0.00%,$0.00,0.00%,$0.00,$0.20,$0.00,$0.00,$0.00,$0.00,0.00%,$0.00,0.00%,$0.00,0.00%,$0.20,0.00%,$-0.20,0.00%
"70 - zCLOSED_RM_70_QUANT_CBSL_SpecifiConLLC_4767_25K",1,"Milwaukee - Armourtred S7S High-Cut Boots","DP1 V3",Visa,Sunday,436706,1,1,100.00%,0,0.00%,1,1,100.00%,0,0.00%,1,0,$0.00,1,0.00%,0,0,$0.00,0,0.00%,0,0,0,$0.00,$0.00,$0.00,$0.00,$0.00,$0.00,$0.00,$0.00,$0.00,$0.00,0.00%,0,0.00%,$0.00,0.00%,0,0.00%,$0.00,0.00%,0,0.00%,$0.00,0.00%,0,0.00%,$0.00,0.00%,$0.00,$0.20,$0.00,$0.00,$0.00,$0.00,0.00%,$0.00,0.00%,$0.00,0.00%,$0.20,0.00%,$-0.20,0.00%
"75 - NR2_RM_75_QUANT_CBSL_DiamondsphereLLC_4874_25K",1,"5 Domestic flights","DP1 V3",Mastercard,Sunday,514377,1,0,0.00%,1,100.00%,1,0,0.00%,1,100.00%,1,1,$12.89,0,100.00%,0,0,$0.00,0,0.00%,1,1,1,$12.89,$0.00,$0.00,$12.89,$0.00,$0.00,$12.89,$0.00,$12.89,$0.00,0.00%,0,0.00%,$0.00,0.00%,0,0.00%,$0.00,0.00%,0,0.00%,$0.00,0.00%,0,0.00%,$0.00,0.00%,$12.89,$0.84,$0.00,$0.00,$0.00,$0.00,0.00%,$0.00,0.00%,$0.00,0.00%,$0.84,6.52%,$12.05,93.48%
"75 - NR2_RM_75_QUANT_CBSL_DiamondsphereLLC_4874_25K",1,"Ford Mustang Electric Bike Blue","DP1 V3",Visa,Sunday,423816,1,0,0.00%,1,100.00%,1,0,0.00%,1,100.00%,1,1,$12.89,0,100.00%,0,0,$0.00,0,0.00%,1,1,1,$12.89,$0.00,$0.00,$12.89,$0.00,$0.00,$12.89,$0.00,$12.89,$0.00,0.00%,0,0.00%,$0.00,0.00%,0,0.00%,$0.00,0.00%,0,0.00%,$0.00,0.00%,0,0.00%,$0.00,0.00%,$12.89,$0.84,$0.00,$0.00,$0.00,$0.00,0.00%,$0.00,0.00%,$0.00,0.00%,$0.84,6.52%,$12.05,93.48%
"75 - NR2_RM_75_QUANT_CBSL_DiamondsphereLLC_4874_25K",1,"Milwaukee - Armourtred S7S High-Cut Boots","DP1 V3",Visa,Sunday,434256,1,1,100.00%,0,0.00%,1,1,100.00%,0,0.00%,1,0,$0.00,1,0.00%,0,0,$0.00,0,0.00%,0,0,0,$0.00,$0.00,$0.00,$0.00,$0.00,$0.00,$0.00,$0.00,$0.00,$0.00,0.00%,0,0.00%,$0.00,0.00%,0,0.00%,$0.00,0.00%,0,0.00%,$0.00,0.00%,0,0.00%,$0.00,0.00%,$0.00,$0.20,$0.00,$0.00,$0.00,$0.00,0.00%,$0.00,0.00%,$0.00,0.00%,$0.20,0.00%,$-0.20,0.00%
"75 - NR2_RM_75_QUANT_CBSL_DiamondsphereLLC_4874_25K",1,"Titleist Scotty Cameron Phantom 5 Putter","DP1 V3",Mastercard,Sunday,558650,1,1,100.00%,0,0.00%,1,1,100.00%,0,0.00%,1,0,$0.00,1,0.00%,0,0,$0.00,0,0.00%,0,0,0,$0.00,$0.00,$0.00,$0.00,$0.00,$0.00,$0.00,$0.00,$0.00,$0.00,0.00%,0,0.00%,$0.00,0.00%,0,0.00%,$0.00,0.00%,0,0.00%,$0.00,0.00%,0,0.00%,$0.00,0.00%,$0.00,$0.20,$0.00,$0.00,$0.00,$0.00,0.00%,$0.00,0.00%,$0.00,0.00%,$0.20,0.00%,$-0.20,0.00%
"75 - NR2_RM_75_QUANT_CBSL_DiamondsphereLLC_4874_25K",1,"Titleist Scotty Cameron Phantom 5 Putter","DP1 V3",Visa,Sunday,490070,1,1,100.00%,0,0.00%,1,1,100.00%,0,0.00%,1,0,$0.00,1,0.00%,0,0,$0.00,0,0.00%,0,0,0,$0.00,$0.00,$0.00,$0.00,$0.00,$0.00,$0.00,$0.00,$0.00,$0.00,0.00%,0,0.00%,$0.00,0.00%,0,0.00%,$0.00,0.00%,0,0.00%,$0.00,0.00%,0,0.00%,$0.00,0.00%,$0.00,$0.20,$0.00,$0.00,$0.00,$0.00,0.00%,$0.00,0.00%,$0.00,0.00%,$0.20,0.00%,$-0.20,0.00%
"77 - NR12_RM_77_QUANT_CBSL_DiamondsphereLLC_5293_25K",1,"5 Domestic flights","DP1 V3",Mastercard,Sunday,517800,1,0,0.00%,1,100.00%,1,0,0.00%,1,100.00%,1,1,$12.89,0,100.00%,0,0,$0.00,0,0.00%,1,1,1,$12.89,$0.00,$0.00,$12.89,$0.00,$0.00,$12.89,$0.00,$12.89,$0.00,0.00%,0,0.00%,$0.00,0.00%,0,0.00%,$0.00,0.00%,0,0.00%,$0.00,0.00%,0,0.00%,$0.00,0.00%,$12.89,$0.84,$0.00,$0.00,$0.00,$0.00,0.00%,$0.00,0.00%,$0.00,0.00%,$0.84,6.52%,$12.05,93.48%
"77 - NR12_RM_77_QUANT_CBSL_DiamondsphereLLC_5293_25K",1,"Armourtred S7S High-Cut Boots","DP1 V3",Mastercard,Sunday,544347,1,1,100.00%,0,0.00%,1,1,100.00%,0,0.00%,1,0,$0.00,1,0.00%,0,0,$0.00,0,0.00%,0,0,0,$0.00,$0.00,$0.00,$0.00,$0.00,$0.00,$0.00,$0.00,$0.00,$0.00,0.00%,0,0.00%,$0.00,0.00%,0,0.00%,$0.00,0.00%,0,0.00%,$0.00,0.00%,0,0.00%,$0.00,0.00%,$0.00,$0.20,$0.00,$0.00,$0.00,$0.00,0.00%,$0.00,0.00%,$0.00,0.00%,$0.20,0.00%,$-0.20,0.00%
"77 - NR12_RM_77_QUANT_CBSL_DiamondsphereLLC_5293_25K",1,"Ford Mustang Electric Bike Blue","DP1 V3",Mastercard,Sunday,552833,1,1,100.00%,0,0.00%,1,1,100.00%,0,0.00%,1,0,$0.00,1,0.00%,0,0,$0.00,0,0.00%,0,0,0,$0.00,$0.00,$0.00,$0.00,$0.00,$0.00,$0.00,$0.00,$0.00,$0.00,0.00%,0,0.00%,$0.00,0.00%,0,0.00%,$0.00,0.00%,0,0.00%,$0.00,0.00%,0,0.00%,$0.00,0.00%,$0.00,$0.20,$0.00,$0.00,$0.00,$0.00,0.00%,$0.00,0.00%,$0.00,0.00%,$0.20,0.00%,$-0.20,0.00%
"77 - NR12_RM_77_QUANT_CBSL_DiamondsphereLLC_5293_25K",1,"Ford Mustang Electric Bike Blue","DP1 V3",Visa,Sunday,424018,1,1,100.00%,0,0.00%,1,1,100.00%,0,0.00%,1,0,$0.00,1,0.00%,0,0,$0.00,0,0.00%,0,0,0,$0.00,$0.00,$0.00,$0.00,$0.00,$0.00,$0.00,$0.00,$0.00,$0.00,0.00%,0,0.00%,$0.00,0.00%,0,0.00%,$0.00,0.00%,0,0.00%,$0.00,0.00%,0,0.00%,$0.00,0.00%,$0.00,$0.20,$0.00,$0.00,$0.00,$0.00,0.00%,$0.00,0.00%,$0.00,0.00%,$0.20,0.00%,$-0.20,0.00%
"77 - NR12_RM_77_QUANT_CBSL_DiamondsphereLLC_5293_25K",1,"Ford Mustang Electric Bike Yellow","DP1 V3",Visa,Sunday,473157,1,1,100.00%,0,0.00%,1,1,100.00%,0,0.00%,1,0,$0.00,1,0.00%,0,0,$0.00,0,0.00%,0,0,0,$0.00,$0.00,$0.00,$0.00,$0.00,$0.00,$0.00,$0.00,$0.00,$0.00,0.00%,0,0.00%,$0.00,0.00%,0,0.00%,$0.00,0.00%,0,0.00%,$0.00,0.00%,0,0.00%,$0.00,0.00%,$0.00,$0.20,$0.00,$0.00,$0.00,$0.00,0.00%,$0.00,0.00%,$0.00,0.00%,$0.20,0.00%,$-0.20,0.00%
"77 - NR12_RM_77_QUANT_CBSL_DiamondsphereLLC_5293_25K",1,"John Deere Merchandise Set","DP1 V3",Mastercard,Sunday,517546,1,0,0.00%,1,100.00%,1,0,0.00%,1,100.00%,1,1,$12.89,0,100.00%,0,0,$0.00,0,0.00%,1,1,1,$12.89,$0.00,$0.00,$12.89,$0.00,$0.00,$12.89,$0.00,$12.89,$0.00,0.00%,0,0.00%,$0.00,0.00%,0,0.00%,$0.00,0.00%,0,0.00%,$0.00,0.00%,0,0.00%,$0.00,0.00%,$12.89,$0.84,$0.00,$0.00,$0.00,$0.00,0.00%,$0.00,0.00%,$0.00,0.00%,$0.84,6.52%,$12.05,93.48%
"77 - NR12_RM_77_QUANT_CBSL_DiamondsphereLLC_5293_25K",1,"Omaha Steaks Meat Box","DP1 V3",Visa,Sunday,446613,1,0,0.00%,1,100.00%,1,0,0.00%,1,100.00%,1,1,$12.89,0,100.00%,0,0,$0.00,0,0.00%,1,1,1,$12.89,$0.00,$0.00,$12.89,$0.00,$0.00,$12.89,$0.00,$12.89,$0.00,0.00%,0,0.00%,$0.00,0.00%,0,0.00%,$0.00,0.00%,0,0.00%,$0.00,0.00%,0,0.00%,$0.00,0.00%,$12.89,$0.84,$0.00,$0.00,$0.00,$0.00,0.00%,$0.00,0.00%,$0.00,0.00%,$0.84,6.52%,$12.05,93.48%
"8 - NR12_RM_8_PAYARC_EVO_BrightAdvantagellc_4025_65K",1,"5 Domestic flights","DP1 V3",Mastercard,Sunday,526947,1,1,100.00%,0,0.00%,1,1,100.00%,0,0.00%,1,0,$0.00,1,0.00%,0,0,$0.00,0,0.00%,0,0,0,$0.00,$0.00,$0.00,$0.00,$0.00,$0.00,$0.00,$0.00,$0.00,$0.00,0.00%,0,0.00%,$0.00,0.00%,0,0.00%,$0.00,0.00%,0,0.00%,$0.00,0.00%,0,0.00%,$0.00,0.00%,$0.00,$0.20,$0.00,$0.00,$0.00,$0.00,0.00%,$0.00,0.00%,$0.00,0.00%,$0.20,0.00%,$-0.20,0.00%
"8 - NR12_RM_8_PAYARC_EVO_BrightAdvantagellc_4025_65K",1,"5 Domestic flights","DP1 V3",Visa,Sunday,444796,1,1,100.00%,0,0.00%,1,1,100.00%,0,0.00%,1,0,$0.00,1,0.00%,0,0,$0.00,0,0.00%,0,0,0,$0.00,$0.00,$0.00,$0.00,$0.00,$0.00,$0.00,$0.00,$0.00,$0.00,0.00%,0,0.00%,$0.00,0.00%,0,0.00%,$0.00,0.00%,0,0.00%,$0.00,0.00%,0,0.00%,$0.00,0.00%,$0.00,$0.20,$0.00,$0.00,$0.00,$0.00,0.00%,$0.00,0.00%,$0.00,0.00%,$0.20,0.00%,$-0.20,0.00%
"8 - NR12_RM_8_PAYARC_EVO_BrightAdvantagellc_4025_65K",1,"Armourtred S7S High-Cut Boots","DP1 V3",Visa,Sunday,473702,1,1,100.00%,0,0.00%,1,1,100.00%,0,0.00%,1,0,$0.00,1,0.00%,0,0,$0.00,0,0.00%,0,0,0,$0.00,$0.00,$0.00,$0.00,$0.00,$0.00,$0.00,$0.00,$0.00,$0.00,0.00%,0,0.00%,$0.00,0.00%,0,0.00%,$0.00,0.00%,0,0.00%,$0.00,0.00%,0,0.00%,$0.00,0.00%,$0.00,$0.20,$0.00,$0.00,$0.00,$0.00,0.00%,$0.00,0.00%,$0.00,0.00%,$0.20,0.00%,$-0.20,0.00%
"8 - NR12_RM_8_PAYARC_EVO_BrightAdvantagellc_4025_65K",1,"Ford Mustang Electric Bike Blue","DP1 V3",Mastercard,Sunday,521333,1,1,100.00%,0,0.00%,1,1,100.00%,0,0.00%,1,0,$0.00,1,0.00%,0,0,$0.00,0,0.00%,0,0,0,$0.00,$0.00,$0.00,$0.00,$0.00,$0.00,$0.00,$0.00,$0.00,$0.00,0.00%,0,0.00%,$0.00,0.00%,0,0.00%,$0.00,0.00%,0,0.00%,$0.00,0.00%,0,0.00%,$0.00,0.00%,$0.00,$0.20,$0.00,$0.00,$0.00,$0.00,0.00%,$0.00,0.00%,$0.00,0.00%,$0.20,0.00%,$-0.20,0.00%
"8 - NR12_RM_8_PAYARC_EVO_BrightAdvantagellc_4025_65K",1,"Ford Mustang Electric Bike Blue","DP1 V3",Mastercard,Sunday,536901,1,1,100.00%,0,0.00%,1,1,100.00%,0,0.00%,1,0,$0.00,1,0.00%,0,0,$0.00,0,0.00%,0,0,0,$0.00,$0.00,$0.00,$0.00,$0.00,$0.00,$0.00,$0.00,$0.00,$0.00,0.00%,0,0.00%,$0.00,0.00%,0,0.00%,$0.00,0.00%,0,0.00%,$0.00,0.00%,0,0.00%,$0.00,0.00%,$0.00,$0.20,$0.00,$0.00,$0.00,$0.00,0.00%,$0.00,0.00%,$0.00,0.00%,$0.20,0.00%,$-0.20,0.00%
"8 - NR12_RM_8_PAYARC_EVO_BrightAdvantagellc_4025_65K",1,"Ford Mustang Electric Bike Blue","DP1 V3",Mastercard,Sunday,546604,1,1,100.00%,0,0.00%,1,1,100.00%,0,0.00%,1,0,$0.00,1,0.00%,0,0,$0.00,0,0.00%,0,0,0,$0.00,$0.00,$0.00,$0.00,$0.00,$0.00,$0.00,$0.00,$0.00,$0.00,0.00%,0,0.00%,$0.00,0.00%,0,0.00%,$0.00,0.00%,0,0.00%,$0.00,0.00%,0,0.00%,$0.00,0.00%,$0.00,$0.20,$0.00,$0.00,$0.00,$0.00,0.00%,$0.00,0.00%,$0.00,0.00%,$0.20,0.00%,$-0.20,0.00%
"8 - NR12_RM_8_PAYARC_EVO_BrightAdvantagellc_4025_65K",1,"Ford Mustang Electric Bike Blue","DP1 V3",Visa,Sunday,419455,1,1,100.00%,0,0.00%,1,1,100.00%,0,0.00%,1,0,$0.00,1,0.00%,0,0,$0.00,0,0.00%,0,0,0,$0.00,$0.00,$0.00,$0.00,$0.00,$0.00,$0.00,$0.00,$0.00,$0.00,0.00%,0,0.00%,$0.00,0.00%,0,0.00%,$0.00,0.00%,0,0.00%,$0.00,0.00%,0,0.00%,$0.00,0.00%,$0.00,$0.20,$0.00,$0.00,$0.00,$0.00,0.00%,$0.00,0.00%,$0.00,0.00%,$0.20,0.00%,$-0.20,0.00%
"8 - NR12_RM_8_PAYARC_EVO_BrightAdvantagellc_4025_65K",1,"Ford Mustang Electric Bike Blue","DP1 V3",Visa,Sunday,443044,1,0,0.00%,1,100.00%,1,0,0.00%,1,100.00%,1,1,$12.89,0,100.00%,0,0,$0.00,0,0.00%,1,1,1,$12.89,$0.00,$0.00,$12.89,$0.00,$0.00,$12.89,$0.00,$12.89,$0.00,0.00%,0,0.00%,$0.00,0.00%,0,0.00%,$0.00,0.00%,0,0.00%,$0.00,0.00%,0,0.00%,$0.00,0.00%,$12.89,$0.84,$0.00,$0.00,$0.00,$0.00,0.00%,$0.00,0.00%,$0.00,0.00%,$0.84,6.52%,$12.05,93.48%
"8 - NR12_RM_8_PAYARC_EVO_BrightAdvantagellc_4025_65K",1,"Ford Mustang Electric Bike Blue","DP1 V3",Visa,Sunday,445004,1,0,0.00%,1,100.00%,1,0,0.00%,1,100.00%,1,1,$12.89,0,100.00%,0,0,$0.00,0,0.00%,1,1,1,$12.89,$0.00,$0.00,$12.89,$0.00,$0.00,$12.89,$0.00,$12.89,$0.00,0.00%,0,0.00%,$0.00,0.00%,0,0.00%,$0.00,0.00%,0,0.00%,$0.00,0.00%,0,0.00%,$0.00,0.00%,$12.89,$0.84,$0.00,$0.00,$0.00,$0.00,0.00%,$0.00,0.00%,$0.00,0.00%,$0.84,6.52%,$12.05,93.48%
"8 - NR12_RM_8_PAYARC_EVO_BrightAdvantagellc_4025_65K",1,"Ford Mustang Electric Bike Blue","DP1 V3",Visa,Sunday,474488,1,1,100.00%,0,0.00%,1,1,100.00%,0,0.00%,1,0,$0.00,1,0.00%,0,0,$0.00,0,0.00%,0,0,0,$0.00,$0.00,$0.00,$0.00,$0.00,$0.00,$0.00,$0.00,$0.00,$0.00,0.00%,0,0.00%,$0.00,0.00%,0,0.00%,$0.00,0.00%,0,0.00%,$0.00,0.00%,0,0.00%,$0.00,0.00%,$0.00,$0.20,$0.00,$0.00,$0.00,$0.00,0.00%,$0.00,0.00%,$0.00,0.00%,$0.20,0.00%,$-0.20,0.00%
"8 - NR12_RM_8_PAYARC_EVO_BrightAdvantagellc_4025_65K",1,"Ford Mustang Electric Bike Yellow","DP1 V3",Visa,Sunday,415977,1,0,0.00%,1,100.00%,1,0,0.00%,1,100.00%,1,1,$12.89,0,100.00%,0,0,$0.00,0,0.00%,1,1,1,$12.89,$0.00,$0.00,$12.89,$0.00,$0.00,$12.89,$0.00,$12.89,$0.00,0.00%,0,0.00%,$0.00,0.00%,0,0.00%,$0.00,0.00%,0,0.00%,$0.00,0.00%,0,0.00%,$0.00,0.00%,$12.89,$0.84,$0.00,$0.00,$0.00,$0.00,0.00%,$0.00,0.00%,$0.00,0.00%,$0.84,6.52%,$12.05,93.48%
"8 - NR12_RM_8_PAYARC_EVO_BrightAdvantagellc_4025_65K",1,"Ford Mustang Electric Bike Yellow","DP1 V3",Visa,Sunday,423223,1,1,100.00%,0,0.00%,1,1,100.00%,0,0.00%,1,0,$0.00,1,0.00%,0,0,$0.00,0,0.00%,0,0,0,$0.00,$0.00,$0.00,$0.00,$0.00,$0.00,$0.00,$0.00,$0.00,$0.00,0.00%,0,0.00%,$0.00,0.00%,0,0.00%,$0.00,0.00%,0,0.00%,$0.00,0.00%,0,0.00%,$0.00,0.00%,$0.00,$0.20,$0.00,$0.00,$0.00,$0.00,0.00%,$0.00,0.00%,$0.00,0.00%,$0.20,0.00%,$-0.20,0.00%
"8 - NR12_RM_8_PAYARC_EVO_BrightAdvantagellc_4025_65K",1,"Ford Mustang Electric Bike Yellow","DP1 V3",Visa,Sunday,473969,1,1,100.00%,0,0.00%,1,1,100.00%,0,0.00%,1,0,$0.00,1,0.00%,0,0,$0.00,0,0.00%,0,0,0,$0.00,$0.00,$0.00,$0.00,$0.00,$0.00,$0.00,$0.00,$0.00,$0.00,0.00%,0,0.00%,$0.00,0.00%,0,0.00%,$0.00,0.00%,0,0.00%,$0.00,0.00%,0,0.00%,$0.00,0.00%,$0.00,$0.20,$0.00,$0.00,$0.00,$0.00,0.00%,$0.00,0.00%,$0.00,0.00%,$0.20,0.00%,$-0.20,0.00%
"8 - NR12_RM_8_PAYARC_EVO_BrightAdvantagellc_4025_65K",1,"Milwaukee - Armourtred S7S High-Cut Boots","DP1 V3",Visa,Sunday,436127,1,0,0.00%,1,100.00%,1,0,0.00%,1,100.00%,1,1,$12.89,0,100.00%,0,0,$0.00,0,0.00%,1,1,1,$12.89,$0.00,$0.00,$12.89,$0.00,$0.00,$12.89,$0.00,$12.89,$0.00,0.00%,0,0.00%,$0.00,0.00%,0,0.00%,$0.00,0.00%,0,0.00%,$0.00,0.00%,0,0.00%,$0.00,0.00%,$12.89,$0.84,$0.00,$0.00,$0.00,$0.00,0.00%,$0.00,0.00%,$0.00,0.00%,$0.84,6.52%,$12.05,93.48%
"8 - NR12_RM_8_PAYARC_EVO_BrightAdvantagellc_4025_65K",1,"Omaha Steaks Meat Box","DP1 V3",Mastercard,Sunday,542418,1,0,0.00%,1,100.00%,1,0,0.00%,1,100.00%,1,1,$12.89,0,100.00%,0,0,$0.00,0,0.00%,1,1,1,$12.89,$0.00,$0.00,$12.89,$0.00,$0.00,$12.89,$0.00,$12.89,$0.00,0.00%,0,0.00%,$0.00,0.00%,0,0.00%,$0.00,0.00%,0,0.00%,$0.00,0.00%,0,0.00%,$0.00,0.00%,$12.89,$0.84,$0.00,$0.00,$0.00,$0.00,0.00%,$0.00,0.00%,$0.00,0.00%,$0.84,6.52%,$12.05,93.48%
"8 - NR12_RM_8_PAYARC_EVO_BrightAdvantagellc_4025_65K",1,"Omaha Steaks Meat Box","DP1 V3",Visa,Sunday,468839,1,1,100.00%,0,0.00%,1,1,100.00%,0,0.00%,1,0,$0.00,1,0.00%,0,0,$0.00,0,0.00%,0,0,0,$0.00,$0.00,$0.00,$0.00,$0.00,$0.00,$0.00,$0.00,$0.00,$0.00,0.00%,0,0.00%,$0.00,0.00%,0,0.00%,$0.00,0.00%,0,0.00%,$0.00,0.00%,0,0.00%,$0.00,0.00%,$0.00,$0.20,$0.00,$0.00,$0.00,$0.00,0.00%,$0.00,0.00%,$0.00,0.00%,$0.20,0.00%,$-0.20,0.00%
"81 - NR12_RM_81_QUANT_CBSL_DiamondsphereLLC_4866_25K",1,"Armourtred S7S High-Cut Boots","DP1 V3",Mastercard,Sunday,530484,1,0,0.00%,1,100.00%,1,0,0.00%,1,100.00%,1,1,$12.89,0,100.00%,0,0,$0.00,0,0.00%,1,1,1,$12.89,$0.00,$0.00,$12.89,$0.00,$0.00,$12.89,$0.00,$12.89,$12.89,100.00%,0,0.00%,$0.00,0.00%,0,0.00%,$0.00,0.00%,0,0.00%,$0.00,0.00%,1,100.00%,$12.89,100.00%,$0.00,$0.84,$0.00,$0.00,$0.00,$0.00,0.00%,$0.00,0.00%,$0.00,0.00%,$0.84,6.52%,$-0.84,-6.52%
"81 - NR12_RM_81_QUANT_CBSL_DiamondsphereLLC_4866_25K",1,"Armourtred S7S High-Cut Boots","DP1 V3",Visa,Sunday,433743,1,0,0.00%,1,100.00%,1,0,0.00%,1,100.00%,1,1,$12.89,0,100.00%,0,0,$0.00,0,0.00%,1,1,1,$12.89,$0.00,$0.00,$12.89,$0.00,$0.00,$12.89,$0.00,$12.89,$0.00,0.00%,0,0.00%,$0.00,0.00%,0,0.00%,$0.00,0.00%,0,0.00%,$0.00,0.00%,0,0.00%,$0.00,0.00%,$12.89,$0.84,$0.00,$0.00,$0.00,$0.00,0.00%,$0.00,0.00%,$0.00,0.00%,$0.84,6.52%,$12.05,93.48%
"81 - NR12_RM_81_QUANT_CBSL_DiamondsphereLLC_4866_25K",1,"Ford Mustang Electric Bike Blue","DP1 V3",Visa,Sunday,414740,1,0,0.00%,1,100.00%,1,0,0.00%,1,100.00%,1,1,$12.89,0,100.00%,0,0,$0.00,0,0.00%,1,1,1,$12.89,$0.00,$0.00,$12.89,$0.00,$0.00,$12.89,$0.00,$12.89,$0.00,0.00%,0,0.00%,$0.00,0.00%,0,0.00%,$0.00,0.00%,0,0.00%,$0.00,0.00%,0,0.00%,$0.00,0.00%,$12.89,$0.84,$0.00,$0.00,$0.00,$0.00,0.00%,$0.00,0.00%,$0.00,0.00%,$0.84,6.52%,$12.05,93.48%
"81 - NR12_RM_81_QUANT_CBSL_DiamondsphereLLC_4866_25K",1,"Ford Mustang Electric Bike Blue","DP1 V3",Visa,Sunday,424631,1,1,100.00%,0,0.00%,1,1,100.00%,0,0.00%,1,0,$0.00,1,0.00%,0,0,$0.00,0,0.00%,0,0,0,$0.00,$0.00,$0.00,$0.00,$0.00,$0.00,$0.00,$0.00,$0.00,$0.00,0.00%,0,0.00%,$0.00,0.00%,0,0.00%,$0.00,0.00%,0,0.00%,$0.00,0.00%,0,0.00%,$0.00,0.00%,$0.00,$0.20,$0.00,$0.00,$0.00,$0.00,0.00%,$0.00,0.00%,$0.00,0.00%,$0.20,0.00%,$-0.20,0.00%
"81 - NR12_RM_81_QUANT_CBSL_DiamondsphereLLC_4866_25K",1,"Ford Mustang Electric Bike Blue","DP1 V3",Visa,Sunday,430572,1,1,100.00%,0,0.00%,1,1,100.00%,0,0.00%,1,0,$0.00,1,0.00%,0,0,$0.00,0,0.00%,0,0,0,$0.00,$0.00,$0.00,$0.00,$0.00,$0.00,$0.00,$0.00,$0.00,$0.00,0.00%,0,0.00%,$0.00,0.00%,0,0.00%,$0.00,0.00%,0,0.00%,$0.00,0.00%,0,0.00%,$0.00,0.00%,$0.00,$0.20,$0.00,$0.00,$0.00,$0.00,0.00%,$0.00,0.00%,$0.00,0.00%,$0.20,0.00%,$-0.20,0.00%
"81 - NR12_RM_81_QUANT_CBSL_DiamondsphereLLC_4866_25K",1,"Ford Mustang Electric Bike Blue","DP1 V3",Visa,Sunday,435546,1,1,100.00%,0,0.00%,1,1,100.00%,0,0.00%,1,0,$0.00,1,0.00%,0,0,$0.00,0,0.00%,0,0,0,$0.00,$0.00,$0.00,$0.00,$0.00,$0.00,$0.00,$0.00,$0.00,$0.00,0.00%,0,0.00%,$0.00,0.00%,0,0.00%,$0.00,0.00%,0,0.00%,$0.00,0.00%,0,0.00%,$0.00,0.00%,$0.00,$0.20,$0.00,$0.00,$0.00,$0.00,0.00%,$0.00,0.00%,$0.00,0.00%,$0.20,0.00%,$-0.20,0.00%
"81 - NR12_RM_81_QUANT_CBSL_DiamondsphereLLC_4866_25K",1,"Omaha Steaks Meat Box","DP1 V3",Visa,Sunday,407166,1,1,100.00%,0,0.00%,1,1,100.00%,0,0.00%,1,0,$0.00,1,0.00%,0,0,$0.00,0,0.00%,0,0,0,$0.00,$0.00,$0.00,$0.00,$0.00,$0.00,$0.00,$0.00,$0.00,$0.00,0.00%,0,0.00%,$0.00,0.00%,0,0.00%,$0.00,0.00%,0,0.00%,$0.00,0.00%,0,0.00%,$0.00,0.00%,$0.00,$0.20,$0.00,$0.00,$0.00,$0.00,0.00%,$0.00,0.00%,$0.00,0.00%,$0.20,0.00%,$-0.20,0.00%
"9 - zCLOSED_N2_RM_9_PRIOR_SYN_SpecifiConLLC_3238_75K",1,"Armourtred S7S High-Cut Boots","DP1 V3",Visa,Sunday,447227,1,1,100.00%,0,0.00%,1,1,100.00%,0,0.00%,1,0,$0.00,1,0.00%,0,0,$0.00,0,0.00%,0,0,0,$0.00,$0.00,$0.00,$0.00,$0.00,$0.00,$0.00,$0.00,$0.00,$0.00,0.00%,0,0.00%,$0.00,0.00%,0,0.00%,$0.00,0.00%,0,0.00%,$0.00,0.00%,0,0.00%,$0.00,0.00%,$0.00,$0.20,$0.00,$0.00,$0.00,$0.00,0.00%,$0.00,0.00%,$0.00,0.00%,$0.20,0.00%,$-0.20,0.00%
"9 - zCLOSED_N2_RM_9_PRIOR_SYN_SpecifiConLLC_3238_75K",1,"Ford Mustang Electric Bike Blue","DP1 V3",Mastercard,Sunday,517546,1,1,100.00%,0,0.00%,1,1,100.00%,0,0.00%,1,0,$0.00,1,0.00%,0,0,$0.00,0,0.00%,0,0,0,$0.00,$0.00,$0.00,$0.00,$0.00,$0.00,$0.00,$0.00,$0.00,$0.00,0.00%,0,0.00%,$0.00,0.00%,0,0.00%,$0.00,0.00%,0,0.00%,$0.00,0.00%,0,0.00%,$0.00,0.00%,$0.00,$0.20,$0.00,$0.00,$0.00,$0.00,0.00%,$0.00,0.00%,$0.00,0.00%,$0.20,0.00%,$-0.20,0.00%
"9 - zCLOSED_N2_RM_9_PRIOR_SYN_SpecifiConLLC_3238_75K",1,"Ford Mustang Electric Bike Blue","DP1 V3",Mastercard,Sunday,519898,1,0,0.00%,1,100.00%,1,0,0.00%,1,100.00%,1,1,$12.89,0,100.00%,0,0,$0.00,0,0.00%,1,1,1,$12.89,$0.00,$0.00,$12.89,$0.00,$0.00,$12.89,$0.00,$12.89,$12.89,100.00%,0,0.00%,$0.00,0.00%,0,0.00%,$0.00,0.00%,0,0.00%,$0.00,0.00%,1,100.00%,$12.89,100.00%,$0.00,$0.84,$0.00,$0.00,$0.00,$0.00,0.00%,$0.00,0.00%,$0.00,0.00%,$0.84,6.52%,$-0.84,-6.52%
"9 - zCLOSED_N2_RM_9_PRIOR_SYN_SpecifiConLLC_3238_75K",1,"Ford Mustang Electric Bike Blue","DP1 V3",Visa,Sunday,410897,1,1,100.00%,0,0.00%,1,1,100.00%,0,0.00%,1,0,$0.00,1,0.00%,0,0,$0.00,0,0.00%,0,0,0,$0.00,$0.00,$0.00,$0.00,$0.00,$0.00,$0.00,$0.00,$0.00,$0.00,0.00%,0,0.00%,$0.00,0.00%,0,0.00%,$0.00,0.00%,0,0.00%,$0.00,0.00%,0,0.00%,$0.00,0.00%,$0.00,$0.20,$0.00,$0.00,$0.00,$0.00,0.00%,$0.00,0.00%,$0.00,0.00%,$0.20,0.00%,$-0.20,0.00%
"9 - zCLOSED_N2_RM_9_PRIOR_SYN_SpecifiConLLC_3238_75K",1,"Ford Mustang Electric Bike Blue","DP1 V3",Visa,Sunday,484509,1,0,0.00%,1,100.00%,1,0,0.00%,1,100.00%,1,1,$12.89,0,100.00%,0,0,$0.00,0,0.00%,1,1,1,$12.89,$0.00,$0.00,$12.89,$0.00,$0.00,$12.89,$0.00,$12.89,$0.00,0.00%,0,0.00%,$0.00,0.00%,0,0.00%,$0.00,0.00%,0,0.00%,$0.00,0.00%,0,0.00%,$0.00,0.00%,$12.89,$0.84,$0.00,$0.00,$0.00,$0.00,0.00%,$0.00,0.00%,$0.00,0.00%,$0.84,6.52%,$12.05,93.48%
"9 - zCLOSED_N2_RM_9_PRIOR_SYN_SpecifiConLLC_3238_75K",1,"Ford Mustang Electric Bike Yellow","DP1 V3",Mastercard,Sunday,511332,1,1,100.00%,0,0.00%,1,1,100.00%,0,0.00%,1,0,$0.00,1,0.00%,0,0,$0.00,0,0.00%,0,0,0,$0.00,$0.00,$0.00,$0.00,$0.00,$0.00,$0.00,$0.00,$0.00,$0.00,0.00%,0,0.00%,$0.00,0.00%,0,0.00%,$0.00,0.00%,0,0.00%,$0.00,0.00%,0,0.00%,$0.00,0.00%,$0.00,$0.20,$0.00,$0.00,$0.00,$0.00,0.00%,$0.00,0.00%,$0.00,0.00%,$0.20,0.00%,$-0.20,0.00%
"9 - zCLOSED_N2_RM_9_PRIOR_SYN_SpecifiConLLC_3238_75K",1,"Ford Mustang Electric Bike Yellow","DP1 V3",Visa,Sunday,413331,1,1,100.00%,0,0.00%,1,1,100.00%,0,0.00%,1,0,$0.00,1,0.00%,0,0,$0.00,0,0.00%,0,0,0,$0.00,$0.00,$0.00,$0.00,$0.00,$0.00,$0.00,$0.00,$0.00,$0.00,0.00%,0,0.00%,$0.00,0.00%,0,0.00%,$0.00,0.00%,0,0.00%,$0.00,0.00%,0,0.00%,$0.00,0.00%,$0.00,$0.20,$0.00,$0.00,$0.00,$0.00,0.00%,$0.00,0.00%,$0.00,0.00%,$0.20,0.00%,$-0.20,0.00%
"9 - zCLOSED_N2_RM_9_PRIOR_SYN_SpecifiConLLC_3238_75K",1,"Ford Mustang Electric Bike Yellow","DP1 V3",Visa,Sunday,434257,1,1,100.00%,0,0.00%,1,1,100.00%,0,0.00%,1,0,$0.00,1,0.00%,0,0,$0.00,0,0.00%,0,0,0,$0.00,$0.00,$0.00,$0.00,$0.00,$0.00,$0.00,$0.00,$0.00,$0.00,0.00%,0,0.00%,$0.00,0.00%,0,0.00%,$0.00,0.00%,0,0.00%,$0.00,0.00%,0,0.00%,$0.00,0.00%,$0.00,$0.20,$0.00,$0.00,$0.00,$0.00,0.00%,$0.00,0.00%,$0.00,0.00%,$0.20,0.00%,$-0.20,0.00%
"9 - zCLOSED_N2_RM_9_PRIOR_SYN_SpecifiConLLC_3238_75K",1,"Titleist Scotty Cameron Phantom 5 Putter","DP1 V3",Visa,Sunday,442868,1,0,0.00%,1,100.00%,1,0,0.00%,1,100.00%,1,1,$12.89,0,100.00%,0,0,$0.00,0,0.00%,1,1,1,$12.89,$0.00,$0.00,$12.89,$0.00,$0.00,$12.89,$0.00,$12.89,$0.00,0.00%,0,0.00%,$0.00,0.00%,0,0.00%,$0.00,0.00%,0,0.00%,$0.00,0.00%,0,0.00%,$0.00,0.00%,$12.89,$0.84,$0.00,$0.00,$0.00,$0.00,0.00%,$0.00,0.00%,$0.00,0.00%,$0.84,6.52%,$12.05,93.48%
"93 - RM_93_QUANT_CBSL_ClearPoulseLLC_9048_25K",1,"5 Domestic flights","DP1 V3",Visa,Sunday,400022,1,1,100.00%,0,0.00%,1,1,100.00%,0,0.00%,1,0,$0.00,1,0.00%,0,0,$0.00,0,0.00%,0,0,0,$0.00,$0.00,$0.00,$0.00,$0.00,$0.00,$0.00,$0.00,$0.00,$0.00,0.00%,0,0.00%,$0.00,0.00%,0,0.00%,$0.00,0.00%,0,0.00%,$0.00,0.00%,0,0.00%,$0.00,0.00%,$0.00,$0.20,$0.00,$0.00,$0.00,$0.00,0.00%,$0.00,0.00%,$0.00,0.00%,$0.20,0.00%,$-0.20,0.00%
"93 - RM_93_QUANT_CBSL_ClearPoulseLLC_9048_25K",1,"Armourtred S7S High-Cut Boots","DP1 V3",Mastercard,Sunday,546325,1,0,0.00%,1,100.00%,1,0,0.00%,1,100.00%,1,1,$12.89,0,100.00%,0,0,$0.00,0,0.00%,1,1,1,$12.89,$0.00,$0.00,$12.89,$0.00,$0.00,$12.89,$0.00,$12.89,$12.89,100.00%,0,0.00%,$0.00,0.00%,0,0.00%,$0.00,0.00%,0,0.00%,$0.00,0.00%,1,100.00%,$12.89,100.00%,$0.00,$0.84,$0.00,$0.00,$0.00,$0.00,0.00%,$0.00,0.00%,$0.00,0.00%,$0.84,6.52%,$-0.84,-6.52%
"93 - RM_93_QUANT_CBSL_ClearPoulseLLC_9048_25K",1,"Ford Mustang Electric Bike Blue","DP1 V3",Visa,Sunday,461046,1,0,0.00%,1,100.00%,1,0,0.00%,1,100.00%,1,1,$12.89,0,100.00%,0,0,$0.00,0,0.00%,1,1,1,$12.89,$0.00,$0.00,$12.89,$0.00,$0.00,$12.89,$0.00,$12.89,$0.00,0.00%,0,0.00%,$0.00,0.00%,0,0.00%,$0.00,0.00%,0,0.00%,$0.00,0.00%,0,0.00%,$0.00,0.00%,$12.89,$0.84,$0.00,$0.00,$0.00,$0.00,0.00%,$0.00,0.00%,$0.00,0.00%,$0.84,6.52%,$12.05,93.48%
"93 - RM_93_QUANT_CBSL_ClearPoulseLLC_9048_25K",1,"Ford Mustang Electric Bike Blue","DP1 V3",Visa,Sunday,480213,1,1,100.00%,0,0.00%,1,1,100.00%,0,0.00%,1,0,$0.00,1,0.00%,0,0,$0.00,0,0.00%,0,0,0,$0.00,$0.00,$0.00,$0.00,$0.00,$0.00,$0.00,$0.00,$0.00,$0.00,0.00%,0,0.00%,$0.00,0.00%,0,0.00%,$0.00,0.00%,0,0.00%,$0.00,0.00%,0,0.00%,$0.00,0.00%,$0.00,$0.20,$0.00,$0.00,$0.00,$0.00,0.00%,$0.00,0.00%,$0.00,0.00%,$0.20,0.00%,$-0.20,0.00%
"93 - RM_93_QUANT_CBSL_ClearPoulseLLC_9048_25K",1,"John Deere Tailgate Bundle Green","DP1 V3",Visa,Sunday,430020,1,0,0.00%,1,100.00%,1,0,0.00%,1,100.00%,1,1,$12.89,0,100.00%,0,0,$0.00,0,0.00%,1,1,1,$12.89,$0.00,$0.00,$12.89,$0.00,$0.00,$12.89,$0.00,$12.89,$0.00,0.00%,0,0.00%,$0.00,0.00%,0,0.00%,$0.00,0.00%,0,0.00%,$0.00,0.00%,0,0.00%,$0.00,0.00%,$12.89,$0.84,$0.00,$0.00,$0.00,$0.00,0.00%,$0.00,0.00%,$0.00,0.00%,$0.84,6.52%,$12.05,93.48%
"93 - RM_93_QUANT_CBSL_ClearPoulseLLC_9048_25K",1,"Stetson Cowboy Hat (White)","DP1 V3",Mastercard,Sunday,521876,1,0,0.00%,1,100.00%,1,0,0.00%,1,100.00%,1,1,$12.89,0,100.00%,0,0,$0.00,0,0.00%,1,1,1,$12.89,$0.00,$0.00,$12.89,$0.00,$0.00,$12.89,$0.00,$12.89,$12.89,100.00%,0,0.00%,$0.00,0.00%,0,0.00%,$0.00,0.00%,0,0.00%,$0.00,0.00%,1,100.00%,$12.89,100.00%,$0.00,$0.84,$0.00,$0.00,$0.00,$0.00,0.00%,$0.00,0.00%,$0.00,0.00%,$0.84,6.52%,$-0.84,-6.52%
"99 - RM_99_NET_ESQ_ClearPoulseLLC_8325_75K",1,"5 Domestic flights","DP1 V3",Visa,Sunday,425828,1,1,100.00%,0,0.00%,1,1,100.00%,0,0.00%,1,0,$0.00,1,0.00%,0,0,$0.00,0,0.00%,0,0,0,$0.00,$0.00,$0.00,$0.00,$0.00,$0.00,$0.00,$0.00,$0.00,$0.00,0.00%,0,0.00%,$0.00,0.00%,0,0.00%,$0.00,0.00%,0,0.00%,$0.00,0.00%,0,0.00%,$0.00,0.00%,$0.00,$0.20,$0.00,$0.00,$0.00,$0.00,0.00%,$0.00,0.00%,$0.00,0.00%,$0.20,0.00%,$-0.20,0.00%
"99 - RM_99_NET_ESQ_ClearPoulseLLC_8325_75K",1,"Armourtred S7S High-Cut Boots","DP1 V3",Visa,Sunday,483312,1,1,100.00%,0,0.00%,1,1,100.00%,0,0.00%,1,0,$0.00,1,0.00%,0,0,$0.00,0,0.00%,0,0,0,$0.00,$0.00,$0.00,$0.00,$0.00,$0.00,$0.00,$0.00,$0.00,$0.00,0.00%,0,0.00%,$0.00,0.00%,0,0.00%,$0.00,0.00%,0,0.00%,$0.00,0.00%,0,0.00%,$0.00,0.00%,$0.00,$0.20,$0.00,$0.00,$0.00,$0.00,0.00%,$0.00,0.00%,$0.00,0.00%,$0.20,0.00%,$-0.20,0.00%
"99 - RM_99_NET_ESQ_ClearPoulseLLC_8325_75K",1,"Omaha Steaks Meat Box","DP1 V3",Mastercard,Sunday,521333,1,0,0.00%,1,100.00%,1,0,0.00%,1,100.00%,1,1,$12.89,0,100.00%,0,0,$0.00,0,0.00%,1,1,1,$12.89,$0.00,$0.00,$12.89,$0.00,$0.00,$12.89,$0.00,$12.89,$12.89,100.00%,0,0.00%,$0.00,0.00%,0,0.00%,$0.00,0.00%,0,0.00%,$0.00,0.00%,1,100.00%,$12.89,100.00%,$0.00,$0.84,$0.00,$0.00,$0.00,$0.00,0.00%,$0.00,0.00%,$0.00,0.00%,$0.84,6.52%,$-0.84,-6.52%
"99 - RM_99_NET_ESQ_ClearPoulseLLC_8325_75K",1,"Omaha Steaks Meat Box","DP1 V3",Visa,Sunday,423223,1,1,100.00%,0,0.00%,1,1,100.00%,0,0.00%,1,0,$0.00,1,0.00%,0,0,$0.00,0,0.00%,0,0,0,$0.00,$0.00,$0.00,$0.00,$0.00,$0.00,$0.00,$0.00,$0.00,$0.00,0.00%,0,0.00%,$0.00,0.00%,0,0.00%,$0.00,0.00%,0,0.00%,$0.00,0.00%,0,0.00%,$0.00,0.00%,$0.00,$0.20,$0.00,$0.00,$0.00,$0.00,0.00%,$0.00,0.00%,$0.00,0.00%,$0.20,0.00%,$-0.20,0.00%
